token,official_count,short_count,pooled_count,official_normalized_rate,short_normalized_rate,log_odds_delta,variance,z_score,direction,short_rank,official_rank
1-year,26,0,26,1.3794691484377777e-05,0,-0.33212726212521027,0.057692868793634985,-1.3827493339984507,official,3692,1906
10-percent,27,0,27,1.432525654146923e-05,0,-0.33212739237824884,0.055556116657098385,-1.4090900724452342,official,3742,1835
10-year,66,0,66,3.5017293768035899e-05,0,-0.33213247232719034,0.022727833837221954,-2.2030903871020575,official,4585,1030
100-visit,29,0,29,1.5386386655652135e-05,0,-0.33212765288463508,0.051724699033008407,-1.4603469575681074,official,3827,1775
100th,27,6,33,1.432525654146923e-05,1.0530102931756157e-05,-0.069760542813128268,0.042308253410865741,-0.33915428052838847,official,2742,2868
11th,29,23,52,1.5386386655652135e-05,4.036539457173194e-05,0.28406839616038226,0.025679573453903662,1.7726745776633566,short,1258,4357
15-year,27,0,27,1.432525654146923e-05,0,-0.33212739237824884,0.055556116657098385,-1.4090900724452342,official,3743,1836
2-year,59,0,59,3.1303338368395723e-05,0,-0.33213156052993575,0.025424289921999691,-2.0829830209257625,official,4496,1115
21st,156,286,442,8.2768148906266662e-05,0.00050193490641371014,0.55783652144395113,0.0030464283833968107,10.106748472748377,short,77,5539
24-month,42,0,42,2.2283732397841024e-05,0,-0.33212934618620515,0.035714846819061744,-1.7574495006982607,official,4196,1406
3-year,44,0,44,2.3344862512023929e-05,0,-0.33212960669568581,0.034091470196116212,-1.7988076501041976,official,4246,1352
400th,22,16,38,1.1672431256011964e-05,2.8080274484683089e-05,0.25566681740345487,0.035185746289998585,1.3629847034782745,short,1523,4092
5-month,34,0,34,1.8039211941109402e-05,0,-0.33212830415240902,0.044118208161875186,-1.5812369534791584,official,3987,1609
5-year,135,0,135,7.1626282707346148e-05,0,-0.33214146031334302,0.011111672235933822,-3.1508909989563372,official,5009,607
50th,36,23,59,1.9100342055292307e-05,4.036539457173194e-05,0.21387088120272146,0.022721998850426701,1.41882356203143,short,1490,4125
abandoned,164,66,230,8.7012669362998283e-05,0.00011583113224931773,0.075038925418303037,0.0059170105933813938,0.9755183267866635,short,1796,3820
abandonment,46,10,56,2.4405992626206838e-05,1.755017155292693e-05,-0.074296449378380203,0.024955997828498545,-0.47030607625161114,official,2860,2756
abatement,62,57,119,3.2895033539670081e-05,0.0001000359778516835,0.33302675224298994,0.011207241184849842,3.1457902563069249,short,630,4986
abduction,46,22,68,2.4405992626206838e-05,3.8610377416439245e-05,0.12463801409606923,0.019883602047289763,0.88389970578712573,short,1859,3757
ability,498,3,501,0.00026422139843154359,5.2650514658780786e-06,-0.32321879033344381,0.002985689189027088,-5.9152663247177344,official,5414,202
able,127,15,142,6.7381762250614527e-05,2.6325257329390394e-05,-0.17745234895773976,0.010087459997726499,-1.766814032047612,official,4215,1400
aboard,40,0,40,2.1222602283658118e-05,0,-0.33212908567713839,0.03750056110434493,-1.7150943922473294,official,4155,1455
abolish,166,6,172,8.8073799477181189e-05,1.0530102931756157e-05,-0.28025807799348357,0.0085771185428827265,-3.0261289692172189,official,4976,640
abolishing,31,5,36,1.644751676983504e-05,8.7750857764634652e-06,-0.13009913126883532,0.03931617814053124,-0.65612826892795695,official,3002,2612
abolishment,14,12,26,7.4279107992803412e-06,2.1060205863512314e-05,0.30973335726715945,0.051316350575686162,1.367288302310427,short,1513,4098
abolition,49,66,115,2.5997687797481196e-05,0.00011583113224931773,0.45967596302834934,0.011622983978285234,4.2637621995027324,short,382,5234
abortion,181,103,284,9.6032275333552986e-05,0.00018076676699514739,0.17743139663807206,0.004735078125309506,2.5784985802078002,short,837,4779
abortions,122,1,123,6.4728936965157256e-05,1.7550171552926931e-06,-0.31996880040753339,0.012146709904385666,-2.9032090122123924,official,4937,679
above-the-line,29,0,29,1.5386386655652135e-05,0,-0.33212765288463508,0.051724699033008407,-1.4603469575681074,official,3828,1776
abraham,26,18,44,1.3794691484377777e-05,3.1590308795268477e-05,0.23966681676282775,0.030415307649997933,1.3742375172978742,short,1509,4105
abroad,252,33,285,0.00013370239438704613,5.7915566124658867e-05,-0.16294201405927922,0.0050074126399886967,-2.3026418282910637,official,4650,966
absence,76,0,76,4.0322944338950426e-05,0,-0.33213377490346119,0.019737403217367912,-2.364111931290569,official,4686,924
absent,42,0,42,2.2283732397841024e-05,0,-0.33212934618620515,0.035714846819061744,-1.7574495006982607,official,4197,1407
absentee,72,12,84,3.8200684110584615e-05,2.1060205863512314e-05,-0.12448871882365964,0.016827484191426944,-0.95966664820394076,official,3248,2368
abundance,29,1,30,1.5386386655652135e-05,1.7550171552926931e-06,-0.28253028089639542,0.049207778160747596,-1.2736442028462189,official,3549,2061
abuse,1160,609,1769,0.0006154554662260854,0.0010688054475732501,0.15273341127805296,0.0007624964098465188,5.5311463557055047,short,213,5403
abusers,41,7,48,2.1753167340749571e-05,1.2285120087048851e-05,-0.12028220391174393,0.029418334344460829,-0.7012814273746707,official,3050,2565
abuses,97,4,101,5.1464810537870939e-05,7.0200686211707723e-06,-0.27329428689589186,0.014574875692033114,-2.2637482278997241,official,4623,992
abusive,74,15,89,3.926181422476752e-05,2.6325257329390394e-05,-0.088339172643543407,0.015750915056288308,-0.7038829293726292,official,3052,2564
academic,195,56,251,0.00010346018613283332,9.8280960696390808e-05,-0.012449171051704511,0.0055000426095738126,-0.16786393798071994,official,2614,3002
academies,29,8,37,1.5386386655652135e-05,1.4040137242341545e-05,-0.02196927777908364,0.037374298477885447,-0.11363948458181183,official,2569,3045
academy,175,59,234,9.284888499100427e-05,0.00010354601216226889,0.027483384278689016,0.0058585182078194431,0.35906768218502388,short,2260,3355
accelerate,160,6,166,8.4890409134632473e-05,1.0530102931756157e-05,-0.2783978557571718,0.008881999282791396,-2.9540001912656417,official,4956,660
accelerated,114,35,149,6.0484416508425642e-05,6.1425600435244251e-05,0.0038052614774084503,0.0092376251073254759,0.039591717132708031,short,2470,3146
accelerating,22,33,55,1.1672431256011964e-05,5.7915566124658867e-05,0.49456605025996225,0.0243512104600829,3.1693049109431213,short,619,4997
acceleration,33,59,92,1.7508646884017949e-05,0.00010354601216226889,0.5500105269411506,0.01462307767516235,4.548326243492216,short,332,5284
accept,126,1,127,6.6851197193523067e-05,1.7550171552926931e-06,-0.32035190132766367,0.011765630293114906,-2.9533825676561252,official,4955,661
acceptance,73,4,77,3.8731249167676067e-05,7.0200686211707723e-06,-0.25517061957579479,0.019012906791557545,-1.8505737971403058,official,4307,1308
accepted,32,0,32,1.6978081826926497e-05,0,-0.33212804364498894,0.046875561102620561,-1.5340245419763083,official,3945,1662
accepting,30,0,30,1.5916951712743588e-05,0,-0.33212778313798452,0.050000561102189471,-1.4853122665294169,official,3861,1736
access,2427,2137,4564,0.0012876813935609563,0.0037504716608604848,0.31926222465472254,0.00029283471259413746,18.656761391203318,short,20,5596
accessibility,61,113,174,3.2364468482578628e-05,0.0001983169385480743,0.56096074989277867,0.0077402008460113175,6.3761182081479637,short,173,5443
accessible,85,22,107,4.50980298527735e-05,3.8610377416439245e-05,-0.036661255434673024,0.012960832437853391,-0.32202596102043995,official,2726,2890
accessing,28,7,35,1.4855821598560682e-05,1.2285120087048851e-05,-0.044442434230242966,0.039683100786200437,-0.22309767193986205,official,2663,2948
accessories,31,0,31,1.644751676983504e-05,0,-0.33212791339143699,0.048387657876598558,-1.5098648555654945,official,3894,1692
accident,55,20,75,2.9181078140029912e-05,3.5100343105853861e-05,0.047367199308563812,0.018219184594795046,0.35092413558791713,short,2274,3342
accidental,21,4,25,1.1141866198920512e-05,7.0200686211707723e-06,-0.1003232734100532,0.056222450156808892,-0.42310368722471836,official,2802,2809
accidents,68,1,69,3.6078423882218804e-05,1.7550171552926931e-06,-0.31047080520718495,0.021585545469359087,-2.1131934413389546,official,4517,1098
accommodation,31,3,34,1.644751676983504e-05,5.2650514658780786e-06,-0.20244879753446732,0.042412203514862724,-0.98303681644785201,official,3267,2341
accommodations,28,2,30,1.4855821598560682e-05,3.5100343105853862e-06,-0.23368658812023924,0.04849194041264674,-1.0612043130292073,official,3336,2270
accordance,225,0,225,0.00011937713784557692,0,-0.33215318451134301,0.0066672278108907941,-4.0678578969466335,official,5228,388
according,36,0,36,1.9100342055292307e-05,0,-0.33212856466023766,0.041667227770149411,-1.6270800693544627,official,4055,1550
accordingly,90,0,90,4.775085513823077e-05,0,-0.33213559852756269,0.016667227781789189,-2.5726679770370477,official,4793,823
account,713,221,934,0.00037829288570620598,0.00038785879131968517,0.0061705470184945099,0.0014735267169360461,0.16074765962819004,short,2395,3221
accountability,632,1533,2165,0.00033531711608179827,0.0026904412990636983,0.64084673187840036,0.00062850401109492316,25.562312926168726,short,13,5603
accountable,119,35,154,6.3137241793882905e-05,6.1425600435244251e-05,-0.0067018953710444862,0.0089545700848953202,-0.070823155626224932,official,2546,3070
accounting,271,132,403,0.00014378313047178374,0.00023166226449863547,0.13008151830727321,0.0033533995937503449,2.2463268265243221,short,980,4636
accounts,902,75,977,0.00047856968149649057,0.00013162628664695197,-0.21910850677538551,0.0014833296304592129,-5.689058545737347,official,5402,214
accreditation,35,13,48,1.8569776998200855e-05,2.281522301880501e-05,0.053057603604427683,0.028442196500835373,0.31460532159784083,short,2295,3320
accredited,48,5,53,2.5467122740389743e-05,8.7750857764634652e-06,-0.1936582991919078,0.027142930516782904,-1.1754597045931279,official,3439,2174
accrual,45,0,45,2.3875427569115385e-05,0,-0.33212973695058068,0.033333894438756007,-1.8191341786345503,official,4271,1332
accrue,47,0,47,2.493655768329829e-05,0,-0.33212999746068128,0.031915454722875047,-1.8591206890678307,official,4315,1291
accuracy,73,54,127,3.8731249167676067e-05,9.4770926385805417e-05,0.26121672780418237,0.010525423004587475,2.5461337022310211,short,854,4762
accurate,150,32,182,7.9584758563717946e-05,5.6160548969366179e-05,-0.078141399833235425,0.00768550652578641,-0.89134316612812159,official,3193,2423
accurately,33,0,33,1.7508646884017949e-05,0,-0.33212817389864746,0.04545510655738156,-1.5578096061599955,official,3965,1642
achieve,316,7,323,0.00016765855804089913,1.2285120087048851e-05,-0.29982664300850459,0.004595809422965373,-4.4227176711294049,official,5283,333
achieved,28,2,30,1.4855821598560682e-05,3.5100343105853862e-06,-0.23368658812023924,0.04849194041264674,-1.0612043130292073,official,3337,2271
achievement,191,74,265,0.00010133792590446751,0.00012987126949165928,0.064537608356541654,0.005143396120523472,0.89988679862191623,short,1846,3770
achievements,42,3,45,2.2283732397841024e-05,5.2650514658780786e-06,-0.23368798082080744,0.032328147312487891,-1.2997085259162424,official,3571,2043
achieving,67,8,75,3.5547858825127351e-05,1.4040137242341545e-05,-0.17596842499317411,0.019091007404550081,-1.2735626790520425,official,3547,2069
acid,101,82,183,5.358707076623675e-05,0.00014391140673400082,0.29180106854293975,0.0072952728060045073,3.4163795174292799,short,556,5060
acidification,14,11,25,7.4279107992803412e-06,1.9305188708219622e-05,0.2809835131297671,0.053419364520533606,1.2157141721719413,short,1624,3989
acquire,226,0,226,0.00011990770290266836,0,-0.33215331478490207,0.0066377292860326275,-4.0768883957439259,official,5230,386
acquired,172,20,192,9.1257189819729905e-05,3.5100343105853861e-05,-0.17955807519309097,0.0074647950175628607,-2.0782414285271749,official,4492,1124
acquiring,119,5,124,6.3137241793882905e-05,8.7750857764634652e-06,-0.27223908021906418,0.011867725444677327,-2.4990026895219075,official,4764,852
acquisition,597,157,754,0.00031674733908359744,0.00027553769338095282,-0.033044255524947275,0.0018384485579911146,-0.77067315373051071,official,3086,2530
acquisitions,102,11,113,5.4117635823328202e-05,1.9305188708219622e-05,-0.18934170416371465,0.012716240040428749,-1.6790627347685696,official,4120,1496
acreage,90,12,102,4.775085513823077e-05,2.1060205863512314e-05,-0.16028017130680539,0.013980824276278626,-1.3555433455565111,official,3641,1975
acres,48,0,48,2.5467122740389743e-05,0,-0.33213012771588346,0.031250561106069316,-1.8787948571785984,official,4335,1273
act,43678,116156,159834,0.023174020563640482,0.20385577269017804,0.71331955107055389,9.142673479349627e-06,235.91063670308546,short,1,5615
acting,186,0,186,9.8685100619010256e-05,0,-0.33214810392298943,0.0080650772648489365,-3.6985160817159763,official,5147,469
action,691,118,809,0.00036662045445019401,0.00020709202432453777,-0.12028269252471357,0.0017459765950190958,-2.8786173084951594,official,4926,690
actions,971,15,986,0.00051517867043580088,2.6325257329390394e-05,-0.30950994041045554,0.0015105485115462036,-7.9635601189012748,official,5500,116
active,515,16,531,0.00027324100440209828,2.8080274484683089e-05,-0.28731673530587187,0.0027847377205491258,-5.4446350452870202,official,5383,233
actively,29,2,31,1.5386386655652135e-05,3.5100343105853862e-06,-0.23681661138218857,0.046970258072214423,-1.0926993614999132,official,3370,2242
activities,3099,115,3214,0.0016442211119264128,0.00020182697285865968,-0.2792702873331141,0.00045935559827423419,-13.030174297200363,official,5579,37
activity,368,43,411,0.0001952479410096547,7.5465737677585801e-05,-0.17891995345920009,0.0034869014060457167,-3.0299742849398767,official,4978,638
acts,530,12,542,0.00028119948025847008,2.1060205863512314e-05,-0.29915722616394014,0.0027384511857660924,-5.7167209798783905,official,5404,212
actual,61,2,63,3.2364468482578628e-05,3.5100343105853862e-06,-0.2848780744870556,0.023449692623062658,-1.8603319636854048,official,4326,1288
actuarial,28,2,30,1.4855821598560682e-05,3.5100343105853862e-06,-0.23368658812023924,0.04849194041264674,-1.0612043130292073,official,3338,2272
adams,15,10,25,7.9584758563717939e-06,1.755017155292693e-05,0.22749426707707698,0.053571989673102532,0.98288242290898531,short,1788,3823
adaptation,20,13,33,1.0611301141829059e-05,2.281522301880501e-05,0.21937578393989021,0.040607616066651482,1.0886416318950287,short,1713,3898
add,167,0,167,8.8604364534272648e-05,0,-0.33214562882138132,0.0089825970598645475,-3.5045122469417795,official,5095,521
added,59,1,60,3.1303338368395723e-05,1.7550171552926931e-06,-0.30723357805596407,0.024797365076200777,-1.9510388202846158,official,4398,1217
addiction,50,41,91,2.6528252854572649e-05,7.195570336700041e-05,0.29507648975706502,0.01466851727496116,2.4363602212394007,short,899,4717
adding,79,6,85,4.1914639510224784e-05,1.0530102931756157e-05,-0.22799132129304311,0.017087133079002826,-1.7441495271520902,official,4189,1427
addition,144,47,191,7.6401368221169229e-05,8.2485806298756569e-05,0.019164940630796323,0.0071873164386718185,0.22606019358615426,short,2345,3271
additional,2318,26,2344,0.001229849802337988,4.563044603761002e-05,-0.31582226904759469,0.00063700274565194623,-12.513306932993952,official,5575,41
additions,22,18,40,1.1672431256011964e-05,3.1590308795268477e-05,0.29433682027145203,0.033370972673766278,1.6112397263176164,short,1366,4248
additive,11,24,35,5.8362156280059822e-06,4.2120411727024629e-05,0.6099282600649012,0.038688844081772034,3.1008865621046984,short,650,4965
additives,66,18,84,3.5017293768035899e-05,3.1590308795268477e-05,-0.02464001716590758,0.016471149350135331,-0.19199019667017228,official,2641,2974
address,614,13,627,0.00032576694505415213,2.281522301880501e-05,-0.30125569507989702,0.0023688630043955964,-6.1896386119940843,official,5436,180
addressing,45,1,46,2.3875427569115385e-05,1.7550171552926931e-06,-0.29969403034675857,0.032266167839386288,-1.6684161994814017,official,4103,1512
adequate,635,9,644,0.00033690881125307266,1.5795154397634238e-05,-0.31131221879397053,0.0023138156319922774,-6.4718998984010954,official,5452,164
adequately,35,0,35,1.8569776998200855e-05,0,-0.33212843440627182,0.042857703960410054,-1.6043222548468057,official,4020,1576
adherence,27,0,27,1.432525654146923e-05,0,-0.33212739237824884,0.055556116657098385,-1.4090900724452342,official,3744,1837
adjacent,120,3,123,6.3667806850974351e-05,5.2650514658780786e-06,-0.29577056961221793,0.012052295396361127,-2.6941394668061025,official,4842,774
adjudication,64,34,98,3.3956163653852993e-05,5.9670583279951563e-05,0.15623520531167401,0.013749158200689032,1.3324190948472645,short,1538,4078
adjust,268,1,269,0.0001421914353005094,1.7550171552926931e-06,-0.32658731044229405,0.005566462250393347,-4.3773338652147231,official,5275,341
adjusted,87,1,88,4.6159159966956405e-05,1.7550171552926931e-06,-0.31513720052530658,0.016950801885213123,-2.4204969999079404,official,4729,886
adjusting,31,4,35,1.644751676983504e-05,7.0200686211707723e-06,-0.16507210532958716,0.040793101896032878,-0.81729779120016122,official,3126,2487
adjustment,708,666,1374,0.0003756400604207487,0.0011688414254249335,0.34083898092389209,0.00097106490468803108,10.937677875574632,short,69,5547
adjustments,352,13,365,0.00018675890009619143,2.281522301880501e-05,-0.27919859296109273,0.0040407639601105,-4.3921936961833223,official,5278,338
administer,208,0,208,0.00011035753187502222,0,-0.33215096987662207,0.0072120996020977714,-3.9111517533110303,official,5194,422
administered,495,0,495,0.0002626297032602692,0,-0.33218836211765534,0.0030308642327396824,-6.0339425655824064,official,5426,190
administering,71,0,71,3.7670119053493162e-05,0,-0.33213312361403702,0.021127321674407271,-2.2850197995551476,official,4638,974
administration,3522,784,4306,0.0018686501310760974,0.0013759334497494714,-0.069527084024795016,0.0003247722746749105,-3.8580205966142747,official,5190,426
administration's,42,0,42,2.2283732397841024e-05,0,-0.33212934618620515,0.035714846819061744,-1.7574495006982607,official,4198,1408
administrative,745,294,1039,0.00039527096753313247,0.00051597504365605176,0.069626956716914989,0.0013112869997807268,1.9227753041411666,short,1161,4455
administrator,907,0,907,0.00048122250678194785,0,-0.33224205503312998,0.0016543650399104108,-8.1684364080836396,official,5506,110
administrators,44,1,45,2.3344862512023929e-05,1.7550171552926931e-06,-0.29897696852822975,0.032975646596441276,-1.6464216716277595,official,4076,1540
admission,205,28,233,0.00010876583670374786,4.9140480348195404e-05,-0.1566898370879013,0.0061150837948752632,-2.0037319480302824,official,4438,1178
admissions,31,3,34,1.644751676983504e-05,5.2650514658780786e-06,-0.20244879753446732,0.042412203514862724,-0.98303681644785201,official,3268,2342
admitted,76,0,76,4.0322944338950426e-05,0,-0.33213377490346119,0.019737403217367912,-2.364111931290569,official,4687,925
adolescent,45,42,87,2.3875427569115385e-05,7.3710720522293099e-05,0.338046021443553,0.015328256677091,2.7304199398245816,short,779,4837
adolescents,63,1,64,3.3425598596761534e-05,1.7550171552926931e-06,-0.3087842867066346,0.023259192242221227,-2.0246869231835807,official,4451,1164
adopt,139,8,147,7.3748542935711959e-05,1.4040137242341545e-05,-0.25155804781106816,0.0099486775275885887,-2.5220607229546008,official,4774,842
adopted,77,6,83,4.0853509396041878e-05,1.0530102931756157e-05,-0.22552158497203401,0.017486516170130747,-1.7054400916191952,official,4152,1464
adopting,24,12,36,1.2733561370194872e-05,2.1060205863512314e-05,0.13788179783133714,0.037500561104157414,0.71201321550013008,short,1975,3639
adoption,474,210,684,0.00025148783706134873,0.00036855360261146554,0.1023081689946288,0.0019826873460433822,2.2976464091113287,short,946,4670
adoptive,50,12,62,2.6528252854572649e-05,2.1060205863512314e-05,-0.053411815517454997,0.022442646051846635,-0.35653347345386627,official,2761,2855
adult,223,101,324,0.00011831600773139401,0.00017725673268456199,0.1086781429775403,0.0041816559126168851,1.6806143282270412,short,1315,4300
adulterated,41,0,41,2.1753167340749571e-05,0,-0.33212921593162115,0.036585926958219016,-1.7364010857917151,official,4174,1432
adults,136,19,155,7.2156847764437608e-05,3.3345325950561165e-05,-0.15325419155181663,0.009184113683822397,-1.5991666935471123,official,4015,1601
advance,315,46,361,0.00016712799298380769,8.0730789143463881e-05,-0.1463777986599748,0.0039368535739619506,-2.3329239442934449,official,4665,951
advanced,320,124,444,0.00016978081826926495,0.00021762212725629393,0.064588681402810266,0.0030700251022553202,1.1656963996499961,short,1650,3966
advancement,63,127,190,3.3425598596761534e-05,0.000222887178722172,0.58658210551964096,0.0071077044462729512,6.9576748598307576,short,147,5469
advances,41,2,43,2.1753167340749571e-05,3.5100343105853862e-06,-0.26313548274384679,0.034127545232088149,-1.4243833531306862,official,3786,1828
advancing,23,57,80,1.2202996313103419e-05,0.0001000359778516835,0.64629680575203174,0.017008569053242193,4.9556214113974226,short,280,5336
advantage,77,18,95,4.0853509396041878e-05,3.1590308795268477e-05,-0.059085627267236873,0.01466407212770832,-0.48792666907366977,official,2868,2748
adverse,215,0,215,0.00011407148727466239,0,-0.33215188178142618,0.0069773053281148587,-3.9764255272148583,official,5205,411
adversely,135,1,136,7.1626282707346148e-05,1.7550171552926931e-06,-0.32113174394418564,0.010989868098456203,-3.0632821326605879,official,4988,628
advertisements,79,2,81,4.1914639510224784e-05,3.5100343105853862e-06,-0.29531933084626871,0.018298753884379307,-2.1831376411358243,official,4574,1041
advertising,294,134,428,0.00015598612678488716,0.00023517229880922085,0.11051945909802541,0.0031649621773774889,1.9645111068362175,short,1135,4481
advice,84,13,97,4.4567464795682047e-05,2.281522301880501e-05,-0.13699870073969755,0.014616332086724455,-1.133175686178777,official,3406,2208
advise,37,2,39,1.963090711238376e-05,3.5100343105853862e-06,-0.25614192623646481,0.037548699743522956,-1.3218531791136914,official,3599,2014
advisers,71,14,85,3.7670119053493162e-05,2.4570240174097702e-05,-0.093716068183786305,0.016511827626098385,-0.7293172514277585,official,3066,2549
advising,26,0,26,1.3794691484377777e-05,0,-0.33212726212521027,0.057692868793634985,-1.3827493339984507,official,3693,1907
advisory,554,203,757,0.00029393304162866494,0.00035626848252441666,0.049426413367152477,0.0018050044435049181,1.1633756224682148,short,1652,3964
advocacy,76,53,129,4.0322944338950426e-05,9.3015909230512728e-05,0.24203294939451325,0.010373115401502635,2.3764018859981841,short,922,4694
advocate,34,14,48,1.8039211941109402e-05,2.4570240174097702e-05,0.081440046115378806,0.028324715316140465,0.48389956769489562,short,2172,3442
aerial,20,10,30,1.0611301141829059e-05,1.755017155292693e-05,0.13788145713245648,0.045000561102751691,0.64997537001237282,short,2017,3596
aeronautics,282,114,396,0.00014961934609978973,0.00020007195570336699,0.076299130558721728,0.0034362717549142876,1.3015948990843906,short,1558,4058
afdc,79,8,87,4.1914639510224784e-05,1.4040137242341545e-05,-0.19709443502771862,0.016550973289941491,-1.5320135032845541,official,3942,1673
affairs,2008,271,2279,0.0010653746346396375,0.00047560964908431981,-0.1586154396532482,0.00062598181970871351,-6.3396400333618566,official,5443,173
affect,108,0,108,5.7301026165876919e-05,0,-0.33213794321681966,0.013889450007891444,-2.8182269748450395,official,4896,718
affected,519,9,528,0.00027536326463046407,1.5795154397634238e-05,-0.30672654703204927,0.0028178684406134475,-5.7781792324908547,official,5408,208
affecting,212,5,217,0.00011247979210338803,8.7750857764634652e-06,-0.29778169310917768,0.0068360679782874679,-3.6015944508000044,official,5121,495
affectional,35,0,35,1.8569776998200855e-05,0,-0.33212843440627182,0.042857703960410054,-1.6043222548468057,official,4021,1577
affiliated,58,7,65,3.077277331130427e-05,1.2285120087048851e-05,-0.17449947009703237,0.022019531299829132,-1.175953305547575,official,3443,2173
affiliates,37,5,42,1.963090711238376e-05,8.7750857764634652e-06,-0.1582796108586404,0.033935384697839258,-0.85920854090676491,official,3166,2447
affiliation,20,11,31,1.0611301141829059e-05,1.9305188708219622e-05,0.16686942485740985,0.043417928049802171,0.8008334811351957,short,1915,3698
affirm,51,3,54,2.7058817911664101e-05,5.2650514658780786e-06,-0.24989112768996158,0.027068230280463613,-1.5188710541571342,official,3928,1686
affirmative,31,1,32,1.644751676983504e-05,1.7550171552926931e-06,-0.28560746690744843,0.046176607278722956,-1.329102720500865,official,3608,2000
afford,51,7,58,2.7058817911664101e-05,1.2285120087048851e-05,-0.15594093428820521,0.024559488419839265,-0.99506276150665751,official,3286,2330
affordability,90,244,334,4.775085513823077e-05,0.00042822418589141711,0.67095713566261139,0.0040891555537120334,10.492475412013883,short,73,5543
affordable,773,291,1064,0.00041012678913169312,0.0005107099921901737,0.056715656367978262,0.0012829345354271125,1.5834367288605886,short,1385,4231
afforded,64,0,64,3.3956163653852993e-05,0,-0.3321322118131711,0.023438061109518123,-2.1694525539699216,official,4565,1049
afghan,6,26,32,3.1833903425487179e-06,4.563044603761002e-05,0.78389057642212734,0.043557729888111386,3.755976141317293,short,482,5134
afghanistan,129,40,169,6.8442892364797432e-05,7.0200686211707722e-05,0.0062645019937725976,0.0081409548276029312,0.069430274025667482,short,2444,3172
africa,138,56,194,7.3217977878620513e-05,9.8280960696390808e-05,0.077355407214007244,0.0070126093334611211,0.92374234827186341,short,1826,3790
african,155,115,270,8.2237583849175216e-05,0.00020182697285865968,0.26220683207297135,0.0049509049342653048,3.7265050138067077,short,489,5127
african-american,35,14,49,1.8569776998200855e-05,2.4570240174097702e-05,0.073342705630471627,0.027778338884849763,0.44005178931419564,short,2208,3407
african-americans,18,10,28,9.5501710276461537e-06,1.755017155292693e-05,0.16997003218623874,0.048055481010787417,0.77535553642771293,short,1933,3680
after-school,20,9,29,1.0611301141829059e-05,1.5795154397634238e-05,0.10679043921111031,0.046724513841470257,0.49403757013922672,short,2158,3451
afterschool,16,10,26,8.4890409134632483e-06,1.755017155292693e-05,0.20687484962356173,0.051587862689191084,0.91082287204964785,short,1835,3780
age,987,100,1087,0.00052366771134926412,0.0001755017155292693,-0.1971121989285356,0.0013251813960379842,-5.4147179292112764,official,5380,236
aged,81,19,100,4.2975769624407689e-05,3.3345325950561165e-05,-0.058352597484500279,0.013928784341337201,-0.49442860149062218,official,2870,2746
agencies,3476,377,3853,0.0018442441384498905,0.00066164146754534524,-0.18890455314492538,0.00037341283060688643,-9.7756987006552389,official,5545,71
agency,2088,325,2413,0.0011078198392069538,0.00057038057547012522,-0.13618062862075497,0.00058796458005148673,-5.6161636267016481,official,5396,220
agenda,11,19,30,5.8362156280059822e-06,3.3345325950561165e-05,0.53927828978002701,0.04479896827100284,2.547879771103172,short,851,4763
agent,53,70,123,2.8119948025847007e-05,0.0001228512008704885,0.45325275597089743,0.010863726458249109,4.3486158310571348,short,366,5250
agents,210,55,265,0.00011141866198920512,9.6525943541098119e-05,-0.033974159723401343,0.0052308243138347935,-0.46974661292831932,official,2859,2757
ages,62,1,63,3.2895033539670081e-05,1.7550171552926931e-06,-0.30841499382967186,0.023625561109358793,-2.0065242718482299,official,4440,1176
aggravated,36,0,36,1.9100342055292307e-05,0,-0.33212856466023766,0.041667227770149411,-1.6270800693544627,official,4056,1551
aggregate,45,2,47,2.3875427569115385e-05,3.5100343105853862e-06,-0.26894997362732909,0.031278289588663639,-1.5207226270432534,official,3931,1682
aggression,18,7,25,9.5501710276461537e-06,1.2285120087048851e-05,0.065559763502996304,0.054506375054993665,0.28081074914955623,short,2308,3303
aging,84,49,133,4.4567464795682047e-05,8.599584060934196e-05,0.18514280947387007,0.010103361552527747,1.841933312211586,short,1202,4414
agree,27,2,29,1.432525654146923e-05,3.5100343105853862e-06,-0.23034383637063449,0.050115768475358251,-1.0289384549959946,official,3308,2303
agreement,489,153,642,0.00025944631291772053,0.00026851762475978201,0.0085101710475061765,0.002142596175927105,0.18385190169630772,short,2376,3240
agreements,663,71,734,0.00035176463285163331,0.00012460621802578119,-0.19027255919271369,0.001958616896271147,-4.2993362370375685,official,5266,350
agricultural,1631,722,2353,0.00086535160811615974,0.0012671223861213242,0.10214059416544075,0.00057676891211516841,4.2530203226754022,short,385,5231
agriculture,1448,261,1709,0.00076825820266842389,0.00045805947753139287,-0.11064156617814103,0.0008249321065336041,-3.8522034103260654,official,5186,430
aid,548,274,822,0.00029074965128611621,0.00048087470055019788,0.13792644396975007,0.0016428970547918832,3.4028465390928129,short,565,5051
aids,203,142,345,0.00010770470658956496,0.00024921243605156238,0.24304688534017949,0.0038787667866775639,3.90250282269171,short,447,5169
aimed,30,0,30,1.5916951712743588e-05,0,-0.33212778313798452,0.050000561102189471,-1.4853122665294169,official,3862,1737
air,1364,466,1830,0.00072369073787274189,0.00081783799436639497,0.030940863479682612,0.00074918862456017834,1.1304122163706456,short,1684,3932
aircraft,494,101,595,0.00026209913820317776,0.00017725673268456199,-0.086662990896821057,0.002355616484421977,-1.7855885025681675,official,4239,1377
airline,88,122,210,4.6689725024047858e-05,0.00021411209294570856,0.46910589216999021,0.0063683140386083898,5.8783934696464515,short,193,5423
airlines,25,1,26,1.3264126427286324e-05,1.7550171552926931e-06,-0.27496828718390454,0.056645441275675446,-1.155314239670745,official,3424,2188
airplane,12,13,25,6.3667806850974358e-06,2.281522301880501e-05,0.3876955900890362,0.053343377602553865,1.6786130905611298,short,1317,4296
airport,380,224,604,0.00020161472169475213,0.00039312384278556323,0.18845758833639259,0.0022245508697405058,3.9956961807231592,short,427,5189
airports,167,23,190,8.8604364534272648e-05,4.036539457173194e-05,-0.15543215435353552,0.0074965172669026209,-1.795192783355644,official,4244,1372
airspace,35,13,48,1.8569776998200855e-05,2.281522301880501e-05,0.053057603604427683,0.028442196500835373,0.31460532159784083,short,2296,3321
airway,139,58,197,7.3748542935711959e-05,0.0001017909950069762,0.085182574971078395,0.0068983202450906807,1.0256025409388174,short,1760,3856
alabama,84,18,102,4.4567464795682047e-05,3.1590308795268477e-05,-0.077234811893358568,0.013710238538076078,-0.65961509797343232,official,3011,2605
alaska,512,204,716,0.00027164930923082394,0.00035802349967970935,0.072276076848678983,0.0019018500308645389,1.6573202507274203,short,1340,4276
alaskan,41,41,82,2.1753167340749571e-05,7.195570336700041e-05,0.36103562980235004,0.016260723717329312,2.8312624437696137,short,734,4881
alcohol,378,172,550,0.00020055359158056922,0.0003018629507103432,0.11004158750915849,0.0024631889821130019,2.2172158801813806,short,993,4623
alcohol-blended,27,0,27,1.432525654146923e-05,0,-0.33212739237824884,0.055556116657098385,-1.4090900724452342,official,3745,1838
alcoholic,38,11,49,2.0161472169475213e-05,1.9305188708219622e-05,-0.010540461671194379,0.0281614806471332,-0.062810447971728828,official,2538,3078
alcoholism,79,31,110,4.1914639510224784e-05,5.4405531814073483e-05,0.068039246868021763,0.012383764993742222,0.61141085764924608,short,2047,3569
alert,68,64,132,3.6078423882218804e-05,0.00011232109793873236,0.34083931578371462,0.010102601944101081,3.3910411820234154,short,567,5049
algal,24,15,39,1.2733561370194872e-05,2.6325257329390394e-05,0.20687596187819501,0.034392095496507111,1.1155286055267164,short,1692,3923
alien,327,180,507,0.00017349477366890512,0.00031590308795268471,0.16715916249760632,0.0026552060582251233,3.2440016872225219,short,598,5018
aliens,614,26,640,0.00032576694505415213,4.563044603761002e-05,-0.27184953489601327,0.0022995109025369417,-5.6690574456695373,official,5400,216
alleged,48,0,48,2.5467122740389743e-05,0,-0.33213012771588346,0.031250561106069316,-1.8787948571785984,official,4336,1274
allegiance,26,4,30,1.3794691484377777e-05,7.0200686211707723e-06,-0.13796952428782028,0.04726946866543956,-0.63458938986527802,official,2976,2633
alleviate,75,1,76,3.9792379281858973e-05,1.7550171552926931e-06,-0.31246044819262409,0.019610090655465356,-2.2312860523534108,official,4601,1015
alleviating,20,5,25,1.0611301141829059e-05,8.7750857764634652e-06,-0.044442253914231955,0.055556116656948401,-0.18855156251731181,official,2631,2980
alliance,20,21,41,1.0611301141829059e-05,3.685536026114655e-05,0.37729026870827198,0.032523035986756495,2.0920885564411309,short,1063,4550
allied,53,29,82,2.8119948025847007e-05,5.0895497503488099e-05,0.16528431929186382,0.016416977531444998,1.2899861622394497,short,1574,4041
allies,33,9,42,1.7508646884017949e-05,1.5795154397634238e-05,-0.024639596492983529,0.032941737575870267,-0.13575640844330608,official,2592,3021
allocate,77,0,77,4.0853509396041878e-05,0,-0.33213390516165653,0.019481080592839789,-2.3796149588907882,official,4701,913
allocated,34,0,34,1.8039211941109402e-05,0,-0.33212830415240902,0.044118208161875186,-1.5812369534791584,official,3988,1610
allocation,164,100,264,8.7012669362998283e-05,0.0001755017155292693,0.19907570290267174,0.0050842625036386126,2.791928391557756,short,748,4868
allocations,26,0,26,1.3794691484377777e-05,0,-0.33212726212521027,0.057692868793634985,-1.3827493339984507,official,3694,1908
allotment,44,21,65,2.3344862512023929e-05,3.685536026114655e-05,0.12402603583098504,0.020802780014264059,0.85990836675092719,short,1874,3741
allotments,53,0,53,2.8119948025847007e-05,0,-0.33213077899345222,0.028302447899599896,-1.9742271689845747,official,4416,1194
allow,2999,13,3012,0.0015911646062172675,2.281522301880501e-05,-0.32604220704908826,0.00049750192910428441,-14.617612325693548,official,5586,30
allowable,104,4,108,5.5178765937511108e-05,7.0200686211707723e-06,-0.27707592155733174,0.013646113679874347,-2.3718886337822154,official,4695,921
allowance,227,49,276,0.00012043826795975982,8.599584060934196e-05,-0.075750139131155692,0.0050655558054737478,-1.064314264305918,official,3347,2269
allowances,178,15,193,9.4440580162278635e-05,2.6325257329390394e-05,-0.21765740109187348,0.0075036712356188005,-2.5126762823579338,official,4772,844
allowed,157,0,157,8.3298713963358121e-05,0,-0.3321443261512762,0.0095547012569536863,-3.3979601527281114,official,5071,543
allowing,170,6,176,9.0196059705547e-05,1.0530102931756157e-05,-0.2814283418512975,0.0083852400389084342,-3.0733362760672622,official,4993,623
allows,27,0,27,1.432525654146923e-05,0,-0.33212739237824884,0.055556116657098385,-1.4090900724452342,official,3746,1839
als,15,10,25,7.9584758563717939e-06,1.755017155292693e-05,0.22749426707707698,0.053571989673102532,0.98288242290898531,short,1789,3824
alter,34,0,34,1.8039211941109402e-05,0,-0.33212830415240902,0.044118208161875186,-1.5812369534791584,official,3989,1611
alteration,45,4,49,2.3875427569115385e-05,7.0200686211707723e-06,-0.21198370170353975,0.029506783507152065,-1.2340749490590592,official,3507,2107
altered,23,4,27,1.2202996313103419e-05,7.0200686211707723e-06,-0.11701376835468302,0.052258625617896751,-0.51186799278377126,official,2894,2718
alternate,68,5,73,3.6078423882218804e-05,8.7750857764634652e-06,-0.2310344617001352,0.019913272513812311,-1.6372139885660744,official,4073,1543
alternative,683,180,863,0.00036237593399346239,0.00031590308795268471,-0.03255788195461129,0.0016061645931774566,-0.81238354900703347,official,3121,2495
alternatives,93,24,117,4.9342550309505128e-05,4.2120411727024629e-05,-0.037326108434514893,0.011854664465757035,-0.34282152324482623,official,2749,2867
alzheimer's,116,85,201,6.154554662260854e-05,0.00014917645819987891,0.2581348565480468,0.0066516387728254153,3.1650627464842187,short,621,4995
amateur,89,64,153,4.7220290081139317e-05,0.00011232109793873236,0.25199891520973239,0.0087410874681357019,2.6953547819049093,short,797,4819
ambient,43,3,46,2.2814297454932476e-05,5.2650514658780786e-06,-0.23579707494997848,0.031644679427292786,-1.3255254273740089,official,3604,2010
ambulance,83,44,127,4.4036899738590594e-05,7.722075483287849e-05,0.15558747761305192,0.010610419103851181,1.5104570159579707,short,1414,4201
ambulatory,42,21,63,2.2283732397841024e-05,3.685536026114655e-05,0.13788333099716787,0.02142913253905469,0.94191013749849783,short,1813,3803
amend,52660,4,52664,0.027939555906435914,7.0200686211707723e-06,-0.33901320361929654,2.9054061635042739e-05,-62.894574934279916,official,5614,2
amended,466,3,469,0.00024724331660461711,5.2650514658780786e-06,-0.32260365386971301,0.0031887239813733078,-5.7129551945055832,official,5403,213
amending,246,0,246,0.00013051900404449743,0,-0.33215592027773333,0.0060981221243610797,-4.2534755317134429,official,5259,356
amendment,376,632,1008,0.00019949246146638632,0.001109170842144982,0.53096510601023716,0.0013328607988026054,14.543655661185891,short,35,5581
amendments,676,5497,6173,0.00035866197859382221,0.0096473293026439338,0.89622862001133896,0.00023225926004132489,58.807442071510252,short,2,5614
america,512,641,1153,0.00027164930923082394,0.0011249659965426161,0.43585553130734933,0.0011585755819219429,12.805023396137241,short,45,5571
america's,190,558,748,0.00010080736084737607,0.00097929957265332265,0.69221339988890751,0.0018323561534882452,16.170932214411085,short,27,5589
american,1757,1925,3682,0.0009322028053096829,0.003378408023938434,0.39204536380999233,0.00036276781873982475,20.583629001605757,short,15,5601
american-made,27,11,38,1.432525654146923e-05,1.9305188708219622e-05,0.078457555752907027,0.035793339754453792,0.41469964414396981,short,2227,3388
americans,1130,654,1784,0.00059953851451334181,0.0011477812195614212,0.18280931783111853,0.00075390468879732398,6.6579435077252134,short,157,5459
americas,38,27,65,2.0161472169475213e-05,4.7385463192902708e-05,0.24808957729252334,0.020578864192720685,1.7294094134281215,short,1288,4327
ammunition,206,45,251,0.00010929640176083931,7.8975771988171179e-05,-0.073308075868338207,0.005567123338177743,-0.98250868733723795,official,3266,2350
amnesty,70,55,125,3.7139553996401709e-05,9.6525943541098119e-05,0.28099517704190369,0.010684321809520224,2.7184752639219991,short,784,4832
amortization,75,5,80,3.9792379281858973e-05,8.7750857764634652e-06,-0.23975817024030377,0.018216879898826831,-1.7763822215443077,official,4221,1395
amounts,901,0,901,0.00047803911643939912,0,-0.33224127297177741,0.0016653781601386971,-8.1413635712547308,official,5505,111
amt,6,23,29,3.1833903425487179e-06,4.036539457173194e-05,0.75692809012759454,0.047802758905464843,3.4620085916356844,short,546,5070
amtrak,61,49,110,3.2364468482578628e-05,8.599584060934196e-05,0.28827711745735485,0.012137822514663636,2.6166147152871311,short,819,4796
amusement,17,17,34,9.019605970554701e-06,2.9835291639975781e-05,0.36102841516754047,0.039216247378517241,1.8230910884510836,short,1219,4391
analyses,76,0,76,4.0322944338950426e-05,0,-0.33213377490346119,0.019737403217367912,-2.364111931290569,official,4688,926
analysis,291,52,343,0.00015439443161361282,9.126089207522004e-05,-0.11215538558081839,0.0041094938084539727,-1.7495484246325879,official,4190,1426
analyze,65,0,65,3.4486728710944446e-05,0,-0.33213234207012832,0.023077484186656751,-2.1863361563722021,official,4576,1038
ancient,29,9,38,1.5386386655652135e-05,1.5795154397634238e-05,0.0064783876480571934,0.036202529983429051,0.034048459743501416,short,2474,3139
andean,15,13,28,7.9584758563717939e-06,2.281522301880501e-05,0.31339890326690956,0.04764661895841666,1.4357586063128391,short,1466,4145
anesthesia,22,5,27,1.1672431256011964e-05,8.7750857764634652e-06,-0.065061801620785786,0.051658724367130059,-0.28625576791306351,official,2702,2911
angeles,58,19,77,3.077277331130427e-05,3.3345325950561165e-05,0.020097349571930323,0.017824635187462631,0.15053187170487625,short,2397,3219
animal,337,237,574,0.00017880042423981966,0.00041593906580436824,0.24480669176299052,0.0023313016963240839,5.0701877914005529,short,266,5350
animals,225,19,244,0.00011937713784557692,3.3345325950561165e-05,-0.21744655360692988,0.0059350386802566818,-2.8225442023314899,official,4900,716
anniversary,175,59,234,9.284888499100427e-05,0.00010354601216226889,0.027483384278689016,0.0058585182078194431,0.35906768218502388,short,2261,3356
annual,800,26,826,0.00042445204567316238,4.563044603761002e-05,-0.285361487098589,0.0017892763455294061,-6.7461601875498864,official,5465,151
annually,42,0,42,2.2283732397841024e-05,0,-0.33212934618620515,0.035714846819061744,-1.7574495006982607,official,4199,1409
annuitants,40,2,42,2.1222602283658118e-05,3.5100343105853862e-06,-0.26151065676258867,0.03492295578338072,-1.3993743021918656,official,3725,1889
annuities,104,23,127,5.5178765937511108e-05,4.036539457173194e-05,-0.070762748222295002,0.010996232120062378,-0.6748119145145709,official,3021,2595
annuity,126,30,156,6.6851197193523067e-05,5.2650514658780788e-05,-0.055140578644010674,0.0089230045078380112,-0.58373503931026383,official,2936,2680
antarctic,30,25,55,1.5916951712743588e-05,4.3875428882317324e-05,0.30040554694533483,0.02426526699133669,1.9284812045227213,short,1155,4461
anthony,3,24,27,1.5916951712743589e-06,4.2120411727024629e-05,0.89166150569708691,0.052941737573480405,3.8752606855771026,short,452,5164
anthrax,19,13,32,1.0080736084737606e-05,2.281522301880501e-05,0.23586328829976821,0.041830626462828577,1.1532226527196725,short,1664,3949
anti,2,43,45,1.061130114182906e-06,7.5465737677585801e-05,0.98823078396266695,0.032640793216157524,5.4698828648655118,short,217,5399
anti-discrimination,7,20,27,3.7139553996401706e-06,3.5100343105853861e-05,0.68481808731769434,0.050688921553230487,3.0417162410092073,short,664,4951
anti-drug,22,29,51,1.1672431256011964e-05,5.0895497503488099e-05,0.45260012772172686,0.026199191245332747,2.7962160850089486,short,744,4871
anti-fraud,11,43,54,5.8362156280059822e-06,7.5465737677585801e-05,0.76136410758698858,0.025694454844911108,4.7497712614759227,short,302,5314
anti-inflation,0,57,57,0,0.0001000359778516835,1.0541950443503936,0.026316350584898299,6.4984254131752754,short,163,5453
anti-terrorism,20,56,76,1.0611301141829059e-05,9.8280960696390808e-05,0.67949855914104518,0.017992985357677613,5.0656703775196803,short,268,5348
antibiotics,26,16,42,1.3794691484377777e-05,2.8080274484683089e-05,0.20196211742766579,0.031947822768961597,1.1299241268149443,short,1685,3927
anticompetitive,85,3,88,4.50980298527735e-05,5.2650514658780786e-06,-0.2814185620852534,0.016769918924680313,-2.1731377604958295,official,4570,1046
antidiscrimination,19,12,31,1.0080736084737606e-05,2.1060205863512314e-05,0.21020311066683384,0.043256375056568049,1.010680944457397,short,1766,3848
antidumping,60,5,65,3.1833903425487176e-05,8.7750857764634652e-06,-0.21880085121375537,0.022286275395729072,-1.465649961015389,official,3842,1774
antimicrobial,20,15,35,1.0611301141829059e-05,2.6325257329390394e-05,0.26571698290468149,0.038182379285928721,1.3598400218665745,short,1527,4087
antiterrorism,12,56,68,6.3667806850974358e-06,9.8280960696390808e-05,0.79930080091893885,0.020565077242561198,5.5737190733446367,short,211,5405
antitrust,400,219,619,0.00021222602283658119,0.00038434875700909979,0.1655066380785275,0.0021752329328187489,3.5486448087126568,short,517,5099
apache,21,15,36,1.1141866198920512e-05,2.6325257329390394e-05,0.24980139734804929,0.037152263890703793,1.295991705466099,short,1563,4048
appalachian,80,45,125,4.2445204567316236e-05,7.8975771988171179e-05,0.17382073137250842,0.010760962846861528,1.6756218193730168,short,1324,4292
apparel,44,15,59,2.3344862512023929e-05,2.6325257329390394e-05,0.030360141637475024,0.023222812486874893,0.19922616981068864,short,2368,3248
appeal,47,11,58,2.493655768329829e-05,1.9305188708219622e-05,-0.058831923080040482,0.024017124255841196,-0.3796230221368983,official,2785,2831
appeals,170,104,274,9.0196059705547e-05,0.00018252178415044008,0.20011560611232326,0.004898316058390759,2.8592857285386524,short,726,4890
appear,28,0,28,1.4855821598560682e-05,0,-0.33212752263139222,0.053571989673186944,-1.4349473872580845,official,3793,1812
appearance,29,0,29,1.5386386655652135e-05,0,-0.33212765288463508,0.051724699033008407,-1.4603469575681074,official,3829,1777
appellate,27,12,39,1.432525654146923e-05,2.1060205863512314e-05,0.10319584908868862,0.034759919393574111,0.5535066568992133,short,2097,3517
appliance,8,49,57,4.2445204567316241e-06,8.599584060934196e-05,0.85009519911896625,0.024819138759530599,5.3960281913681172,short,225,5391
appliances,47,2,49,2.493655768329829e-05,3.5100343105853862e-06,-0.27150451394207309,0.03002507091031888,-1.5668774614304926,official,3976,1638
applicability,97,0,97,5.1464810537870939e-05,0,-0.33213651034719405,0.015464478642404612,-2.6708467952922503,official,4832,783
applicable,671,0,671,0.00035600915330836493,0,-0.33221129675415106,0.0022360306889734807,-7.0254721499692065,official,5477,139
applicant,50,5,55,2.6528252854572649e-05,8.7750857764634652e-06,-0.19859684134208422,0.026191037298335468,-1.2271452969934267,official,3504,2112
applicants,88,4,92,4.6689725024047858e-05,7.0200686211707723e-06,-0.2675950934467064,0.01597278333800075,-2.117326561459282,official,4522,1090
application,803,35,838,0.00042604374084443671,6.1425600435244251e-05,-0.27019177153378582,0.0017554211722871445,-6.4488377847488811,official,5449,167
applications,236,45,281,0.00012521335347358289,7.8975771988171179e-05,-0.10013354048093781,0.0050022817981930047,-1.4157790945963922,official,3783,1833
applied,100,6,106,5.3056505709145297e-05,1.0530102931756157e-05,-0.248364432916242,0.013783501479519043,-2.115483411240104,official,4519,1095
applies,78,0,78,4.1384074453133331e-05,0,-0.33213403541995312,0.019231330343305094,-2.3950176495866011,official,4710,904
apply,525,0,525,0.0002785466549730128,0,-0.33219227120475558,0.0028577040660483339,-6.2141380566957301,official,5437,179
applying,68,0,68,3.6078423882218804e-05,0,-0.33213273284161993,0.022059384639792096,-2.2362223424663865,official,4606,1005
appoint,34,0,34,1.8039211941109402e-05,0,-0.33212830415240902,0.044118208161875186,-1.5812369534791584,official,3990,1612
appointed,87,0,87,4.6159159966956405e-05,0,-0.33213520774926764,0.017241940424820679,-2.5294252234061254,official,4777,833
appointment,224,18,242,0.00011884657278848546,3.1590308795268477e-05,-0.22250212105492828,0.0059926377418360504,-2.8742539890757404,official,4924,692
appointments,38,6,44,2.0161472169475213e-05,1.0530102931756157e-05,-0.13367530133959349,0.032195683056763971,-0.74499327097649259,official,3072,2544
apportionment,52,1,53,2.7589382968755554e-05,1.7550171552926931e-06,-0.30395934091957955,0.02804288914953133,-1.8151148776912445,official,4268,1347
appraisal,17,9,26,9.019605970554701e-06,1.5795154397634238e-05,0.15517291414480994,0.051827803626750227,0.68160774085412645,short,1998,3614
apprenticeship,74,43,117,3.926181422476752e-05,7.5465737677585801e-05,0.1839325804256795,0.011486163217601137,1.716212939535285,short,1301,4315
approach,46,7,53,2.4405992626206838e-05,1.2285120087048851e-05,-0.13975495859458853,0.026768237875217392,-0.85419560857282373,official,3158,2456
approaches,35,2,37,1.8569776998200855e-05,3.5100343105853862e-06,-0.25208486503326277,0.039530475633725262,-1.2678875924568414,official,3541,2074
appropriate,666,16,682,0.0003533563280229077,2.8080274484683089e-05,-0.29721475853360069,0.0021750657627195606,-6.3728570199794126,official,5446,170
appropriated,134,1,135,7.1095717650254702e-05,1.7550171552926931e-06,-0.32105021249433463,0.011070974420308631,-3.051265777188044,official,4984,632
appropriately,37,0,37,1.963090711238376e-05,0,-0.33212869491431007,0.040541101644238832,-1.6495239516689466,official,4079,1521
appropriation,156,229,385,8.2768148906266662e-05,0.00040189892856202667,0.4876773116692128,0.0034776545222019581,8.2696919704526124,short,105,5511
appropriations,3616,951,4567,0.0019185232464426938,0.0016690213146833511,-0.03308141573140766,0.00030399178748934477,-1.897374945685689,official,4355,1261
approval,343,37,380,0.00018198381458236836,6.4935634745829642e-05,-0.18932843433265667,0.0037817685789473254,-3.0787070691363105,official,4996,620
approve,123,1,124,6.5259502022248716e-05,1.7550171552926931e-06,-0.32006688505634528,0.012049144118459162,-2.9158329797047711,official,4943,672
approved,291,2,293,0.00015439443161361282,3.5100343105853862e-06,-0.32193936695884773,0.0051027204345942094,-4.5068509794701592,official,5290,325
approving,37,0,37,1.963090711238376e-05,0,-0.33212869491431007,0.040541101644238832,-1.6495239516689466,official,4080,1522
april,35,0,35,1.8569776998200855e-05,0,-0.33212843440627182,0.042857703960410054,-1.6043222548468057,official,4022,1578
aquaculture,67,54,121,3.5547858825127351e-05,9.4770926385805417e-05,0.28938185568866714,0.011033995775296986,2.7548939836995188,short,765,4851
aquatic,68,21,89,3.6078423882218804e-05,3.685536026114655e-05,0.0052580561614679056,0.015460896958589116,0.042287097553180157,short,2469,3147
aquifer,18,23,41,9.5501710276461537e-06,4.036539457173194e-05,0.44237650950203999,0.032574713648226485,2.4510476495540647,short,894,4721
arab,25,8,33,1.3264126427286324e-05,1.4040137242341545e-05,0.014152551643674016,0.041632184316069736,0.069361767192612583,short,2445,3169
arabia,20,19,39,1.0611301141829059e-05,3.3345325950561165e-05,0.34393445276649359,0.034191092957915323,1.8600267517489799,short,1190,4426
arapaho,30,7,37,1.5916951712743588e-05,1.2285120087048851e-05,-0.059480572099802842,0.037653206965692937,-0.30653082304301343,official,2717,2897
arbitration,141,58,199,7.4809673049894865e-05,0.0001017909950069762,0.081160396544429858,0.006832788196126198,0.98185008261366757,short,1794,3822
archaeological,49,8,57,2.5997687797481196e-05,1.4040137242341545e-05,-0.12803145480797262,0.024819138757225377,-0.81268702643395929,official,3122,2492
archeological,29,3,32,1.5386386655652135e-05,5.2650514658780786e-06,-0.19450498246082759,0.044965432297168616,-0.91725765361219713,official,3206,2402
architect,47,6,53,2.493655768329829e-05,1.0530102931756157e-05,-0.16661297387198459,0.026949713649857279,-1.0149198314290346,official,3303,2312
architectural,64,12,76,3.3956163653852993e-05,2.1060205863512314e-05,-0.10328546912530712,0.018507054619272937,-0.75922512735319625,official,3081,2534
archives,31,11,42,1.644751676983504e-05,1.9305188708219622e-05,0.040856478933408269,0.032567115770682657,0.22639732275013813,short,2344,3272
arctic,87,79,166,4.6159159966956405e-05,0.00013864635526812275,0.32891473338762012,0.0080347629589690231,3.6694146733759232,short,496,5120
area,1213,639,1852,0.00064357541425193242,0.0011214559622320308,0.1537773782824301,0.00072827100796096398,5.6983082905655635,short,201,5415
areas,2036,126,2162,0.0010802304562381982,0.00022113216156687931,-0.24611792795571485,0.00067583317706971927,-9.4672423848102767,official,5541,75
arising,183,4,187,9.7093405447735891e-05,7.0200686211707723e-06,-0.3002283866796418,0.0079388659332006919,-3.3695547592562076,official,5060,556
arizona,262,73,335,0.00013900804495796068,0.0001281162523363666,-0.019629308240208587,0.0041265834402475594,-0.30556927185196919,official,2715,2901
arkansas,54,16,70,2.8650513082938459e-05,2.8080274484683089e-05,-0.0049111043678653488,0.019692984217487452,-0.034996402047673382,official,2515,3101
arlington,29,9,38,1.5386386655652135e-05,1.5795154397634238e-05,0.0064783876480571934,0.036202529983429051,0.034048459743501416,short,2475,3140
armed,1829,136,1965,0.00097040348942026744,0.00023868233311980625,-0.23016391854106288,0.00074009941830383323,-8.4604256134661338,official,5514,102
armor,68,14,82,3.6078423882218804e-05,2.4570240174097702e-05,-0.085266622929564662,0.017083894447518542,-0.65235744469408596,official,2995,2620
arms,236,96,332,0.00012521335347358289,0.00016848164690809852,0.078035705372759168,0.0040975731511029758,1.2190738140263506,short,1620,3996
army,367,35,402,0.00019471737595256323,6.1425600435244251e-05,-0.20416719696987329,0.0035892808208382999,-3.407863940720365,official,5077,539
arrangement,28,4,32,1.4855821598560682e-05,7.0200686211707723e-06,-0.14980424244010315,0.04444500554728989,-0.71057942844776978,official,3053,2561
arrangements,211,11,222,0.00011194922704629658,1.9305188708219622e-05,-0.25869871498537655,0.006601875459929016,-3.1839087156326449,official,5016,600
arrest,47,12,59,2.493655768329829e-05,2.1060205863512314e-05,-0.039736863735409855,0.023519030415519504,-0.25910982452367931,official,2691,2925
arson,48,36,84,2.5467122740389743e-05,6.3180617590536954e-05,0.26572238391800163,0.015909652024944182,2.1066762520118889,short,1055,4561
art,52,38,90,2.7589382968755554e-05,6.6690651901122331e-05,0.25723611076598907,0.014855314638385825,2.1105274613064924,short,1053,4563
arthritis,138,54,192,7.3217977878620513e-05,9.4770926385805417e-05,0.067267477975949674,0.0070959048208559597,0.79854841945801769,short,1919,3697
article,139,6,145,7.3748542935711959e-05,1.0530102931756157e-05,-0.27068661698421614,0.010144204444170475,-2.6875576422739758,official,4838,778
articles,187,4,191,9.9215665676101702e-05,7.0200686211707723e-06,-0.30089396721957229,0.0077742689108272174,-3.4125867566499428,official,5080,536
artificial,30,8,38,1.5916951712743588e-05,1.4040137242341545e-05,-0.029843464462439684,0.036445573892087406,-0.15632442553288972,official,2603,3011
artistic,64,2,66,3.3956163653852993e-05,3.5100343105853862e-06,-0.28701091482670904,0.022398751155310537,-1.9177257977399145,official,4374,1242
artists,21,32,53,1.1141866198920512e-05,5.6160548969366179e-05,0.49962052031013293,0.025278780504812678,3.142405366981071,short,634,4982
arts,193,120,313,0.00010239905601865042,0.00021060205863512315,0.20525093028403418,0.004286314577094952,3.1350401965891348,short,637,4979
asbestos,106,64,170,5.6239896051694013e-05,0.00011232109793873236,0.19595732316274983,0.0078972538152675062,2.2050754295044137,short,999,4617
ash,13,18,31,6.8973457421888885e-06,3.1590308795268477e-05,0.4686600312132736,0.043135997095995866,2.256513813639113,short,968,4646
asia,37,21,58,1.963090711238376e-05,3.685536026114655e-05,0.17659849443794684,0.023185104746980455,1.1597982940057985,short,1658,3956
asian,64,45,109,3.3956163653852993e-05,7.8975771988171179e-05,0.24469536541922565,0.012274414436064009,2.2086421314777778,short,998,4618
aside,30,2,32,1.5916951712743588e-05,3.5100343105853862e-06,-0.23975360130862278,0.045541358066679874,-1.1234717351393719,official,3397,2218
aspects,57,5,62,3.0242208254212821e-05,8.7750857764634652e-06,-0.2134128389140475,0.023329295588234301,-1.3972358821362934,official,3722,1892
assault,213,93,306,0.00011301035716047949,0.00016321659544222045,0.098093165560200646,0.0044336091046796901,1.4731943674202539,short,1440,4176
assaults,20,6,26,1.0611301141829059e-05,1.0530102931756157e-05,-0.0018822086456573572,0.052989691536447225,-0.0081765871165766692,official,2501,3112
assess,205,1,206,0.00010876583670374786,1.7550171552926931e-06,-0.32487738886408302,0.0072645690389114186,-3.8116635421434051,official,5180,436
assessed,30,1,31,1.5916951712743588e-05,1.7550171552926931e-06,-0.28411813310264122,0.047644003725412061,-1.3016518122380256,official,3575,2037
assessing,38,8,46,2.0161472169475213e-05,1.4040137242341545e-05,-0.080810950077767174,0.030423841529368424,-0.46330094663426108,official,2845,2769
assessment,333,214,547,0.00017667816401145385,0.00037557367123263629,0.21578359403050307,0.0024509853088297848,4.3586105753673898,short,364,5252
assessments,153,3,156,8.117645373499231e-05,5.2650514658780786e-06,-0.30343240661409965,0.0095261152603114442,-3.1088806205212087,official,5001,615
asset,111,106,217,5.8892721337151277e-05,0.00018603181846102546,0.34569323449271749,0.0061453168684630164,4.4097984405243409,short,350,5266
assets,376,43,419,0.00019949246146638632,7.5465737677585801e-05,-0.18178437147305182,0.0034229249881899478,-3.107118751886679,official,5000,616
assign,27,0,27,1.432525654146923e-05,0,-0.33212739237824884,0.055556116657098385,-1.4090900724452342,official,3747,1840
assigned,49,0,49,2.5997687797481196e-05,0,-0.33213025797119045,0.030612806004244052,-1.8982651433736926,official,4356,1252
assignment,68,10,78,3.6078423882218804e-05,1.755017155292693e-05,-0.14525105096196711,0.018213512545227607,-1.0762729587248778,official,3360,2255
assist,1875,11,1886,0.00099480948204647428,1.9305188708219622e-05,-0.32362754260449922,0.00079359636403090995,-11.488032111303703,official,5567,49
assistance,7649,3095,10744,0.0040582921216925239,0.0054317780956308851,0.076882515360773063,0.00012719166269390344,6.8170779719898391,short,151,5465
assistant,133,32,165,7.0565152593163243e-05,5.6160548969366179e-05,-0.052869989263948369,0.0084324079630552096,-0.57574929833423516,official,2933,2683
assistants,69,11,80,3.6608988939310257e-05,1.9305188708219622e-05,-0.13206774255948162,0.017700981498569569,-0.99265441931777254,official,3285,2331
assisted,166,19,185,8.8073799477181189e-05,3.3345325950561165e-05,-0.1816563611286881,0.007751524769985977,-2.0632746423845023,official,4482,1134
assisting,116,12,128,6.154554662260854e-05,2.1060205863512314e-05,-0.19451243710642352,0.011241778922583311,-1.8345512771262718,official,4288,1328
associated,413,12,425,0.00021912336857877007,2.1060205863512314e-05,-0.29011023184985696,0.0034822081299032692,-4.9162695175701003,official,5337,279
association,211,83,294,0.00011194922704629658,0.00014566642388929351,0.068718341502700397,0.0046332790774679016,1.0095514093334208,short,1769,3847
associations,178,9,187,9.4440580162278635e-05,1.5795154397634238e-05,-0.26077869775798668,0.0078423279802620725,-2.9447580089097083,official,4950,666
assurance,69,193,262,3.6608988939310257e-05,0.00033871831097148972,0.6792765228541775,0.0052195113971102531,9.4022475109225194,short,87,5529
assure,879,9,888,0.00046636668518338715,1.5795154397634238e-05,-0.31706995663222415,0.0016813194459036223,-7.7326788782252498,official,5491,125
assured,23,12,35,1.2202996313103419e-05,2.1060205863512314e-05,0.15073007056056653,0.038518536158967547,0.76800671176503366,short,1943,3669
assuring,119,19,138,6.3137241793882905e-05,3.3345325950561165e-05,-0.13181428869938649,0.010261038461787622,-1.3012682477224358,official,3574,2042
asthma,41,41,82,2.1753167340749571e-05,7.195570336700041e-05,0.36103562980235004,0.016260723717329312,2.8312624437696137,short,735,4882
asylum,45,17,62,2.3875427569115385e-05,2.9835291639975781e-05,0.057643786128094732,0.022004583350667444,0.38859385022311882,short,2239,3377
at-risk,66,15,81,3.5017293768035899e-05,2.6325257329390394e-05,-0.065063224242356554,0.017219948869127918,-0.49581498966301402,official,2871,2744
athletes,57,9,66,3.0242208254212821e-05,1.5795154397634238e-05,-0.13367648361153073,0.021463975744601578,-0.912430782125217,official,3199,2416
athletic,99,42,141,5.2525940652053844e-05,7.3710720522293099e-05,0.089875735505284382,0.0096317086694612027,0.91577922799016476,short,1834,3782
athletics,13,19,32,6.8973457421888885e-06,3.3345325950561165e-05,0.48619294082890008,0.041830626463165911,2.377176698399202,short,921,4695
atlantic,112,53,165,5.9423286394242729e-05,9.3015909230512728e-05,0.12150910891248579,0.0081978254008215935,1.3420215934422333,short,1534,4082
atmosphere,31,3,34,1.644751676983504e-05,5.2650514658780786e-06,-0.20244879753446732,0.042412203514862724,-0.98303681644785201,official,3269,2343
atmospheric,234,77,311,0.0001241522233594,0.00013513632095753735,0.021245546805204185,0.0044127431400443678,0.31982586926591744,short,2289,3327
atomic,180,43,223,9.550171027646154e-05,7.5465737677585801e-05,-0.054421867334491836,0.0062413492206151548,-0.68886512388339716,official,3032,2584
attack,197,6,203,0.00010452131624701623,1.0530102931756157e-05,-0.2881300662644648,0.0072852501350340985,-3.3757194444317604,official,5062,554
attacks,179,10,189,9.4971145219370081e-05,1.755017155292693e-05,-0.25377381624895712,0.0077430780695141831,-2.8839650409508049,official,4929,687
attain,74,0,74,3.926181422476752e-05,0,-0.33213351438738137,0.020270831381943921,-2.3327968507570467,official,4662,952
attained,110,0,110,5.8362156280059824e-05,0,-0.33213820373990899,0.01363692475579731,-2.8442031330875532,official,4913,700
attend,81,0,81,4.2975769624407689e-05,0,-0.33213442619546285,0.018519079631701039,-2.440642634980557,official,4740,875
attendance,53,5,58,2.8119948025847007e-05,8.7750857764634652e-06,-0.20537691909262534,0.024882585990530809,-1.3019786953823311,official,3580,2035
attendant,16,19,35,8.4890409134632483e-06,3.3345325950561165e-05,0.41818782096584783,0.038126922760108845,2.1416845477329294,short,1031,4585
attending,56,0,56,2.9711643197121365e-05,0,-0.3321311697612277,0.026786275393507999,-2.0293337129587536,official,4454,1160
attorney,448,33,481,0.00023769314557697092,5.7915566124658867e-05,-0.23090631109610094,0.0030225127579032868,-4.2000236106337452,official,5250,366
attorneys,144,17,161,7.6401368221169229e-05,2.9835291639975781e-05,-0.17751635374806973,0.0088972271840633069,-1.8819627741964964,official,4347,1269
attract,28,4,32,1.4855821598560682e-05,7.0200686211707723e-06,-0.14980424244010315,0.04444500554728989,-0.71057942844776978,official,3054,2562
attributable,107,0,107,5.6770461108785466e-05,0,-0.33213781295542866,0.01401925270757204,-2.8051487094287029,official,4892,724
auction,24,7,31,1.2733561370194872e-05,1.2285120087048851e-05,-0.0087238306193633264,0.044498168758300961,-0.0413557741979097,official,2522,3092
audio,41,12,53,2.1753167340749571e-05,2.1060205863512314e-05,-0.0078843775180601483,0.026023474364777546,-0.04887477507630953,official,2529,3085
audit,119,104,223,6.3137241793882905e-05,0.00018252178415044008,0.31620204968861643,0.0059826417333633088,4.0880686736306897,short,412,5204
auditing,39,17,56,2.0692037226566665e-05,2.9835291639975781e-05,0.097608099187183939,0.024225507035209492,0.62711821845498439,short,2037,3579
audits,71,2,73,3.7670119053493162e-05,3.5100343105853862e-06,-0.29131026738621202,0.020278338889348317,-2.0456889698983085,official,4466,1149
augment,27,0,27,1.432525654146923e-05,0,-0.33212739237824884,0.055556116657098385,-1.4090900724452342,official,3748,1841
august,103,1,104,5.4648200880419655e-05,1.7550171552926931e-06,-0.31774812360160709,0.014355288516402201,-2.6520214466800591,official,4826,790
authorities,525,37,562,0.0002785466549730128,6.4935634745829642e-05,-0.23494443592266911,0.0025899735022395752,-4.6165495775589722,official,5302,314
authority,2805,208,3013,0.0014882349851415256,0.00036504356830088016,-0.23051745308984728,0.00048290471815095389,-10.489942031524127,official,5555,61
authorization,671,1588,2259,0.00035600915330836493,0.0027869672426047965,0.63391187190164722,0.00060180141345793803,25.840581564068394,short,12,5604
authorizations,326,13,339,0.00017296420861181367,2.281522301880501e-05,-0.27516942565995528,0.0043452296589375494,-4.1743975778480191,official,5245,371
authorize,9310,5,9315,0.0049395606815214269,8.7750857764634652e-06,-0.33253378625056396,0.00016155052368565899,-26.162641617905706,official,5602,14
authorized,474,5,479,0.00025148783706134873,8.7750857764634652e-06,-0.31656628769115613,0.0031159948450840062,-5.6710868468100832,official,5401,215
authorizing,501,4,505,0.00026581309360281793,7.0200686211707723e-06,-0.32032957386676841,0.0029592335323457976,-5.8885371083841784,official,5413,203
autism,65,41,106,3.4486728710944446e-05,7.195570336700041e-05,0.20980153405056612,0.012651235425686318,1.8652720842881028,short,1187,4429
autistic,14,13,27,7.4279107992803412e-06,2.281522301880501e-05,0.3363344699161317,0.049390805004712747,1.5133811727617199,short,1410,4204
auto,29,44,73,1.5386386655652135e-05,7.722075483287849e-05,0.49823960690251567,0.018351491229567977,3.6779224518145983,short,495,5121
autoimmune,17,10,27,9.019605970554701e-06,1.755017155292693e-05,0.18775367792589925,0.049754860856404813,0.84172590873896136,short,1889,3724
automated,71,14,85,3.7670119053493162e-05,2.4570240174097702e-05,-0.093716068183786305,0.016511827626098385,-0.7293172514277585,official,3067,2550
automatic,285,32,317,0.00015121104127106409,5.6160548969366179e-05,-0.18418555537825121,0.0045270202468577622,-2.7374698808638951,official,4860,756
automatically,37,0,37,1.963090711238376e-05,0,-0.33212869491431007,0.040541101644238832,-1.6495239516689466,official,4081,1523
automobile,169,126,295,8.9665494648455554e-05,0.00022113216156687931,0.26380386462662564,0.0045310304923076566,3.9190667553161722,short,442,5174
automobiles,118,6,124,6.2606676736791446e-05,1.0530102931756157e-05,-0.26039275581853083,0.011825100220055236,-2.3945641864218246,official,4709,907
automotive,46,50,96,2.4405992626206838e-05,8.7750857764634649e-05,0.38881842047115889,0.013892129708847047,3.298848848527022,short,588,5028
autonomy,20,35,55,1.0611301141829059e-05,6.1425600435244251e-05,0.54335733664837171,0.024445005553990446,3.4752853158580561,short,540,5076
availability,726,141,867,0.00038519023144839484,0.00024745741889626969,-0.096661380665453045,0.0016203711731136196,-2.4012962349558395,official,4717,899
available,1499,15,1514,0.00079531702058008801,2.6325257329390394e-05,-0.31748792408108262,0.0009864787809885367,-10.108421368561949,official,5548,68
average,108,1,109,5.7301026165876919e-05,1.7550171552926931e-06,-0.31840731954716439,0.013699765141059004,-2.7203606349372058,official,4852,764
averaging,34,10,44,1.8039211941109402e-05,1.755017155292693e-05,-0.0067015952061755257,0.031339592444800689,-0.037855720773744758,official,2519,3095
aviation,656,285,941,0.00034805067745199313,0.00050017988925841745,0.096690634448674651,0.0014423960762036711,2.5459047056059503,short,855,4761
avoid,114,0,114,6.0484416508425642e-05,0,-0.33213872478732931,0.013158455857138016,-2.8954565352488126,official,4933,682
avoidance,38,14,52,2.0161472169475213e-05,2.4570240174097702e-05,0.050869459020924879,0.026263187370344901,0.3138942809289807,short,2298,3316
award,646,61,707,0.00034274502688107862,0.00010705604647285428,-0.20532446654472203,0.0020417428849908684,-4.544019409128766,official,5297,319
awarded,155,0,155,8.2237583849175216e-05,0,-0.33214406561849152,0.0096779804839727274,-3.3762463396340148,official,5064,550
awarding,108,0,108,5.7301026165876919e-05,0,-0.33213794321681966,0.013889450007891444,-2.8182269748450395,official,4897,719
awards,184,22,206,9.7623970504827351e-05,3.8610377416439245e-05,-0.17579229384619843,0.0069506286177484135,-2.1085688726966101,official,4515,1100
awareness,256,204,460,0.00013582465461541197,0.00035802349967970935,0.28567984637009047,0.0029032333474414275,5.3019866735035528,short,235,5381
away,31,3,34,1.644751676983504e-05,5.2650514658780786e-06,-0.20244879753446732,0.042412203514862724,-0.98303681644785201,official,3270,2344
b,798,61,859,0.00042339091555897948,0.00010705604647285428,-0.22744472722817832,0.0016910181078555694,-5.5309756194865516,official,5390,226
babies,7,30,37,3.7139553996401706e-06,5.2650514658780788e-05,0.7815383042545907,0.037653206966986076,4.0276273610266955,short,422,5194
baby,24,46,70,1.2733561370194872e-05,8.0730789143463881e-05,0.57133540719665454,0.019259548640910611,4.1168788489626209,short,410,5206
background,224,40,264,0.00011884657278848546,7.0200686211707722e-05,-0.11227634299327605,0.0053392151669603748,-1.5365600838844942,official,3955,1661
backlog,65,26,91,3.4486728710944446e-05,4.563044603761002e-05,0.073343968338758003,0.014957826074064866,0.59969463645483922,short,2052,3564
bad,22,4,26,1.1672431256011964e-05,7.0200686211707723e-06,-0.10898146640524153,0.054167227768218841,-0.46825706924064459,official,2849,2759
baggage,32,8,40,1.6978081826926497e-05,1.4040137242341545e-05,-0.044442524388797366,0.034722783327016928,-0.23850168643595571,official,2680,2933
bail,34,23,57,1.8039211941109402e-05,4.036539457173194e-05,0.23219591419870156,0.023489572098313392,1.5150153069217269,short,1408,4207
bailout,10,41,51,5.3056505709145295e-06,7.195570336700041e-05,0.77195438037617059,0.027263568949363274,4.6752009504688266,short,310,5306
balance,118,25,143,6.2606676736791446e-05,4.3875428882317324e-05,-0.079537721608691214,0.0097843597048548857,-0.8040942213991169,official,3112,2504
balanced,357,104,461,0.00018941172538164872,0.00018252178415044008,-0.0090149922324513909,0.0029929665929094582,-0.16478376528248631,official,2611,3005
ballast,29,7,36,1.5386386655652135e-05,1.2285120087048851e-05,-0.052164610576610926,0.038640990441980057,-0.26537001241662694,official,2693,2921
ballistic,52,15,67,2.7589382968755554e-05,2.6325257329390394e-05,-0.011381251212887022,0.020599044406765452,-0.07929877391757803,official,2549,3067
ballistics,20,5,25,1.0611301141829059e-05,8.7750857764634652e-06,-0.044442253914231955,0.055556116656948401,-0.18855156251731181,official,2632,2981
ballot,35,25,60,1.8569776998200855e-05,4.3875428882317324e-05,0.24980388239731255,0.022291582781888128,1.6731263185355771,short,1327,4289
ballots,43,2,45,2.2814297454932476e-05,3.5100343105853862e-06,-0.26617064694782577,0.032640793213852333,-1.4732613925296341,official,3847,1767
ban,190,106,296,0.00010080736084737607,0.00018603181846102546,0.17128769431433888,0.0045457365232703583,2.5405282790986115,short,858,4758
band,131,96,227,6.9504022478980338e-05,0.00016848164690809852,0.25816694246934979,0.0058898324716370621,3.3639471206651881,short,571,5045
bands,28,5,33,1.4855821598560682e-05,8.7750857764634652e-06,-0.11226589227074513,0.042709793199752245,-0.54323044050857139,official,2916,2700
bank,791,444,1235,0.00041967696015933931,0.00077922761694995571,0.17324658974840368,0.0010897374172789832,5.2481200752524853,short,246,5370
banking,211,131,342,0.00011194922704629658,0.00022990724734334278,0.20478965399217763,0.003923044345691888,3.2696133920457644,short,592,5024
bankruptcies,27,12,39,1.432525654146923e-05,2.1060205863512314e-05,0.10319584908868862,0.034759919393574111,0.5535066568992133,short,2098,3518
bankruptcy,183,204,387,9.7093405447735891e-05,0.00035802349967970935,0.39726702868142461,0.0034469945328619153,6.7664709998204575,short,153,5463
banks,416,22,438,0.00022071506375004443,3.8610377416439245e-05,-0.25772611265660572,0.0033454344222153061,-4.4558664175897693,official,5286,330
banner,15,18,33,7.9584758563717939e-06,3.1590308795268477e-05,0.4216537283378905,0.040441737574436344,2.0967229141227177,short,1057,4555
bar,25,1,26,1.3264126427286324e-05,1.7550171552926931e-06,-0.27496828718390454,0.056645441275675446,-1.155314239670745,official,3425,2189
bargaining,92,41,133,4.8811985252413675e-05,7.195570336700041e-05,0.10398388393226909,0.010192132007922901,1.0299912015533705,short,1756,3858
barrier,26,25,51,1.3794691484377777e-05,4.3875428882317324e-05,0.34795860819594715,0.026145468831976638,2.1519360848437263,short,1028,4588
barriers,198,41,239,0.00010505188130410769,7.195570336700041e-05,-0.084128412632752614,0.0058603192404269875,-1.0989604350051734,official,3379,2236
base,339,54,393,0.00017986155435400255,9.4770926385805417e-05,-0.13221950687781892,0.0036038178673839789,-2.202490866047655,official,4583,1033
baseball,59,40,99,3.1303338368395723e-05,7.0200686211707722e-05,0.23291175452313517,0.013523919647678715,2.0028116828207119,short,1116,4500
based,657,44,701,0.00034858124250908458,7.722075483287849e-05,-0.23942742064890332,0.0020792201535649838,-5.2507779023587551,official,5363,253
baseline,24,10,34,1.2733561370194872e-05,1.755017155292693e-05,0.084771110812706496,0.039969213141231433,0.42401876304606595,short,2222,3392
bases,28,2,30,1.4855821598560682e-05,3.5100343105853862e-06,-0.23368658812023924,0.04849194041264674,-1.0612043130292073,official,3339,2273
basic,387,59,446,0.00020532867709439231,0.00010354601216226889,-0.13947689938832042,0.0031812394070678605,-2.472886066522292,official,4752,864
basin,324,187,511,0.00017190307849763076,0.00032818820803973359,0.18184905800302253,0.0026308307632700537,3.5453947716514351,short,519,5097
basis,1099,5,1104,0.00058309099774350682,8.7750857764634652e-06,-0.32547910700051652,0.0013562010531627566,-8.8381440789200223,official,5525,91
bass,23,16,39,1.2202996313103419e-05,2.8080274484683089e-05,0.24122600299783237,0.034311411544911644,1.3022813718761783,short,1556,4059
batteries,28,1,29,1.4855821598560682e-05,1.7550171552926931e-06,-0.28083379739508274,0.050877754084486283,-1.2450460263550298,official,3515,2089
battery,16,24,40,8.4890409134632483e-06,4.2120411727024629e-05,0.49456295402780093,0.033482703962837139,2.7027838813015386,short,789,4826
battle,38,15,53,2.0161472169475213e-05,2.6325257329390394e-05,0.069673016839281843,0.025695454449942576,0.43464677778149202,short,2214,3402
battlefield,79,88,167,4.1914639510224784e-05,0.00015444150966575698,0.39698294077377483,0.0079871704145264757,4.4419674240900422,short,346,5270
battlefields,27,21,48,1.432525654146923e-05,3.685536026114655e-05,0.2776472271448629,0.027826648063771744,1.6644198741216105,short,1337,4279
bay,203,143,346,0.00010770470658956496,0.00025096745320685507,0.24532252809395061,0.0038670445781755964,3.9450075823166135,short,437,5179
bayou,13,12,25,6.8973457421888885e-06,2.1060205863512314e-05,0.33435853482289879,0.053343377602497639,1.4476786113712496,short,1453,4161
beach,18,20,38,9.5501710276461537e-06,3.5100343105853861e-05,0.39612089729225453,0.035099083272525977,2.1143645434694815,short,1049,4565
beaches,14,23,37,7.4279107992803412e-06,4.036539457173194e-05,0.52355032054334316,0.036275070908912986,2.7488705898706081,short,768,4846
bear,132,52,184,7.0034587536071797e-05,9.126089207522004e-05,0.069118107730485434,0.0074024062359279094,0.803351080789522,short,1914,3702
bearing,28,4,32,1.4855821598560682e-05,7.0200686211707723e-06,-0.14980424244010315,0.04444500554728989,-0.71057942844776978,official,3055,2563
beds,33,9,42,1.7508646884017949e-05,1.5795154397634238e-05,-0.024639596492983529,0.032941737575870267,-0.13575640844330608,official,2593,3022
beef,83,31,114,4.4036899738590594e-05,5.4405531814073483e-05,0.054555864211392802,0.011973254978156513,0.49858054061238699,short,2155,3461
begin,69,0,69,3.6608988939310257e-05,0,-0.33213286309898749,0.021739691545378491,-2.2526056048650052,official,4615,999
beginning,190,21,211,0.00010080736084737607,3.685536026114655e-05,-0.1862164517949374,0.0068046715560079211,-2.2574308893297594,official,4621,995
behalf,222,0,222,0.00011778544267430255,0,-0.33215279369128581,0.0067573179003341489,-4.0406453528000128,official,5217,399
behavior,61,5,66,3.2364468482578628e-05,8.7750857764634652e-06,-0.22048969563407184,0.021959083900515357,-1.4879255074603976,official,3881,1735
behavioral,76,28,104,4.0322944338950426e-05,4.9140480348195404e-05,0.050870541414200332,0.013131874251027742,0.44391825248234107,short,2206,3410
beings,25,2,27,1.3264126427286324e-05,3.5100343105853862e-06,-0.22292697821005802,0.053714088953114164,-0.96187474524804439,official,3249,2359
belarus,18,11,29,9.5501710276461537e-06,1.9305188708219622e-05,0.1997575522043018,0.046277156847273224,0.92858117074712854,short,1818,3797
bend,12,16,28,6.3667806850974358e-06,2.8080274484683089e-05,0.45633881536820908,0.047727833829930663,2.0888225566524024,short,1067,4546
beneficial,55,2,57,2.9181078140029912e-05,3.5100343105853862e-06,-0.27994442463065994,0.025878285079066018,-1.7402196814494049,official,4186,1428
beneficiaries,858,40,898,0.00045522481898446667,7.0200686211707722e-05,-0.26611507495249853,0.0016361354546250925,-6.5789994391463473,official,5457,159
beneficiary,174,109,283,9.231831993391281e-05,0.00019129686992690352,0.20762605532537215,0.0047397653784604539,3.0158062070956744,short,672,4944
benefit,1450,307,1757,0.00076931933278260678,0.00053879026667485671,-0.079723401768699631,0.00079687551434634899,-2.8241683418545871,official,4902,714
benefits,4155,1077,5232,0.0022044978122149872,0.0018901534762502303,-0.036402596806313525,0.00026559631921446893,-2.2336819741360223,official,4603,1013
benjamin,16,15,31,8.4890409134632483e-06,2.6325257329390394e-05,0.33952147848994585,0.043016287282711813,1.6370079610564365,short,1355,4260
best,171,33,204,9.0726624762638459e-05,5.7915566124658867e-05,-0.097850635425148269,0.006886637090919594,-1.1791255542173436,official,3444,2171
better,391,142,533,0.00020745093732275812,0.00024921243605156238,0.047034178623652778,0.0025642937823491937,0.92881597103324931,short,1817,3799
beverage,102,84,186,5.4117635823328202e-05,0.0001474214410445862,0.296507691106358,0.0071764870664658637,3.5000964310699234,short,528,5088
beverages,41,3,44,2.1753167340749571e-05,5.2650514658780786e-06,-0.23148439760012529,0.033041862732409583,-1.2734721829494977,official,3546,2070
bicentennial,79,73,152,4.1914639510224784e-05,0.0001281162523363666,0.3347271599518713,0.0087740099060407313,3.5734844160918331,short,508,5108
bicycle,29,24,53,1.5386386655652135e-05,4.2120411727024629e-05,0.29811604274364534,0.025182696046728924,1.8785996447495774,short,1180,4434
bidding,18,10,28,9.5501710276461537e-06,1.755017155292693e-05,0.16997003218623874,0.048055481010787417,0.77535553642771293,short,1934,3681
biennial,87,59,146,4.6159159966956405e-05,0.00010354601216226889,0.23300891950888669,0.0091704554045613593,2.4331960029726241,short,900,4716
big,70,78,148,3.7139553996401709e-05,0.00013689133811283007,0.39708773141193987,0.009012495856375544,4.1827694762994971,short,400,5216
bilateral,66,8,74,3.5017293768035899e-05,1.4040137242341545e-05,-0.17390502027729937,0.019338540206200086,-1.2505477394520568,official,3531,2085
bilingual,72,61,133,3.8200684110584615e-05,0.00010705604647285428,0.30588838939226193,0.010033249083566963,3.0538112855814381,short,662,4953
bill,65417,474,65891,0.034707974339751577,0.00083187813160873648,-0.32989189794623153,2.3259570682434386e-05,-68.402315337504419,official,5615,1
billing,38,23,61,2.0161472169475213e-05,4.036539457173194e-05,0.19672521374466356,0.02200633311593661,1.3261302583983798,short,1543,4072
billion,25,0,25,1.3264126427286324e-05,0,-0.33212713187227472,0.060000561101111738,-1.3558969980891018,official,3642,1946
bills,114,16,130,6.0484416508425642e-05,2.8080274484683089e-05,-0.15254625403130539,0.010948236848875345,-1.4579057719808612,official,3818,1797
biodiesel,28,20,48,1.4855821598560682e-05,3.5100343105853861e-05,0.24980263986646811,0.027864338196977059,1.4964859966428248,short,1418,4197
biodiversity,21,6,27,1.1141866198920512e-05,1.0530102931756157e-05,-0.01367029464944558,0.051136924738243793,-0.06045198584248216,official,2532,3079
biofuel,36,6,42,1.9100342055292307e-05,1.0530102931756157e-05,-0.12448661477829326,0.033654407258959518,-0.67858098245232412,official,3025,2588
biofuels,33,24,57,1.7508646884017949e-05,4.2120411727024629e-05,0.25566883149317299,0.023457351232815414,1.6693150205706051,short,1329,4285
biological,207,68,275,0.00010982696681793077,0.00011934116655990313,0.02081197402989865,0.0049907018505511982,0.2945998101021256,short,2305,3311
biomass,52,23,75,2.7589382968755554e-05,4.036539457173194e-05,0.10180683371487831,0.018078658493866903,0.75717075289523539,short,1949,3667
biomedical,93,53,146,4.9342550309505128e-05,9.3015909230512728e-05,0.17787529994710205,0.009209787176724691,1.8534925647233309,short,1193,4422
biotechnology,34,25,59,1.8039211941109402e-05,4.3875428882317324e-05,0.25924695344864723,0.022658011186650871,1.7222760726004585,short,1293,4323
bioterrorism,30,15,45,1.5916951712743588e-05,2.6325257329390394e-05,0.13788230888281916,0.030000561106266015,0.79605643699705553,short,1920,3695
bipartisan,101,76,177,5.358707076623675e-05,0.00013338130380224466,0.2668112704320329,0.0075502526102686623,3.0706013016481242,short,657,4959
bird,67,49,116,3.5547858825127351e-05,8.599584060934196e-05,0.25749501129057073,0.011525648058405105,2.3984802264953973,short,913,4703
birds,71,5,76,3.7670119053493162e-05,8.7750857764634652e-06,-0.23496722088858668,0.019148961213166921,-1.697988210399674,official,4150,1466
birth,133,42,175,7.0565152593163243e-05,7.3710720522293099e-05,0.010821647816239732,0.0078556093134357508,0.12209656834606593,short,2413,3203
black,183,159,342,9.7093405447735891e-05,0.0002790477276915382,0.31427581848868158,0.0039013310671834841,5.0315820956003785,short,271,5345
blackstone,22,18,40,1.1672431256011964e-05,3.1590308795268477e-05,0.29433682027145203,0.033370972673766278,1.6112397263176164,short,1367,4249
blind,76,38,114,4.0322944338950426e-05,6.6690651901122331e-05,0.13788622707024523,0.01184266638559037,1.2670569655684094,short,1595,4021
bloc,25,2,27,1.3264126427286324e-05,3.5100343105853862e-06,-0.22292697821005802,0.053714088953114164,-0.96187474524804439,official,3250,2360
block,405,96,501,0.00021487884812203845,0.00016848164690809852,-0.0561102802008282,0.0027793558445579777,-1.0643154354846185,official,3348,2268
blood,111,25,136,5.8892721337151277e-05,4.3875428882317324e-05,-0.066964353517663611,0.010260324246618924,-0.66109388141360703,official,3012,2604
blue,36,47,83,1.9100342055292307e-05,8.2485806298756569e-05,0.44944982359295338,0.016096230153101718,3.5425756053892363,short,520,5095
board,1126,248,1374,0.00059741625428497602,0.00043524425451258787,-0.071647305542066775,0.0010170842173345164,-2.24657749909455,official,4613,1003
boards,122,2,124,6.4728936965157256e-05,3.5100343105853862e-06,-0.30804135358901696,0.012002109709478409,-2.8117728099586077,official,4893,723
boating,31,40,71,1.644751676983504e-05,7.0200686211707722e-05,0.44559388946003153,0.018813491690912423,3.2486619639664274,short,596,5019
bodies,39,0,39,2.0692037226566665e-05,0,-0.33212895542275866,0.038462099565667845,-1.6935196716434358,official,4133,1472
body,68,10,78,3.6078423882218804e-05,1.755017155292693e-05,-0.14525105096196711,0.018213512545227607,-1.0762729587248778,official,3361,2256
bona,27,0,27,1.432525654146923e-05,0,-0.33212739237824884,0.055556116657098385,-1.4090900724452342,official,3749,1842
bond,134,198,332,7.1095717650254702e-05,0.00034749339674795322,0.48978254083962725,0.0040332763780385212,7.7121294103816318,short,123,5493
bonding,22,8,30,1.1672431256011964e-05,1.4040137242341545e-05,0.04736632738623392,0.045547119807092688,0.2219418760337466,short,2351,3261
bonds,512,44,556,0.00027164930923082394,7.722075483287849e-05,-0.21563780089594964,0.0026035574727461212,-4.2261149890427356,official,5252,364
bone,91,35,126,4.8281420195322223e-05,6.1425600435244251e-05,0.062533543399796443,0.010820036179949716,0.60117191269702486,short,2051,3565
bonneville,24,20,44,1.2733561370194872e-05,3.5100343105853861e-05,0.30040417416321219,0.030331443459272758,1.7248821330272273,short,1291,4324
bonus,71,67,138,3.7670119053493162e-05,0.00011758614940461042,0.34171865215970776,0.0096632989049397506,3.4762097876661238,short,538,5077
bonuses,54,22,76,2.8650513082938459e-05,3.8610377416439245e-05,0.078458778351384595,0.017896950438302427,0.58647840302918941,short,2069,3546
book,5,26,31,2.6528252854572648e-06,4.563044603761002e-05,0.82056618522848268,0.045322198530767396,3.8544119728961794,short,456,5160
books,31,5,36,1.644751676983504e-05,8.7750857764634652e-06,-0.13009913126883532,0.03931617814053124,-0.65612826892795695,official,3003,2613
border,481,317,798,0.0002552017924609889,0.00055634043822778371,0.22387313942287079,0.0016792831009311792,5.4631110765018347,short,219,5397
borders,97,23,120,5.1464810537870939e-05,4.036539457173194e-05,-0.056032143270732249,0.011601863046765016,-0.52020361705341966,official,2900,2715
born,125,3,128,6.6320632136431621e-05,5.2650514658780786e-06,-0.29718385006251502,0.011586718079702457,-2.7608638146538889,official,4871,745
borrow,25,0,25,1.3264126427286324e-05,0,-0.33212713187227472,0.060000561101111738,-1.3558969980891018,official,3643,1947
borrower,22,19,41,1.1672431256011964e-05,3.3345325950561165e-05,0.31223846145569034,0.032540243645311252,1.7309160226942224,short,1280,4331
borrowers,147,14,161,7.7993063392443581e-05,2.4570240174097702e-05,-0.20430361987670054,0.00896160009225354,-2.1581582247339623,official,4557,1059
borrowing,57,14,71,3.0242208254212821e-05,2.4570240174097702e-05,-0.048357094923503041,0.019577766994167054,-0.34560389214734949,official,2751,2865
bosnia,16,11,27,8.4890409134632483e-06,1.9305188708219622e-05,0.2374120043348924,0.049572164529333856,1.0663106168028817,short,1734,3877
boundaries,246,1,247,0.00013051900404449743,1.7550171552926931e-06,-0.32608873672222494,0.0060612167794621818,-4.1884746364099925,official,5248,368
boundary,289,275,564,0.0001533333014994299,0.00048262971770549057,0.34455532326703953,0.0023647892885689231,7.0853733457331787,short,137,5479
bovine,35,14,49,1.8569776998200855e-05,2.4570240174097702e-05,0.073342705630471627,0.027778338884849763,0.44005178931419564,short,2209,3408
box,17,16,33,9.019605970554701e-06,2.8080274484683089e-05,0.34082527699635179,0.040408724369041783,1.6954860698789103,short,1309,4306
boxing,76,49,125,4.0322944338950426e-05,8.599584060934196e-05,0.21678490911734727,0.010722811940313227,2.0935083723981389,short,1062,4554
boy,20,13,33,1.0611301141829059e-05,2.281522301880501e-05,0.21937578393989021,0.040607616066651482,1.0886416318950287,short,1714,3899
brain,93,54,147,4.9342550309505128e-05,9.4770926385805417e-05,0.18370044274763586,0.009142352175221859,1.9212382728242057,short,1163,4453
branch,506,94,600,0.00026846591888827522,0.00016497161259751314,-0.10503532993843834,0.002345642552573678,-2.1687250117348773,official,4564,1052
branches,62,0,62,3.2895033539670081e-05,0,-0.33213195129956929,0.02419410949618379,-2.135284935436212,official,4536,1074
branching,15,10,25,7.9584758563717939e-06,1.755017155292693e-05,0.22749426707707698,0.053571989673102532,0.98288242290898531,short,1790,3825
brand,46,0,46,2.4405992626206838e-05,0,-0.33212986720558035,0.032609256757812136,-1.8392360963251253,official,4293,1314
brazil,25,1,26,1.3264126427286324e-05,1.7550171552926931e-06,-0.27496828718390454,0.056645441275675446,-1.155314239670745,official,3426,2190
breach,43,23,66,2.2814297454932476e-05,4.036539457173194e-05,0.15831610127945517,0.020410828094027649,1.1081403627132729,short,1697,3919
breaches,43,0,43,2.2814297454932476e-05,0,-0.33212947644089397,0.034884282035224132,-1.7782488084112784,official,4223,1380
breakfast,67,7,74,3.5547858825127351e-05,1.2285120087048851e-05,-0.19329314175007184,0.019438438705973168,-1.386391079496704,official,3714,1899
breakthrough,9,20,29,4.7750855138230768e-06,3.5100343105853861e-05,0.61526488811027313,0.046724513842088707,2.846359398438985,short,731,4884
breast,246,159,405,0.00013051900404449743,0.0002790477276915382,0.21760438324881548,0.0033097091476548741,3.7824458911558829,short,472,5144
breastfeeding,27,16,43,1.432525654146923e-05,2.8080274484683089e-05,0.1900688836624731,0.031235427933978308,1.0754427442426182,short,1725,3887
bribery,15,11,26,7.9584758563717939e-06,1.9305188708219622e-05,0.25837193649265267,0.051417832031411786,1.1394321247672381,short,1675,3937
bridge,59,83,142,3.1303338368395723e-05,0.00014566642388929351,0.47384687621903687,0.0094201299535524984,4.8821326462192207,short,285,5331
bridges,69,15,84,3.6608988939310257e-05,2.6325257329390394e-05,-0.074297290956039319,0.016637518928100944,-0.57600824162111519,official,2934,2682
bring,146,34,180,7.7462498335352135e-05,5.9670583279951563e-05,-0.059902429486553999,0.0077409429952733245,-0.68084382346766015,official,3030,2586
bringing,27,22,49,1.432525654146923e-05,3.8610377416439245e-05,0.2929758036956116,0.027242962886617404,1.775025452638771,short,1255,4360
broadband,134,98,232,7.1095717650254702e-05,0.00017199168121868392,0.25750739774255216,0.0057631046187053264,3.39204385363827,short,566,5050
broadcast,163,124,287,8.6482104305906837e-05,0.00021762212725629393,0.27040113459832327,0.0046558734111164365,3.962852680581725,short,431,5185
broadcasters,44,8,52,2.3344862512023929e-05,1.4040137242341545e-05,-0.1089826085662704,0.027083894440714625,-0.66221900830659208,official,3013,2601
broadcasting,318,122,440,0.00016871968815508205,0.00021411209294570856,0.061852914781118429,0.003099181841763758,1.1110577700258935,short,1696,3920
broaden,81,0,81,4.2975769624407689e-05,0,-0.33213442619546285,0.018519079631701039,-2.440642634980557,official,4741,876
broker,20,15,35,1.0611301141829059e-05,2.6325257329390394e-05,0.26571698290468149,0.038182379285928721,1.3598400218665745,short,1528,4088
brokerage,25,4,29,1.3264126427286324e-05,7.0200686211707723e-06,-0.13145471301413991,0.048822109923747629,-0.59493276718791555,official,2939,2668
brokers,63,10,73,3.3425598596761534e-05,1.755017155292693e-05,-0.13279487039161353,0.019401695059575251,-0.95336995714118877,official,3242,2374
brought,117,0,117,6.20761116797e-05,0,-0.33213911557397502,0.012821073941455416,-2.9333090521008662,official,4945,671
brown,14,28,42,7.4279107992803412e-06,4.9140480348195404e-05,0.58417709664371742,0.032143418249207419,3.2583557280062543,short,594,5022
brownfield,23,28,51,1.2202996313103419e-05,4.9140480348195404e-05,0.42641513235076722,0.026172302469905005,2.6357950793835716,short,811,4805
brownfields,34,48,82,1.8039211941109402e-05,8.4240823454049258e-05,0.47498381696286884,0.016313558463576988,3.7188140347583793,short,491,5125
budget,1995,422,2417,0.0010584772888974487,0.00074061723953351645,-0.079931027888230588,0.00057945292242718839,-3.3205216723199205,official,5042,574
budgetary,83,18,101,4.4036899738590594e-05,3.1590308795268477e-05,-0.074792015202767459,0.013838705071739147,-0.63578094590309076,official,2985,2631
budgeting,64,124,188,3.3956163653852993e-05,0.00021762212725629393,0.57464249772286102,0.0071739433166026732,6.7845144328385789,short,152,5464
budgets,37,1,38,1.963090711238376e-05,1.7550171552926931e-06,-0.29290755091125931,0.038974920078329041,-1.4836721715173897,official,3855,1756
buffalo,21,26,47,1.1141866198920512e-05,4.563044603761002e-05,0.43198350784275164,0.028405073597243053,2.5631215809711527,short,843,4773
build,81,32,113,4.2975769624407689e-05,5.6160548969366179e-05,0.069902125263229919,0.012051752021275217,0.63674462335985205,short,2032,3584
building,225,152,377,0.00011937713784557692,0.00026676260760448932,0.23179047938632102,0.0035520499218904037,3.8891622643400332,short,449,5167
buildings,499,114,613,0.00026475196348863504,0.00020007195570336699,-0.063981574769009342,0.0022753576282645007,-1.3413128706617468,official,3627,1989
built,28,1,29,1.4855821598560682e-05,1.7550171552926931e-06,-0.28083379739508274,0.050877754084486283,-1.2450460263550298,official,3516,2090
bulk,63,17,80,3.3425598596761534e-05,2.9835291639975781e-05,-0.027111228204873328,0.017302846457445228,-0.20610589599396728,official,2648,2966
bulletproof,21,21,42,1.1141866198920512e-05,3.685536026114655e-05,0.36102961758643382,0.031746592851988456,2.0262557964376957,short,1103,4513
bullion,22,17,39,1.1672431256011964e-05,2.9835291639975781e-05,0.27550559047734957,0.034251146585178853,1.4886508805066134,short,1429,4182
bullying,26,10,36,1.3794691484377777e-05,1.755017155292693e-05,0.062531238381346554,0.037868723796892087,0.32133401091175451,short,2286,3328
burden,176,39,215,9.3379450048095716e-05,6.8445669056415033e-05,-0.070356109604883699,0.006495113775310226,-0.87298832423786854,official,3177,2439
burdens,94,11,105,4.9873115366596581e-05,1.9305188708219622e-05,-0.17869883318582325,0.013646376402287459,-1.5297238708032732,official,3938,1678
burdensome,22,5,27,1.1672431256011964e-05,8.7750857764634652e-06,-0.065061801620785786,0.051658724367130059,-0.28625576791306351,official,2703,2912
bureau,849,140,989,0.00045044973347064355,0.00024570240174097701,-0.12637271797546834,0.001430370550325082,-3.3414044470019681,official,5046,570
burial,82,54,136,4.3506334681499142e-05,9.4770926385805417e-05,0.22356490018776576,0.0098508749861141096,2.2525073474527786,short,975,4641
burma,25,10,35,1.3264126427286324e-05,1.755017155292693e-05,0.073342284737375252,0.03888944999271831,0.37191058095912383,short,2249,3364
burn,21,30,51,1.1141866198920512e-05,5.2650514658780788e-05,0.47881653096099441,0.026235129009637238,2.9561572605236779,short,689,4927
burt,13,18,31,6.8973457421888885e-06,3.1590308795268477e-05,0.4686600312132736,0.043135997095995866,2.256513813639113,short,969,4647
bus,33,51,84,1.7508646884017949e-05,8.9505874919927337e-05,0.50414182410712627,0.015954977071112635,3.9912105254185288,short,428,5188
buses,40,5,45,2.1222602283658118e-05,8.7750857764634652e-06,-0.16960800192499015,0.03176526698805672,-0.95163429112046027,official,3238,2377
business,3183,1885,5068,0.0016887885767220949,0.0033082073377267264,0.1902605145711771,0.00026558253755811959,11.674785469648345,short,58,5558
businesses,1142,109,1251,0.00060590529519843927,0.00019129686992690352,-0.20414163887636505,0.0011537409886498485,-6.0100410180575619,official,5424,192
buy,71,52,123,3.7670119053493162e-05,9.126089207522004e-05,0.25796427670236532,0.01086948601470317,2.4743154349439109,short,882,4734
buyback,12,19,31,6.3667806850974358e-06,3.3345325950561165e-05,0.51185281785893721,0.043256375056961609,2.4610477348950135,short,887,4728
buyers,32,4,36,1.6978081826926497e-05,7.0200686211707723e-06,-0.16960739074808373,0.039706443456648817,-0.85116602224459548,official,3156,2459
byrne,23,5,28,1.2202996313103419e-05,8.7750857764634652e-06,-0.074295607819795606,0.04991143454232469,-0.33255471817857624,official,2733,2877
c,191,50,241,0.00010133792590446751,8.7750857764634649e-05,-0.034082351959373369,0.0057518020821381612,-0.44939433155737274,official,2823,2793
cabin,13,20,33,6.8973457421888885e-06,3.5100343105853861e-05,0.50268074579228994,0.040607616067045049,2.4945286922316927,short,872,4744
cable,97,64,161,5.1464810537870939e-05,0.00011232109793873236,0.22417906308717583,0.0083209745707185055,2.457581631708925,short,892,4724
cache,15,15,30,7.9584758563717939e-06,2.6325257329390394e-05,0.36102781396112782,0.044445005547477247,1.7124944762514205,short,1302,4312
cadet,19,20,39,1.0080736084737606e-05,3.5100343105853861e-05,0.37812388059031932,0.034191092957971556,2.0449260831977649,short,1094,4520
cafeteria,29,3,32,1.5386386655652135e-05,5.2650514658780786e-06,-0.19450498246082759,0.044965432297168616,-0.91725765361219713,official,3207,2403
calculating,36,0,36,1.9100342055292307e-05,0,-0.33212856466023766,0.041667227770149411,-1.6270800693544627,official,4057,1552
calculation,90,6,96,4.775085513823077e-05,1.0530102931756157e-05,-0.23975969325641522,0.015180826771402155,-1.9459355940572036,official,4396,1220
calendar,54,0,54,2.8650513082938459e-05,0,-0.33213090924927258,0.027778338885140391,-1.9927653288019109,official,4429,1184
caliber,37,3,40,1.963090711238376e-05,5.2650514658780786e-06,-0.22158552796402553,0.036243388045014958,-1.1639303645791859,official,3433,2182
california,649,169,818,0.00034433672205235296,0.00029659789924446514,-0.035293157200327663,0.0016953957658858872,-0.85714631707596134,official,3163,2452
called,109,1,110,5.7831591222968371e-05,1.7550171552926931e-06,-0.31853199056466863,0.013575780174161006,-2.7338246625230083,official,4857,758
caller,22,10,32,1.1672431256011964e-05,1.755017155292693e-05,0.10971031966306555,0.042328603431225111,0.53324956587369854,short,2112,3499
calling,63,12,75,3.3425598596761534e-05,2.1060205863512314e-05,-0.10032529724132644,0.018741190797721297,-0.73284455274919069,official,3068,2548
calls,83,11,94,4.4036899738590594e-05,1.9305188708219622e-05,-0.16117214914386047,0.015174088154537023,-1.3083944572023027,official,3586,2028
cameras,17,8,25,9.019605970554701e-06,1.4040137242341545e-05,0.11986248068147631,0.054113115214115624,0.51526660166988847,short,2136,3475
camino,15,15,30,7.9584758563717939e-06,2.6325257329390394e-05,0.36102781396112782,0.044445005547477247,1.7124944762514205,short,1303,4313
camp,96,88,184,5.0934245480779486e-05,0.00015444150966575698,0.33206118043411159,0.0072484602999975892,3.9002749627325373,short,448,5168
campaign,862,437,1299,0.00045734707921283246,0.00076694249686290689,0.14211188813341913,0.0010393469942456364,4.4080866960569791,short,351,5265
campaigns,299,22,321,0.00015863895207034445,3.8610377416439245e-05,-0.23099519591465167,0.0045289162870077223,-3.4324624999067255,official,5085,531
campus,88,105,193,4.6689725024047858e-05,0.00018427680130573277,0.41979590164885039,0.0069149847024264294,5.0482700930912232,short,269,5347
campuses,24,15,39,1.2733561370194872e-05,2.6325257329390394e-05,0.20687596187819501,0.034392095496507111,1.1155286055267164,short,1693,3924
canada,89,3,92,4.7220290081139317e-05,5.2650514658780786e-06,-0.28360713480536681,0.016051738783649024,-2.2384949064567525,official,4612,1004
canadian,27,9,36,1.432525654146923e-05,1.5795154397634238e-05,0.024551429212115394,0.038095799199226843,0.12578771682629131,short,2408,3206
canal,139,97,236,7.3748542935711959e-05,0.00017023666406339123,0.24226345852811271,0.0056702308217195917,3.2172702545830085,short,608,5008
cancel,28,2,30,1.4855821598560682e-05,3.5100343105853862e-06,-0.23368658812023924,0.04849194041264674,-1.0612043130292073,official,3340,2274
cancellation,91,20,111,4.8281420195322223e-05,3.5100343105853861e-05,-0.072050305237487677,0.012584643956538214,-0.64226663054715127,official,2991,2624
cancer,635,480,1115,0.00033690881125307266,0.00084240823454049261,0.26840540790745759,0.0011989491822440039,7.751591431162888,short,120,5496
cancers,34,0,34,1.8039211941109402e-05,0,-0.33212830415240902,0.044118208161875186,-1.5812369534791584,official,3991,1613
candidate,96,12,108,5.0934245480779486e-05,2.1060205863512314e-05,-0.16961228028696596,0.013235855237324302,-1.4742844627953244,official,3852,1764
candidates,257,1,258,0.00013635521967250342,1.7550171552926931e-06,-0.32634858084611906,0.0058033125852139482,-4.2839436207117307,official,5263,353
canyon,112,106,218,5.9423286394242729e-05,0.00018603181846102546,0.3427052507361239,0.0061172839320650253,4.3816878888623361,short,359,5257
canyons,20,9,29,1.0611301141829059e-05,1.5795154397634238e-05,0.10679043921111031,0.046724513841470257,0.49403757013922672,short,2159,3452
cap,85,31,116,4.50980298527735e-05,5.4405531814073483e-05,0.048153268737502586,0.011778406589014837,0.4436929235324481,short,2207,3409
capabilities,151,7,158,8.0115323620809392e-05,1.2285120087048851e-05,-0.26638915094519966,0.0092974131454729107,-2.7627110749116359,official,4872,744
capability,153,5,158,8.117645373499231e-05,8.7750857764634652e-06,-0.28503718158074243,0.0093509645388165051,-2.9476323219035123,official,4953,663
capable,49,1,50,2.5997687797481196e-05,1.7550171552926931e-06,-0.30227686397039122,0.02970941434482164,-1.7537103396447642,official,4192,1424
capacity,350,65,415,0.00018569776998200854,0.00011407611509402505,-0.10508401054798,0.0033910840646593872,-1.8045435240434549,official,4267,1349
cape,18,17,35,9.5501710276461537e-06,2.9835291639975781e-05,0.34198008994664519,0.038099254863294095,1.7520342073606712,short,1267,4349
capital,1015,481,1496,0.00053852353294782471,0.0008441632516957853,0.12199784783603906,0.00090462604979275874,4.0561837846522089,short,416,5200
capitol,124,44,168,6.5790067079340162e-05,7.722075483287849e-05,0.040858583734348031,0.0081421998007324345,0.45280626920550365,short,2194,3422
caps,58,1,59,3.077277331130427e-05,1.7550171552926931e-06,-0.30681319143717545,0.025214236322171804,-1.9321957329865929,official,4380,1235
captive,34,45,79,1.8039211941109402e-05,7.8975771988171179e-05,0.45393201190502808,0.016914634766437689,3.4902738108489753,short,531,5085
capture,38,28,66,2.0161472169475213e-05,4.9140480348195404e-05,0.25993430246200511,0.020254243599248534,1.8264407191206884,short,1214,4401
car,35,45,80,1.8569776998200855e-05,7.8975771988171179e-05,0.44441974370258031,0.016696213289410133,3.4394131908330987,short,548,5068
carbon,184,74,258,9.7623970504827351e-05,0.00012987126949165928,0.074856309158494838,0.0052750527871844935,1.0306590122215906,short,1755,3861
card,215,201,416,0.00011407148727466239,0.00035275844821383128,0.33864507269366229,0.0032060927935396006,5.9807647085748528,short,188,5428
cardiac,18,16,34,9.5501710276461537e-06,2.8080274484683089e-05,0.32180714091027873,0.039231330334720441,1.6247223667298465,short,1359,4255
cards,143,10,153,7.587080316407777e-05,1.755017155292693e-05,-0.2356002667536341,0.0095139088327968867,-2.4154401729979273,official,4727,889
care,6544,3216,9760,0.0034720177336064681,0.0056441351714213005,0.1332497210873278,0.00013896338280830372,11.303582797543234,short,65,5551
care-related,28,0,28,1.4855821598560682e-05,0,-0.33212752263139222,0.053571989673186944,-1.4349473872580845,official,3794,1813
career,214,130,344,0.00011354092221757093,0.00022815223018805009,0.19789980464425838,0.0039023805138805176,3.1679663385047609,short,620,4996
careers,74,33,107,3.926181422476752e-05,5.7915566124658867e-05,0.10417327589858161,0.012668280141952603,0.92554490015979951,short,1824,3792
caregiver,24,64,88,1.2733561370194872e-05,0.00011232109793873236,0.66642940355792923,0.015508079915282354,5.3514951379064177,short,228,5388
caregivers,105,27,132,5.5709330994602561e-05,4.7385463192902708e-05,-0.038134677502837278,0.010509278584495152,-0.37199202189128544,official,2771,2845
cargo,88,53,141,4.6689725024047858e-05,9.3015909230512728e-05,0.19517083393159851,0.0095220125314280802,2.0000946282775418,short,1117,4499
caribbean,95,63,158,5.0403680423688034e-05,0.00011056608078343966,0.22581128822012175,0.0084780171811115902,2.4524406278876536,short,893,4723
caring,7,35,42,3.7139553996401706e-06,6.1425600435244251e-05,0.81302259681839395,0.033395737359062962,4.4489456259098432,short,344,5272
carl,40,18,58,2.1222602283658118e-05,3.1590308795268477e-05,0.10679171185926428,0.023362537478731998,0.69867876307783316,short,1982,3633
carolina,152,28,180,8.0645888677900851e-05,4.9140480348195404e-05,-0.10658131917446667,0.0078203016365609793,-1.2052283505089922,official,3469,2147
carp,19,26,45,1.0080736084737606e-05,4.563044603761002e-05,0.46482882605100073,0.029710068149138,2.6967533612057677,short,794,4821
carriage,44,9,53,2.3344862512023929e-05,1.5795154397634238e-05,-0.086555141925197532,0.026438871716233044,-0.53231832138760315,official,2906,2708
carried,215,3,218,0.00011407148727466239,5.2650514658780786e-06,-0.31157843509571315,0.0068349168428827123,-3.7687798928629541,official,5169,447
carrier,380,63,443,0.00020161472169475213,0.00011056608078343966,-0.12541858225754687,0.003191912608422959,-2.2199152315130082,official,4595,1021
carriers,716,15,731,0.00037988458087748032,2.6325257329390394e-05,-0.30158564317224013,0.0020321288313544256,-6.6901375121805495,official,5461,155
carry,1075,12,1087,0.0005703574363733119,2.1060205863512314e-05,-0.31574464587170947,0.0013730141282635182,-8.5211555223676552,official,5515,101
carrying,345,0,345,0.00018304494469655128,0,-0.33216881807475218,0.0043483872570513503,-5.0372644805546081,official,5350,266
carryover,27,4,31,1.432525654146923e-05,7.0200686211707723e-06,-0.1440734374784256,0.045813368984403302,-0.67311272889117468,official,3017,2596
cars,33,16,49,1.7508646884017949e-05,2.8080274484683089e-05,0.1286939229278925,0.027580298443019333,0.77492301383376883,short,1937,3677
carson,22,19,41,1.1672431256011964e-05,3.3345325950561165e-05,0.31223846145569034,0.032540243645311252,1.7309160226942224,short,1281,4332
cartels,14,12,26,7.4279107992803412e-06,2.1060205863512314e-05,0.30973335726715945,0.051316350575686162,1.367288302310427,short,1514,4099
case,405,15,420,0.00021487884812203845,2.6325257329390394e-05,-0.27906034669184088,0.0035115329739425884,-4.7092283950709222,official,5311,305
cases,613,10,623,0.00032523637999706069,1.755017155292693e-05,-0.3082174645466651,0.0023894015502372015,-6.305400443585385,official,5441,175
cash,140,33,173,7.4279107992803419e-05,5.7915566124658867e-05,-0.057307734198934313,0.0080498182458223003,-0.63873424438478732,official,2987,2629
cast,25,0,25,1.3264126427286324e-05,0,-0.33212713187227472,0.060000561101111738,-1.3558969980891018,official,3644,1948
casualty,35,8,43,1.8569776998200855e-05,1.4040137242341545e-05,-0.063861001004482887,0.032428917063209078,-0.35462512240126687,official,2758,2856
cat,28,17,45,1.4855821598560682e-05,2.9835291639975781e-05,0.19770192630637418,0.029828223501429274,1.1447145594727126,short,1670,3946
catastrophe,28,13,41,1.4855821598560682e-05,2.281522301880501e-05,0.11590280095937722,0.033011833246998294,0.63790955907673674,short,2028,3587
catastrophes,43,5,48,2.2814297454932476e-05,8.7750857764634652e-06,-0.17954773458961704,0.029857496623663306,-1.0390901642682941,official,3317,2298
catastrophic,314,127,441,0.00016659742792671624,0.000222887178722172,0.076440795721470778,0.0030856278894752622,1.3761108644339282,short,1508,4108
categories,56,0,56,2.9711643197121365e-05,0,-0.3321311697612277,0.026786275393507999,-2.0293337129587536,official,4455,1161
category,52,3,55,2.7589382968755554e-05,5.2650514658780786e-06,-0.25136799953775402,0.026587734810615021,-1.5415915449061206,official,3957,1659
cats,31,13,44,1.644751676983504e-05,2.281522301880501e-05,0.0865880225349418,0.030877754088394157,0.49275945864574489,short,2166,3449
cattle,74,11,85,3.926181422476752e-05,1.9305188708219622e-05,-0.14353760516547887,0.016706535957430494,-1.1105100446862997,official,3386,2229
cause,110,0,110,5.8362156280059824e-05,0,-0.33213820373990899,0.01363692475579731,-2.8442031330875532,official,4914,701
caused,333,2,335,0.00017667816401145385,3.5100343105853862e-06,-0.32322445550942547,0.0044649262065203565,-4.8372336990268519,official,5325,291
causes,117,2,119,6.20761116797e-05,3.5100343105853862e-06,-0.30703233272498665,0.01250231206699674,-2.7459267301328185,official,4866,749
cave,14,19,33,7.4279107992803412e-06,3.3345325950561165e-05,0.46212578449670083,0.040507926079354425,2.2960968165056959,short,947,4668
cease,29,4,33,1.5386386655652135e-05,7.0200686211707723e-06,-0.15519522132777652,0.043156620388152531,-0.74705853324460703,official,3075,2540
ceiling,97,10,107,5.1464810537870939e-05,1.755017155292693e-05,-0.19493108025126205,0.013449530450671508,-1.6808444646201248,official,4121,1494
celebration,26,3,29,1.3794691484377777e-05,5.2650514658780786e-06,-0.18057607145125942,0.04943237928396077,-0.81218402534031875,official,3116,2497
cell,155,126,281,8.2237583849175216e-05,0.00022113216156687931,0.29222834880381932,0.004751141602036075,4.2395850987720145,short,387,5229
cells,51,5,56,2.7058817911664101e-05,8.7750857764634652e-06,-0.2009361539502077,0.025739798123549013,-1.2524359268436334,official,3532,2083
cellulosic,29,3,32,1.5386386655652135e-05,5.2650514658780786e-06,-0.19450498246082759,0.044965432297168616,-0.91725765361219713,official,3208,2404
cemeteries,47,20,67,2.493655768329829e-05,3.5100343105853861e-05,0.090735470450221456,0.020266743809413866,0.63736044371286793,short,2030,3585
cemetery,72,34,106,3.8200684110584615e-05,5.9670583279951563e-05,0.12088744824695041,0.012761395791430118,1.0701191136583195,short,1731,3885
census,175,62,237,9.284888499100427e-05,0.00010881106362814697,0.040447448010610287,0.0057722272216678989,0.53237716124688483,short,2118,3498
centennial,79,78,157,4.1914639510224784e-05,0.00013689133811283007,0.35680033180434201,0.0084931684184803517,3.8715991112007484,short,454,5162
center,889,436,1325,0.00047167233575430171,0.00076518747970761409,0.13217639566552375,0.0010200917603031398,4.1384173396281732,short,406,5210
centers,949,203,1152,0.00050350623917978885,0.00035626848252441666,-0.077624825330742553,0.0012145325623822601,-2.2273889173565951,official,4599,1017
central,375,129,504,0.00019896189640929485,0.0002263972130327574,0.032715566017493813,0.0027179964703545815,0.62752350004485924,short,2036,3580
cents,29,9,38,1.5386386655652135e-05,1.5795154397634238e-05,0.0064783876480571934,0.036202529983429051,0.034048459743501416,short,2476,3141
centum,53,0,53,2.8119948025847007e-05,0,-0.33213077899345222,0.028302447899599896,-1.9742271689845747,official,4417,1195
century,186,312,498,9.8685100619010256e-05,0.00054756535245132026,0.53020985568119094,0.0026971174259609165,10.209344735907639,short,75,5541
certain,18416,28,18444,0.0097708860913961974,4.9140480348195404e-05,-0.3322517553196489,8.183077138535622e-05,-36.728987929397832,official,5609,7
certainty,59,52,111,3.1303338368395723e-05,9.126089207522004e-05,0.31898978861261185,0.01201788338890283,2.9097976443712268,short,707,4909
certificate,42,9,51,2.2283732397841024e-05,1.5795154397634238e-05,-0.07723321889060486,0.027419915945931649,-0.46641346100886655,official,2848,2768
certificates,129,3,132,6.8442892364797432e-05,5.2650514658780786e-06,-0.2982378344726655,0.011239386156273172,-2.8131406146334172,official,4894,722
certification,272,47,319,0.00014431369552887522,8.2485806298756569e-05,-0.11817455932833276,0.0044248489816171742,-1.7765390781220363,official,4222,1394
certifications,43,0,43,2.2814297454932476e-05,0,-0.33212947644089397,0.034884282035224132,-1.7782488084112784,official,4224,1381
certified,180,28,208,9.550171027646154e-05,4.9140480348195404e-05,-0.13616161195663778,0.006815168865355754,-1.6493634775413049,official,4077,1538
certifies,51,0,51,2.7058817911664101e-05,0,-0.3321305184821135,0.029412325812598318,-1.9366186031223602,official,4383,1224
certify,39,3,42,2.0692037226566665e-05,5.2650514658780786e-06,-0.22676714721379732,0.0345684623395126,-1.2196637203029173,official,3493,2117
cervical,45,26,71,2.3875427569115385e-05,4.563044603761002e-05,0.18214943324863242,0.018930529118176682,1.3238733746210938,short,1545,4070
cessation,25,12,37,1.3264126427286324e-05,2.1060205863512314e-05,0.12571113195959782,0.036537756627743598,0.65766207387212205,short,2011,3602
chafee,25,12,37,1.3264126427286324e-05,2.1060205863512314e-05,0.12571113195959782,0.036537756627743598,0.65766207387212205,short,2012,3603
chain,18,8,26,9.5501710276461537e-06,1.4040137242341545e-05,0.103195297945053,0.052139598534932143,0.45193509509129132,short,2195,3417
chairman,27,0,27,1.432525654146923e-05,0,-0.33212739237824884,0.055556116657098385,-1.4090900724452342,official,3750,1843
challenge,70,46,116,3.7139553996401709e-05,8.0730789143463881e-05,0.22288366838040119,0.011549744715507765,2.0739202614298731,short,1078,4538
challenges,36,3,39,1.9100342055292307e-05,5.2650514658780786e-06,-0.21879858680311415,0.037143418247155197,-1.1352815455590943,official,3409,2204
champlain,20,12,32,1.0611301141829059e-05,2.1060205863512314e-05,0.19397178548728355,0.041958603061337189,0.94695219072584635,short,1809,3805
chance,16,55,71,8.4890409134632483e-06,9.6525943541098119e-05,0.73141870643432583,0.019431321924190528,5.2470462223422416,short,247,5369
change,437,72,509,0.00023185692994896496,0.00012636123518107391,-0.12649441104821868,0.0027788140578049081,-2.39961514171751,official,4716,900
changes,525,2,527,0.0002785466549730128,3.5100343105853862e-06,-0.32650419027448763,0.002841490719896493,-6.1251346211074189,official,5432,184
changing,50,6,56,2.6528252854572649e-05,1.0530102931756157e-05,-0.17528533162048632,0.025563555630346506,-1.0963139613247526,official,3377,2239
channels,30,1,31,1.5916951712743588e-05,1.7550171552926931e-06,-0.28411813310264122,0.047644003725412061,-1.3016518122380256,official,3576,2038
chapter,1160,15,1175,0.0006154554662260854,2.6325257329390394e-05,-0.31317997409139053,0.0012691630090237759,-8.7909392933840795,official,5522,94
chapters,58,0,58,3.077277331130427e-05,0,-0.33213143027359493,0.025862630073742055,-2.0652547597847382,official,4484,1130
character,37,15,52,1.963090711238376e-05,2.6325257329390394e-05,0.077081198091338621,0.026161889298282989,0.47655595909472337,short,2178,3435
characteristics,26,1,27,1.3794691484377777e-05,1.7550171552926931e-06,-0.27706705409365107,0.054582771344186647,-1.1859246492447608,official,3454,2155
characterization,25,2,27,1.3264126427286324e-05,3.5100343105853862e-06,-0.22292697821005802,0.053714088953114164,-0.96187474524804439,official,3251,2361
charge,98,19,117,5.1995375594962392e-05,3.3345325950561165e-05,-0.096964416097582884,0.012004665089179122,-0.88498796009174718,official,3186,2430
chargeable,45,0,45,2.3875427569115385e-05,0,-0.33212973695058068,0.033333894438756007,-1.8191341786345503,official,4272,1333
charged,109,1,110,5.7831591222968371e-05,1.7550171552926931e-06,-0.31853199056466863,0.013575780174161006,-2.7338246625230083,official,4858,759
charges,149,1,150,7.9054193506626486e-05,1.7550171552926931e-06,-0.32215940917607,0.0099675592897549709,-3.2268323802696561,official,5022,594
charging,35,4,39,1.8569776998200855e-05,7.0200686211707723e-06,-0.18184450795645368,0.036769888571356164,-0.94831808347681756,official,3226,2388
charitable,338,108,446,0.00017933098929691111,0.00018954185277161083,0.013781478531818436,0.0030811255536509598,0.24827964456261403,short,2335,3281
charities,22,12,34,1.1672431256011964e-05,2.1060205863512314e-05,0.16431531540214905,0.03959683439565178,0.82574853365064593,short,1900,3713
charity,24,20,44,1.2733561370194872e-05,3.5100343105853861e-05,0.30040417416321219,0.030331443459272758,1.7248821330272273,short,1292,4325
charles,15,19,34,7.9584758563717939e-06,3.3345325950561165e-05,0.43950115281716151,0.039276648897727889,2.2176489813611173,short,991,4624
charter,136,86,222,7.2156847764437608e-05,0.0001509314753551716,0.21060944199712317,0.0060406104845519126,2.7098011417687653,short,788,4828
chartered,36,1,37,1.9100342055292307e-05,1.7550171552926931e-06,-0.29185423467264293,0.040014980714425025,-1.4589979885363076,official,3820,1791
check,156,81,237,8.2768148906266662e-05,0.00014215638957870813,0.14927965674616495,0.005689744501502573,1.9790385108467472,short,1126,4490
checking,7,27,34,3.7139553996401706e-06,4.7385463192902708e-05,0.75833582367942753,0.040784247629959525,3.7550467211203098,short,484,5132
checkoff,15,26,41,7.9584758563717939e-06,4.563044603761002e-05,0.54037348202171742,0.032783077097493493,2.984483423231175,short,683,4933
checks,238,22,260,0.00012627448358776581,3.8610377416439245e-05,-0.20769122432131759,0.0055546925723007094,-2.7866866216317798,official,4880,736
cheese,15,11,26,7.9584758563717939e-06,1.9305188708219622e-05,0.25837193649265267,0.051417832031411786,1.1394321247672381,short,1676,3938
chemical,229,115,344,0.00012149939807394273,0.00020182697285865968,0.13920752102477962,0.0039244111118992399,2.222160642377212,short,990,4626
chemicals,131,25,156,6.9504022478980338e-05,4.3875428882317324e-05,-0.099968171567372366,0.009009743566699556,-1.0531871065335672,official,3334,2282
cherokee,24,10,34,1.2733561370194872e-05,1.755017155292693e-05,0.084771110812706496,0.039969213141231433,0.42401876304606595,short,2223,3393
chesapeake,89,76,165,4.7220290081139317e-05,0.00013338130380224466,0.30850712488592968,0.0080869466029397999,3.4306223340189304,short,553,5063
cheyenne,21,14,35,1.1141866198920512e-05,2.4570240174097702e-05,0.22749520898040032,0.038265867226503283,1.162964545161965,short,1653,3961
chicago,24,12,36,1.2733561370194872e-05,2.1060205863512314e-05,0.13788179783133714,0.037500561104157414,0.71201321550013008,short,1976,3640
chickahominy,30,0,30,1.5916951712743588e-05,0,-0.33212778313798452,0.050000561102189471,-1.4853122665294169,official,3863,1738
chief,151,15,166,8.0115323620809392e-05,2.6325257329390394e-05,-0.19939464362651016,0.0086799971432937988,-2.140196731555394,official,4543,1073
child,2339,1495,3834,0.0012409916685369084,0.0026237506471625759,0.2143419646914797,0.00035021026339110282,11.453620056325324,short,61,5555
child's,67,5,72,3.5547858825127351e-05,8.7750857764634652e-06,-0.22965177903186351,0.020181818702853186,-1.6165519427484107,official,4047,1568
childhood,148,108,256,7.852362844953504e-05,0.00018954185277161083,0.25678955182182506,0.0052230614289854446,3.5531601483007611,short,516,5100
children,2813,701,3514,0.0014924795055982572,0.0012302670258601779,-0.045217757125539215,0.00039586260739001944,-2.2726720787865533,official,4632,984
children's,402,494,896,0.00021328715295076408,0.00086697847471459036,0.42966297175276047,0.0014904018017961795,11.1295151359703,short,66,5550
china,148,58,206,7.852362844953504e-05,0.0001017909950069762,0.067681207461175674,0.0066132986883303451,0.83226001340559919,short,1897,3719
chinese,25,31,56,1.3264126427286324e-05,5.4405531814073483e-05,0.43249236914948241,0.023840492995445543,2.8010498195920106,short,743,4873
chip,26,26,52,1.3794691484377777e-05,4.563044603761002e-05,0.36103112062143516,0.025641586749418965,2.2546139566604633,short,971,4642
chippewa,51,46,97,2.7058817911664101e-05,8.0730789143463881e-05,0.32666883813307557,0.013750324868981532,2.7858083023188747,short,751,4865
chiropractic,31,29,60,1.644751676983504e-05,5.0895497503488099e-05,0.33880862516352295,0.022225527155477171,2.2726283630558002,short,961,4655
chlorine,18,12,30,9.5501710276461537e-06,2.1060205863512314e-05,0.22749473802775988,0.044643418245721274,1.0766948500178013,short,1720,3892
choctaw,28,26,54,1.4855821598560682e-05,4.563044603761002e-05,0.33633824753073149,0.024695683060043938,2.1402560607869132,short,1032,4582
choice,443,454,897,0.00023504032029151366,0.00079677778850288259,0.36933670503902416,0.0014870224214288349,9.5777547442930562,short,84,5532
choices,60,60,120,3.1833903425487176e-05,0.00010530102931756158,0.36104134159495871,0.011111672236073981,3.4250524231521253,short,554,5062
choose,83,13,96,4.4036899738590594e-05,2.281522301880501e-05,-0.13501982862044493,0.014761465222523222,-1.1113038490944758,official,3388,2228
christopher,15,36,51,7.9584758563717939e-06,6.3180617590536954e-05,0.63729023858419609,0.02664632913381839,3.9040787778718213,short,446,5170
chronic,119,45,164,6.3137241793882905e-05,7.8975771988171179e-05,0.057914547817517814,0.0083188190334132876,0.63497529925396434,short,2033,3583
chronically,48,5,53,2.5467122740389743e-05,8.7750857764634652e-06,-0.1936582991919078,0.027142930516782904,-1.1754597045931279,official,3440,2175
church,38,41,79,2.0161472169475213e-05,7.195570336700041e-05,0.38635382853594713,0.01688090299539851,2.97363310520646,short,687,4929
cigarette,68,63,131,3.6078423882218804e-05,0.00011056608078343966,0.33559492656260659,0.010180325930901193,3.32609420364866,short,580,5036
cigarettes,110,5,115,5.8362156280059824e-05,8.7750857764634652e-06,-0.26759752830860961,0.012778338898570371,-2.3672542051676024,official,4694,922
cigars,32,5,37,1.6978081826926497e-05,8.7750857764634652e-06,-0.13541559514906076,0.038302838536691614,-0.69191572834611981,official,3033,2578
circuit,96,43,139,5.0934245480779486e-05,7.5465737677585801e-05,0.10545050057794114,0.0097503857715443582,1.0679176055678572,short,1733,3883
circuits,40,1,41,2.1222602283658118e-05,1.7550171552926931e-06,-0.29576101065615568,0.036155763926486194,-1.5554360152324913,official,3964,1652
circulating,39,8,47,2.0692037226566665e-05,1.4040137242341545e-05,-0.085992439073141469,0.029810286264865916,-0.49805487355354477,official,2875,2741
circulation,34,0,34,1.8039211941109402e-05,0,-0.33212830415240902,0.044118208161875186,-1.5812369534791584,official,3992,1614
circumstances,327,0,327,0.00017349477366890512,0,-0.33216647294556267,0.0045877171295168198,-4.9040792403662694,official,5335,280
circumvention,27,3,30,1.432525654146923e-05,5.2650514658780786e-06,-0.18552262563928679,0.047847451054511242,-0.84813986871307967,official,3149,2462
cities,135,49,184,7.1626282707346148e-05,8.599584060934196e-05,0.046874183657967805,0.0074272028699474291,0.54390252378356718,short,2105,3511
citizen,112,122,234,5.9423286394242729e-05,0.00021411209294570856,0.38955323962768418,0.0056997233274742468,5.1598839362888231,short,255,5361
citizens,873,247,1120,0.00046318329484083842,0.00043348923735729518,-0.016006471534274702,0.0012338463930356392,-0.45568534180679748,official,2828,2788
citizenship,125,94,219,6.6320632136431621e-05,0.00016497161259751314,0.26660905853844596,0.0061024260713161112,3.4129005855542567,short,558,5058
citrus,18,11,29,9.5501710276461537e-06,1.9305188708219622e-05,0.1997575522043018,0.046277156847273224,0.92858117074712854,short,1819,3798
city,259,52,311,0.00013741634978668631,9.126089207522004e-05,-0.090221553878356175,0.004509768067239941,-1.3434861667927018,official,3632,1984
civic,30,20,50,1.5916951712743588e-05,3.5100343105853861e-05,0.22749662185007402,0.026786275393339165,1.3900127610363571,short,1502,4113
civics,17,11,28,9.019605970554701e-06,1.9305188708219622e-05,0.2179249864106243,0.047863808965624685,0.99610105331182053,short,1776,3839
civil,1551,530,2081,0.00082290640354884352,0.00093015909230512726,0.030999486203802995,0.00065888699200906302,1.2076720880875873,short,1630,3986
civilian,473,142,615,0.00025095727200425723,0.00024921243605156238,-0.0017102974542080318,0.0022406828463699619,-0.0361311225323541,official,2518,3098
civilians,63,3,66,3.3425598596761534e-05,5.2650514658780786e-06,-0.26468950820155612,0.022245252717802422,-1.7746718275874593,official,4219,1396
claim,133,25,158,7.0565152593163243e-05,4.3875428882317324e-05,-0.10282036192586119,0.0089014681223417904,-1.0898037746462101,official,3369,2247
claimants,51,8,59,2.7058817911664101e-05,1.4040137242341545e-05,-0.13476763750211695,0.024016843334127597,-0.86961626216632848,official,3174,2442
claiming,27,0,27,1.432525654146923e-05,0,-0.33212739237824884,0.055556116657098385,-1.4090900724452342,official,3751,1844
claims,1301,285,1586,0.00069026513927598031,0.00050017988925841745,-0.072768243093511487,0.00088141532297939364,-2.4510467304851957,official,4742,874
clarification,52,348,400,2.7589382968755554e-05,0.00061074597004185716,0.86488728947304772,0.0035498489777799282,14.51625458176226,short,36,5580
clarify,1665,1,1666,0.00088339082005726923,1.7550171552926931e-06,-0.33144022919503069,0.00090065162620470065,-11.044010270757774,official,5562,54
clarifying,68,4,72,3.6078423882218804e-05,7.0200686211707723e-06,-0.24989291118932222,0.020301312991166678,-1.7538476817928965,official,4193,1423
clarity,14,12,26,7.4279107992803412e-06,2.1060205863512314e-05,0.30973335726715945,0.051316350575686162,1.367288302310427,short,1515,4100
clark,89,43,132,4.7220290081139317e-05,7.5465737677585801e-05,0.12765351183612772,0.010239733718707511,1.2615034294491592,short,1600,4015
class,239,127,366,0.00012680504864485726,0.000222887178722172,0.15632761210129686,0.003681851309670762,2.5763364102831585,short,838,4778
classes,33,0,33,1.7508646884017949e-05,0,-0.33212817389864746,0.04545510655738156,-1.5578096061599955,official,3966,1643
classification,101,16,117,5.358707076623675e-05,2.8080274484683089e-05,-0.13312889163908537,0.012106514077626139,-1.2099370081609258,official,3476,2140
classified,79,24,103,4.1914639510224784e-05,4.2120411727024629e-05,0.0012037548772312334,0.013369082361811141,0.010410875677777509,short,2490,3126
classify,36,0,36,1.9100342055292307e-05,0,-0.33212856466023766,0.041667227770149411,-1.6270800693544627,official,4058,1553
classroom,40,47,87,2.1222602283658118e-05,8.2485806298756569e-05,0.41469105874546131,0.015337263432314112,3.3485033133158013,short,576,5040
classrooms,15,25,40,7.9584758563717939e-06,4.3875428882317324e-05,0.52808620717216748,0.033566994672184082,2.882362472000592,short,721,4895
clause,31,4,35,1.644751676983504e-05,7.0200686211707723e-06,-0.16507210532958716,0.040793101896032878,-0.81729779120016122,official,3127,2488
clay,15,18,33,7.9584758563717939e-06,3.1590308795268477e-05,0.4216537283378905,0.040441737574436344,2.0967229141227177,short,1058,4556
clayton,176,8,184,9.3379450048095716e-05,1.4040137242341545e-05,-0.26760483316176931,0.0079866722469464496,-2.9944083259266252,official,4969,647
clean,719,589,1308,0.00038147627604875466,0.0010337051044673961,0.2949003341016363,0.0010210494507678785,9.2289411481717885,short,92,5524
clean-up,21,18,39,1.1141866198920512e-05,3.1590308795268477e-05,0.30973503063307284,0.034211087420930868,1.674583805434273,short,1326,4290
cleaner,14,13,27,7.4279107992803412e-06,2.281522301880501e-05,0.3363344699161317,0.049390805004712747,1.5133811727617199,short,1411,4205
cleanup,146,81,227,7.7462498335352135e-05,0.00014215638957870813,0.16956055173267792,0.0059282795434162537,2.2022188917299168,short,1002,4613
clear,81,51,132,4.2975769624407689e-05,8.9505874919927337e-05,0.20922871557691103,0.010159877682111681,2.0757595721647646,short,1074,4542
clearance,22,21,43,1.1672431256011964e-05,3.685536026114655e-05,0.34552530080030763,0.031010176490787644,1.9621298046415043,short,1136,4480
clearinghouse,99,57,156,5.2525940652053844e-05,0.0001000359778516835,0.18106358969037828,0.008616965440756694,1.9505359120317303,short,1142,4474
clearly,34,0,34,1.8039211941109402e-05,0,-0.33212830415240902,0.044118208161875186,-1.5812369534791584,official,3993,1615
climate,159,129,288,8.4359844077541027e-05,0.0002263972130327574,0.29158580562306469,0.0046357791651566727,4.282575312278464,short,379,5237
clinic,24,35,59,1.2733561370194872e-05,6.1425600435244251e-05,0.48548943333326733,0.022687051753832968,3.2232259513538661,short,604,5011
clinical,328,122,450,0.00017402533872599657,0.00021411209294570856,0.053445615032279292,0.0030341599915481997,0.97027052920931711,short,1797,3819
clinics,57,9,66,3.0242208254212821e-05,1.5795154397634238e-05,-0.13367648361153073,0.021463975744601578,-0.912430782125217,official,3200,2417
cloning,48,49,97,2.5467122740389743e-05,8.599584060934196e-05,0.36791104428295185,0.013746427912017547,3.1379635573053277,short,636,4980
close,80,24,104,4.2445204567316236e-05,4.2120411727024629e-05,-0.0018822684497372677,0.01324784372818536,-0.016353434072483703,official,2506,3110
closed,79,1,80,4.1914639510224784e-05,1.7550171552926931e-06,-0.31344160181170899,0.0186355483014695,-2.2960722535182381,official,4645,971
closing,96,46,142,5.0934245480779486e-05,8.0730789143463881e-05,0.12520190942370846,0.0095213907373571972,1.2831007482176242,short,1582,4032
closings,26,4,30,1.3794691484377777e-05,7.0200686211707723e-06,-0.13796952428782028,0.04726946866543956,-0.63458938986527802,official,2977,2634
closure,123,55,178,6.5259502022248716e-05,9.6525943541098119e-05,0.10495917006647204,0.0076146657669594843,1.2028042812661277,short,1632,3984
closures,49,3,52,2.5997687797481196e-05,5.2650514658780786e-06,-0.24676911646552746,0.028083369387928263,-1.4725369456150512,official,3846,1770
clothing,22,3,25,1.1672431256011964e-05,5.2650514658780786e-06,-0.15692135954359543,0.056991442560246977,-0.65732059118661734,official,3005,2607
clubs,53,3,56,2.8119948025847007e-05,5.2650514658780786e-06,-0.25279274420107356,0.026124025576940768,-1.564028109963332,official,3975,1641
coal,515,251,766,0.00027324100440209828,0.00044050930597846593,0.13028047539016452,0.0017644855690235398,3.1014892429968919,short,648,4968
coast,349,232,581,0.00018516720492491709,0.00040716398002790479,0.22662434032587164,0.002305842351357325,4.7194538881272239,short,303,5313
coastal,512,273,785,0.00027164930923082394,0.00047911968339490519,0.15740068224673731,0.0017167508875832399,3.7988572134261669,short,469,5147
cobra,48,25,73,2.5467122740389743e-05,4.3875428882317324e-05,0.15020475730830007,0.018469105555434105,1.1052505920761628,short,1698,3917
cocaine,87,28,115,4.6159159966956405e-05,4.9140480348195404e-05,0.015600969765568351,0.011944063164597715,0.14274981348704582,short,2398,3218
code,21108,127,21235,0.01119916722508639,0.000222887178722172,-0.32588363375760121,7.099446935144316e-05,-38.676778346275817,official,5611,5
codes,31,3,34,1.644751676983504e-05,5.2650514658780786e-06,-0.20244879753446732,0.042412203514862724,-0.98303681644785201,official,3271,2345
codify,102,0,102,5.4117635823328202e-05,0,-0.33213716165002261,0.014706443470650379,-2.7388209486183515,official,4861,753
cohort,18,7,25,9.5501710276461537e-06,1.2285120087048851e-05,0.065559763502996304,0.054506375054993665,0.28081074914955623,short,2309,3304
coin,111,473,584,5.8892721337151277e-05,0.00083012311445344379,0.78049082564085026,0.0023854839628569247,15.980102176403594,short,28,5588
coinage,26,15,41,1.3794691484377777e-05,2.6325257329390394e-05,0.18168545254724222,0.032783077096875037,1.0034489837397702,short,1774,3841
coins,495,21,516,0.0002626297032602692,3.685536026114655e-05,-0.27172925706187812,0.0028518782845510771,-5.0882789032724833,official,5353,263
coinsurance,42,7,49,2.2283732397841024e-05,1.2285120087048851e-05,-0.12448696544757354,0.028846714952832274,-0.732952277989942,official,3069,2547
cola,10,49,59,5.3056505709145295e-06,8.599584060934196e-05,0.80906783693804485,0.023752573993643038,5.2496409051034796,short,245,5371
cold,38,27,65,2.0161472169475213e-05,4.7385463192902708e-05,0.24808957729252334,0.020578864192720685,1.7294094134281215,short,1289,4328
collaboration,29,24,53,1.5386386655652135e-05,4.2120411727024629e-05,0.29811604274364534,0.025182696046728924,1.8785996447495774,short,1181,4435
collaborative,49,22,71,2.5997687797481196e-05,3.8610377416439245e-05,0.10613415177331831,0.019086582617640249,0.76822965045027858,short,1942,3674
collateral,46,6,52,2.4405992626206838e-05,1.0530102931756157e-05,-0.16350456965933624,0.027446022050266739,-0.98693872732802834,official,3278,2336
collect,151,0,151,8.0115323620809392e-05,0,-0.33214354455416206,0.009934335962708837,-3.3323943888542185,official,5045,571
collected,158,0,158,8.3829279020449567e-05,0,-0.3321444564178222,0.0094942320158566684,-3.4087652041284784,official,5078,537
collecting,60,0,60,3.1833903425487176e-05,0,-0.33213169078637605,0.025000561108655915,-2.100561679280875,official,4510,1104
collection,631,154,785,0.00033478655102470682,0.0002702726419150747,-0.049768332861606979,0.0017717386892071466,-1.1823696096275194,official,3450,2166
collections,28,16,44,1.4855821598560682e-05,2.8080274484683089e-05,0.17870499476081569,0.030556116661662244,1.0223217754487497,short,1762,3854
collective,106,27,133,5.6239896051694013e-05,4.7385463192902708e-05,-0.040268605543769098,0.010434661544319709,-0.39420979153550079,official,2788,2828
collectively,35,0,35,1.8569776998200855e-05,0,-0.33212843440627182,0.042857703960410054,-1.6043222548468057,official,4023,1579
collectors,26,0,26,1.3794691484377777e-05,0,-0.33212726212521027,0.057692868793634985,-1.3827493339984507,official,3695,1909
college,321,345,666,0.00017031138332635639,0.0006054809185759791,0.38515534589879508,0.0020028521681372206,8.6062009564960551,short,99,5517
colleges,124,26,150,6.5790067079340162e-05,4.563044603761002e-05,-0.081625755729847427,0.0093320143478325852,-0.84496654916001501,official,3148,2468
collegiate,31,40,71,1.644751676983504e-05,7.0200686211707722e-05,0.44559388946003153,0.018813491690912423,3.2486619639664274,short,597,5020
color,124,6,130,6.5790067079340162e-05,1.0530102931756157e-05,-0.2636696429725589,0.011290510174568577,-2.4814375388926067,official,4754,862
colorado,362,109,471,0.00019206455066710597,0.00019129686992690352,-0.00098242214566646169,0.002925179326502866,-0.018164435093308694,official,2508,3108
colorectal,60,34,94,3.1833903425487176e-05,5.9670583279951563e-05,0.17610780047517949,0.014306567611402879,1.4723493437484065,short,1441,4175
columbia,1087,482,1569,0.00057672421705840936,0.00084591826885107798,0.1025956805209951,0.00086463452580792419,3.489094962783609,short,532,5084
combat,599,99,698,0.00031780846919778034,0.00017374669837397661,-0.12596657673432432,0.0020262764192013694,-2.7983754490433181,official,4888,728
combat-related,43,5,48,2.2814297454932476e-05,8.7750857764634652e-06,-0.17954773458961704,0.029857496623663306,-1.0390901642682941,official,3318,2299
combating,58,45,103,3.077277331130427e-05,7.8975771988171179e-05,0.27684304779224256,0.012968498001435267,2.4310214009005211,short,901,4715
combination,21,4,25,1.1141866198920512e-05,7.0200686211707723e-06,-0.1003232734100532,0.056222450156808892,-0.42310368722471836,official,2803,2810
combine,43,0,43,2.2814297454932476e-05,0,-0.33212947644089397,0.034884282035224132,-1.7782488084112784,official,4225,1382
combined,128,33,161,6.7912327307705986e-05,5.7915566124658867e-05,-0.037547678372520821,0.0086154079199973668,-0.40452481370004462,official,2791,2825
combustion,26,5,31,1.3794691484377777e-05,8.7750857764634652e-06,-0.09851025669720137,0.045322198529586702,-0.46272819878141747,official,2841,2772
command,24,7,31,1.2733561370194872e-05,1.2285120087048851e-05,-0.0087238306193633264,0.044498168758300961,-0.0413557741979097,official,2523,3093
commemorate,110,0,110,5.8362156280059824e-05,0,-0.33213820373990899,0.01363692475579731,-2.8442031330875532,official,4915,702
commemorating,27,5,32,1.432525654146923e-05,8.7750857764634652e-06,-0.10559758883273496,0.043976740672301576,-0.50354986346376762,official,2883,2727
commemoration,358,55,413,0.00018994229043874016,9.6525943541098119e-05,-0.13821970959239316,0.0034343301858201386,-2.3585709906669399,official,4684,932
commemorative,105,414,519,5.5709330994602561e-05,0.00072657710229117494,0.76344286842939724,0.0026749366946649884,14.76113623045387,short,34,5582
commence,26,0,26,1.3794691484377777e-05,0,-0.33212726212521027,0.057692868793634985,-1.3827493339984507,official,3696,1910
commencing,25,0,25,1.3264126427286324e-05,0,-0.33212713187227472,0.060000561101111738,-1.3558969980891018,official,3645,1949
comment,27,2,29,1.432525654146923e-05,3.5100343105853862e-06,-0.23034383637063449,0.050115768475358251,-1.0289384549959946,official,3309,2304
commerce,2025,176,2201,0.0010743942406101924,0.00030888301933151396,-0.21458151942262393,0.00065789032306383106,-8.3659558234431355,official,5512,104
commercial,1142,221,1363,0.00060590529519843927,0.00038785879131968517,-0.097365694664863334,0.0010310761302170033,-3.0322192481425234,official,4980,636
commercialization,73,63,136,3.8731249167676067e-05,0.00011056608078343966,0.31201151373099734,0.0098103757519365977,3.1501250886283585,short,629,4987
commercially,43,0,43,2.2814297454932476e-05,0,-0.33212947644089397,0.034884282035224132,-1.7782488084112784,official,4226,1383
commissary,21,10,31,1.1141866198920512e-05,1.755017155292693e-05,0.12335322631825107,0.043621574236175492,0.5906087076735369,short,2063,3550
commission,4398,1349,5747,0.0023334251210882103,0.0023675181424898427,0.0035819659727795994,0.00024005760234615997,0.23118716739534234,short,2342,3274
commission's,30,0,30,1.5916951712743588e-05,0,-0.33212778313798452,0.050000561102189471,-1.4853122665294169,official,3864,1739
commissioned,32,9,41,1.6978081826926497e-05,1.5795154397634238e-05,-0.017413421148598118,0.033699191242052777,-0.094858087561978929,official,2562,3054
commissioner,189,0,189,0.00010027679579028461,0,-0.33214849473190888,0.0079370690729713318,-3.728225810050958,official,5159,457
commissioners,38,3,41,2.0161472169475213e-05,5.2650514658780786e-06,-0.22423857060650043,0.035386061680103144,-1.1920492567624139,official,3463,2149
commissions,118,19,137,6.2606676736791446e-05,3.3345325950561165e-05,-0.13039141680097366,0.010332386164029502,-1.2827696902117327,official,3560,2056
commit,49,0,49,2.5997687797481196e-05,0,-0.33213025797119045,0.030612806004244052,-1.8982651433736926,official,4357,1253
commitment,85,50,135,4.50980298527735e-05,8.7750857764634649e-05,0.18776205528398293,0.0099514210784939858,1.8821978757862095,short,1179,4437
commitments,45,4,49,2.3875427569115385e-05,7.0200686211707723e-06,-0.21198370170353975,0.029506783507152065,-1.2340749490590592,official,3508,2108
committed,159,5,164,8.4359844077541027e-05,8.7750857764634652e-06,-0.28674886010283096,0.0090136961268670046,-3.0203011200782486,official,4973,643
committee,603,138,741,0.00031993072942614612,0.00024219236743039163,-0.063616408418356585,0.0018822653100537652,-1.4663198960162007,official,3843,1773
committees,274,7,281,0.00014537482564305811,1.2285120087048851e-05,-0.29501700494453864,0.0052745851807144348,-4.0621213627458861,official,5226,390
commodities,561,35,596,0.00029764699702830512,6.1425600435244251e-05,-0.24531456429131815,0.0024496515151573939,-4.9564551391232357,official,5342,274
commodity,349,118,467,0.00018516720492491709,0.00020709202432453777,0.028226180674185031,0.0029354531085153852,0.52097219312950294,short,2131,3485
common,405,135,540,0.00021487884812203845,0.00023692731596451356,0.02455648230696994,0.0025402437594148888,0.48722375899589104,short,2170,3446
commonly,281,0,281,0.00014908878104269828,0,-0.33216047998945086,0.0053386394481117622,-4.5460338356147973,official,5298,318
commonsense,1,33,34,5.3056505709145302e-07,5.7915566124658867e-05,1.0103819507404079,0.04349736281066395,4.8445575116099731,short,289,5327
commonwealth,165,13,178,8.7543234420089743e-05,2.281522301880501e-05,-0.22444960558182281,0.0081516151241076088,-2.4859764681416596,official,4757,859
communication,127,36,163,6.7381762250614527e-05,6.3180617590536954e-05,-0.015553824700841545,0.0084739626230923796,-0.16896390101276762,official,2615,3001
communications,1850,417,2267,0.00098154535561918808,0.00073184215375705301,-0.066854575561922758,0.00061603516181739295,-2.6935707373116027,official,4841,775
communist,23,5,28,1.2202996313103419e-05,8.7750857764634652e-06,-0.074295607819795606,0.04991143454232469,-0.33255471817857624,official,2734,2878
communities,1097,322,1419,0.00058202986762932393,0.00056511552400424715,-0.0071915278374241609,0.0009724002384456751,-0.23062088667666419,official,2672,2944
community,1902,1360,3262,0.0010091347385879435,0.0023868233311980626,0.25047801783795176,0.00041056676660530849,12.361686391751837,short,50,5566
community-based,171,42,213,9.0726624762638459e-05,7.3710720522293099e-05,-0.048359880107682329,0.0065262964381164103,-0.59862081966984493,official,2952,2664
commuter,39,62,101,2.0692037226566665e-05,0.00010881106362814697,0.51315271676082475,0.013278387588990189,4.4532180617872257,short,342,5274
compact,92,79,171,4.8811985252413675e-05,0.00013864635526812275,0.31035224600164035,0.0078028425058464723,3.5134070801164783,short,526,5090
compacts,49,4,53,2.5997687797481196e-05,7.0200686211707723e-06,-0.22090289945418817,0.027348342325122212,-1.3357830013955108,official,3619,1993
companies,700,11,711,0.00037139553996401708,1.9305188708219622e-05,-0.30909196827472485,0.0020943200227092566,-6.7540799578483783,official,5468,148
company,315,134,449,0.00016712799298380769,0.00023517229880922085,0.090659409681798309,0.0030247275898234289,1.6484271278401257,short,1348,4268
comparability,35,28,63,1.8569776998200855e-05,4.9140480348195404e-05,0.28692283793241735,0.021193653732540885,1.9708891585287749,short,1133,4483
comparable,72,1,73,3.8200684110584615e-05,1.7550171552926931e-06,-0.31165429167447023,0.020410626349165763,-2.1814484049792728,official,4573,1043
comparative,35,9,44,1.8569776998200855e-05,1.5795154397634238e-05,-0.038133315101498866,0.031526713482116282,-0.21476584356155459,official,2659,2956
compassionate,14,52,66,7.4279107992803412e-06,9.126089207522004e-05,0.74970187581791237,0.020975137384059366,5.176499667505567,short,252,5364
compensate,109,0,109,5.7831591222968371e-05,0,-0.33213807347831192,0.013762029009126372,-2.8312448396119541,official,4903,708
compensating,25,0,25,1.3264126427286324e-05,0,-0.33212713187227472,0.060000561101111738,-1.3558969980891018,official,3646,1950
compensation,2168,951,3119,0.0011502650437742699,0.0016690213146833511,0.099542841986080433,0.00043540524949119998,4.7704923685937235,short,296,5320
compensatory,40,3,43,2.1222602283658118e-05,5.2650514658780786e-06,-0.22917982387322411,0.033787884311027187,-1.2467973831451589,official,3528,2087
compete,44,19,63,2.3344862512023929e-05,3.3345325950561165e-05,0.094916172892869355,0.021541477454113691,0.64669942587403328,short,2022,3593
competition,667,526,1193,0.00035388689307999915,0.0009231390236839565,0.28232936108792295,0.0011199293572135009,8.4364693054604896,short,102,5514
competitive,527,158,685,0.00027960778508719569,0.00027729271053624551,-0.0020374721443676691,0.0020118833809492443,-0.045424512836334099,official,2527,3089
competitiveness,318,258,576,0.00016871968815508205,0.00045279442606551481,0.29162068748606274,0.0023181702344627925,6.0568339413849932,short,184,5432
complaints,69,0,69,3.6608988939310257e-05,0,-0.33213286309898749,0.021739691545378491,-2.2526056048650052,official,4616,1000
complement,29,0,29,1.5386386655652135e-05,0,-0.33212765288463508,0.051724699033008407,-1.4603469575681074,official,3830,1778
complete,198,25,223,0.00010505188130410769,4.3875428882317324e-05,-0.16819580230959197,0.0064081161218287955,-2.1011156923094561,official,4513,1103
completed,31,0,31,1.644751676983504e-05,0,-0.33212791339143699,0.048387657876598558,-1.5098648555654945,official,3895,1693
completing,29,0,29,1.5386386655652135e-05,0,-0.33212765288463508,0.051724699033008407,-1.4603469575681074,official,3831,1779
completion,75,47,122,3.9792379281858973e-05,8.2485806298756569e-05,0.20772877265497591,0.010993863019956324,1.9811688657314714,short,1125,4491
complex,71,30,101,3.7670119053493162e-05,5.2650514658780788e-05,0.088729829108503466,0.013448102393812021,0.76513689023208697,short,1948,3668
compliance,480,214,694,0.0002546712274038974,0.00037557367123263629,0.10412537243557729,0.0019536715996778375,2.3557586050636412,short,928,4688
comply,199,0,199,0.00010558244636119913,0,-0.33214979743501338,0.0075382495808301881,-3.8255927506691596,official,5183,433
complying,63,0,63,3.3425598596761534e-05,0,-0.33213208155631868,0.023810084918826378,-2.1524365355429511,official,4549,1061
component,235,12,247,0.00012468278841649145,2.1060205863512314e-05,-0.2601181885529229,0.0059362538073259915,-3.3760936911639892,official,5063,553
components,325,2,327,0.0001724336435547222,3.5100343105853862e-06,-0.32300498121435872,0.0045738171754264173,-4.7760604981367916,official,5316,300
composed,37,0,37,1.963090711238376e-05,0,-0.33212869491431007,0.040541101644238832,-1.6495239516689466,official,4082,1524
composition,37,0,37,1.963090711238376e-05,0,-0.33212869491431007,0.040541101644238832,-1.6495239516689466,official,4083,1525
compositions,29,0,29,1.5386386655652135e-05,0,-0.33212765288463508,0.051724699033008407,-1.4603469575681074,official,3832,1780
compounds,28,2,30,1.4855821598560682e-05,3.5100343105853862e-06,-0.23368658812023924,0.04849194041264674,-1.0612043130292073,official,3341,2275
comprehensive,1729,871,2600,0.0009173469837111222,0.0015286199422599356,0.14027969811248564,0.00051966334845999953,6.1536639932638222,short,180,5436
compressed,19,18,37,1.0080736084737606e-05,3.1590308795268477e-05,0.34301008001863487,0.036039522143671329,1.8068303246016413,short,1233,4380
comptroller,237,2,239,0.00012574391853067436,3.5100343105853862e-06,-0.31962762623677321,0.0062507790768501527,-4.0427532466992018,official,5218,398
compulsory,59,20,79,3.1303338368395723e-05,3.5100343105853861e-05,0.028890402125250958,0.017347948026480191,0.21934590486789668,short,2358,3258
computation,193,5,198,0.00010239905601865042,8.7750857764634652e-06,-0.29450126185514947,0.007484214270102171,-3.4041920536649033,official,5076,540
compute,43,0,43,2.2814297454932476e-05,0,-0.33212947644089397,0.034884282035224132,-1.7782488084112784,official,4227,1384
computer,297,129,426,0.00015757782195616153,0.0002263972130327574,0.096599094240955807,0.0031854888610689863,1.7115319427138442,short,1305,4311
computers,79,3,82,4.1914639510224784e-05,5.2650514658780786e-06,-0.27773880104792603,0.017976447120143287,-2.0714985117272846,official,4488,1128
computing,106,20,126,5.6239896051694013e-05,3.5100343105853861e-05,-0.10211263486861277,0.011160221020086498,-0.96659175186301916,official,3259,2357
concealed,67,14,81,3.5547858825127351e-05,2.4570240174097702e-05,-0.082314772209025833,0.017283633660200092,-0.62612386066360526,official,2971,2645
concentrated,25,13,38,1.3264126427286324e-05,2.281522301880501e-05,0.14971655607988765,0.035481420114915507,0.79482099727693079,short,1922,3693
concentration,49,4,53,2.5997687797481196e-05,7.0200686211707723e-06,-0.22090289945418817,0.027348342325122212,-1.3357830013955108,official,3620,1994
concern,43,3,46,2.2814297454932476e-05,5.2650514658780786e-06,-0.23579707494997848,0.031644679427292786,-1.3255254273740089,official,3605,2011
concerned,27,0,27,1.432525654146923e-05,0,-0.33212739237824884,0.055556116657098385,-1.4090900724452342,official,3752,1845
concerning,623,4,627,0.0003305420305679752,7.0200686211707723e-06,-0.32264910506654942,0.0023853472850082959,-6.6062446991591894,official,5459,157
concerns,637,1,638,0.00033796994136725555,1.7550171552926931e-06,-0.32985625768811566,0.0023498201857362483,-6.8046753884787545,official,5471,145
concessions,18,12,30,9.5501710276461537e-06,2.1060205863512314e-05,0.22749473802775988,0.044643418245721274,1.0766948500178013,short,1721,3893
concrete,19,10,29,1.0080736084737606e-05,1.755017155292693e-05,0.15338577391961472,0.046474920076895111,0.71150139537900681,short,1978,3637
concurrent,201,7,208,0.00010664357647538204,1.2285120087048851e-05,-0.28207698924652291,0.0070967117067116921,-3.3484134520979962,official,5049,564
condition,423,8,431,0.00022442901914968461,1.4040137242341545e-05,-0.30446013368470304,0.0034494257044587087,-5.1839050238849191,official,5359,257
conditional,27,0,27,1.432525654146923e-05,0,-0.33212739237824884,0.055556116657098385,-1.4090900724452342,official,3753,1846
conditions,752,23,775,0.00039898492293277265,4.036539457173194e-05,-0.28801646869081843,0.0019085729436052606,-6.5926943253052066,official,5458,158
condominium,122,44,166,6.4728936965157256e-05,7.722075483287849e-05,0.045173422428220533,0.0082346881181062318,0.49780518659883827,short,2156,3459
conduct,1700,28,1728,0.00090196059705547,4.9140480348195404e-05,-0.30812470596919805,0.00086175283789260287,-10.496274044206841,official,5556,60
conducted,282,0,282,0.00014961934609978973,0,-0.33216061026878485,0.0053197100926826177,-4.5541166142713836,official,5299,316
conducting,122,0,122,6.4728936965157256e-05,0,-0.33213976688711533,0.012295643089233515,-2.9953339738439677,official,4970,646
conduit,21,23,44,1.1141866198920512e-05,4.036539457173194e-05,0.39133582879422413,0.030310549625443998,2.2477743229337492,short,976,4637
confederated,26,5,31,1.3794691484377777e-05,8.7750857764634652e-06,-0.09851025669720137,0.045322198529586702,-0.46272819878141747,official,2842,2773
confer,34,0,34,1.8039211941109402e-05,0,-0.33212830415240902,0.044118208161875186,-1.5812369534791584,official,3994,1616
conference,161,94,255,8.5420974191723932e-05,0.00016497161259751314,0.18542949815157606,0.005269736822717459,2.5543732625990945,short,849,4767
confidence,52,43,95,2.7589382968755554e-05,7.5465737677585801e-05,0.29785615716022207,0.014049659018647562,2.5128912262707419,short,867,4748
confidential,52,14,66,2.7589382968755554e-05,2.4570240174097702e-05,-0.027635426014228415,0.020975137381922793,-0.19081554708028925,official,2637,2976
confidentiality,70,31,101,3.7139553996401709e-05,5.4405531814073483e-05,0.1021659099237251,0.013424271911368458,0.88178079789884523,short,1860,3756
confinement,22,9,31,1.1672431256011964e-05,1.5795154397634238e-05,0.079611857654246165,0.043868485631212893,0.38010312184910217,short,2244,3369
confirm,45,1,46,2.3875427569115385e-05,1.7550171552926931e-06,-0.29969403034675857,0.032266167839386288,-1.6684161994814017,official,4104,1513
confirmation,27,9,36,1.432525654146923e-05,1.5795154397634238e-05,0.024551429212115394,0.038095799199226843,0.12578771682629131,short,2409,3207
conflict,185,68,253,9.8154535561918797e-05,0.00011934116655990313,0.050250719451254255,0.0053989309744228893,0.68389337476815693,short,1990,3626
conflicts,62,17,79,3.2895033539670081e-05,2.9835291639975781e-05,-0.023389145103841713,0.017509426361934165,-0.1767577192683423,official,2623,2993
conform,51,0,51,2.7058817911664101e-05,0,-0.3321305184821135,0.029412325812598318,-1.9366186031223602,official,4384,1225
conforming,57,19,76,3.0242208254212821e-05,3.3345325950561165e-05,0.024551830175409961,0.018045673895127887,0.18276680461559078,short,2377,3238
congenital,31,8,39,1.644751676983504e-05,1.4040137242341545e-05,-0.037324926367279687,0.035562871134974298,-0.19792495351317399,official,2646,2969
congestion,33,14,47,1.7508646884017949e-05,2.4570240174097702e-05,0.089872268086157447,0.028894003729591711,0.52871525317274715,short,2121,3490
congregate,41,7,48,2.1753167340749571e-05,1.2285120087048851e-05,-0.12028220391174393,0.029418334344460829,-0.7012814273746707,official,3051,2566
congress,2652,151,2803,0.0014070585314065332,0.00026500759044919664,-0.2526298098510722,0.00052240380108845822,-11.053032093912975,official,5563,53
congressional,1667,867,2534,0.00088445195017145212,0.0015215998736387648,0.14992679836297373,0.00053263142083230205,6.4962970545674432,short,164,5452
conjunction,29,0,29,1.5386386655652135e-05,0,-0.33212765288463508,0.051724699033008407,-1.4603469575681074,official,3833,1781
connect,22,8,30,1.1672431256011964e-05,1.4040137242341545e-05,0.04736632738623392,0.045547119807092688,0.2219418760337466,short,2352,3262
connected,42,2,44,2.2283732397841024e-05,3.5100343105853862e-06,-0.26468720368962728,0.033367598516846363,-1.4490069553952032,official,3810,1804
connecticut,87,16,103,4.6159159966956405e-05,2.8080274484683089e-05,-0.10688171250591694,0.013667080358099003,-0.91425118027711605,official,3202,2414
connecting,23,7,30,1.2202996313103419e-05,1.2285120087048851e-05,0.0016493242307671352,0.045895512657911933,0.007698762579464568,short,2492,3121
connection,943,10,953,0.00050032284883724017,1.755017155292693e-05,-0.31654352840224842,0.0015664090612799875,-7.9979897939989781,official,5502,114
conscience,32,36,68,1.6978081826926497e-05,6.3180617590536954e-05,0.40025536088173119,0.019615945727789019,2.8578046055410886,short,728,4888
conscientiously,37,0,37,1.963090711238376e-05,0,-0.33212869491431007,0.040541101644238832,-1.6495239516689466,official,4084,1526
consecutive,26,0,26,1.3794691484377777e-05,0,-0.33212726212521027,0.057692868793634985,-1.3827493339984507,official,3697,1911
consensus,40,13,53,2.1222602283658118e-05,2.281522301880501e-05,0.01807894483732575,0.025904764431436127,0.11232676617777493,short,2419,3196
consent,251,57,308,0.00013317182932995469,0.0001000359778516835,-0.065236950248273473,0.0045291959583731375,-0.96935553515698225,official,3261,2355
consequences,109,31,140,5.7831591222968371e-05,5.4405531814073483e-05,-0.014766876107932703,0.0098645786010459081,-0.14867890790916427,official,2599,3017
conservancy,15,22,37,7.9584758563717939e-06,3.8610377416439245e-05,0.48732455526489638,0.036180482878077305,2.5620117412855477,short,846,4770
conservation,2316,1483,3799,0.001228788672223805,0.0026026904412990636,0.21492116677829021,0.00035341652346441895,11.43235664815575,short,62,5554
conserve,155,1,156,8.2237583849175216e-05,1.7550171552926931e-06,-0.32254356102643555,0.0095854219645994526,-3.2944487700047556,official,5036,580
conserving,34,3,37,1.8039211941109402e-05,5.2650514658780786e-06,-0.21278025397039535,0.039085068146120484,-1.0762815268540331,official,3362,2251
consider,110,0,110,5.8362156280059824e-05,0,-0.33213820373990899,0.01363692475579731,-2.8442031330875532,official,4916,703
consideration,424,14,438,0.00022495958420677605,2.4570240174097702e-05,-0.28459898871190781,0.0033730433788891202,-4.9002968478763185,official,5333,283
considered,119,0,119,6.3137241793882905e-05,0,-0.33213937609892241,0.012605603138180438,-2.9582750483979292,official,4957,656
consistency,22,29,51,1.1672431256011964e-05,5.0895497503488099e-05,0.45260012772172686,0.026199191245332747,2.7962160850089486,short,745,4872
consistent,233,2,235,0.00012362165830230855,3.5100343105853862e-06,-0.31941433918126805,0.0063567225659449372,-4.0062475375938194,official,5213,403
consisting,38,0,38,2.0161472169475213e-05,0,-0.33212882516848197,0.039474245314440153,-1.6716665464481066,official,4108,1498
consolidate,305,2,307,0.00016182234241289315,3.5100343105853862e-06,-0.32240657001637452,0.0048707940448117623,-4.6195960369757296,official,5303,313
consolidated,243,54,297,0.00012892730887322307,9.4770926385805417e-05,-0.069767997295400619,0.0047014158636373982,-1.0175175824167255,official,3307,2309
consolidating,46,2,48,2.4405992626206838e-05,3.5100343105853862e-06,-0.27025360178554614,0.030638858978522185,-1.5439569857714821,official,3958,1658
consolidation,149,158,307,7.9054193506626486e-05,0.00027729271053624551,0.38061657362970536,0.0043440812613363671,5.7748236316533212,short,198,5418
consortia,36,6,42,1.9100342055292307e-05,1.0530102931756157e-05,-0.12448661477829326,0.033654407258959518,-0.67858098245232412,official,3026,2589
consortium,33,22,55,1.7508646884017949e-05,3.8610377416439245e-05,0.2274970928105482,0.024351210459464426,1.4578591739160445,short,1446,4169
constituted,22,5,27,1.1672431256011964e-05,8.7750857764634652e-06,-0.065061801620785786,0.051658724367130059,-0.28625576791306351,official,2704,2913
constitution,432,39,471,0.00022920410466350767,6.8445669056415033e-05,-0.21032799531752033,0.0030687652252511847,-3.7967784021724156,official,5175,441
constitutional,285,71,356,0.00015121104127106409,0.00012460621802578119,-0.04522867097096217,0.003902543953662308,-0.72400226483598817,official,3063,2553
construct,178,0,178,9.4440580162278635e-05,0,-0.33214706177040476,0.0084275274262269346,-3.6180980139198935,official,5125,491
constructed,63,1,64,3.3425598596761534e-05,1.7550171552926931e-06,-0.3087842867066346,0.023259192242221227,-2.0246869231835807,official,4452,1165
constructing,35,5,40,1.8569776998200855e-05,8.7750857764634652e-06,-0.14980472336075579,0.035556116660181603,-0.79445324943075046,official,3102,2512
construction,1789,405,2194,0.00094918088713660939,0.00071078194789354063,-0.065943821020633564,0.00063639199725298563,-2.6140371374005786,official,4805,811
consular,19,7,26,1.0080736084737606e-05,1.2285120087048851e-05,0.050868917841563999,0.052525813626973367,0.22195559883827359,short,2346,3266
consultants,26,0,26,1.3794691484377777e-05,0,-0.33212726212521027,0.057692868793634985,-1.3827493339984507,official,3698,1912
consultation,103,15,118,5.4648200880419655e-05,2.6325257329390394e-05,-0.14679722174875209,0.012044244992310778,-1.3376054999792368,official,3624,1992
consultations,27,0,27,1.432525654146923e-05,0,-0.33212739237824884,0.055556116657098385,-1.4090900724452342,official,3754,1847
consumer,1732,1472,3204,0.00091893867888239659,0.0025833852525908442,0.30732022192234876,0.00041701306132054753,15.04930032996111,short,31,5585
consumer's,18,20,38,9.5501710276461537e-06,3.5100343105853861e-05,0.39612089729225453,0.035099083272525977,2.1143645434694815,short,1050,4566
consumers,1258,158,1416,0.00066745084182104786,0.00027729271053624551,-0.16902785948349308,0.0010098570033966392,-5.3189799212562008,official,5371,245
consumption,211,37,248,0.00011194922704629658,6.4935634745829642e-05,-0.11554926750299366,0.0056879823185602705,-1.5321034053658009,official,3944,1672
contact,43,14,57,2.2814297454932476e-05,2.4570240174097702e-05,0.018533427113446521,0.02408506815104991,0.11942130003517264,short,2415,3200
contain,213,1,214,0.00011301035716047949,1.7550171552926931e-06,-0.32514999490813778,0.0069936443073139298,-3.8880512531517559,official,5193,423
contained,157,0,157,8.3298713963358121e-05,0,-0.3321443261512762,0.0095547012569536863,-3.3979601527281114,official,5072,544
container,31,72,103,1.644751676983504e-05,0.00012636123518107391,0.62799646325797198,0.013177533403422984,5.470665173071084,short,216,5400
containers,123,3,126,6.5259502022248716e-05,5.2650514658780786e-06,-0.29663191611367168,0.011768563364575555,-2.7343628951611247,official,4859,757
containing,237,3,240,0.00012574391853067436,5.2650514658780786e-06,-0.31346132217077383,0.0062122235437752811,-3.9770442534025303,official,5207,409
containment,52,48,100,2.7589382968755554e-05,8.4240823454049258e-05,0.33436896604332134,0.013336265245154723,2.8954018659438687,short,715,4901
contains,39,0,39,2.0692037226566665e-05,0,-0.33212895542275866,0.038462099565667845,-1.6935196716434358,official,4134,1473
contaminants,41,0,41,2.1753167340749571e-05,0,-0.33212921593162115,0.036585926958219016,-1.7364010857917151,official,4175,1433
contaminated,61,4,65,3.2364468482578628e-05,7.0200686211707723e-06,-0.24115831942501842,0.022429822669654906,-1.6102352464247249,official,4044,1572
contamination,79,17,96,4.1914639510224784e-05,2.9835291639975781e-05,-0.076377815750969802,0.014564404353781273,-0.63287926972501252,official,2973,2642
content,201,7,208,0.00010664357647538204,1.2285120087048851e-05,-0.28207698924652291,0.0070967117067116921,-3.3484134520979962,official,5050,565
contiguous,47,4,51,2.493655768329829e-05,7.0200686211707723e-06,-0.2166153869329559,0.028386460921412098,-1.2856823374676454,official,3561,2053
continental,414,74,488,0.00021965393363586154,0.00012987126949165928,-0.11211141059708929,0.0028885680858045815,-2.0859721825978244,official,4502,1114
contingency,84,12,96,4.4567464795682047e-05,2.1060205863512314e-05,-0.14980808989194294,0.014815375931905359,-1.2307757441153466,official,3506,2110
contingent,35,11,46,1.8569776998200855e-05,1.9305188708219622e-05,0.0096255986819002715,0.029890099767725154,0.055675492628169752,short,2457,3159
continuation,215,40,255,0.00011407148727466239,7.0200686211707722e-05,-0.10474480449465773,0.0055180512358833844,-1.410066601661133,official,3782,1834
continue,327,0,327,0.00017349477366890512,0,-0.33216647294556267,0.0045877171295168198,-4.9040792403662694,official,5336,281
continued,487,22,509,0.00025838518280353758,3.8610377416439245e-05,-0.26801589559583405,0.0028878164423243543,-4.9874179006419066,official,5343,273
continuing,305,99,404,0.00016182234241289315,0.00017374669837397661,0.017760876380473078,0.0033990699945023223,0.30463818386161329,short,2303,3313
continuity,42,57,99,2.2283732397841024e-05,0.0001000359778516835,0.46213851032720221,0.013503016112084102,3.9770107706650628,short,429,5187
continuous,44,9,53,2.3344862512023929e-05,1.5795154397634238e-05,-0.086555141925197532,0.026438871716233044,-0.53231832138760315,official,2907,2709
contraception,45,19,64,2.3875427569115385e-05,3.3345325950561165e-05,0.088518355405220461,0.021223065808276206,0.60761610462842974,short,2048,3568
contraceptive,37,21,58,1.963090711238376e-05,3.685536026114655e-05,0.17659849443794684,0.023185104746980455,1.1597982940057985,short,1659,3957
contract,414,140,554,0.00021965393363586154,0.00024570240174097701,0.028269574386333929,0.0024745412644739005,0.56829249388130532,short,2084,3532
contracting,240,197,437,0.0001273356137019487,0.00034573837959266053,0.29545461277997553,0.0030549531417022363,5.345502022184113,short,229,5387
contractor,129,122,251,6.8442892364797432e-05,0.00021411209294570856,0.34246623652357755,0.0053131052515111247,4.6983303697765937,short,307,5309
contractors,294,31,325,0.00015598612678488716,5.4405531814073483e-05,-0.19217617748404692,0.0044250588168698165,-2.8889500098301859,official,4930,686
contracts,802,34,836,0.00042551317578734527,5.9670583279951563e-05,-0.27180458966740684,0.0017604871757438184,-6.4779911896310676,official,5453,163
contrary,34,0,34,1.8039211941109402e-05,0,-0.33212830415240902,0.044118208161875186,-1.5812369534791584,official,3995,1617
contribute,137,1,138,7.2687412821529054e-05,1.7550171552926931e-06,-0.32129127395692336,0.01083116936620581,-3.0871750602055479,official,4997,619
contributed,112,0,112,5.9423286394242729e-05,0,-0.3321384642634122,0.013393418262721935,-2.8699442301529952,official,4920,693
contributing,44,0,44,2.3344862512023929e-05,0,-0.33212960669568581,0.034091470196116212,-1.7988076501041976,official,4247,1353
contribution,274,40,314,0.00014537482564305811,7.0200686211707722e-05,-0.14642518688540029,0.004526100194831525,-2.1764751107902787,official,4571,1045
contributions,1135,47,1182,0.00060219133979879909,8.2485806298756569e-05,-0.27317675426556143,0.0012458235799846988,-7.7395456713605641,official,5492,124
control,3422,1663,5085,0.0018155936253669521,0.0029185935292517485,0.12965146374250569,0.00026630459741866329,7.9448937245896136,short,112,5504
controlled,721,49,770,0.00038253740616293761,8.599584060934196e-05,-0.23816774735064783,0.0018922532970328716,-5.4751158588657054,official,5385,231
controller,12,15,27,6.3667806850974358e-06,2.6325257329390394e-05,0.43513617686488715,0.049451110552935613,1.9567582207383383,short,1138,4477
controllers,32,13,45,1.6978081826926497e-05,2.281522301880501e-05,0.077662326677346627,0.03022895340351138,0.44668240092191203,short,2203,3412
controlling,46,4,50,2.4405992626206838e-05,7.0200686211707723e-06,-0.21434510814376573,0.028935746291910491,-1.2600745276254794,official,3535,2077
controls,247,3,250,0.00013104956910158888,5.2650514658780786e-06,-0.31420811474131938,0.0059652027543504555,-4.0682233867836404,official,5229,387
controversies,20,7,27,1.0611301141829059e-05,1.2285120087048851e-05,0.037236638799976518,0.050688921552499593,0.16539178958156625,short,2391,3222
convene,26,0,26,1.3794691484377777e-05,0,-0.33212726212521027,0.057692868793634985,-1.3827493339984507,official,3699,1913
convention,263,96,359,0.00013953861001505212,0.00016848164690809852,0.048387737562478605,0.0038060804181145325,0.78432550253506894,short,1929,3687
conventional,32,5,37,1.6978081826926497e-05,8.7750857764634652e-06,-0.13541559514906076,0.038302838536691614,-0.69191572834611981,official,3034,2579
conventions,85,5,90,4.50980298527735e-05,8.7750857764634652e-06,-0.24989469471427483,0.016241162619163037,-1.9608685394862564,official,4406,1210
conversion,271,148,419,0.00014378313047178374,0.00025974253898331857,0.16471948333510689,0.0032135049870267848,2.9057315055218678,short,710,4906
conversions,35,7,42,1.8569776998200855e-05,1.2285120087048851e-05,-0.090963361634507578,0.033395737357488693,-0.49776113413712736,official,2873,2742
convert,27,1,28,1.432525654146923e-05,1.7550171552926931e-06,-0.27901713621565527,0.052665137904322437,-1.2158199463805444,official,3484,2126
converted,45,0,45,2.3875427569115385e-05,0,-0.33212973695058068,0.033333894438756007,-1.8191341786345503,official,4273,1334
converting,59,1,60,3.1303338368395723e-05,1.7550171552926931e-06,-0.30723357805596407,0.024797365076200777,-1.9510388202846158,official,4399,1218
convey,265,0,265,0.00014059974012923504,0,-0.3321583955341314,0.0056609385113379884,-4.4146981566869865,official,5280,336
conveyance,226,234,460,0.00011990770290266836,0.00041067401433849017,0.3726890328514294,0.0028992093457743274,6.9216052144489115,short,148,5468
conveyances,34,3,37,1.8039211941109402e-05,5.2650514658780786e-06,-0.21278025397039535,0.039085068146120484,-1.0762815268540331,official,3363,2252
conveyed,27,0,27,1.432525654146923e-05,0,-0.33212739237824884,0.055556116657098385,-1.4090900724452342,official,3755,1848
convicted,219,13,232,0.0001161937475030282,2.281522301880501e-05,-0.24920874992714204,0.0062994886997470891,-3.1398625441268084,official,5007,609
conviction,42,0,42,2.2283732397841024e-05,0,-0.33212934618620515,0.035714846819061744,-1.7574495006982607,official,4200,1410
convictions,26,6,32,1.3794691484377777e-05,1.0530102931756157e-05,-0.061834347288343139,0.043557729886986932,-0.29627647036143967,official,2710,2904
cool,14,12,26,7.4279107992803412e-06,2.1060205863512314e-05,0.30973335726715945,0.051316350575686162,1.367288302310427,short,1516,4101
cooling,55,30,85,2.9181078140029912e-05,5.2650514658780788e-05,0.16431877252961336,0.015839070432501656,1.3056366637341523,short,1555,4061
cooperate,33,0,33,1.7508646884017949e-05,0,-0.33212817389864746,0.04545510655738156,-1.5578096061599955,official,3967,1644
cooperation,425,209,634,0.0002254901492638675,0.00036679858545617285,0.1329446167597208,0.0021310879278360895,2.8798513547484905,short,723,4893
cooperative,353,168,521,0.0001872894651532829,0.0002948428820891724,0.12321060967514441,0.0025961047870862513,2.4181709387531298,short,908,4708
cooperatives,57,10,67,3.0242208254212821e-05,1.755017155292693e-05,-0.11545595467130276,0.021052090226772253,-0.79573548488191803,official,3107,2508
coordinate,291,2,293,0.00015439443161361282,3.5100343105853862e-06,-0.32193936695884773,0.0051027204345942094,-4.5068509794701592,official,5291,326
coordinated,331,18,349,0.00017561703389727093,3.1590308795268477e-05,-0.25574300768840885,0.004195945047590458,-3.9481066209091291,official,5200,416
coordinating,95,10,105,5.0403680423688034e-05,1.755017155292693e-05,-0.19236999887142758,0.013696213292831161,-1.6437550007783139,official,4074,1542
coordination,597,189,786,0.00031674733908359744,0.00033169824235031897,0.011454115838070322,0.0017492681004503958,0.27386301350814174,short,2323,3293
copayment,18,20,38,9.5501710276461537e-06,3.5100343105853861e-05,0.39612089729225453,0.035099083272525977,2.1143645434694815,short,1051,4567
copayments,34,0,34,1.8039211941109402e-05,0,-0.33212830415240902,0.044118208161875186,-1.5812369534791584,official,3996,1618
copper,39,28,67,2.0692037226566665e-05,4.9140480348195404e-05,0.25146808657071951,0.019960839165363672,1.7798912972135179,short,1251,4365
cops,22,17,39,1.1672431256011964e-05,2.9835291639975781e-05,0.27550559047734957,0.034251146585178853,1.4886508805066134,short,1430,4183
copyright,177,85,262,9.3910015105187175e-05,0.00014917645819987891,0.12586224087011999,0.0051603098654019915,1.7520946733473939,short,1266,4350
coral,36,39,75,1.9100342055292307e-05,6.8445669056415033e-05,0.38770366640317278,0.017781499947652366,2.9074731421399052,short,708,4907
cord,23,10,33,1.2202996313103419e-05,1.755017155292693e-05,0.096873042650882368,0.041113517914029549,0.47776091849157593,short,2176,3439
core,38,12,50,2.0161472169475213e-05,2.1060205863512314e-05,0.010821096182281664,0.027493229728875967,0.065261699132588002,short,2448,3166
corn,23,3,26,1.2202996313103419e-05,5.2650514658780786e-06,-0.16350286638518163,0.054891482987491726,-0.69786736363649349,official,3043,2567
corporate,356,200,556,0.00018888116032455727,0.0003510034310585386,0.17346450021567072,0.0024198037776602963,3.526310367390368,short,524,5092
corporation,1216,461,1677,0.00064516710942320681,0.00080906290858993141,0.058640354603155309,0.00081395027351168999,2.0554061475660128,short,1085,4531
corporations,573,23,596,0.00030401377771340253,4.036539457173194e-05,-0.27484012313648343,0.0024715021039644781,-5.5284023408697092,official,5389,227
corps,706,372,1078,0.00037457893030656581,0.0006528663817688818,0.15379717546457972,0.0012507546381108905,4.348728539478615,short,365,5251
corpus,44,30,74,2.3344862512023929e-05,5.2650514658780788e-05,0.23473677422378003,0.018090521999931424,1.7452417065092165,short,1269,4347
correct,172,1,173,9.1257189819729905e-05,1.7550171552926931e-06,-0.32348778655223676,0.0086462382944897664,-3.4789187660379852,official,5092,524
correction,49,128,177,2.5997687797481196e-05,0.00022464219587746472,0.66084885199009946,0.0077040284267262393,7.5291023611713799,short,125,5491
correctional,131,91,222,6.9504022478980338e-05,0.00015970656113163507,0.24078058477387465,0.006028310517409801,3.1011563147611834,short,649,4967
corrections,265,222,487,0.00014059974012923504,0.00038961380847497785,0.30220365137596161,0.0027407856827831745,5.7724764381829834,short,199,5417
corrective,26,7,33,1.3794691484377777e-05,1.2285120087048851e-05,-0.027635055409255926,0.041949713645602536,-0.13492606023237602,official,2589,3025
correspondence,22,4,26,1.1672431256011964e-05,7.0200686211707723e-06,-0.10898146640524153,0.054167227768218841,-0.46825706924064459,official,2850,2760
corridor,171,136,307,9.0726624762638459e-05,0.00023868233311980625,0.28501866936670339,0.0043499477218702284,4.3214678803011601,short,371,5245
corridors,44,7,51,2.3344862512023929e-05,1.2285120087048851e-05,-0.13241329122790191,0.027768256206928035,-0.79461594689657378,official,3105,2510
corrupt,30,6,36,1.5916951712743588e-05,1.0530102931756157e-05,-0.090963141221442001,0.038961600064859041,-0.46083669928457871,official,2832,2780
corruption,27,12,39,1.432525654146923e-05,2.1060205863512314e-05,0.10319584908868862,0.034759919393574111,0.5535066568992133,short,2099,3519
cosmetic,1187,16,1203,0.00062978072276755471,2.8080274484683089e-05,-0.31238699453503216,0.0012393159425915777,-8.8736424714624249,official,5528,88
cosmetics,39,12,51,2.0692037226566665e-05,2.1060205863512314e-05,0.0043484514237377425,0.02698468809151762,0.026471339726139687,short,2479,3136
cost,1179,442,1621,0.00062553620231082304,0.00077571758263937033,0.05560201493339445,0.00084243530166627962,1.9156768514313385,short,1168,4448
cost-effective,90,3,93,4.775085513823077e-05,5.2650514658780786e-06,-0.28412508677286574,0.015881708656921463,-2.2545556984928918,official,4618,998
cost-of-living,290,113,403,0.00015386386655652135,0.0001983169385480743,0.066110986014946249,0.0033815471280799936,1.1368833659876396,short,1680,3936
cost-sharing,65,6,71,3.4486728710944446e-05,1.0530102931756157e-05,-0.20783204026928637,0.020340515274847901,-1.4572414833733782,official,3816,1799
costly,21,8,29,1.1141866198920512e-05,1.4040137242341545e-05,0.059918923708977445,0.047027588129450723,0.27630430450718901,short,2315,3295
costs,1505,53,1558,0.00079850041092263669,9.3015909230512728e-05,-0.28168971790207653,0.00094777120885883683,-9.1499609170288991,official,5537,79
cotton,71,18,89,3.7670119053493162e-05,3.1590308795268477e-05,-0.041323168402570332,0.015596355508442357,-0.3308887868683324,official,2732,2884
coulee,17,15,32,9.019605970554701e-06,2.6325257329390394e-05,0.31935485706001998,0.041685320113450865,1.5641628081979442,short,1388,4227
council,460,121,581,0.00024405992626206838,0.00021235707579041584,-0.032988144294577637,0.0023856774457553464,-0.67538595215035258,official,3022,2594
councils,19,6,25,1.0080736084737606e-05,1.0530102931756157e-05,0.010820985862238786,0.054985898344850834,0.046146754998631807,short,2463,3150
counsel,140,55,195,7.4279107992803419e-05,9.6525943541098119e-05,0.068359152906262821,0.0069856357677150534,0.8178877499775814,short,1907,3709
counseling,354,155,509,0.00018782003021037435,0.00027202765907036739,0.098911440127348982,0.0026653338621225116,1.9158906443565502,short,1167,4449
counselors,25,7,32,1.3264126427286324e-05,1.2285120087048851e-05,-0.018466557070226486,0.04318544639316256,-0.088862233746682839,official,2556,3057
count,36,28,64,1.9100342055292307e-05,4.9140480348195404e-05,0.27764907089626867,0.020870126328483691,1.9219128282020308,short,1162,4454
counter,33,7,40,1.7508646884017949e-05,1.2285120087048851e-05,-0.079289816823733261,0.034975786986405639,-0.42396857449069419,official,2808,2805
counterfeit,28,25,53,1.4855821598560682e-05,4.3875428882317324e-05,0.32329010127989299,0.025166752941411148,2.0378809727776632,short,1098,4517
counterfeiting,27,24,51,1.432525654146923e-05,4.2120411727024629e-05,0.32180941550192443,0.02615440726191148,1.9898773356832364,short,1122,4494
counterintelligence,22,11,33,1.1672431256011964e-05,1.9305188708219622e-05,0.13788162748168631,0.040909652012545462,0.68170033638073158,short,1994,3619
countermeasures,24,4,28,1.2733561370194872e-05,7.0200686211707723e-06,-0.12448591344566218,0.050481330332752497,-0.55405747020929841,official,2921,2693
counterterrorism,20,36,56,1.0611301141829059e-05,6.3180617590536954e-05,0.55209144747843375,0.024028021064051188,3.5616563801144405,short,514,5102
countervailing,42,2,44,2.2283732397841024e-05,3.5100343105853862e-06,-0.26468720368962728,0.033367598516846363,-1.4490069553952032,official,3811,1805
counties,157,7,164,8.3298713963358121e-05,1.2285120087048851e-05,-0.26877169616778041,0.0089637791453497598,-2.8388206668554088,official,4909,707
countries,1102,25,1127,0.00058468269291478121,4.3875428882317324e-05,-0.29916301126595979,0.0013172485691035369,-8.2427860661991943,official,5509,107
country,415,40,455,0.00022018449869295299,7.0200686211707722e-05,-0.20294897086848174,0.0031701885036194708,-3.6044940257747564,official,5122,494
counts,5,22,27,2.6528252854572648e-06,3.8610377416439245e-05,0.78711652774014418,0.05165872436808585,3.4631172280856588,short,545,5071
county,575,123,698,0.00030507490782758547,0.00021586711010100124,-0.077607090254156574,0.0020041340041577868,-1.7335565857806452,official,4169,1447
couples,42,1,43,2.2283732397841024e-05,1.7550171552926931e-06,-0.29744335734798533,0.034492539714673469,-1.6015543743803997,official,4017,1598
course,82,3,85,4.3506334681499142e-05,5.2650514658780786e-06,-0.27964308126713711,0.017352221429945587,-2.1228853415875752,official,4531,1085
courses,57,0,57,3.0242208254212821e-05,0,-0.33213130001736069,0.026316350581693477,-2.0473730096171781,official,4468,1141
court,576,215,791,0.00030560547288467692,0.00037732868838792898,0.054404432204753661,0.0017261259590424293,1.3094774986942974,short,1553,4063
courts,498,137,635,0.00026422139843154359,0.00024043735027509894,-0.022622246364271348,0.0021785105609937482,-0.48468088573137685,official,2866,2750
cove,11,20,31,5.8362156280059822e-06,3.5100343105853861e-05,0.55518650366881239,0.043417928050308176,2.6644302321393138,short,802,4814
cover,154,3,157,8.1707018792083756e-05,5.2650514658780786e-06,-0.30361455914778901,0.0094659952133351148,-3.1206096925379483,official,5002,614
coverage,2750,459,3209,0.0014590539070014957,0.00080555287427934604,-0.12439346040054389,0.00044100334085283405,-5.9234756773240571,official,5416,200
coverdell,33,14,47,1.7508646884017949e-05,2.4570240174097702e-05,0.089872268086157447,0.028894003729591711,0.52871525317274715,short,2122,3491
covered,297,9,306,0.00015757782195616153,1.5795154397634238e-05,-0.28835606388789436,0.0048335391294989632,-4.1475962135424984,official,5242,374
covering,30,3,33,1.5916951712743588e-05,5.2650514658780786e-06,-0.19859509796536301,0.043651354753798416,-0.95053838827845882,official,3229,2381
crack,36,6,42,1.9100342055292307e-05,1.0530102931756157e-05,-0.12448661477829326,0.033654407258959518,-0.67858098245232412,official,3027,2590
crane,9,17,26,4.7750855138230768e-06,2.9835291639975781e-05,0.56688151136957288,0.051827803627200006,2.490066184710074,short,874,4742
crash,21,6,27,1.1141866198920512e-05,1.0530102931756157e-05,-0.01367029464944558,0.051136924738243793,-0.06045198584248216,official,2533,3080
create,1250,19,1269,0.00066320632136431619,3.3345325950561165e-05,-0.30990276937700489,0.0011739418157121269,-9.0448667052205014,official,5533,83
created,86,3,89,4.5628594909864952e-05,5.2650514658780786e-06,-0.28198400123758205,0.016584412046752654,-2.1896486259945354,official,4579,1037
creating,182,46,228,9.6562840390644446e-05,8.0730789143463881e-05,-0.042009635359116615,0.0060892205741976263,-0.53835414208862065,official,2915,2701
creation,440,271,711,0.0002334486251202393,0.00047560964908431981,0.20228767112389079,0.0018877009338287101,4.6558911585401495,short,312,5304
credentials,25,2,27,1.3264126427286324e-05,3.5100343105853862e-06,-0.22292697821005802,0.053714088953114164,-0.96187474524804439,official,3252,2362
credit,4833,1416,6249,0.0025642209209229922,0.0024851042918944532,-0.0076538253065905337,0.0002212620894622023,-0.51454698866726967,official,2899,2717
creditable,31,0,31,1.644751676983504e-05,0,-0.33212791339143699,0.048387657876598558,-1.5098648555654945,official,3896,1694
credited,25,0,25,1.3264126427286324e-05,0,-0.33212713187227472,0.060000561101111738,-1.3558969980891018,official,3647,1951
creditors,68,0,68,3.6078423882218804e-05,0,-0.33213273284161993,0.022059384639792096,-2.2362223424663865,official,4607,1006
credits,315,24,339,0.00016712799298380769,4.2120411727024629e-05,-0.2277119049262879,0.0042844340945574566,-3.478876431830404,official,5091,525
creek,151,96,247,8.0115323620809392e-05,0.00016848164690809852,0.21232344244791967,0.0054285758634791924,2.8817413032875332,short,722,4894
crew,33,14,47,1.7508646884017949e-05,2.4570240174097702e-05,0.089872268086157447,0.028894003729591711,0.52871525317274715,short,2123,3492
crime,1126,463,1589,0.00059741625428497602,0.0008125729429005169,0.081099132947465513,0.0008562150244181793,2.7715632168608364,short,757,4859
crimes,467,179,646,0.00024777388166170855,0.00031414807079739203,0.061608638786191605,0.0021111550537727623,1.3408541723993515,short,1535,4081
criminal,1365,340,1705,0.00072422130292983328,0.00059670583279951566,-0.045287793026063561,0.00081529193663681639,-1.5860781545463951,official,4010,1606
criminals,81,22,103,4.2975769624407689e-05,3.8610377416439245e-05,-0.025599787049685574,0.01343534372785735,-0.22085740332615553,official,2662,2954
crises,26,0,26,1.3794691484377777e-05,0,-0.33212726212521027,0.057692868793634985,-1.3827493339984507,official,3700,1914
crisis,120,55,175,6.3667806850974351e-05,9.6525943541098119e-05,0.11213532460297237,0.0077382177319690109,1.2747410511999522,short,1593,4023
criteria,193,12,205,0.00010239905601865042,2.1060205863512314e-05,-0.24555131656285845,0.0071214188855332258,-2.9097722719123027,official,4940,676
critical,354,135,489,0.00018782003021037435,0.00023692731596451356,0.060218773282887383,0.0027893649317025713,1.1401952724075302,short,1674,3942
croix,16,10,26,8.4890409134632483e-06,1.755017155292693e-05,0.20687484962356173,0.051587862689191084,0.91082287204964785,short,1836,3781
crop,250,77,327,0.00013264126427286324,0.00013513632095753735,0.0045965290326126507,0.0042089109483293531,0.070850862096556139,short,2443,3173
crops,203,4,207,0.00010770470658956496,7.0200686211707723e-06,-0.30330044070543671,0.0071789220237035364,-3.579673554389041,official,5116,500
cross,39,18,57,2.0692037226566665e-05,3.1590308795268477e-05,0.11416590256433423,0.023750561109021278,0.74079744749016918,short,1964,3651
cross-border,19,13,32,1.0080736084737606e-05,2.281522301880501e-05,0.23586328829976821,0.041830626462828577,1.1532226527196725,short,1665,3950
crossing,25,33,58,1.3264126427286324e-05,5.7915566124658867e-05,0.45305316560863496,0.023037764870175528,2.9848945880667044,short,681,4935
crossroads,14,17,31,7.4279107992803412e-06,2.9835291639975781e-05,0.42556732705508971,0.043056116658916344,2.0509300531433849,short,1089,4527
crow,23,18,41,1.2202996313103419e-05,3.1590308795268477e-05,0.27968242506556962,0.032574713647945369,1.5496187881973011,short,1397,4218
crude,186,34,220,9.8685100619010256e-05,5.9670583279951563e-05,-0.10800516626887458,0.0064006232062658415,-1.3499988512310348,official,3638,1978
cruelty,19,6,25,1.0080736084737606e-05,1.0530102931756157e-05,0.010820985862238786,0.054985898344850834,0.046146754998631807,short,2464,3151
cruise,37,38,75,1.963090711238376e-05,6.6690651901122331e-05,0.36992380562420557,0.017778690064721051,2.7743573584386656,short,756,4860
cruz,16,11,27,8.4890409134632483e-06,1.9305188708219622e-05,0.2374120043348924,0.049572164529333856,1.0663106168028817,short,1735,3878
cuba,231,80,311,0.00012256052818812563,0.00014040137242341544,0.034469243892431223,0.0044031243744808582,0.51945900630529873,short,2132,3484
cuban,49,33,82,2.5997687797481196e-05,5.7915566124658867e-05,0.23076594604062173,0.016329801075426066,1.8058483368527489,short,1237,4379
cultural,242,91,333,0.00012839674381613162,0.00015970656113163507,0.056394406818997211,0.0040981821734451997,0.88092797743637308,short,1861,3755
culture,97,40,137,5.1464810537870939e-05,7.0200686211707722e-05,0.081856521989204012,0.0099237829151314471,0.82170259820532243,short,1904,3712
curb,49,2,51,2.5997687797481196e-05,3.5100343105853862e-06,-0.27386048814459585,0.028868485635130295,-1.6118231039063737,official,4045,1570
cure,38,32,70,2.0161472169475213e-05,5.6160548969366179e-05,0.30387372893828868,0.019063741940497311,2.2008430878010938,short,1004,4611
cures,9,20,29,4.7750855138230768e-06,3.5100343105853861e-05,0.61526488811027313,0.046724513842088707,2.846359398438985,short,732,4885
curfew,17,17,34,9.019605970554701e-06,2.9835291639975781e-05,0.36102841516754047,0.039216247378517241,1.8230910884510836,short,1220,4392
currency,110,67,177,5.8362156280059824e-05,0.00011758614940461042,0.19872385468765863,0.0075832423508728208,2.2820362286896674,short,955,4661
current,406,1,407,0.00021540941317912992,1.7550171552926931e-06,-0.32849308939797162,0.0036815538757984118,-5.4139053328221642,official,5379,237
currently,119,0,119,6.3137241793882905e-05,0,-0.33213937609892241,0.012605603138180438,-2.9582750483979292,official,4958,657
curricula,26,0,26,1.3794691484377777e-05,0,-0.33212726212521027,0.057692868793634985,-1.3827493339984507,official,3701,1915
curriculum,44,2,46,2.3344862512023929e-05,3.5100343105853862e-06,-0.26759022385661879,0.03194500555019511,-1.49716187350286,official,3887,1725
curtail,27,0,27,1.432525654146923e-05,0,-0.33212739237824884,0.055556116657098385,-1.4090900724452342,official,3756,1849
custodial,32,6,38,1.6978081826926497e-05,1.0530102931756157e-05,-0.10328388611513972,0.037013548117238185,-0.53684907712948315,official,2911,2703
custody,113,33,146,5.9953851451334182e-05,5.7915566124658867e-05,-0.0084194512968949198,0.009448157168824186,-0.086618415409552244,official,2553,3062
customer,55,44,99,2.9181078140029912e-05,7.722075483287849e-05,0.28692712674338416,0.013487074606049931,2.4706585514682522,short,883,4733
customers,102,9,111,5.4117635823328202e-05,1.5795154397634238e-05,-0.21278652628992312,0.013028730134239755,-1.8642024763429139,official,4329,1286
customs,176,69,245,9.3379450048095716e-05,0.00012109618371519581,0.067790262166525395,0.0055605714403257995,0.9090915082482095,short,1837,3779
cut,51,97,148,2.7058817911664101e-05,0.00017023666406339123,0.5690118422673347,0.0091073194142811988,5.9624674442075323,short,190,5426
cuts,39,10,49,2.0692037226566665e-05,1.755017155292693e-05,-0.038776836918072988,0.028313350012856339,-0.23045002059712197,official,2671,2945
cutting,17,14,31,9.019605970554701e-06,2.4570240174097702e-05,0.29648860147011824,0.04305611665874768,1.4288629425068455,short,1477,4137
cyber,52,64,116,2.7589382968755554e-05,0.00011232109793873236,0.43003697857692025,0.011508497632262048,4.0086347366357158,short,425,5191
cybersecurity,79,49,128,4.1914639510224784e-05,8.599584060934196e-05,0.20446506651199314,0.010481196514589284,1.9971638031661407,short,1119,4496
cycle,96,6,102,5.0934245480779486e-05,1.0530102931756157e-05,-0.24512241795312484,0.014310325427810857,-2.0490769922577141,official,4476,1140
d,327,65,392,0.00017349477366890512,0.00011407611509402505,-0.092169251058461299,0.0035795655754678143,-1.5405326143715681,official,3956,1660
d.c.,25,4,29,1.3264126427286324e-05,7.0200686211707723e-06,-0.13145471301413991,0.048822109923747629,-0.59493276718791555,official,2940,2669
daily,26,3,29,1.3794691484377777e-05,5.2650514658780786e-06,-0.18057607145125942,0.04943237928396077,-0.81218402534031875,official,3117,2498
dairy,352,208,560,0.00018675890009619143,0.00036504356830088016,0.18921682594831069,0.0023991357895548973,3.8630678702273538,short,455,5161
dakota,105,15,120,5.5709330994602561e-05,2.6325257329390394e-05,-0.14980953273743047,0.011852412974284493,-1.3760558526992062,official,3688,1928
dam,125,72,197,6.6320632136431621e-05,0.00012636123518107391,0.18119787981908786,0.0068236233233073765,2.1935401561591887,short,1011,4605
damage,247,35,282,0.00013104956910158888,6.1425600435244251e-05,-0.1510804471774847,0.0050454944592145043,-2.1269456614250175,official,4532,1084
damaged,84,5,89,4.4567464795682047e-05,8.7750857764634652e-06,-0.24898229436062103,0.016419205808337754,-1.9430876493575511,official,4394,1222
damages,254,17,271,0.00013476352450122905,2.9835291639975781e-05,-0.23944023946899406,0.0053775452820809437,-3.2651647562367274,official,5029,587
dams,44,9,53,2.3344862512023929e-05,1.5795154397634238e-05,-0.086555141925197532,0.026438871716233044,-0.53231832138760315,official,2908,2710
danger,49,0,49,2.5997687797481196e-05,0,-0.33213025797119045,0.030612806004244052,-1.8982651433736926,official,4358,1254
dangerous,78,52,130,4.1384074453133331e-05,9.126089207522004e-05,0.22750415745267283,0.010302758928866472,2.2413649096885111,short,981,4634
dangers,29,1,30,1.5386386655652135e-05,1.7550171552926931e-06,-0.28253028089639542,0.049207778160747596,-1.2736442028462189,official,3550,2062
daniel,16,24,40,8.4890409134632483e-06,4.2120411727024629e-05,0.49456295402780093,0.033482703962837139,2.7027838813015386,short,790,4827
data,726,250,976,0.00038519023144839484,0.00043875428882317324,0.032989267217891083,0.0014037660711958032,0.88049176420872843,short,1862,3754
database,91,25,116,4.8281420195322223e-05,4.3875428882317324e-05,-0.022936679603166255,0.01192367757808907,-0.21005133016230337,official,2656,2960
databases,26,1,27,1.3794691484377777e-05,1.7550171552926931e-06,-0.27706705409365107,0.054582771344186647,-1.1859246492447608,official,3455,2156
date,429,29,458,0.00022761240949223334,5.0895497503488099e-05,-0.23860094504219731,0.0031813450023347582,-4.2302572165529266,official,5254,362
dates,48,0,48,2.5467122740389743e-05,0,-0.33213012771588346,0.031250561106069316,-1.8787948571785984,official,4337,1275
dating,37,40,77,1.963090711238376e-05,7.0200686211707722e-05,0.38701120633934316,0.017319499486139242,2.9407348753686184,short,694,4922
david,17,28,45,9.019605970554701e-06,4.9140480348195404e-05,0.52435821068653787,0.029828223502047741,3.0360881624164766,short,666,4950
davis-bacon,71,33,104,3.7670119053493162e-05,5.7915566124658867e-05,0.11622322722192635,0.013014116907274156,1.018792123432211,short,1763,3853
day,202,142,344,0.0001071741415324735,0.00024921243605156238,0.24464782761640969,0.0038896761780908215,3.9226958878470333,short,441,5175
daylight,49,38,87,2.5997687797481196e-05,6.6690651901122331e-05,0.27669214676760134,0.015353502293082981,2.2330225245435713,short,986,4629
days,197,0,197,0.00010452131624701623,0,-0.33214953689356719,0.0076147743361575267,-3.8063185587216388,official,5178,437
deadline,69,9,78,3.6608988939310257e-05,1.5795154397634238e-05,-0.16350627296906062,0.01829753507504046,-1.2087545586847819,official,3475,2141
deadlines,27,0,27,1.432525654146923e-05,0,-0.33212739237824884,0.055556116657098385,-1.4090900724452342,official,3757,1850
deaf,38,23,61,2.0161472169475213e-05,4.036539457173194e-05,0.19672521374466356,0.02200633311593661,1.3261302583983798,short,1544,4073
deal,94,13,107,4.9873115366596581e-05,2.281522301880501e-05,-0.15479650312353144,0.013309018830960695,-1.3418010454204738,official,3630,1986
dealer,35,20,55,1.8569776998200855e-05,3.5100343105853861e-05,0.1787058064235989,0.024445005553147076,1.1429930600810634,short,1671,3945
dealers,151,28,179,8.0115323620809392e-05,4.9140480348195404e-05,-0.10535816089167405,0.0078617820405811802,-1.1882496127229318,official,3462,2154
dealing,41,2,43,2.1753167340749571e-05,3.5100343105853862e-06,-0.26313548274384679,0.034127545232088149,-1.4243833531306862,official,3787,1829
death,625,179,804,0.00033160316068215809,0.00031414807079739203,-0.013102039319779379,0.0017176453400878536,-0.31613468734571371,official,2723,2893
deaths,91,6,97,4.8281420195322223e-05,1.0530102931756157e-05,-0.24069893768676032,0.015028447917216638,-1.96343762144107,official,4407,1209
debarment,22,4,26,1.1672431256011964e-05,7.0200686211707723e-06,-0.10898146640524153,0.054167227768218841,-0.46825706924064459,official,2851,2761
debit,20,16,36,1.0611301141829059e-05,2.8080274484683089e-05,0.28691962140890404,0.037088473192294392,1.4898439149599592,short,1423,4190
debris,23,13,36,1.2202996313103419e-05,2.281522301880501e-05,0.17530876445463939,0.037357876911892636,0.90701096115164703,short,1839,3774
debt,625,350,975,0.00033160316068215809,0.00061425600435244254,0.17250155262788791,0.0013802783067795256,4.6431175317694402,short,318,5298
debtor,27,0,27,1.432525654146923e-05,0,-0.33212739237824884,0.055556116657098385,-1.4090900724452342,official,3758,1851
debts,121,1,122,6.4198371908065811e-05,1.7550171552926931e-06,-0.31986911317325273,0.012245868760338192,-2.890530164629495,official,4931,685
deceased,103,5,108,5.4648200880419655e-05,8.7750857764634652e-06,-0.26345827182488257,0.013589455134298564,-2.2600123720818948,official,4622,994
decedent,43,0,43,2.2814297454932476e-05,0,-0.33212947644089397,0.034884282035224132,-1.7782488084112784,official,4228,1385
december,181,1,182,9.6032275333552986e-05,1.7550171552926931e-06,-0.32391652257437364,0.0082198629459666744,-3.5727350713134003,official,5112,504
decennial,91,12,103,4.8281420195322223e-05,2.1060205863512314e-05,-0.1619094086318853,0.013850852467770222,-1.3757319860670072,official,3685,1930
decent,28,8,36,1.4855821598560682e-05,1.4040137242341545e-05,-0.013670344712043203,0.038352833831205253,-0.069804068574152459,official,2543,3071
deceptive,135,41,176,7.1626282707346148e-05,7.195570336700041e-05,0.0011278272152370761,0.0078242901504431313,0.012750290995190433,short,2486,3130
decision,92,9,101,4.8811985252413675e-05,1.5795154397634238e-05,-0.20119462388205456,0.014272817359167817,-1.6840753440641003,official,4124,1492
decisionmaking,35,3,38,1.8569776998200855e-05,5.2650514658780786e-06,-0.21586733574062578,0.038089435143507828,-1.1060752266925011,official,3383,2232
decisions,271,10,281,0.00014378313047178374,1.755017155292693e-05,-0.27923246696932935,0.0052485814765961345,-3.8542949107721127,official,5187,429
declaration,68,14,82,3.6078423882218804e-05,2.4570240174097702e-05,-0.085266622929564662,0.017083894447518542,-0.65235744469408596,official,2996,2621
declare,155,0,155,8.2237583849175216e-05,0,-0.33214406561849152,0.0096779804839727274,-3.3762463396340148,official,5065,551
declared,104,2,106,5.5178765937511108e-05,3.5100343105853862e-06,-0.30396568349018871,0.014021725139847906,-2.5669879585763806,official,4790,825
decline,31,0,31,1.644751676983504e-05,0,-0.33212791339143699,0.048387657876598558,-1.5098648555654945,official,3897,1695
decommissioning,20,21,41,1.0611301141829059e-05,3.685536026114655e-05,0.37729026870827198,0.032523035986756495,2.0920885564411309,short,1064,4551
decontamination,24,5,29,1.2733561370194872e-05,8.7750857764634652e-06,-0.082909055750079119,0.048280250336439269,-0.37732641761209551,official,2775,2832
decrease,73,5,78,3.8731249167676067e-05,8.7750857764634652e-06,-0.23742327831495125,0.018671270440192705,-1.737546206773821,official,4185,1431
decree,16,9,25,8.4890409134632483e-06,1.5795154397634238e-05,0.17381355651180641,0.053802569709939116,0.74934555693463201,short,1953,3661
dedicated,48,7,55,2.5467122740389743e-05,1.2285120087048851e-05,-0.14657453437537526,0.025838331230113906,-0.9118560681988076,official,3197,2418
dedication,24,2,26,1.2733561370194872e-05,3.5100343105853862e-06,-0.21879745461544076,0.055714846815725444,-0.92695103760376385,official,3216,2397
deduct,46,0,46,2.4405992626206838e-05,0,-0.33212986720558035,0.032609256757812136,-1.8392360963251253,official,4294,1315
deductibility,38,19,57,2.0161472169475213e-05,3.3345325950561165e-05,0.13788299029069861,0.023684771635393294,0.89593415382673958,short,1849,3766
deductible,96,11,107,5.0934245480779486e-05,1.9305188708219622e-05,-0.18150581466154847,0.013401245764976137,-1.567898543317404,official,3980,1636
deductibles,31,0,31,1.644751676983504e-05,0,-0.33212791339143699,0.048387657876598558,-1.5098648555654945,official,3898,1696
deduction,1289,81,1370,0.00068389835859088285,0.00014215638957870813,-0.24480690023811036,0.0010658225052245537,-7.4986176840795746,official,5487,129
deductions,244,4,248,0.00012945787393031451,7.0200686211707723e-06,-0.30805638465304419,0.0060013354428646165,-3.9765483117128864,official,5206,410
deem,44,0,44,2.3344862512023929e-05,0,-0.33212960669568581,0.034091470196116212,-1.7988076501041976,official,4248,1354
deemed,185,0,185,9.8154535561918797e-05,0,-0.33214797365355508,0.0081086692437092132,-3.6885596781695233,official,5143,473
deep,42,45,87,2.2283732397841024e-05,7.8975771988171179e-05,0.38402674124371572,0.015328256677259683,3.1018092366071959,short,647,4969
deep-draft,30,3,33,1.5916951712743588e-05,5.2650514658780786e-06,-0.19859509796536301,0.043651354753798416,-0.95053838827845882,official,3230,2382
deepwater,58,21,79,3.077277331130427e-05,3.685536026114655e-05,0.046214058421735871,0.017299831186924814,0.35136069411752463,short,2271,3344
default,58,34,92,3.077277331130427e-05,5.9670583279951563e-05,0.1866770123295467,0.014603735720639872,1.5447523304710737,short,1402,4214
defects,47,18,65,2.493655768329829e-05,3.1590308795268477e-05,0.061366674975634083,0.02097732531040146,0.4236990946395584,short,2225,3391
defend,26,26,52,1.3794691484377777e-05,4.563044603761002e-05,0.36103112062143516,0.025641586749418965,2.2546139566604633,short,972,4643
defendants,51,0,51,2.7058817911664101e-05,0,-0.3321305184821135,0.029412325812598318,-1.9366186031223602,official,4385,1226
defending,14,24,38,7.4279107992803412e-06,4.2120411727024629e-05,0.53692248836525103,0.035360362594096938,2.8553098228235152,short,729,4887
defense,2177,909,3086,0.001155040129288093,0.001595310594161058,0.085473898493842349,0.0004408804041884087,4.0707376563794524,short,415,5201
defer,62,0,62,3.2895033539670081e-05,0,-0.33213195129956929,0.02419410949618379,-2.135284935436212,official,4537,1075
deferment,16,11,27,8.4890409134632483e-06,1.9305188708219622e-05,0.2374120043348924,0.049572164529333856,1.0663106168028817,short,1736,3879
deferral,36,54,90,1.9100342055292307e-05,9.4770926385805417e-05,0.49457327495549563,0.014881513499111081,4.0542179631405277,short,418,5198
deferred,89,14,103,4.7220290081139317e-05,2.4570240174097702e-05,-0.13430369292452049,0.013755902999053779,-1.1450999671303961,official,3416,2200
deficiencies,27,0,27,1.432525654146923e-05,0,-0.33212739237824884,0.055556116657098385,-1.4090900724452342,official,3759,1852
deficiency,61,9,70,3.2364468482578628e-05,1.5795154397634238e-05,-0.14473023353106562,0.020292376745678249,-1.0159978864071113,official,3305,2310
deficit,461,165,626,0.00024459049131915982,0.00028957783062329433,0.043155432554497608,0.0021847469445976514,0.9232831370996053,short,1827,3789
deficits,31,6,37,1.644751676983504e-05,1.0530102931756157e-05,-0.097285737213706369,0.037962257410465175,-0.49931332884184304,official,2876,2738
define,132,1,133,7.0034587536071797e-05,1.7550171552926931e-06,-0.32088348413604351,0.011236832597272364,-3.027090527599368,official,4977,639
defined,100,8,108,5.3056505709145297e-05,1.4040137242341545e-05,-0.22293416229800833,0.013428943082317067,-1.9237813406210353,official,4375,1241
definition,473,12,485,0.00025095727200425723,2.1060205863512314e-05,-0.29529089601612846,0.0030564749716797605,-5.3412097818666853,official,5372,244
definitions,36,1,37,1.9100342055292307e-05,1.7550171552926931e-06,-0.29185423467264293,0.040014980714425025,-1.4589979885363076,official,3821,1792
defray,59,0,59,3.1303338368395723e-05,0,-0.33213156052993575,0.025424289921999691,-2.0829830209257625,official,4497,1116
degree,67,5,72,3.5547858825127351e-05,8.7750857764634652e-06,-0.22965177903186351,0.020181818702853186,-1.6165519427484107,official,4048,1569
degrees,49,7,56,2.5997687797481196e-05,1.2285120087048851e-05,-0.14980568521134074,0.025397386505012668,-0.94001283013630033,official,3221,2393
del,29,21,50,1.5386386655652135e-05,3.685536026114655e-05,0.2542606001565435,0.026743295998035887,1.5547895112283554,short,1393,4223
delaware,65,34,99,3.4486728710944446e-05,5.9670583279951563e-05,0.1515121881021102,0.013616919087065135,1.298398908678611,short,1559,4056
delay,204,22,226,0.0001082352716466564,3.8610377416439245e-05,-0.18935025155630036,0.0063584006055416717,-2.3746080898643367,official,4697,919
delayed,46,4,50,2.4405992626206838e-05,7.0200686211707723e-06,-0.21434510814376573,0.028935746291910491,-1.2600745276254794,official,3536,2078
delays,40,5,45,2.1222602283658118e-05,8.7750857764634652e-06,-0.16960800192499015,0.03176526698805672,-0.95163429112046027,official,3239,2378
delegate,47,8,55,2.493655768329829e-05,1.4040137242341545e-05,-0.12081745697556734,0.025677498549671267,-0.75396872860596487,official,3078,2537
delegation,33,1,34,1.7508646884017949e-05,1.7550171552926931e-06,-0.28832512039093494,0.043497362808864806,-1.3824550475996336,official,3689,1925
delimiting,34,1,35,1.8039211941109402e-05,1.7550171552926931e-06,-0.28956825888418081,0.042271092504289599,-1.4084103846848972,official,3734,1875
delinquency,158,54,212,8.3829279020449567e-05,9.4770926385805417e-05,0.03101929445765883,0.0064626623434012554,0.38585682155780154,short,2240,3376
delinquent,60,6,66,3.1833903425487176e-05,1.0530102931756157e-05,-0.19859771304195917,0.021825957935683388,-1.3442733413996053,official,3633,1982
deliver,32,5,37,1.6978081826926497e-05,8.7750857764634652e-06,-0.13541559514906076,0.038302838536691614,-0.69191572834611981,official,3035,2580
delivered,43,4,47,2.2814297454932476e-05,7.0200686211707723e-06,-0.20696461008280842,0.030719515354444671,-1.1808341640423199,official,3448,2168
delivery,600,90,690,0.00031833903425487178,0.00015795154397634236,-0.14211965772409663,0.0020578063300493677,-3.1329387435267662,official,5005,611
delta,37,28,65,1.963090711238376e-05,4.9140480348195404e-05,0.26865722945338355,0.020557170851978401,1.8737724923871439,short,1183,4432
demand,97,23,120,5.1464810537870939e-05,4.036539457173194e-05,-0.056032143270732249,0.011601863046765016,-0.52020361705341966,official,2901,2716
demands,25,1,26,1.3264126427286324e-05,1.7550171552926931e-06,-0.27496828718390454,0.056645441275675446,-1.155314239670745,official,3427,2191
democracies,22,14,36,1.1672431256011964e-05,2.4570240174097702e-05,0.21260646623570167,0.037241940414614691,1.1016923115582051,short,1702,3910
democracy,165,252,417,8.7543234420089743e-05,0.00044226432313375862,0.50042401459257135,0.0032135425691226667,8.8276704921762139,short,95,5521
democratic,94,19,113,4.9873115366596581e-05,3.3345325950561165e-05,-0.088897623352696797,0.012407236571302327,-0.79809137770001659,official,3109,2507
demonstrate,153,0,153,8.117645373499231e-05,0,-0.33214380508612074,0.0098044826973303339,-3.3543920065597574,official,5054,561
demonstrated,48,0,48,2.5467122740389743e-05,0,-0.33213012771588346,0.031250561106069316,-1.8787948571785984,official,4338,1276
demonstration,1323,531,1854,0.00070193757053199223,0.00093191410946041994,0.074341574751815465,0.00073461109168068478,2.7428560502762651,short,771,4845
demonstrations,87,2,89,4.6159159966956405e-05,3.5100343105853862e-06,-0.29861165399945833,0.016671390285848582,-2.3127082184774448,official,4656,960
denali,29,12,41,1.5386386655652135e-05,2.1060205863512314e-05,0.082821369389861843,0.033154199919251323,0.45485516541191456,short,2191,3424
denial,59,15,74,3.1303338368395723e-05,2.6325257329390394e-05,-0.040690675635621787,0.018755313161177976,-0.29712058467043717,official,2713,2903
denied,49,0,49,2.5997687797481196e-05,0,-0.33213025797119045,0.030612806004244052,-1.8982651433736926,official,4359,1255
denies,45,0,45,2.3875427569115385e-05,0,-0.33212973695058068,0.033333894438756007,-1.8191341786345503,official,4274,1335
density,35,8,43,1.8569776998200855e-05,1.4040137242341545e-05,-0.063861001004482887,0.032428917063209078,-0.35462512240126687,official,2759,2857
dental,197,91,288,0.00010452131624701623,0.00015970656113163507,0.11442416835109626,0.0047009392604667787,1.6688812858676378,short,1334,4282
dentists,34,10,44,1.8039211941109402e-05,1.755017155292693e-05,-0.0067015952061755257,0.031339592444800689,-0.037855720773744758,official,2520,3096
deny,253,1,254,0.00013423295944413761,1.7550171552926931e-06,-0.32625667920872381,0.0058945163657543988,-4.2494754296940824,official,5257,359
denying,39,12,51,2.0692037226566665e-05,2.1060205863512314e-05,0.0043484514237377425,0.02698468809151762,0.026471339726139687,short,2480,3137
department,4998,1016,6014,0.0026517641553430817,0.001783097429777376,-0.087989348266639844,0.00023361998847896609,-5.7567199392839017,official,5406,210
departments,418,131,549,0.00022177619386422735,0.00022990724734334278,0.0089196042626316085,0.0025052756201341432,0.17820415685668545,short,2380,3236
dependence,95,7,102,5.0403680423688034e-05,1.2285120087048851e-05,-0.23084189977357816,0.014251015176687969,-1.9337117603128877,official,4382,1234
dependency,250,15,265,0.00013264126427286324,2.6325257329390394e-05,-0.24838009516963666,0.0055137372979349444,-3.3449817605887984,official,5048,568
dependent,481,66,547,0.0002552017924609889,0.00011583113224931773,-0.1560164272232516,0.0026046452335853581,-3.0570042260461205,official,4986,630
dependents,391,38,429,0.00020745093732275812,6.6690651901122331e-05,-0.20198633928987952,0.0033614010085909114,-3.4838691517776157,official,5093,523
depicting,45,0,45,2.3875427569115385e-05,0,-0.33212973695058068,0.033333894438756007,-1.8191341786345503,official,4275,1336
depleted,21,9,30,1.1141866198920512e-05,1.5795154397634238e-05,0.092760460749264695,0.045249429880976008,0.43607013199017697,short,2210,3404
depletion,37,2,39,1.963090711238376e-05,3.5100343105853862e-06,-0.25614192623646481,0.037548699743522956,-1.3218531791136914,official,3600,2015
deployed,31,7,38,1.644751676983504e-05,1.2285120087048851e-05,-0.066421731706702403,0.03671553694971802,-0.34664524883990677,official,2752,2861
deployment,226,78,304,0.00011990770290266836,0.00013689133811283007,0.033571076929099775,0.0045051546655920805,0.50016168634812563,short,2151,3465
deportation,54,25,79,2.8650513082938459e-05,4.3875428882317324e-05,0.11506881363756527,0.017134742722022832,0.87906065348244933,short,1864,3752
deposit,492,132,624,0.00026103800808899486,0.00023166226449863547,-0.02844867516928673,0.0022193699080991815,-0.60387520767934388,official,2954,2662
deposited,48,0,48,2.5467122740389743e-05,0,-0.33213012771588346,0.031250561106069316,-1.8787948571785984,official,4339,1277
deposition,73,50,123,3.8731249167676067e-05,8.7750857764634649e-05,0.23621227485923413,0.010882948762183048,2.2642749915758849,short,966,4650
depositor,9,26,35,4.7750855138230768e-06,4.563044603761002e-05,0.68771756511267412,0.039121276454952551,3.4769913366543936,short,536,5079
depository,448,78,526,0.00023769314557697092,0.00013689133811283007,-0.11683855217451899,0.002682884397754973,-2.2557199823623897,official,4619,997
deposits,178,13,191,9.4440580162278635e-05,2.281522301880501e-05,-0.23167093012368944,0.0076125490222102073,-2.6552565639749734,official,4827,789
depreciable,50,0,50,2.6528252854572649e-05,0,-0.33213038822660224,0.030000561106500415,-1.9175377581890043,official,4368,1243
depreciation,194,35,229,0.00010292962107574188,6.1425600435244251e-05,-0.11040996083374743,0.006152506128786637,-1.407609626673809,official,3733,1883
depressed,49,6,55,2.5997687797481196e-05,1.0530102931756157e-05,-0.17249752726683454,0.026009388346250939,-1.06959115855687,official,3354,2262
depression,44,18,62,2.3344862512023929e-05,3.1590308795268477e-05,0.07961286979486637,0.021934523374249983,0.53755038622620588,short,2109,3506
deprived,34,0,34,1.8039211941109402e-05,0,-0.33212830415240902,0.044118208161875186,-1.5812369534791584,official,3997,1619
deputy,29,0,29,1.5386386655652135e-05,0,-0.33212765288463508,0.051724699033008407,-1.4603469575681074,official,3834,1782
deregulate,25,0,25,1.3264126427286324e-05,0,-0.33212713187227472,0.060000561101111738,-1.3558969980891018,official,3648,1952
deregulation,32,79,111,1.6978081826926497e-05,0.00013864635526812275,0.64523261708665736,0.012256726011835025,5.8281279047279764,short,195,5421
derivatives,33,28,61,1.7508646884017949e-05,4.9140480348195404e-05,0.30637265804960023,0.021874814038965931,2.0714660487285421,short,1079,4537
derived,124,0,124,6.5790067079340162e-05,0,-0.33214002741309301,0.012097335315999909,-3.0197873245006446,official,4972,644
desalination,22,14,36,1.1672431256011964e-05,2.4570240174097702e-05,0.21260646623570167,0.037241940414614691,1.1016923115582051,short,1703,3911
descendants,38,3,41,2.0161472169475213e-05,5.2650514658780786e-06,-0.22423857060650043,0.035386061680103144,-1.1920492567624139,official,3464,2150
described,31,0,31,1.644751676983504e-05,0,-0.33212791339143699,0.048387657876598558,-1.5098648555654945,official,3899,1697
describing,35,0,35,1.8569776998200855e-05,0,-0.33212843440627182,0.042857703960410054,-1.6043222548468057,official,4024,1580
desegregation,25,11,36,1.3264126427286324e-05,1.9305188708219622e-05,0.10029852557816454,0.037670599471732867,0.51676522781188949,short,2134,3481
desert,72,79,151,3.8200684110584615e-05,0.00013864635526812275,0.39195550277778324,0.00883269215240573,4.1705201029012526,short,401,5215
design,270,64,334,0.0001432525654146923,0.00011232109793873236,-0.056106482177261441,0.0041687531244652782,-0.86898034068056118,official,3173,2443
designate,1159,0,1159,0.00061492490116899401,0,-0.33227490496543766,0.001294780500092646,-9.234204058198312,official,5538,78
designated,246,3,249,0.00013051900404449743,5.2650514658780786e-06,-0.31413612215408904,0.0059890171380227409,-4.059196733279121,official,5224,392
designating,235,2,237,0.00012468278841649145,3.5100343105853862e-06,-0.31952187860121839,0.0063033056331301919,-4.024541574609418,official,5215,401
designation,262,144,406,0.00013900804495796068,0.00025272247036214781,0.16668133051485334,0.0033157489975506531,2.8946505031900323,short,716,4900
designations,39,3,42,2.0692037226566665e-05,5.2650514658780786e-06,-0.22676714721379732,0.0345684623395126,-1.2196637203029173,official,3494,2118
designed,363,6,369,0.00019259511572419742,1.0530102931756157e-05,-0.30787588534398402,0.0040333480608525426,-4.8477791114852185,official,5327,289
designs,35,1,36,1.8569776998200855e-05,1.7550171552926931e-06,-0.29074278739387438,0.041112095172819517,-1.4339174329394577,official,3792,1824
destruction,97,15,112,5.1464810537870939e-05,2.6325257329390394e-05,-0.13713003240538946,0.012659265863954964,-1.2187884171891952,official,3491,2125
detained,60,1,61,3.1833903425487176e-05,1.7550171552926931e-06,-0.30764023992572653,0.024394056176909561,-1.9697047470627709,official,4411,1205
detainees,27,2,29,1.432525654146923e-05,3.5100343105853862e-06,-0.23034383637063449,0.050115768475358251,-1.0289384549959946,official,3310,2305
detect,69,1,70,3.6608988939310257e-05,1.7550171552926931e-06,-0.31077930777505358,0.021279312757437725,-2.1304595659832053,official,4533,1082
detection,172,108,280,9.1257189819729905e-05,0.00018954185277161083,0.20837059582547823,0.0047902701303141927,3.0106233890405005,short,675,4941
detectors,32,0,32,1.6978081826926497e-05,0,-0.33212804364498894,0.046875561102620561,-1.5340245419763083,official,3946,1663
detention,129,64,193,6.8442892364797432e-05,0.00011232109793873236,0.13555861700284133,0.0069972017866936995,1.6205593102569913,short,1362,4254
deter,107,4,111,5.6770461108785466e-05,7.0200686211707723e-06,-0.27855184338845618,0.013283369257089924,-2.4168623377386327,official,4728,888
determination,184,22,206,9.7623970504827351e-05,3.8610377416439245e-05,-0.17579229384619843,0.0069506286177484135,-2.1085688726966101,official,4516,1101
determinations,208,4,212,0.00011035753187502222,7.0200686211707723e-06,-0.30397836943162915,0.0070111431522285302,-3.6303480494577078,official,5128,488
determine,488,0,488,0.00025891574786062903,0,-0.33218745001069294,0.0030743316927305604,-5.9911178111062311,official,5421,195
determined,153,0,153,8.117645373499231e-05,0,-0.33214380508612074,0.0098044826973303339,-3.3543920065597574,official,5055,562
determines,55,0,55,2.9181078140029912e-05,0,-0.33213103950519951,0.027273288380305436,-2.0111326303701875,official,4442,1170
determining,431,0,431,0.00022867353960641623,0,-0.33218002304214522,0.0034808396109107871,-5.6302995932202151,official,5397,219
deterrence,11,80,91,5.8362156280059822e-06,0.00014040137242341544,0.87774708439810212,0.015652435904837943,7.0158198449906886,short,142,5474
develop,1125,10,1135,0.00059688568922788463,1.755017155292693e-05,-0.31907915842853463,0.0013164016625550163,-8.7943597415382406,official,5523,93
developed,71,0,71,3.7670119053493162e-05,0,-0.33213312361403702,0.021127321674407271,-2.2850197995551476,official,4639,975
developing,385,45,430,0.00020426754698020939,7.8975771988171179e-05,-0.17888076785782125,0.0033328182138772926,-3.0985452116557792,official,4999,617
development,6865,2498,9363,0.0036423291169328247,0.0043840328539211468,0.047723650375836257,0.00014649507398328959,3.9429579423253265,short,438,5178
developmental,122,36,158,6.4728936965157256e-05,6.3180617590536954e-05,-0.0059085192552590371,0.0087266288784911689,-0.063249253153407722,official,2539,3077
developments,51,0,51,2.7058817911664101e-05,0,-0.3321305184821135,0.029412325812598318,-1.9366186031223602,official,4386,1227
device,124,104,228,6.5790067079340162e-05,0.00018252178415044008,0.302555757916668,0.0058535184343990899,3.9545486904548937,short,434,5182
devices,537,31,568,0.00028491343565811026,5.4405531814073483e-05,-0.25137231187744469,0.0025749876772896466,-4.953701825284095,official,5341,275
diabetes,267,157,424,0.00014166087024341793,0.00027553769338095282,0.18766710973492096,0.0031689095947206834,3.3337516277113726,short,577,5039
diabetic,19,15,34,1.0080736084737606e-05,2.6325257329390394e-05,0.28255567751814148,0.039276648897502993,1.4257284796892871,short,1481,4134
diagnosed,44,4,48,2.3344862512023929e-05,7.0200686211707723e-06,-0.20952556119882537,0.030100895554454745,-1.2076672918797795,official,3470,2142
diagnosis,164,22,186,8.7012669362998283e-05,3.8610377416439245e-05,-0.15938365314361214,0.0076653963018888218,-1.820440422672869,official,4285,1331
diagnostic,80,20,100,4.2445204567316236e-05,3.5100343105853861e-05,-0.044443606319992668,0.013889450007291462,-0.37710888728945202,official,2774,2842
dialysis,20,21,41,1.0611301141829059e-05,3.685536026114655e-05,0.37729026870827198,0.032523035986756495,2.0920885564411309,short,1065,4552
die,109,0,109,5.7831591222968371e-05,0,-0.33213807347831192,0.013762029009126372,-2.8312448396119541,official,4904,709
died,37,0,37,1.963090711238376e-05,0,-0.33212869491431007,0.040541101644238832,-1.6495239516689466,official,4085,1527
diego,41,14,55,2.1753167340749571e-05,2.4570240174097702e-05,0.030782309695773336,0.024909981398220354,0.1950358743518773,short,2370,3246
dies,63,0,63,3.3425598596761534e-05,0,-0.33213208155631868,0.023810084918826378,-2.1524365355429511,official,4550,1062
diesel,76,22,98,4.0322944338950426e-05,3.8610377416439245e-05,-0.01054067189584984,0.014081020888198849,-0.088828274035873053,official,2555,3061
dietary,109,42,151,5.7831591222968371e-05,7.3710720522293099e-05,0.063035761332145057,0.0090280621270461756,0.66342179188829331,short,2010,3606
differences,36,1,37,1.9100342055292307e-05,1.7550171552926931e-06,-0.29185423467264293,0.040014980714425025,-1.4589979885363076,official,3822,1793
different,39,0,39,2.0692037226566665e-05,0,-0.33212895542275866,0.038462099565667845,-1.6935196716434358,official,4135,1474
differential,37,5,42,1.963090711238376e-05,8.7750857764634652e-06,-0.1582796108586404,0.033935384697839258,-0.85920854090676491,official,3167,2448
digestive,63,15,78,3.3425598596761534e-05,2.6325257329390394e-05,-0.055138835390556196,0.017845447866982507,-0.41275644472320427,official,2792,2824
digital,158,136,294,8.3829279020449567e-05,0.00023868233311980625,0.31116435394404718,0.0045385319426271597,4.6188317392200027,short,324,5292
dignity,12,34,46,6.3667806850974358e-06,5.9670583279951563e-05,0.68262001510602666,0.029741940417894651,3.9581693219329619,short,433,5183
dioxide,88,5,93,4.6689725024047858e-05,8.7750857764634652e-06,-0.25251555576254603,0.015729504627156405,-2.0134025506247526,official,4447,1169
diplomacy,22,25,47,1.1672431256011964e-05,4.3875428882317324e-05,0.40359082518197553,0.028382203619336646,2.3956216492656681,short,914,4702
diplomatic,92,41,133,4.8811985252413675e-05,7.195570336700041e-05,0.10398388393226909,0.010192132007922901,1.0299912015533705,short,1757,3859
dire,19,24,43,1.0080736084737606e-05,4.2120411727024629e-05,0.43858940500091492,0.031054966498733804,2.488814931788748,short,875,4740
direct,3314,50,3364,0.0017582925992010751,8.7750857764634649e-05,-0.31032126718895992,0.00044321879806040563,-14.740168705990081,official,5587,29
directed,48,5,53,2.5467122740389743e-05,8.7750857764634652e-06,-0.1936582991919078,0.027142930516782904,-1.1754597045931279,official,3441,2176
directing,99,2,101,5.2525940652053844e-05,3.5100343105853862e-06,-0.30257710691260442,0.014709298981683761,-2.4948249479388278,official,4760,856
direction,37,6,43,1.963090711238376e-05,1.0530102931756157e-05,-0.12918526581324308,0.03290872437063503,-0.71212701126769695,official,3056,2560
directives,34,8,42,1.8039211941109402e-05,1.4040137242341545e-05,-0.057688011644437154,0.033158455842067905,-0.31680236963126351,official,2724,2891
directly,121,0,121,6.4198371908065811e-05,0,-0.33213963662428192,0.012397255336680872,-2.9830321436779403,official,4965,651
director,348,1,349,0.00018463663986782562,1.7550171552926931e-06,-0.32787385376524547,0.0042924242577115504,-5.0044397505702003,official,5345,271
directors,91,10,101,4.8281420195322223e-05,1.755017155292693e-05,-0.18694941036700463,0.014217903460398225,-1.5678565302897864,official,3979,1637
disabilities,770,155,925,0.00040853509396041878,0.00027202765907036739,-0.089731918948623424,0.0015164577312907191,-2.3042616961702809,official,4651,965
disability,1179,258,1437,0.00062553620231082304,0.00045279442606551481,-0.072982819459682879,0.00097279491856461849,-2.3399683876808846,official,4671,945
disabled,577,203,780,0.00030613603794176836,0.00035626848252441666,0.038613076408028135,0.0017547749490359598,0.92177238152549879,short,1829,3787
disadvantaged,194,31,225,0.00010292962107574188,5.4405531814073483e-05,-0.131682083896008,0.0062934459908359193,-1.6599019531897512,official,4101,1515
disallow,37,0,37,1.963090711238376e-05,0,-0.33212869491431007,0.040541101644238832,-1.6495239516689466,official,4086,1528
disapproval,34,3,37,1.8039211941109402e-05,5.2650514658780786e-06,-0.21278025397039535,0.039085068146120484,-1.0762815268540331,official,3364,2253
disapprove,45,0,45,2.3875427569115385e-05,0,-0.33212973695058068,0.033333894438756007,-1.8191341786345503,official,4276,1337
disarmament,40,30,70,2.1222602283658118e-05,5.2650514658780788e-05,0.26572084074880387,0.019091470203407245,1.9231179915684198,short,1158,4458
disaster,832,562,1394,0.00044143012750008886,0.0009863196412744934,0.23185246821711747,0.00096104517003772587,7.4789361132177437,short,127,5489
disasters,192,26,218,0.00010186849096155897,4.563044603761002e-05,-0.15797943671492831,0.0065379461901585948,-1.9537990318572684,official,4401,1215
disbursements,86,1,87,4.5628594909864952e-05,1.7550171552926931e-06,-0.31494224609439136,0.017144544298977688,-2.4052927786443594,official,4718,898
discharge,161,28,189,8.5420974191723932e-05,4.9140480348195404e-05,-0.11702140327194854,0.0074659989260561751,-1.3543201501315889,official,3640,1976
discharged,45,2,47,2.3875427569115385e-05,3.5100343105853862e-06,-0.26894997362732909,0.031278289588663639,-1.5207226270432534,official,3932,1683
discharges,97,2,99,5.1464810537870939e-05,3.5100343105853862e-06,-0.3019826104630905,0.01500359203251141,-2.4653825159592349,official,4745,870
disciplinary,30,4,34,1.5916951712743588e-05,7.0200686211707723e-06,-0.16027580281309284,0.041941350576960752,-0.78261245499931842,official,3099,2517
discipline,51,48,99,2.7058817911664101e-05,8.4240823454049258e-05,0.34083463605818309,0.013469948874863394,2.9367078777258189,short,695,4920
disclose,249,3,252,0.0001321106992157718,5.2650514658780786e-06,-0.31435039384973251,0.005918137761696419,-4.0862174454612878,official,5234,382
disclosed,43,0,43,2.2814297454932476e-05,0,-0.33212947644089397,0.034884282035224132,-1.7782488084112784,official,4229,1386
disclosing,35,0,35,1.8569776998200855e-05,0,-0.33212843440627182,0.042857703960410054,-1.6043222548468057,official,4025,1581
disclosure,1152,770,1922,0.00061121094576935384,0.0013513632095753735,0.22850991960337552,0.00069734162251175328,8.6533100243011116,short,98,5518
disclosures,225,10,235,0.00011937713784557692,1.755017155292693e-05,-0.26896997416342749,0.0062561068434816795,-3.4005700279231412,official,5074,542
discontinue,25,0,25,1.3264126427286324e-05,0,-0.33212713187227472,0.060000561101111738,-1.3558969980891018,official,3649,1953
discount,55,28,83,2.9181078140029912e-05,4.9140480348195404e-05,0.14330472120531113,0.016255946935791118,1.1239690747786364,short,1691,3925
discounts,37,4,41,1.963090711238376e-05,7.0200686211707723e-06,-0.18902612787225515,0.035043296147520414,-1.0097627919700181,official,3295,2318
discourage,63,0,63,3.3425598596761534e-05,0,-0.33213208155631868,0.023810084918826378,-2.1524365355429511,official,4551,1063
discovery,89,27,116,4.7220290081139317e-05,4.7385463192902708e-05,0.00085799664991093039,0.011871616895739904,0.0078746390385472376,short,2491,3125
discretion,37,1,38,1.963090711238376e-05,1.7550171552926931e-06,-0.29290755091125931,0.038974920078329041,-1.4836721715173897,official,3856,1757
discretionary,164,6,170,8.7012669362998283e-05,1.0530102931756157e-05,-0.27965247020780915,0.0086763912905709808,-3.0022654953910468,official,4971,645
discriminate,33,0,33,1.7508646884017949e-05,0,-0.33212817389864746,0.04545510655738156,-1.5578096061599955,official,3968,1645
discrimination,802,142,944,0.00042551317578734527,0.00024921243605156238,-0.11384622810928402,0.0014941093064721415,-2.9452859179474249,official,4951,665
discriminatory,140,13,153,7.4279107992803419e-05,2.281522301880501e-05,-0.20717415050881272,0.0094376267982524287,-2.1325742793940274,official,4535,1081
disease,786,345,1131,0.00041702413487388203,0.0006054809185759791,0.099643853538524674,0.0011997165430597436,2.8768100748206518,short,724,4892
diseases,482,67,549,0.00025573235751808035,0.00011758614940461042,-0.15404813699515607,0.0025938699459778121,-3.0247003172299629,official,4974,642
dislocated,44,13,57,2.3344862512023929e-05,2.281522301880501e-05,-0.0056020998404449074,0.024187265493464352,-0.036021140447884598,official,2516,3099
dislocation,152,10,162,8.0645888677900851e-05,1.755017155292693e-05,-0.24089069471065372,0.0089992279953735148,-2.5393197863455943,official,4785,831
dislocations,37,0,37,1.963090711238376e-05,0,-0.33212869491431007,0.040541101644238832,-1.6495239516689466,official,4087,1529
disorder,78,10,88,4.1384074453133331e-05,1.755017155292693e-05,-0.16600285598489783,0.016228739133448872,-1.3030862741606291,official,3582,2033
disorders,162,51,213,8.5951539248815378e-05,8.9505874919927337e-05,0.010047254795789939,0.0064551065990502915,0.12505345837293375,short,2411,3205
disparities,63,18,81,3.3425598596761534e-05,3.1590308795268477e-05,-0.013670595030534471,0.017046015659649093,-0.10470706269516351,official,2563,3053
dispensing,25,4,29,1.3264126427286324e-05,7.0200686211707723e-06,-0.13145471301413991,0.048822109923747629,-0.59493276718791555,official,2941,2670
displaced,133,69,202,7.0565152593163243e-05,0.00012109618371519581,0.1490240001098222,0.0066756726703803282,1.8239322387372916,short,1218,4398
displacement,11,22,33,5.8362156280059822e-06,3.8610377416439245e-05,0.58417490225150814,0.040909652013163912,2.8882182103624934,short,718,4898
display,46,13,59,2.4405992626206838e-05,2.281522301880501e-05,-0.016271316696981231,0.023413259521869678,-0.10633880083368662,official,2564,3052
disposal,721,110,831,0.00038253740616293761,0.00019305188708219624,-0.13937978921617677,0.0017075904341009977,-3.3729348045111052,official,5061,555
dispose,31,1,32,1.644751676983504e-05,1.7550171552926931e-06,-0.28560746690744843,0.046176607278722956,-1.329102720500865,official,3609,2001
disposed,27,0,27,1.432525654146923e-05,0,-0.33212739237824884,0.055556116657098385,-1.4090900724452342,official,3760,1853
disposition,123,29,152,6.5259502022248716e-05,5.0895497503488099e-05,-0.057254287911115753,0.0091617866449345414,-0.59816077540709889,official,2951,2665
disproportionate,43,1,44,2.2814297454932476e-05,1.7550171552926931e-06,-0.29822749391476933,0.033717036201048795,-1.6241382066426302,official,4051,1563
dispute,81,64,145,4.2975769624407689e-05,0.00011232109793873236,0.28283958253347485,0.0092100288868541651,2.9472005623834288,short,691,4925
disputes,123,39,162,6.5259502022248716e-05,6.8445669056415033e-05,0.011839815003167331,0.0084844574407698416,0.12853839679456447,short,2405,3211
disruption,53,7,60,2.8119948025847007e-05,1.2285120087048851e-05,-0.16167578178583675,0.023775491765501727,-1.0485284418176426,official,3329,2287
disseminate,45,0,45,2.3875427569115385e-05,0,-0.33212973695058068,0.033333894438756007,-1.8191341786345503,official,4277,1338
disseminating,25,0,25,1.3264126427286324e-05,0,-0.33212713187227472,0.060000561101111738,-1.3558969980891018,official,3650,1954
dissemination,198,27,225,0.00010505188130410769,4.7385463192902708e-05,-0.15693394457170484,0.0063328813078496644,-1.9720422568190246,official,4413,1203
distance,34,8,42,1.8039211941109402e-05,1.4040137242341545e-05,-0.057688011644437154,0.033158455842067905,-0.31680236963126351,official,2725,2892
distilled,34,14,48,1.8039211941109402e-05,2.4570240174097702e-05,0.081440046115378806,0.028324715316140465,0.48389956769489562,short,2173,3443
distinct,42,0,42,2.2283732397841024e-05,0,-0.33212934618620515,0.035714846819061744,-1.7574495006982607,official,4201,1411
distress,24,1,25,1.2733561370194872e-05,1.7550171552926931e-06,-0.27270315030033387,0.058870262828012547,-1.1239375155296774,official,3399,2212
distressed,109,17,126,5.7831591222968371e-05,2.9835291639975781e-05,-0.13572445216666118,0.011248887265781627,-1.2796856948993971,official,3559,2057
distribute,120,0,120,6.3667806850974351e-05,0,-0.33213950636154976,0.012500561121589275,-2.9706793812054277,official,4963,653
distributed,58,6,64,3.077277331130427e-05,1.0530102931756157e-05,-0.19450746727900281,0.022482996707045157,-1.2972066919504679,official,3568,2048
distributing,29,0,29,1.5386386655652135e-05,0,-0.33212765288463508,0.051724699033008407,-1.4603469575681074,official,3835,1783
distribution,721,147,868,0.00038253740616293761,0.00025798752182802588,-0.087223557011069097,0.00161510958653799,-2.1703650934771632,official,4569,1047
distributions,163,0,163,8.6482104305906837e-05,0,-0.33214510775210115,0.0092030151185886217,-3.4622848249293816,official,5089,527
distributors,117,1,118,6.20761116797e-05,1.7550171552926931e-06,-0.31945352518789605,0.012659241614688363,-2.8392513470862797,official,4910,705
district,1503,517,2020,0.00079743928080845379,0.0009073438692863223,0.032719689392089357,0.00067857689109716488,1.2560578423263773,short,1603,4013
districts,151,6,157,8.0115323620809392e-05,1.0530102931756157e-05,-0.27534336097973977,0.0093822837018091229,-2.8426299588895398,official,4912,704
diverse,32,8,40,1.6978081826926497e-05,1.4040137242341545e-05,-0.044442524388797366,0.034722783327016928,-0.23850168643595571,official,2681,2934
diversification,39,36,75,2.0692037226566665e-05,6.3180617590536954e-05,0.33436548889685902,0.017781499947483688,2.5074786824939648,short,869,4747
diversified,29,0,29,1.5386386655652135e-05,0,-0.33212765288463508,0.051724699033008407,-1.4603469575681074,official,3836,1784
diversion,84,28,112,4.4567464795682047e-05,4.9140480348195404e-05,0.024552191053574646,0.012245459080622762,0.22187211290386089,short,2356,3260
diversity,143,51,194,7.587080316407777e-05,8.9505874919927337e-05,0.042201932757867766,0.0070495528439152126,0.50263364522810217,short,2149,3467
divestiture,14,19,33,7.4279107992803412e-06,3.3345325950561165e-05,0.46212578449670083,0.040507926079354425,2.2960968165056959,short,948,4669
divide,41,11,52,2.1753167340749571e-05,1.9305188708219622e-05,-0.028442062759861386,0.026626265152608849,-0.17430344234036249,official,2617,2999
dividend,31,42,73,1.644751676983504e-05,7.3710720522293099e-05,0.46157859238315524,0.018311597903117188,3.4110064196932322,short,561,5055
dividends,115,3,118,6.1014981565517094e-05,5.2650514658780786e-06,-0.2942382898816831,0.012556869424806414,-2.6257809831541481,official,4813,802
division,128,22,150,6.7912327307705986e-05,3.8610377416439245e-05,-0.11911052577473491,0.0094116369198235118,-1.2277715321505376,official,3505,2111
dmepos,13,12,25,6.8973457421888885e-06,2.1060205863512314e-05,0.33435853482289879,0.053343377602497639,1.4476786113712496,short,1454,4162
dna,159,80,239,8.4359844077541027e-05,0.00014040137242341544,0.13977616166911488,0.0056479202040555414,1.859896744405336,short,1191,4425
doctors,32,12,44,1.6978081826926497e-05,2.1060205863512314e-05,0.055642657579612731,0.031015598699866757,0.31594957824480729,short,2292,3322
doctrine,25,0,25,1.3264126427286324e-05,0,-0.33212713187227472,0.060000561101111738,-1.3558969980891018,official,3651,1955
document,47,2,49,2.493655768329829e-05,3.5100343105853862e-06,-0.27150451394207309,0.03002507091031888,-1.5668774614304926,official,3977,1639
documentation,33,11,44,1.7508646884017949e-05,1.9305188708219622e-05,0.024551509403726968,0.031169392274656739,0.13906377994944349,short,2400,3215
documents,114,22,136,6.0484416508425642e-05,3.8610377416439245e-05,-0.097847950088507218,0.01032967505032586,-0.96273863770648016,official,3258,2358
dodd-frank,53,5,58,2.8119948025847007e-05,8.7750857764634652e-06,-0.20537691909262534,0.024882585990530809,-1.3019786953823311,official,3581,2036
does,209,5,214,0.00011088809693211368,8.7750857764634652e-06,-0.29730221446886773,0.0069308373816494278,-3.5711269526486999,official,5111,505
dog,62,30,92,3.2895033539670081e-05,5.2650514658780788e-05,0.12809659732453937,0.014690788922222271,1.0568540941731552,short,1743,3873
dogs,69,3,72,3.6608988939310257e-05,5.2650514658780786e-06,-0.27025616681964593,0.020426093026304826,-1.8909626896308094,official,4350,1265
doing,33,0,33,1.7508646884017949e-05,0,-0.33212817389864746,0.04545510655738156,-1.5578096061599955,official,3969,1646
dollar,155,68,223,8.2237583849175216e-05,0.00011934116655990313,0.099461486055238524,0.0060824899099577012,1.2753055366801982,short,1592,4024
dollars,67,35,102,3.5547858825127351e-05,6.1425600435244251e-05,0.15111186896923456,0.013216990955983388,1.3144143160429191,short,1549,4067
domain,112,20,132,5.9423286394242729e-05,3.5100343105853861e-05,-0.11227037091334324,0.010677869149459278,-1.0864828118463936,official,3368,2248
domestic,1364,418,1782,0.00072369073787274189,0.00073359717091234569,0.0033512944386924204,0.00077297091238629195,0.12053995088691315,short,2414,3202
domestically,48,0,48,2.5467122740389743e-05,0,-0.33213012771588346,0.031250561106069316,-1.8787948571785984,official,4340,1278
don't,18,26,44,9.5501710276461537e-06,4.563044603761002e-05,0.48239301962291492,0.030415307650447729,2.7660174011471104,short,760,4855
donation,96,46,142,5.0934245480779486e-05,8.0730789143463881e-05,0.12520190942370846,0.0095213907373571972,1.2831007482176242,short,1583,4033
donations,57,7,64,3.0242208254212821e-05,1.2285120087048851e-05,-0.17209177204065007,0.022349530962082559,-1.1511340489668096,official,3420,2196
donor,65,31,96,3.4486728710944446e-05,5.4405531814073483e-05,0.12381091658304477,0.014085756990413921,1.0432030374949794,short,1745,3871
donors,46,14,60,2.4405992626206838e-05,2.4570240174097702e-05,0.0016493443923639717,0.022948036887107497,0.010887760989831267,short,2487,3127
door,28,25,53,1.4855821598560682e-05,4.3875428882317324e-05,0.32329010127989299,0.025166752941411148,2.0378809727776632,short,1099,4518
dormitories,25,0,25,1.3264126427286324e-05,0,-0.33212713187227472,0.060000561101111738,-1.3558969980891018,official,3652,1956
double,75,30,105,3.9792379281858973e-05,5.2650514658780788e-05,0.07334438925118647,0.012963524083005584,0.644177211478976,short,2024,3592
douglas,21,9,30,1.1141866198920512e-05,1.5795154397634238e-05,0.092760460749264695,0.045249429880976008,0.43607013199017697,short,2211,3405
downpayment,17,17,34,9.019605970554701e-06,2.9835291639975781e-05,0.36102841516754047,0.039216247378517241,1.8230910884510836,short,1221,4393
dr,20,28,48,1.0611301141829059e-05,4.9140480348195404e-05,0.47225839894626631,0.027864338197426852,2.8291457656016976,short,736,4880
draft,25,3,28,1.3264126427286324e-05,5.2650514658780786e-06,-0.17528336783289333,0.051126550146357953,-0.77520660529561014,official,3088,2522
drainage,39,14,53,2.0692037226566665e-05,2.4570240174097702e-05,0.043928299413988015,0.025795499459653846,0.27350950292744597,short,2324,3292
dream,6,45,51,3.1833903425487179e-06,7.8975771988171179e-05,0.88233883557026083,0.02796108742503553,5.2766509445545129,short,239,5377
dredged,39,2,41,2.0692037226566665e-05,3.5100343105853862e-06,-0.25980743214276103,0.035756375058161295,-1.3739623383961705,official,3681,1932
drilling,95,22,117,5.0403680423688034e-05,3.8610377416439245e-05,-0.061091931881007255,0.011911786858571553,-0.55975167510272505,official,2925,2691
drink,39,35,74,2.0692037226566665e-05,6.1425600435244251e-05,0.32499336863238071,0.018024430562370894,2.4207153432182955,short,906,4710
drinking,338,145,483,0.00017933098929691111,0.0002544774875174405,0.093058813636220705,0.0028109446924914597,1.7552192015676416,short,1264,4352
drive,24,14,38,1.2733561370194872e-05,2.4570240174097702e-05,0.18513554438810154,0.0353603625935347,0.98453566372084078,short,1783,3830
driver,43,64,107,2.2814297454932476e-05,0.00011232109793873236,0.49207354172843942,0.012515181005426425,4.3985693791845808,short,353,5263
driver's,37,15,52,1.963090711238376e-05,2.6325257329390394e-05,0.077081198091338621,0.026161889298282989,0.47655595909472337,short,2179,3436
drivers,51,21,72,2.7058817911664101e-05,3.685536026114655e-05,0.081440847817559003,0.018883330585279259,0.59265641274957304,short,2059,3555
driving,74,44,118,3.926181422476752e-05,7.722075483287849e-05,0.19113358731353536,0.01138173396313826,1.7915659340032342,short,1242,4374
dropout,31,21,52,1.644751676983504e-05,3.685536026114655e-05,0.23264714843196721,0.025747384016182841,1.4498770600292372,short,1452,4164
drought,98,80,178,5.1995375594962392e-05,0.00014040137242341544,0.29360372890130471,0.0074997185366355813,3.3903074554113126,short,568,5048
drug,3041,1310,4351,0.0016134483386151086,0.002299072473433428,0.094394143432467104,0.00031249072977255327,5.3398183167473459,short,231,5385
drug-free,52,43,95,2.7589382968755554e-05,7.5465737677585801e-05,0.29785615716022207,0.014049659018647562,2.5128912262707419,short,868,4749
drugs,1225,108,1333,0.00064994219493702988,0.00018954185277161083,-0.21297816675449877,0.001085454329675778,-6.4644161531640192,official,5451,165
drunk,17,24,41,9.019605970554701e-06,4.2120411727024629e-05,0.47497569050318766,0.032626555800870052,2.6295762443893138,short,815,4801
dry,49,14,63,2.5997687797481196e-05,2.4570240174097702e-05,-0.013670494902038755,0.021916145525674106,-0.092342610867443914,official,2560,3055
dsh,27,16,43,1.432525654146923e-05,2.8080274484683089e-05,0.1900688836624731,0.031235427933978308,1.0754427442426182,short,1726,3888
dual,60,15,75,3.1833903425487176e-05,2.6325257329390394e-05,-0.044443155508925969,0.01851907963125107,-0.32658421294045087,official,2728,2888
duck,16,27,43,8.4890409134632483e-06,4.7385463192902708e-05,0.53199065211795649,0.031235427934596771,3.0100954758879905,short,676,4939
dumping,71,38,109,3.7670119053493162e-05,6.6690651901122331e-05,0.15850616554104136,0.012358837765345602,1.4257958435733995,short,1480,4136
dunes,34,24,58,1.8039211941109402e-05,4.2120411727024629e-05,0.24595988711514849,0.023065248278184996,1.6195159074408967,short,1363,4253
duplication,47,8,55,2.493655768329829e-05,1.4040137242341545e-05,-0.12081745697556734,0.025677498549671267,-0.75396872860596487,official,3079,2538
duplicative,107,9,116,5.6770461108785466e-05,1.5795154397634238e-05,-0.21784478882070957,0.012484866053968476,-1.9496436148864869,official,4397,1219
durable,130,19,149,6.8973457421888892e-05,3.3345325950561165e-05,-0.14623324444165853,0.0095371714719708553,-1.4973947984571578,official,3892,1724
duration,44,0,44,2.3344862512023929e-05,0,-0.33212960669568581,0.034091470196116212,-1.7988076501041976,official,4249,1355
dust,15,10,25,7.9584758563717939e-06,1.755017155292693e-05,0.22749426707707698,0.053571989673102532,0.98288242290898531,short,1791,3826
duties,241,2,243,0.00012786617875904018,3.5100343105853862e-06,-0.31983392276681499,0.006148309503757594,-4.0789338660510017,official,5232,384
duty,784,51,835,0.00041596300475969913,8.9505874919927337e-05,-0.24190386791788221,0.0017468946756327279,-5.7877458466983338,official,5409,207
duty-free,44,0,44,2.3344862512023929e-05,0,-0.33212960669568581,0.034091470196116212,-1.7988076501041976,official,4250,1356
dwelling,73,0,73,3.8731249167676067e-05,0,-0.33213338412949689,0.020548506316937543,-2.3169806212050648,official,4657,958
dwellings,25,2,27,1.3264126427286324e-05,3.5100343105853862e-06,-0.22292697821005802,0.053714088953114164,-0.96187474524804439,official,3253,2363
e,138,40,178,7.3217977878620513e-05,7.0200686211707722e-05,-0.01022458659961778,0.007752274061669253,-0.11612646310238972,official,2573,3043
eagle,20,27,47,1.0611301141829059e-05,4.7385463192902708e-05,0.46040480679101492,0.028439447755213672,2.7301044931427403,short,780,4836
earlier,57,0,57,3.0242208254212821e-05,0,-0.33213130001736069,0.026316350581693477,-2.0473730096171781,official,4469,1142
early,455,237,692,0.00024140710097661109,0.00041593906580436824,0.15026978538290336,0.001948827104566827,3.4039644087714493,short,564,5052
earmark,20,23,43,1.0611301141829059e-05,4.036539457173194e-05,0.40755062518362095,0.03102509213081573,2.3137957752680425,short,941,4675
earmarks,23,9,32,1.2202996313103419e-05,1.5795154397634238e-05,0.067263068312653829,0.042572623187383765,0.32599539783409143,short,2283,3332
earn,67,9,76,3.5547858825127351e-05,1.5795154397634238e-05,-0.15917491810188622,0.018758273987970694,-1.1621928455385298,official,3431,2185
earned,273,40,313,0.00014484426058596666,7.0200686211707722e-05,-0.1458467544902522,0.0045399069968848653,-2.1645782545969792,official,4559,1057
earnings,318,78,396,0.00016871968815508205,0.00013689133811283007,-0.048660150577372718,0.0035108260509167091,-0.82123753808324396,official,3131,2485
earth,68,31,99,3.6078423882218804e-05,5.4405531814073483e-05,0.11056844238671104,0.013680892763208998,0.94530939077421161,short,1812,3804
earthquake,66,69,135,3.5017293768035899e-05,0.00012109618371519581,0.37585952377835596,0.0098776462911255771,3.78180232007904,short,473,5143
earthquakes,50,0,50,2.6528252854572649e-05,0,-0.33213038822660224,0.030000561106500415,-1.9175377581890043,official,4369,1244
ease,29,3,32,1.5386386655652135e-05,5.2650514658780786e-06,-0.19450498246082759,0.044965432297168616,-0.91725765361219713,official,3209,2405
easement,27,10,37,1.432525654146923e-05,1.755017155292693e-05,0.052288615035816832,0.036902156848941367,0.27219570217106637,short,2326,3288
easements,31,0,31,1.644751676983504e-05,0,-0.33212791339143699,0.048387657876598558,-1.5098648555654945,official,3900,1698
east,98,67,165,5.1995375594962392e-05,0.00011758614940461042,0.23562274768456604,0.0081131873314644713,2.6159019658180132,short,822,4794
east-west,0,35,35,0,6.1425600435244251e-05,1.0541855653624079,0.042857703962377869,5.092166728313126,short,263,5353
eastern,98,73,171,5.1995375594962392e-05,0.0001281162523363666,0.26349883918738293,0.0078163939113845976,2.980406400855538,short,685,4931
eating,36,25,61,1.9100342055292307e-05,4.3875428882317324e-05,0.24066570500650641,0.021937746437536706,1.624868431895341,short,1358,4258
ebola,15,10,25,7.9584758563717939e-06,1.755017155292693e-05,0.22749426707707698,0.053571989673102532,0.98288242290898531,short,1792,3827
ecological,37,15,52,1.963090711238376e-05,2.6325257329390394e-05,0.077081198091338621,0.026161889298282989,0.47655595909472337,short,2180,3437
economic,2572,1082,3654,0.0013646133268392171,0.0018989285620266939,0.087613498590660477,0.00037232736246613657,4.5405508741458265,short,333,5283
economically,182,12,194,9.6562840390644446e-05,2.1060205863512314e-05,-0.2407082064679944,0.0075145045383399143,-2.7767751967849748,official,4877,739
economies,48,15,63,2.5467122740389743e-05,2.6325257329390394e-05,0.0082021410267465455,0.021830082939667747,0.055513618862152704,short,2458,3157
economy,702,185,887,0.00037245667007819997,0.00032467817372914821,-0.0325672534695709,0.0015627237387926334,-0.82383460330724612,official,3135,2481
ecosystem,50,52,102,2.6528252854572649e-05,9.126089207522004e-05,0.37411127867417093,0.01307301498256049,3.2719971898951874,short,591,5025
ecosystems,84,9,93,4.4567464795682047e-05,1.5795154397634238e-05,-0.19016067799219982,0.015454200199026944,-1.5296689462048756,official,3937,1679
edison,31,12,43,1.644751676983504e-05,2.1060205863512314e-05,0.064292529411298815,0.031695892800997945,0.36112621624704055,short,2257,3357
educate,64,25,89,3.3956163653852993e-05,4.3875428882317324e-05,0.066786267184220094,0.01530843865329227,0.53978613060054925,short,2107,3508
educating,16,18,34,8.4890409134632483e-06,3.1590308795268477e-05,0.4002496894248555,0.039231330334832892,2.0207588335201367,short,1110,4506
education,6537,2940,9477,0.0034683037782068282,0.0051597504365605172,0.10704333098339003,0.00014354342349260244,8.9344529289916945,short,94,5522
educational,1992,401,2393,0.0010568855937261744,0.00070376187927236988,-0.089778833536049873,0.00058652161234087625,-3.7070799166659456,official,5150,466
educationally,37,4,41,1.963090711238376e-05,7.0200686211707723e-06,-0.18902612787225515,0.035043296147520414,-1.0097627919700181,official,3296,2319
educator,20,26,46,1.0611301141829059e-05,4.563044603761002e-05,0.44804327910959429,0.029040965147504066,2.6291444291598176,short,816,4800
educators,47,41,88,2.493655768329829e-05,7.195570336700041e-05,0.31557247422419543,0.015159906508900161,2.5630132619956822,short,844,4771
edward,27,6,33,1.432525654146923e-05,1.0530102931756157e-05,-0.069760542813128268,0.042308253410865741,-0.33915428052838847,official,2743,2869
effect,512,7,519,0.00027164930923082394,1.2285120087048851e-05,-0.31202365164455337,0.0028716339971686464,-5.8226806566093599,official,5410,206
effective,1056,109,1165,0.00056027670028857438,0.00019129686992690352,-0.19486330723794332,0.0012357383456330455,-5.5432798910268364,official,5391,225
effectively,168,16,184,8.9134929591364094e-05,2.8080274484683089e-05,-0.20430549370097317,0.0078414702271942388,-2.3071790307496691,official,4653,963
effectiveness,465,41,506,0.00024671275154752561,7.195570336700041e-05,-0.21289727130379532,0.002858580889418347,-3.9819412870311583,official,5208,408
effects,351,5,356,0.00018622833503909999,8.7750857764634652e-06,-0.31117297236642116,0.0041850714322420679,-4.8100593027863612,official,5321,295
efficacy,47,0,47,2.493655768329829e-05,0,-0.33212999746068128,0.031915454722875047,-1.8591206890678307,official,4316,1292
efficiencies,32,6,38,1.6978081826926497e-05,1.0530102931756157e-05,-0.10328388611513972,0.037013548117238185,-0.53684907712948315,official,2912,2704
efficiency,912,450,1362,0.00048387533206740513,0.00078975771988171184,0.13398925162202069,0.00099219153236873776,4.2537523621444802,short,384,5232
efficient,616,161,777,0.00032682807516833503,0.00028255776200212358,-0.034452591303821833,0.0017845344430632325,-0.81556658733835796,official,3125,2491
efficiently,50,14,64,2.6528252854572649e-05,2.4570240174097702e-05,-0.018466797419367964,0.02159300375537947,-0.12567099535943677,official,2581,3033
effort,89,12,101,4.7220290081139317e-05,2.1060205863512314e-05,-0.15861937086347844,0.014113276535029067,-1.3351876216641803,official,3617,1998
efforts,761,28,789,0.00040376000844659571,4.9140480348195404e-05,-0.27943489420302736,0.0018697127658133972,-6.4623904003165107,official,5450,166
egg,68,36,104,3.6078423882218804e-05,6.3180617590536954e-05,0.15517790447340651,0.012957371751393658,1.3632371834873998,short,1521,4094
egypt,30,5,35,1.5916951712743588e-05,8.7750857764634652e-06,-0.12448626411098829,0.040385176488163692,-0.6194559676914595,official,2958,2652
ehr,25,2,27,1.3264126427286324e-05,3.5100343105853862e-06,-0.22292697821005802,0.053714088953114164,-0.96187474524804439,official,3254,2364
eisenhower,22,16,38,1.1672431256011964e-05,2.8080274484683089e-05,0.25566681740345487,0.035185746289998585,1.3629847034782745,short,1524,4093
el,83,37,120,4.4036899738590594e-05,6.4935634745829642e-05,0.10406826204220465,0.011296096249646212,0.97916100575380349,short,1795,3821
elder,91,72,163,4.8281420195322223e-05,0.00012636123518107391,0.28329372150102294,0.0081928881578589054,3.1298133338325753,short,640,4976
elderly,581,233,814,0.0003082582981701342,0.00040891899718319748,0.074082541398643009,0.0016725170001037214,1.8114677307971288,short,1231,4385
elect,161,0,161,8.5420974191723932e-05,0,-0.33214484721808013,0.0093173313167628259,-3.4409768425622249,official,5087,529
elected,87,1,88,4.6159159966956405e-05,1.7550171552926931e-06,-0.31513720052530658,0.016950801885213123,-2.4204969999079404,official,4730,887
election,1298,286,1584,0.00068867344410470592,0.00050193490641371014,-0.071568634257348052,0.00088230207474751196,-2.4094287014998712,official,4722,894
elections,659,163,822,0.00034964237262326753,0.00028606779631270895,-0.046823480474048829,0.0016910091548395221,-1.13865121279272,official,3413,2203
elective,46,3,49,2.4405992626206838e-05,5.2650514658780786e-06,-0.2416145671112524,0.029757646126696451,-1.4006312996020871,official,3728,1884
electoral,33,6,39,1.7508646884017949e-05,1.0530102931756157e-05,-0.10898203748275925,0.036111672215577824,-0.57349696404784956,official,2929,2684
electric,607,200,807,0.00032205298965451196,0.0003510034310585386,0.021583460728566095,0.0017008235188548184,0.52334906804771619,short,2130,3486
electrical,38,16,54,2.0161472169475213e-05,2.8080274484683089e-05,0.087731914035988012,0.025155840611367771,0.55314397619317845,short,2100,3516
electricity,259,79,338,0.00013741634978668631,0.00013864635526812275,0.0021927153837832947,0.0040736845838470941,0.034354890116701904,short,2473,3143
electrification,58,21,79,3.077277331130427e-05,3.685536026114655e-05,0.046214058421735871,0.017299831186924814,0.35136069411752463,short,2272,3345
electromagnetic,26,4,30,1.3794691484377777e-05,7.0200686211707723e-06,-0.13796952428782028,0.04726946866543956,-0.63458938986527802,official,2978,2635
electronic,620,208,828,0.00032895033539670086,0.00036504356830088016,0.026216018504687355,0.0016564199860068518,0.64414183173454032,short,2025,3591
elementary,1424,92,1516,0.00075552464129822908,0.00016146157828692776,-0.24254103250246661,0.00096258802953994851,-7.8174478675226418,official,5497,119
elements,35,4,39,1.8569776998200855e-05,7.0200686211707723e-06,-0.18184450795645368,0.036769888571356164,-0.94831808347681756,official,3227,2389
elephant,38,28,66,2.0161472169475213e-05,4.9140480348195404e-05,0.25993430246200511,0.020254243599248534,1.8264407191206884,short,1215,4402
eligibility,836,106,942,0.0004435523877284547,0.00018603181846102546,-0.16764548977183491,0.0015171894743707089,-4.3039970342008287,official,5267,349
eligible,1075,3,1078,0.0005703574363733119,5.2650514658780786e-06,-0.32809116052414655,0.0013900988924765913,-8.7997772931397336,official,5524,92
eliminate,1428,53,1481,0.00075764690152659486,9.3015909230512728e-05,-0.27907063034761492,0.00099621264302948904,-8.8417475100316523,official,5527,89
eliminating,172,19,191,9.1257189819729905e-05,3.3345325950561165e-05,-0.18628621664799461,0.0075172868365067213,-2.1485732361201033,official,4546,1070
elimination,233,415,648,0.00012362165830230855,0.00072833211944646763,0.54896455108001252,0.0020763688109136555,12.047364567173309,short,55,5561
elk,23,7,30,1.2202996313103419e-05,1.2285120087048851e-05,0.0016493242307671352,0.045895512657911933,0.007698762579464568,short,2493,3122
embargo,64,14,78,3.3956163653852993e-05,2.4570240174097702e-05,-0.073017479831214871,0.017912379851841052,-0.54556963950070825,official,2917,2699
embassy,26,26,52,1.3794691484377777e-05,4.563044603761002e-05,0.36103112062143516,0.025641586749418965,2.2546139566604633,short,973,4644
emergencies,161,52,213,8.5420974191723932e-05,9.126089207522004e-05,0.016498767336109665,0.0064479428416652947,0.20546644591280092,short,2364,3252
emergency,2432,1888,4320,0.0012903342188464136,0.0033134723891926044,0.27752089574338346,0.00030974887458828579,15.768515888064485,short,29,5587
emerging,75,38,113,3.9792379281858973e-05,6.6690651901122331e-05,0.14186778262324928,0.011942226614678518,1.2981985711310058,short,1561,4055
emigrate,34,0,34,1.8039211941109402e-05,0,-0.33212830415240902,0.044118208161875186,-1.5812369534791584,official,3998,1620
emigration,38,36,74,2.0161472169475213e-05,6.3180617590536954e-05,0.3430153607265698,0.01802004163317824,2.5552633962451714,short,847,4769
eminent,32,10,42,1.6978081826926497e-05,1.755017155292693e-05,0.0082020708015679844,0.032744843849621001,0.045326486096263545,short,2467,3149
emission,65,34,99,3.4486728710944446e-05,5.9670583279951563e-05,0.1515121881021102,0.013616919087065135,1.298398908678611,short,1560,4057
emissions,265,38,303,0.00014059974012923504,6.6690651901122331e-05,-0.14923378287620359,0.0046936758631063195,-2.178264434233498,official,4572,1044
emotional,29,6,35,1.5386386655652135e-05,1.0530102931756157e-05,-0.084288903881075683,0.040015805006043556,-0.42136128240663728,official,2798,2815
emphasis,56,2,58,2.9711643197121365e-05,3.5100343105853862e-06,-0.28083701366948333,0.025439157599565332,-1.7607714320553396,official,4211,1405
employ,65,7,72,3.4486728710944446e-05,1.2285120087048851e-05,-0.1895152188927991,0.019958059032730065,-1.3414822789694039,official,3628,1987
employed,177,3,180,9.3910015105187175e-05,5.2650514658780786e-06,-0.30724808728238351,0.0082661624571881333,-3.3793814807018299,official,5067,549
employee,1482,610,2092,0.00078629741460953327,0.0010705604647285427,0.081399972490451056,0.00065045635141563281,3.1916494024473123,short,612,5004
employee's,46,4,50,2.4405992626206838e-05,7.0200686211707723e-06,-0.21434510814376573,0.028935746291910491,-1.2600745276254794,official,3537,2079
employees,2962,460,3422,0.0015715336991048838,0.00080730789143463873,-0.13660894171071458,0.00041480263990253176,-6.7074643192330257,official,5462,154
employer,501,79,580,0.00026581309360281793,0.00013864635526812275,-0.13392620406638933,0.0024430812882645305,-2.7095464520029311,official,4846,770
employer's,26,2,28,1.3794691484377777e-05,3.5100343105853862e-06,-0.22676588476993587,0.051852412953722671,-0.99584840755359016,official,3287,2322
employer-provided,97,3,100,5.1464810537870939e-05,5.2650514658780786e-06,-0.28746277772489925,0.014785441113504123,-2.3640925524249181,official,4685,931
employers,774,38,812,0.00041065735418878462,6.6690651901122331e-05,-0.26279521665090311,0.0018075488851304379,-6.181194794786272,official,5435,181
employing,31,4,35,1.644751676983504e-05,7.0200686211707723e-06,-0.16507210532958716,0.040793101896032878,-0.81729779120016122,official,3128,2489
employment,2363,1135,3498,0.0012537252299071034,0.0019919444712572067,0.12608916356712552,0.0003870241293205171,6.4092725879205368,short,170,5446
employment-based,35,0,35,1.8569776998200855e-05,0,-0.33212843440627182,0.042857703960410054,-1.6043222548468057,official,4026,1582
employment-related,24,1,25,1.2733561370194872e-05,1.7550171552926931e-06,-0.27270315030033387,0.058870262828012547,-1.1239375155296774,official,3400,2213
empower,106,17,123,5.6239896051694013e-05,2.9835291639975781e-05,-0.13106275844890547,0.011510230493123157,-1.2216232621710184,official,3500,2115
empowering,16,72,88,8.4890409134632483e-06,0.00012636123518107391,0.79183515904732005,0.015865945734124327,6.2863969260560824,short,174,5442
empowerment,80,310,390,4.2445204567316236e-05,0.00054405531814073478,0.75949410829470665,0.0035567922002724332,12.734888964988958,short,46,5570
enable,508,5,513,0.00026952704900245811,8.7750857764634652e-06,-0.3176032968717184,0.0029104950665819252,-5.8871021051133789,official,5412,204
enabling,63,32,95,3.3425598596761534e-05,5.6160548969366179e-05,0.14262093991198199,0.01420369079008162,1.1966928317872751,short,1637,3978
enact,154,0,154,8.1707018792083756e-05,0,-0.33214393535225462,0.009740820869178192,-3.3653369087812153,official,5057,557
enacted,228,0,228,0.00012096883301685128,0,-0.33215357533232748,0.0065795085132919181,-4.0948896707517894,official,5235,381
enacting,56,1,57,2.9711643197121365e-05,1.7550171552926931e-06,-0.30592836651529964,0.026091497940534208,-1.8939575521654457,official,4352,1263
enactment,184,0,184,9.7623970504827351e-05,0,-0.33214784338422376,0.008152735048429012,-3.6785763350079557,official,5140,476
encourage,2434,21,2455,0.0012913953489605966,3.685536026114655e-05,-0.31962840514896218,0.00060897965378625891,-12.952212955782608,official,5578,38
encouragement,38,43,81,2.0161472169475213e-05,7.5465737677585801e-05,0.40219495477681733,0.016468438589170263,3.1340823675735203,short,638,4978
encouraging,254,21,275,0.00013476352450122905,3.685536026114655e-05,-0.21962971102243856,0.0052692987028044279,-3.0256220810672207,official,4975,641
encryption,27,7,34,1.432525654146923e-05,1.2285120087048851e-05,-0.036278993338727972,0.040784247628835056,-0.17964246278519796,official,2624,2988
end,298,173,471,0.00015810838701325297,0.00030361796786563589,0.18366679021167087,0.0028537463550822768,3.4381352050343392,short,549,5067
endangered,367,158,525,0.00019471737595256323,0.00027729271053624551,0.094072308055000775,0.0025857662943135906,1.8499805588008573,short,1195,4421
ending,1019,86,1105,0.00054064579317619061,0.0001509314753551716,-0.21758022265697541,0.0013110016942332937,-6.0092156604643581,official,5422,194
endowment,53,33,86,2.8119948025847007e-05,5.7915566124658867e-05,0.20568017985194231,0.015598167064970067,1.646856125909596,short,1350,4266
enduring,51,5,56,2.7058817911664101e-05,8.7750857764634652e-06,-0.2009361539502077,0.025739798123549013,-1.2524359268436334,official,3533,2084
enemy,43,21,64,2.2814297454932476e-05,3.685536026114655e-05,0.13084917408746044,0.021111061385575121,0.90056683959620287,short,1845,3771
energy,5442,2870,8312,0.002887335040691687,0.0050368992356900292,0.15452847895665123,0.0001626986175374092,12.114809751251265,short,54,5562
energy-efficient,31,5,36,1.644751676983504e-05,8.7750857764634652e-06,-0.13009913126883532,0.03931617814053124,-0.65612826892795695,official,3004,2614
energy-related,42,4,46,2.2283732397841024e-05,7.0200686211707723e-06,-0.20429425127269063,0.03136419746949947,-1.1535569928981197,official,3421,2195
enforce,327,11,338,0.00017349477366890512,1.9305188708219622e-05,-0.28372967111173431,0.004369650080594382,-4.292214570619624,official,5265,351
enforced,27,5,32,1.432525654146923e-05,8.7750857764634652e-06,-0.10559758883273496,0.043976740672301576,-0.50354986346376762,official,2884,2728
enforcement,2112,1244,3356,0.0011205534005771488,0.0021832413411841099,0.18842793593449514,0.00040083541834449722,9.4115736714417828,short,86,5530
enforcing,44,12,56,2.3344862512023929e-05,2.1060205863512314e-05,-0.024639736715696969,0.024706443461409565,-0.15675844499240993,official,2606,3010
engage,175,0,175,9.284888499100427e-05,0,-0.33214667096488881,0.0085719897048739634,-3.5874766544269807,official,5120,496
engaged,282,2,284,0.00014961934609978973,3.5100343105853862e-06,-0.3216148353371473,0.0052638491058563542,-4.4328634950079033,official,5284,332
engagement,55,34,89,2.9181078140029912e-05,5.9670583279951563e-05,0.20340184602766875,0.015075086862076054,1.6566279279490137,short,1341,4275
engaging,113,2,115,5.9953851451334182e-05,3.5100343105853862e-06,-0.30616224640504441,0.01293353457991317,-2.6921113652343127,official,4839,777
engineered,74,37,111,3.926181422476752e-05,6.4935634745829642e-05,0.1378860567096325,0.01216272328389173,1.2502732478749956,short,1607,4009
engineering,275,91,366,0.00014590539070014955,0.00015970656113163507,0.022680627555908828,0.0037488073896756562,0.37043200587590824,short,2253,3363
engineers,142,28,170,7.5340238106986324e-05,4.9140480348195404e-05,-0.093719284451092122,0.0082561943895751323,-1.0314282191438024,official,3314,2302
england,31,23,54,1.644751676983504e-05,4.036539457173194e-05,0.26218334215824868,0.02475227997802168,1.666469965699426,short,1335,4281
english,159,57,216,8.4359844077541027e-05,0.0001000359778516835,0.04357292292206516,0.0063302314751592891,0.54765479991901667,short,2102,3514
enhance,2189,29,2218,0.0011614069099731906,5.0895497503488099e-05,-0.31284775100738837,0.00067251113539523906,-12.063776910403323,official,5572,44
enhanced,524,175,699,0.00027801608991592135,0.00030712800217622127,0.025048693773381814,0.0019623875041399836,0.56544803417111167,short,2085,3531
enhancement,243,1665,1908,0.00012892730887322307,0.0029221035635623336,0.86918231603483864,0.00074533850177534991,31.837144146983555,short,7,5609
enhancements,25,28,53,1.3264126427286324e-05,4.9140480348195404e-05,0.39877244057149852,0.025166752941579822,2.5136889929162445,short,866,4750
enhancing,143,76,219,7.587080316407777e-05,0.00013338130380224466,0.15636856922695763,0.0061528225949052072,1.9934817576401411,short,1121,4495
enlargement,14,23,37,7.4279107992803412e-06,4.036539457173194e-05,0.52355032054334316,0.036275070908912986,2.7488705898706081,short,769,4847
enlisted,24,13,37,1.2733561370194872e-05,2.281522301880501e-05,0.16217492125329969,0.036394003727380005,0.85009757657773954,short,1881,3734
enrichment,55,36,91,2.9181078140029912e-05,6.3180617590536954e-05,0.22161211671160252,0.014723891933886814,1.8263423559579841,short,1217,4399
enroll,64,3,67,3.3956163653852993e-05,5.2650514658780786e-06,-0.26568581984545148,0.021919863182307271,-1.794524766090565,official,4241,1374
enrolled,115,3,118,6.1014981565517094e-05,5.2650514658780786e-06,-0.2942382898816831,0.012556869424806414,-2.6257809831541481,official,4814,803
enrollees,41,0,41,2.1753167340749571e-05,0,-0.33212921593162115,0.036585926958219016,-1.7364010857917151,official,4176,1434
enrollment,283,56,339,0.0001501499111568812,9.8280960696390808e-05,-0.093043758098383833,0.0041399237833710956,-1.4460758411129042,official,3806,1810
ensure,2937,19,2956,0.0015582695726775973,3.3345325950561165e-05,-0.3228726598070315,0.0005063890443876601,-14.347925757758816,official,5585,31
ensures,31,4,35,1.644751676983504e-05,7.0200686211707723e-06,-0.16507210532958716,0.040793101896032878,-0.81729779120016122,official,3129,2490
ensuring,175,171,346,9.284888499100427e-05,0.00030010793355505052,0.35336702589957802,0.0038541829532612684,5.691934033269832,short,202,5414
enter,422,0,422,0.00022389845409259316,0,-0.33217885039353767,0.0035550635563647323,-5.5711941459539283,official,5394,222
entered,113,0,113,5.9953851451334182e-05,0,-0.33213859452531835,0.013274897403266194,-2.8827286007663457,official,4927,688
entering,123,4,127,6.5259502022248716e-05,7.0200686211707723e-06,-0.28525458781114033,0.011634148909582646,-2.6446324890944903,official,4824,791
enterprise,247,207,454,0.00013104956910158888,0.00036328855114558747,0.30232628180755405,0.0029399540328606862,5.5757800393504713,short,210,5406
enterprises,213,16,229,0.00011301035716047949,2.8080274484683089e-05,-0.22904921825064051,0.0063446372379613297,-2.8755797454489445,official,4925,691
entertainment,45,5,50,2.3875427569115385e-05,8.7750857764634652e-06,-0.18552410850152157,0.028708695078073394,-1.0949483338345212,official,3375,2240
entities,678,6,684,0.00035972310870800511,1.0530102931756157e-05,-0.31908033201458963,0.0021840509964511255,-6.8276090900247448,official,5472,144
entitled,926,0,926,0.00049130324286668543,0,-0.3322445315852578,0.001620431705753989,-8.2535820982853814,official,5510,106
entitlement,250,46,296,0.00013264126427286324,8.0730789143463881e-05,-0.10679767891474512,0.0047560396018062091,-1.5485993868648236,official,3960,1656
entity,150,3,153,7.9584758563717946e-05,5.2650514658780786e-06,-0.30287173939964518,0.0097111475721312693,-3.0734310522763009,official,4994,622
entrepreneurial,26,24,50,1.3794691484377777e-05,4.2120411727024629e-05,0.33436201182338543,0.026671969358205396,2.0473372485020072,short,1090,4524
entrepreneurs,53,40,93,2.8119948025847007e-05,7.0200686211707722e-05,0.26777614244232417,0.014368673178992541,2.2338990709858191,short,985,4631
entrepreneurship,32,52,84,1.6978081826926497e-05,9.126089207522004e-05,0.52010623621286456,0.015974191948395906,4.1151210203746844,short,411,5205
entry,204,40,244,0.0001082352716466564,7.0200686211707722e-05,-0.094805027442637524,0.0057538307682755366,-1.2498354137971768,official,3530,2086
environment,470,147,617,0.00024936557683298289,0.00025798752182802588,0.0084163241874612993,0.0022294249620439443,0.17824855831820796,short,2379,3237
environmental,1942,639,2581,0.0010303573408716018,0.0011214559622320308,0.0212515617488922,0.00053221289024125453,0.92118775577674405,short,1830,3786
environmentally,97,10,107,5.1464810537870939e-05,1.755017155292693e-05,-0.19493108025126205,0.013449530450671508,-1.6808444646201248,official,4122,1495
environments,26,10,36,1.3794691484377777e-05,1.755017155292693e-05,0.062531238381346554,0.037868723796892087,0.32133401091175451,short,2287,3329
epa,4,32,36,2.1222602283658121e-06,5.6160548969366179e-05,0.89166482230210953,0.039706443458223065,4.4747743397959816,short,339,5277
epidemic,19,12,31,1.0080736084737606e-05,2.1060205863512314e-05,0.21020311066683384,0.043256375056568049,1.010680944457397,short,1767,3849
epilepsy,19,19,38,1.0080736084737606e-05,3.3345325950561165e-05,0.36102901637597462,0.035088280403227687,1.9273521189937111,short,1156,4459
equal,508,419,927,0.00026952704900245811,0.00073535218806763838,0.29711008843539677,0.0014403674811949536,7.8285394544999738,short,119,5497
equality,52,139,191,2.7589382968755554e-05,0.00024394738458568432,0.66710763497976799,0.0071460905124623893,7.8915380488496325,short,117,5499
equalization,26,161,187,1.3794691484377777e-05,0.00028255776200212358,0.85199960406243669,0.0075689600442277469,9.793124745623091,short,82,5534
equalize,79,0,79,4.1914639510224784e-05,0,-0.33213416567835452,0.018987902884903315,-2.4103219269288849,official,4723,890
equalizing,21,4,25,1.1141866198920512e-05,7.0200686211707723e-06,-0.1003232734100532,0.056222450156808892,-0.42310368722471836,official,2804,2811
equipment,895,127,1022,0.00047485572609685039,0.000222887178722172,-0.15090804229980748,0.0013925317513579453,-4.0439877553394208,official,5219,397
equipped,26,1,27,1.3794691484377777e-05,1.7550171552926931e-06,-0.27706705409365107,0.054582771344186647,-1.1859246492447608,official,3456,2157
equitable,459,133,592,0.0002435293612049769,0.00023341728165392816,-0.010304894093481565,0.002331346361578902,-0.2134224654963543,official,2658,2958
equity,441,1675,2116,0.00023397919017733077,0.0029396537351152607,0.75548328347639515,0.00065542759042254309,29.509544069567312,short,8,5608
equivalent,84,0,84,4.4567464795682047e-05,0,-0.33213481697190161,0.017857703970972045,-2.4854303339009109,official,4755,860
era,113,38,151,5.9953851451334182e-05,6.6690651901122331e-05,0.026822870834029899,0.0090794452092924274,0.28149818703431145,short,2307,3309
eradicate,27,3,30,1.432525654146923e-05,5.2650514658780786e-06,-0.18552262563928679,0.047847451054511242,-0.84813986871307967,official,3150,2463
eradication,38,40,78,2.0161472169475213e-05,7.0200686211707722e-05,0.37813002304570631,0.0170958270411437,2.8919854488635166,short,717,4899
erisa,1,27,28,5.3056505709145302e-07,4.7385463192902708e-05,1.0010721629425205,0.052665137905784233,4.3621819074016006,short,362,5253
erodible,25,4,29,1.3264126427286324e-05,7.0200686211707723e-06,-0.13145471301413991,0.048822109923747629,-0.59493276718791555,official,2942,2671
erosion,53,29,82,2.8119948025847007e-05,5.0895497503488099e-05,0.16528431929186382,0.016416977531444998,1.2899861622394497,short,1575,4042
error,29,12,41,1.5386386655652135e-05,2.1060205863512314e-05,0.082821369389861843,0.033154199919251323,0.45485516541191456,short,2192,3425
errors,38,9,47,2.0161472169475213e-05,1.5795154397634238e-05,-0.056277332700940264,0.029622409845855568,-0.32698159833403528,official,2729,2885
escrow,56,20,76,2.9711643197121365e-05,3.5100343105853861e-05,0.042570896791287893,0.017992985355653468,0.31736657558892861,short,2291,3325
especially,95,0,95,5.0403680423688034e-05,0,-0.33213624982678347,0.015790034800410829,-2.6431677949959806,official,4820,793
espionage,20,21,41,1.0611301141829059e-05,3.685536026114655e-05,0.37729026870827198,0.032523035986756495,2.0920885564411309,short,1066,4553
essential,248,55,303,0.00013158013415868032,9.6525943541098119e-05,-0.070187124408654711,0.0046087392861858395,-1.0338710606942987,official,3315,2301
establish,15385,11,15396,0.0081627434033520047,1.9305188708219622e-05,-0.33306377958898903,9.7957571018437366e-05,-33.651807988451019,official,5607,9
established,535,4,539,0.00028385230554392736,7.0200686211707723e-06,-0.32108062520395819,0.0027732805347620861,-6.0970140841876219,official,5430,186
establishing,968,8,976,0.00051358697526452648,1.4040137242341545e-05,-0.31997646596275509,0.0015312247614045977,-8.177086007270562,official,5508,108
establishment,2352,209,2561,0.0012478890142790973,0.00036679858545617285,-0.21223065176985489,0.0005651141146333817,-8.9277090937216617,official,5531,85
establishments,70,0,70,3.7139553996401709e-05,0,-0.33213299335645985,0.021429132539382861,-2.2688705819284349,official,4627,987
estate,639,217,856,0.00033903107148143844,0.00038083872269851436,0.029365828882689904,0.0016014240627729613,0.73381923074592748,short,1969,3647
estates,44,4,48,2.3344862512023929e-05,7.0200686211707723e-06,-0.20952556119882537,0.030100895554454745,-1.2076672918797795,official,3471,2143
estimate,27,13,40,1.432525654146923e-05,2.281522301880501e-05,0.12662468340519872,0.033793858767706068,0.68881005815790353,short,1986,3630
estimated,26,2,28,1.3794691484377777e-05,3.5100343105853862e-06,-0.22676588476993587,0.051852412953722671,-0.99584840755359016,official,3288,2323
estimates,65,6,71,3.4486728710944446e-05,1.0530102931756157e-05,-0.20783204026928637,0.020340515274847901,-1.4572414833733782,official,3817,1800
estuary,26,18,44,1.3794691484377777e-05,3.1590308795268477e-05,0.23966681676282775,0.030415307649997933,1.3742375172978742,short,1510,4106
et,75,0,75,3.9792379281858973e-05,0,-0.33213364464536888,0.020000561111889203,-2.3485065797464046,official,4676,937
ethanol,96,54,150,5.0934245480779486e-05,9.4770926385805417e-05,0.17382252518047281,0.0089675625658126729,1.8355611072757678,short,1206,4410
ethical,21,16,37,1.1141866198920512e-05,2.8080274484683089e-05,0.27087636631770806,0.036109864943244571,1.4254703320963715,short,1483,4130
ethics,108,124,232,5.7301026165876919e-05,0.00021762212725629393,0.40704777987656371,0.0057507263873391688,5.3676481237500964,short,227,5389
ethiopia,14,11,25,7.4279107992803412e-06,1.9305188708219622e-05,0.2809835131297671,0.053419364520533606,1.2157141721719413,short,1625,3990
ethnic,89,12,101,4.7220290081139317e-05,2.1060205863512314e-05,-0.15861937086347844,0.014113276535029067,-1.3351876216641803,official,3618,1999
europe,39,15,54,2.0692037226566665e-05,2.6325257329390394e-05,0.062531699371438876,0.025246002903437377,0.39355362533727106,short,2229,3386
european,74,26,100,3.926181422476752e-05,4.563044603761002e-05,0.038251476236547788,0.013684195492029469,0.32699308269770788,short,2282,3334
evacuation,21,11,32,1.1141866198920512e-05,1.9305188708219622e-05,0.15193351118862353,0.042124299585029258,0.74026502021709772,short,1966,3648
evaluate,196,2,198,0.00010399075118992478,3.5100343105853862e-06,-0.31703490707726978,0.0075386322045058567,-3.6514117189187663,official,5133,483
evaluating,51,10,61,2.7058817911664101e-05,1.755017155292693e-05,-0.094798023645228824,0.023013639580258646,-0.6248943954730164,official,2969,2646
evaluation,317,107,424,0.00016818912309799058,0.00018778683561631815,0.027789512868981348,0.0032333280298368619,0.48871542924548594,short,2169,3447
evaluations,36,3,39,1.9100342055292307e-05,5.2650514658780786e-06,-0.21879858680311415,0.037143418247155197,-1.1352815455590943,official,3410,2205
evasion,23,12,35,1.2202996313103419e-05,2.1060205863512314e-05,0.15073007056056653,0.038518536158967547,0.76800671176503366,short,1944,3670
event,197,7,204,0.00010452131624701623,1.2285120087048851e-05,-0.28110263408173175,0.0072336632190164972,-3.3051088920203324,official,5040,576
events,132,20,152,7.0034587536071797e-05,3.5100343105853861e-05,-0.14046503302690816,0.0093356413785472998,-1.4537714828866344,official,3815,1801
everglades,16,23,39,8.4890409134632483e-06,4.036539457173194e-05,0.48083233035965378,0.034311411545305211,2.5958187717649377,short,831,4785
eviction,29,6,35,1.5386386655652135e-05,1.0530102931756157e-05,-0.084288903881075683,0.040015805006043556,-0.42136128240663728,official,2799,2816
evidence,175,21,196,9.284888499100427e-05,3.685536026114655e-05,-0.17529515122020989,0.0073042738597861546,-2.0510742363146401,official,4478,1137
evidence-based,45,5,50,2.3875427569115385e-05,8.7750857764634652e-06,-0.18552410850152157,0.028708695078073394,-1.0949483338345212,official,3376,2241
ex-offenders,18,15,33,9.5501710276461537e-06,2.6325257329390394e-05,0.3004028013937301,0.040441737574267674,1.4937883737754274,short,1420,4196
examination,121,43,164,6.4198371908065811e-05,7.5465737677585801e-05,0.041255684225566469,0.0083402509377125764,0.45174591643664197,short,2200,3415
examinations,100,6,106,5.3056505709145297e-05,1.0530102931756157e-05,-0.248364432916242,0.013783501479519043,-2.115483411240104,official,4520,1096
examine,109,0,109,5.7831591222968371e-05,0,-0.33213807347831192,0.013762029009126372,-2.8312448396119541,official,4905,710
exceed,126,0,126,6.6851197193523067e-05,0,-0.3321402879394828,0.011905323027644549,-3.0440442830176195,official,4981,634
exceeding,27,0,27,1.432525654146923e-05,0,-0.33212739237824884,0.055556116657098385,-1.4090900724452342,official,3761,1854
exceeds,34,0,34,1.8039211941109402e-05,0,-0.33212830415240902,0.044118208161875186,-1.5812369534791584,official,3999,1621
excellence,149,201,350,7.9054193506626486e-05,0.00035275844821383128,0.46021922099760637,0.0038194512311767624,7.446707036002258,short,129,5487
exception,110,4,114,5.8362156280059824e-05,7.0200686211707723e-06,-0.27995072713512492,0.012939423105992963,-2.4610709992502469,official,4744,872
exceptional,32,18,50,1.6978081826926497e-05,3.1590308795268477e-05,0.17381535017131178,0.026901565411673121,1.0597400593315895,short,1741,3875
exceptions,64,3,67,3.3956163653852993e-05,5.2650514658780786e-06,-0.26568581984545148,0.021919863182307271,-1.794524766090565,official,4242,1375
excess,229,36,265,0.00012149939807394273,6.3180617590536954e-05,-0.13441626587428956,0.0053471117890599917,-1.8381975990770321,official,4292,1324
excessive,241,36,277,0.00012786617875904018,6.3180617590536954e-05,-0.1427646284004549,0.0051259512668743786,-1.994037781653953,official,4433,1183
exchange,1361,357,1718,0.0007220990427014675,0.00062654112443949136,-0.033643885517603778,0.0008072699701863373,-1.1841228119598748,official,3453,2163
exchanges,94,10,104,4.9873115366596581e-05,1.755017155292693e-05,-0.19105321272775555,0.013822995993769011,-1.6249995836936857,official,4054,1562
excise,374,62,436,0.0001984313313522034,0.00010881106362814697,-0.12543287072867493,0.0032431612229502126,-2.2025566764268834,official,4584,1032
exclude,579,0,579,0.00030719716805595126,0,-0.33219930779551277,0.0025912347956792803,-6.5259740084464779,official,5455,161
excluded,58,0,58,3.077277331130427e-05,0,-0.33213143027359493,0.025862630073742055,-2.0652547597847382,official,4485,1131
excluding,28,1,29,1.4855821598560682e-05,1.7550171552926931e-06,-0.28083379739508274,0.050877754084486283,-1.2450460263550298,official,3517,2091
exclusion,392,43,435,0.00020798150237984957,7.5465737677585801e-05,-0.18720319499381155,0.0033018012439278281,-3.2579003261900126,official,5027,589
exclusionary,16,9,25,8.4890409134632483e-06,1.5795154397634238e-05,0.17381355651180641,0.053802569709939116,0.74934555693463201,short,1954,3662
exclusions,46,0,46,2.4405992626206838e-05,0,-0.33212986720558035,0.032609256757812136,-1.8392360963251253,official,4295,1316
exclusive,125,5,130,6.6320632136431621e-05,8.7750857764634652e-06,-0.27497958953412471,0.011329537158884403,-2.5834161801305755,official,4797,819
exclusively,40,0,40,2.1222602283658118e-05,0,-0.33212908567713839,0.03750056110434493,-1.7150943922473294,official,4156,1456
execute,42,0,42,2.2283732397841024e-05,0,-0.33212934618620515,0.035714846819061744,-1.7574495006982607,official,4202,1412
executive,884,136,1020,0.00046901951046884443,0.00023868233311980625,-0.13802443065788594,0.0013908233104611904,-3.7010076596193833,official,5148,468
executives,30,7,37,1.5916951712743588e-05,1.2285120087048851e-05,-0.059480572099802842,0.037653206965692937,-0.30653082304301343,official,2718,2898
exempt,633,14,647,0.00033584768113888971,2.4570240174097702e-05,-0.29991464831906001,0.0022946705400856424,-6.2609106779230936,official,5438,178
exempting,66,0,66,3.5017293768035899e-05,0,-0.33213247232719034,0.022727833837221954,-2.2030903871020575,official,4586,1031
exemption,430,79,509,0.00022814297454932478,0.00013864635526812275,-0.10708720168997843,0.0027662042083115308,-2.0360828753780544,official,4461,1155
exemptions,171,9,180,9.0726624762638459e-05,1.5795154397634238e-05,-0.25803429994122418,0.0081405692750374167,-2.8598947560307226,official,4919,697
exercise,174,10,184,9.231831993391281e-05,1.755017155292693e-05,-0.25166987880498581,0.0079484964005909972,-2.8228561599915483,official,4901,715
exist,33,7,40,1.7508646884017949e-05,1.2285120087048851e-05,-0.079289816823733261,0.034975786986405639,-0.42396857449069419,official,2809,2806
existence,65,0,65,3.4486728710944446e-05,0,-0.33213234207012832,0.023077484186656751,-2.1863361563722021,official,4577,1039
existing,680,24,704,0.000360784238822188,4.2120411727024629e-05,-0.28148703481893733,0.0020967309750832357,-6.1473372641869188,official,5433,183
exists,28,2,30,1.4855821598560682e-05,3.5100343105853862e-06,-0.23368658812023924,0.04849194041264674,-1.0612043130292073,official,3342,2276
exotic,25,15,40,1.3264126427286324e-05,2.6325257329390394e-05,0.19397242679114157,0.033566994671621837,1.0587264654842101,short,1742,3874
expand,2217,33,2250,0.0011762627315717513,5.7915566124658867e-05,-0.31047816203124334,0.0006624456226592151,-12.063017044441414,official,5571,45
expanded,294,45,339,0.00015598612678488716,7.8975771988171179e-05,-0.13882347270482498,0.0041845066689619606,-2.1460546242752465,official,4544,1072
expanding,293,75,368,0.00015545556172779572,0.00013162628664695197,-0.039166615636778701,0.0037707568264709855,-0.63782536033778359,official,2986,2630
expansion,457,612,1069,0.00024246823109079401,0.001074070499039128,0.45796647222176379,0.0012507533530520219,12.949346338494781,short,43,5573
expected,34,1,35,1.8039211941109402e-05,1.7550171552926931e-06,-0.28956825888418081,0.042271092504289599,-1.4084103846848972,official,3735,1876
expedite,254,4,258,0.00013476352450122905,7.0200686211707723e-06,-0.30898817970589576,0.0057704800446930059,-4.0675780411391589,official,5227,389
expedited,237,63,300,0.00012574391853067436,0.00011056608078343966,-0.030575681782153197,0.0046175794934983447,-0.44995487284729546,official,2826,2790
expediting,17,10,27,9.019605970554701e-06,1.755017155292693e-05,0.18775367792589925,0.049754860856404813,0.84172590873896136,short,1890,3725
expedition,17,8,25,9.019605970554701e-06,1.4040137242341545e-05,0.11986248068147631,0.054113115214115624,0.51526660166988847,short,2137,3476
expeditious,76,1,77,4.0322944338950426e-05,1.7550171552926931e-06,-0.31271525819220614,0.019357021645307653,-2.2476557947176463,official,4614,1002
expended,54,0,54,2.8650513082938459e-05,0,-0.33213090924927258,0.027778338885140391,-1.9927653288019109,official,4430,1185
expenditure,163,38,201,8.6482104305906837e-05,6.6690651901122331e-05,-0.059671869797647048,0.0069319143068497131,-0.71670932308705959,official,3059,2557
expenditures,597,64,661,0.00031674733908359744,0.00011232109793873236,-0.19013367604786424,0.0021747841462780877,-4.077096264550689,official,5231,385
expense,107,45,152,5.6770461108785466e-05,7.8975771988171179e-05,0.087404423617162053,0.0089377071240010712,0.92452860658111113,short,1825,3791
expenses,1091,39,1130,0.00057884647728677515,6.8445669056415033e-05,-0.28091091386560496,0.0013062409709429989,-7.7724325494849538,official,5495,121
expensing,74,23,97,3.926181422476752e-05,4.036539457173194e-05,0.0068517621895320957,0.014181847667632176,0.057535497539716755,short,2455,3161
experience,72,6,78,3.8200684110584615e-05,1.0530102931756157e-05,-0.21880198343672141,0.018571989684301772,-1.6055433557940566,official,4042,1574
experienced,49,7,56,2.5997687797481196e-05,1.2285120087048851e-05,-0.14980568521134074,0.025397386505012668,-0.94001283013630033,official,3222,2394
experiences,25,0,25,1.3264126427286324e-05,0,-0.33212713187227472,0.060000561101111738,-1.3558969980891018,official,3653,1957
experiencing,75,0,75,3.9792379281858973e-05,0,-0.33213364464536888,0.020000561111889203,-2.3485065797464046,official,4677,938
experiment,25,7,32,1.3264126427286324e-05,1.2285120087048851e-05,-0.018466557070226486,0.04318544639316256,-0.088862233746682839,official,2557,3058
experimental,51,9,60,2.7058817911664101e-05,1.5795154397634238e-05,-0.11440315696132508,0.023502323741359334,-0.7462470148035002,official,3073,2543
experimentation,25,13,38,1.3264126427286324e-05,2.281522301880501e-05,0.14971655607988765,0.035481420114915507,0.79482099727693079,short,1923,3694
experiments,44,0,44,2.3344862512023929e-05,0,-0.33212960669568581,0.034091470196116212,-1.7988076501041976,official,4251,1357
expertise,63,8,71,3.3425598596761534e-05,1.4040137242341545e-05,-0.16737340164796599,0.020121475526742216,-1.1799307797369665,official,3446,2169
experts,28,1,29,1.4855821598560682e-05,1.7550171552926931e-06,-0.28083379739508274,0.050877754084486283,-1.2450460263550298,official,3518,2092
expiration,50,0,50,2.6528252854572649e-05,0,-0.33213038822660224,0.030000561106500415,-1.9175377581890043,official,4370,1245
expiring,137,7,144,7.2687412821529054e-05,1.2285120087048851e-05,-0.26006635676571399,0.010181796544657718,-2.577341498094432,official,4795,821
explicit,38,0,38,2.0161472169475213e-05,0,-0.33212882516848197,0.039474245314440153,-1.6716665464481066,official,4109,1499
exploitation,195,66,261,0.00010346018613283332,0.00011583113224931773,0.028493703671866655,0.00525164758737179,0.39318877961734922,short,2231,3385
exploited,21,5,26,1.1141866198920512e-05,8.7750857764634652e-06,-0.055137673282837696,0.053535221362418284,-0.23830251962993382,official,2673,2937
exploration,224,55,279,0.00011884657278848546,9.6525943541098119e-05,-0.048431352336528732,0.0049826447055827368,-0.68611456031089402,official,3031,2585
explosive,45,9,54,2.3875427569115385e-05,1.5795154397634238e-05,-0.090963802463845056,0.025974587081894589,-0.56440945474948823,official,2926,2689
explosives,94,47,141,4.9873115366596581e-05,8.2485806298756569e-05,0.13788776033473482,0.0095750292138651223,1.4091449341637785,short,1494,4122
export,956,501,1457,0.00050722019457942902,0.00087926359480163918,0.1521674516958873,0.00092570854944423406,5.0013198546046063,short,274,5342
export-import,84,36,120,4.4567464795682047e-05,6.3180617590536954e-05,0.092763888017364238,0.011312778318183525,0.87215626434761828,short,1869,3747
exportation,102,4,106,5.4117635823328202e-05,7.0200686211707723e-06,-0.27604597156836164,0.01389916251739773,-2.3414619099132103,official,4672,944
exported,44,0,44,2.3344862512023929e-05,0,-0.33212960669568581,0.034091470196116212,-1.7988076501041976,official,4252,1358
exporting,49,20,69,2.5997687797481196e-05,3.5100343105853861e-05,0.078977284950592974,0.019711092439086569,0.56253150742758573,short,2087,3529
exports,224,44,268,0.00011884657278848546,7.722075483287849e-05,-0.094462443682200359,0.0052382096862997251,-1.3051719651401417,official,3584,2032
exposed,102,9,111,5.4117635823328202e-05,1.5795154397634238e-05,-0.21278652628992312,0.013028730134239755,-1.8642024763429139,official,4330,1287
exposure,300,74,374,0.00015916951712743589,0.00012987126949165928,-0.047420767142455134,0.0037163835628739473,-0.77787230643020844,official,3097,2519
express,187,17,204,9.9215665676101702e-05,2.9835291639975781e-05,-0.20953858731512476,0.0070829927755141596,-2.489749261403233,official,4758,858
expressing,93,0,93,4.9342550309505128e-05,0,-0.33213598930678678,0.016129593373833708,-2.6151959051824574,official,4806,808
expression,21,15,36,1.1141866198920512e-05,2.6325257329390394e-05,0.24980139734804929,0.037152263890703793,1.295991705466099,short,1564,4049
extend,3778,14,3792,0.0020044747856915093,2.4570240174097702e-05,-0.32707777832318197,0.00039540534867796702,-16.448631427636538,official,5592,24
extended,235,33,268,0.00012468278841649145,5.7915566124658867e-05,-0.15247299306248685,0.0053108918621388931,-2.0922288981108021,official,4508,1108
extending,108,9,117,5.7301026165876919e-05,1.5795154397634238e-05,-0.21880538017621198,0.012381513502400989,-1.966396664180563,official,4409,1206
extension,480,1047,1527,0.0002546712274038974,0.0018375029615914495,0.61023217472887659,0.00088731797614369386,20.485919521761637,short,16,5600
extensions,27,7,34,1.432525654146923e-05,1.2285120087048851e-05,-0.036278993338727972,0.040784247628835056,-0.17964246278519796,official,2625,2989
extent,259,0,259,0.00013741634978668631,0,-0.33215761387019427,0.0057920669430597017,-4.3644289278329884,official,5272,343
external,34,2,36,1.8039211941109402e-05,3.5100343105853862e-06,-0.24988934421618936,0.040602064862993684,-1.2401484562648453,official,3511,2104
extinction,31,0,31,1.644751676983504e-05,0,-0.33212791339143699,0.048387657876598558,-1.5098648555654945,official,3901,1699
extraction,37,2,39,1.963090711238376e-05,3.5100343105853862e-06,-0.25614192623646481,0.037548699743522956,-1.3218531791136914,official,3601,2016
extradition,26,16,42,1.3794691484377777e-05,2.8080274484683089e-05,0.20196211742766579,0.031947822768961597,1.1299241268149443,short,1686,3928
extraordinary,64,0,64,3.3956163653852993e-05,0,-0.3321322118131711,0.023438061109518123,-2.1694525539699216,official,4566,1050
extraterritorial,20,9,29,1.0611301141829059e-05,1.5795154397634238e-05,0.10679043921111031,0.046724513841470257,0.49403757013922672,short,2160,3453
extreme,48,3,51,2.5467122740389743e-05,5.2650514658780786e-06,-0.24511745817208386,0.02862008972641325,-1.4489011226443567,official,3807,1807
extremely,23,7,30,1.2202996313103419e-05,1.2285120087048851e-05,0.0016493242307671352,0.045895512657911933,0.007698762579464568,short,2494,3123
eye,48,15,63,2.5467122740389743e-05,2.6325257329390394e-05,0.0082021410267465455,0.021830082939667747,0.055513618862152704,short,2459,3158
f,96,35,131,5.0934245480779486e-05,6.1425600435244251e-05,0.04806365155087633,0.010429943855082859,0.47062584918409367,short,2184,3432
faa,23,19,42,1.2202996313103419e-05,3.3345325950561165e-05,0.29751508965230755,0.031778619113410463,1.668942932331251,short,1332,4283
face,25,3,28,1.3264126427286324e-05,5.2650514658780786e-06,-0.17528336783289333,0.051126550146357953,-0.77520660529561014,official,3089,2523
facilitate,1122,1,1123,0.00059529399405661024,1.7550171552926931e-06,-0.33093423954146761,0.0013356753516824188,-9.0550582243700468,official,5534,82
facilitating,136,17,153,7.2156847764437608e-05,2.9835291639975781e-05,-0.16961533639227433,0.0093431216832919311,-1.7547656140545036,official,4194,1422
facilitation,31,90,121,1.644751676983504e-05,0.00015795154397634236,0.68903565775560693,0.011318844988177409,6.4765040461607635,short,165,5451
facilities,2438,284,2722,0.0012935176091889624,0.00049842487210312477,-0.17949838662227879,0.00052702814599582949,-7.8188637397118157,official,5498,118
facility,480,160,640,0.0002546712274038974,0.00028080274484683089,0.024557485152470804,0.0021434183855601708,0.53043285244247951,short,2120,3496
facing,26,4,30,1.3794691484377777e-05,7.0200686211707723e-06,-0.13796952428782028,0.04726946866543956,-0.63458938986527802,official,2979,2636
fact,17,12,29,9.019605970554701e-06,2.1060205863512314e-05,0.24595693111825589,0.04612993543987022,1.1451638822158583,short,1669,3947
factor,27,1,28,1.432525654146923e-05,1.7550171552926931e-06,-0.27901713621565527,0.052665137904322437,-1.2158199463805444,official,3485,2127
factors,97,2,99,5.1464810537870939e-05,3.5100343105853862e-06,-0.3019826104630905,0.01500359203251141,-2.4653825159592349,official,4746,871
facts,25,0,25,1.3264126427286324e-05,0,-0.33212713187227472,0.060000561101111738,-1.3558969980891018,official,3654,1958
faculty,57,16,73,3.0242208254212821e-05,2.8080274484683089e-05,-0.017875306502467936,0.018928823860845136,-0.12992468790200995,official,2585,3028
fail,77,7,84,4.0853509396041878e-05,1.2285120087048851e-05,-0.2095285670813869,0.017200752227457341,-1.5976054116085441,official,4014,1602
failed,54,2,56,2.8650513082938459e-05,3.5100343105853862e-06,-0.27902022223157985,0.026332849509160077,-1.7194389152459346,official,4167,1448
fails,49,0,49,2.5997687797481196e-05,0,-0.33213025797119045,0.030612806004244052,-1.8982651433736926,official,4360,1256
failure,141,8,149,7.4809673049894865e-05,1.4040137242341545e-05,-0.25262673207035924,0.0098182637419517386,-2.5495407459174793,official,4787,829
failures,26,1,27,1.3794691484377777e-05,1.7550171552926931e-06,-0.27706705409365107,0.054582771344186647,-1.1859246492447608,official,3457,2158
fair,1361,1312,2673,0.0007220990427014675,0.0023025825077440131,0.3491906126681954,0.00049939568552026688,15.62572464722987,short,30,5586
fairness,261,2025,2286,0.00013847747990086923,0.0035539097394677033,0.88811631593577101,0.00062514521158498165,35.520526483523014,short,6,5610
faith,21,20,41,1.1141866198920512e-05,3.5100343105853861e-05,0.34476866585899835,0.032523035986700269,1.9117550604556472,short,1169,4447
fallen,25,110,135,1.3264126427286324e-05,0.00019305188708219624,0.78715183962817825,0.010332193784069165,7.7439447055565118,short,122,5494
falls,51,27,78,2.7058817911664101e-05,4.7385463192902708e-05,0.15517624099480543,0.017276308622359557,1.1805917674201625,short,1644,3971
false,107,37,144,5.6770461108785466e-05,6.4935634745829642e-05,0.034069401727141013,0.0095094867523161132,0.34937028838625867,short,2275,3341
fame,15,13,28,7.9584758563717939e-06,2.281522301880501e-05,0.31339890326690956,0.04764661895841666,1.4357586063128391,short,1467,4146
families,1433,546,1979,0.00076029972681205215,0.00095823936678981038,0.060014370403887796,0.00068968439294729491,2.2852307285949403,short,953,4663
family,1238,1143,2381,0.00065683954067921873,0.0020059846084995482,0.33475380630821761,0.00056064954400031114,14.137733382097831,short,40,5576
family-owned,34,11,45,1.8039211941109402e-05,1.9305188708219622e-05,0.016927454040544632,0.03051593181128524,0.096901014842975905,short,2435,3179
family-sponsored,25,0,25,1.3264126427286324e-05,0,-0.33212713187227472,0.060000561101111738,-1.3558969980891018,official,3655,1959
famine,24,21,45,1.2733561370194872e-05,3.685536026114655e-05,0.31657746426480315,0.029644829881306917,1.838677302258094,short,1203,4411
fannie,73,14,87,3.8731249167676067e-05,2.4570240174097702e-05,-0.099033469973718979,0.016151551214272884,-0.77924652973219333,official,3098,2518
fare,31,6,37,1.644751676983504e-05,1.0530102931756157e-05,-0.097285737213706369,0.037962257410465175,-0.49931332884184304,official,2877,2739
farm,713,545,1258,0.00037829288570620598,0.00095648434963451769,0.27207623789675761,0.0010625492396908443,8.34672454568266,short,103,5513
farmer,18,95,113,9.5501710276461537e-06,0.00016672662975280583,0.82340264919614903,0.012441841219373872,7.3819301698937068,short,130,5486
farmers,445,142,587,0.00023610145040569658,0.00024921243605156238,0.013446310378141035,0.0023412955908060219,0.2778913369116276,short,2314,3302
farming,63,33,96,3.3425598596761534e-05,5.7915566124658867e-05,0.15193751948678624,0.014041807278868029,1.2821933727481001,short,1585,4030
farmington,14,14,28,7.4279107992803412e-06,2.4570240174097702e-05,0.36102751335868177,0.047619608721593105,1.6544261607778865,short,1342,4269
farmland,63,27,90,3.3425598596761534e-05,4.7385463192902708e-05,0.092762745566504989,0.015083517376067423,0.75530486200194646,short,1950,3666
farms,137,32,169,7.2687412821529054e-05,5.6160548969366179e-05,-0.059260946432347694,0.0082436593682698196,-0.6526924124059581,official,2997,2617
fast,17,38,55,9.019605970554701e-06,6.6690651901122331e-05,0.61697083732051006,0.024642138170646578,3.9302976556380282,short,440,5176
faster,9,19,28,4.7750855138230768e-06,3.3345325950561165e-05,0.60026000793794587,0.04830418387453448,2.7311593206594713,short,777,4839
fatalities,28,7,35,1.4855821598560682e-05,1.2285120087048851e-05,-0.044442434230242966,0.039683100786200437,-0.22309767193986205,official,2664,2949
father,40,9,49,2.1222602283658118e-05,1.5795154397634238e-05,-0.067171386638124275,0.02847789547331547,-0.3980433455656352,official,2790,2826
fatherhood,27,22,49,1.432525654146923e-05,3.8610377416439245e-05,0.2929758036956116,0.027242962886617404,1.775025452638771,short,1256,4361
fathers,38,10,48,2.0161472169475213e-05,1.755017155292693e-05,-0.03288162179952181,0.028869847393720557,-0.19352228608926406,official,2644,2972
favorable,26,0,26,1.3794691484377777e-05,0,-0.33212726212521027,0.057692868793634985,-1.3827493339984507,official,3702,1916
fcc,11,14,25,5.8362156280059822e-06,2.4570240174097702e-05,0.44107061178228157,0.05341936452070227,1.9083532257772726,short,1171,4445
fda,5,35,40,2.6528252854572648e-06,6.1425600435244251e-05,0.8718633573353074,0.035556116661868309,4.6237172082363296,short,322,5294
feasibility,434,35,469,0.00023026523477769059,6.1425600435244251e-05,-0.22216443717943335,0.0030921078949964933,-3.9952799973372253,official,5210,406
feasible,37,0,37,1.963090711238376e-05,0,-0.33212869491431007,0.040541101644238832,-1.6495239516689466,official,4088,1530
features,54,2,56,2.8650513082938459e-05,3.5100343105853862e-06,-0.27902022223157985,0.026332849509160077,-1.7194389152459346,official,4168,1449
february,53,0,53,2.8119948025847007e-05,0,-0.33213077899345222,0.028302447899599896,-1.9742271689845747,official,4418,1196
federal,20095,3940,24035,0.010661704822252748,0.0069147675918532102,-0.095734132248117554,5.8973074128386073e-05,-12.466367388142402,official,5574,42
federal-aid,128,45,173,6.7912327307705986e-05,7.8975771988171179e-05,0.0384108192143362,0.0079099762350598492,0.43188287167297384,short,2215,3401
federal-state,92,6,98,4.8811985252413675e-05,1.0530102931756157e-05,-0.24161926636462816,0.014879103627305771,-1.9808116293578697,official,4425,1190
federalism,21,25,46,1.1141866198920512e-05,4.3875428882317324e-05,0.41901859866324109,0.029010441283625683,2.4601190988504116,short,889,4725
federally,509,14,523,0.00027005761405954955,2.4570240174097702e-05,-0.29229282464460837,0.0028317508502471553,-5.4927601389623915,official,5386,230
federation,44,2,46,2.3344862512023929e-05,3.5100343105853862e-06,-0.26759022385661879,0.03194500555019511,-1.49716187350286,official,3888,1726
fee,282,191,473,0.00014961934609978973,0.00033520827666090434,0.23263327505972775,0.002831088616078828,4.3721505008798927,short,361,5255
feed,125,22,147,6.6320632136431621e-05,3.8610377416439245e-05,-0.11488684948784567,0.0095941914801953472,-1.1729138894011573,official,3437,2179
feeding,63,19,82,3.3425598596761534e-05,3.3345325950561165e-05,-0.0005899403088314159,0.016798102937614159,-0.0045517452961777597,official,2500,3116
fees,666,65,731,0.0003533563280229077,0.00011407611509402505,-0.20151862737817083,0.0019726622774771342,-4.5372094343561109,official,5295,321
fellows,12,13,25,6.3667806850974358e-06,2.281522301880501e-05,0.3876955900890362,0.053343377602553865,1.6786130905611298,short,1318,4297
fellowship,76,67,143,4.0322944338950426e-05,0.00011758614940461042,0.31907807463532478,0.009328675937881328,3.3035962118083617,short,585,5031
fellowships,53,1,54,2.8119948025847007e-05,1.7550171552926931e-06,-0.30447881681137368,0.02752817368176038,-1.8351365432730278,official,4289,1326
felons,29,20,49,1.5386386655652135e-05,3.5100343105853861e-05,0.23842582263336354,0.027313827551110555,1.4426534151719013,short,1459,4154
felony,80,3,83,4.2445204567316236e-05,5.2650514658780786e-06,-0.27838872736520059,0.017763437415679862,-2.0887580687063529,official,4505,1111
female,44,14,58,2.3344862512023929e-05,2.4570240174097702e-05,0.012716911538792175,0.023693371566528277,0.082616771129392141,short,2439,3176
ferry,22,20,42,1.1672431256011964e-05,3.5100343105853861e-05,0.32928035816592427,0.031754593363965002,1.8478322716400788,short,1196,4420
fetal,47,21,68,2.493655768329829e-05,3.685536026114655e-05,0.10473047241760014,0.019932168341653841,0.74181530492651526,short,1961,3653
fewer,36,0,36,1.9100342055292307e-05,0,-0.33212856466023766,0.041667227770149411,-1.6270800693544627,official,4059,1554
fha,72,73,145,3.8200684110584615e-05,0.0001281162523363666,0.36564308926704925,0.0091960120252613138,3.8129192187638612,short,466,5150
fiber,73,7,80,3.8731249167676067e-05,1.2285120087048851e-05,-0.20351299032261672,0.018030761699342049,-1.5156017526860128,official,3926,1690
fide,27,0,27,1.432525654146923e-05,0,-0.33212739237824884,0.055556116657098385,-1.4090900724452342,official,3762,1855
fiduciary,24,8,32,1.2733561370194872e-05,1.4040137242341545e-05,0.024551389116505007,0.042857703960213191,0.11859370010735611,short,2417,3199
field,101,35,136,5.358707076623675e-05,6.1425600435244251e-05,0.034628644760630323,0.010067923626080865,0.34511635346231273,short,2277,3339
fields,85,2,87,4.50980298527735e-05,3.5100343105853862e-06,-0.29784501204157365,0.017050469659140165,-2.2809835766898163,official,4637,979
fifth,37,12,49,1.963090711238376e-05,2.1060205863512314e-05,0.01755022378802451,0.028021910706654548,0.10484163526734028,short,2430,3185
fight,51,16,67,2.7058817911664101e-05,2.8080274484683089e-05,0.0091795390763582674,0.020523330153335129,0.064076231111137638,short,2451,3164
fighters,21,5,26,1.1141866198920512e-05,8.7750857764634652e-06,-0.055137673282837696,0.053535221362418284,-0.23830251962993382,official,2674,2938
fighting,34,58,92,1.8039211941109402e-05,0.0001017909950069762,0.53539725345446243,0.014603735721989334,4.4304124254107569,short,348,5268
file,188,15,203,9.9746230733193162e-05,2.6325257329390394e-05,-0.22320721805692401,0.0071452618606608273,-2.6405789684731262,official,4819,797
filed,68,0,68,3.6078423882218804e-05,0,-0.33213273284161993,0.022059384639792096,-2.2362223424663865,official,4608,1007
filing,150,26,176,7.9584758563717946e-05,4.563044603761002e-05,-0.1176147151446596,0.008018540847204483,-1.3134513406468147,official,3591,2025
filipino,37,61,98,1.963090711238376e-05,0.00010705604647285428,0.52467419196646681,0.013697276703784803,4.4830397302641281,short,338,5278
film,21,23,44,1.1141866198920512e-05,4.036539457173194e-05,0.39133582879422413,0.030310549625443998,2.2477743229337492,short,977,4638
films,57,0,57,3.0242208254212821e-05,0,-0.33213130001736069,0.026316350581693477,-2.0473730096171781,official,4470,1143
final,179,3,182,9.4971145219370081e-05,5.2650514658780786e-06,-0.30752085213536695,0.0081760496430215469,-3.4009700666830178,official,5075,541
finance,350,245,595,0.00018569776998200854,0.0004299792030467098,0.24330025370247732,0.0022492384864576699,5.1300879270967501,short,259,5357
financed,125,0,125,6.6320632136431621e-05,0,-0.33214015767623728,0.012000561122667083,-3.0319400572764774,official,4979,637
financial,2963,848,3811,0.0015720642641619753,0.0014882545476882037,-0.013288223285652379,0.00036282356600539253,-0.69762040237126288,official,3042,2574
financially,51,2,53,2.7058817911664101e-05,3.5100343105853862e-06,-0.27604019012800052,0.027797763904462307,-1.6556456288874197,official,4098,1516
financing,1087,391,1478,0.00057672421705840936,0.00068621170771944299,0.044495249561497197,0.00092547046310552839,1.4626228894351989,short,1445,4171
finding,30,5,35,1.5916951712743588e-05,8.7750857764634652e-06,-0.12448626411098829,0.040385176488163692,-0.6194559676914595,official,2959,2653
findings,259,0,259,0.00013741634978668631,0,-0.33215761387019427,0.0057920669430597017,-4.3644289278329884,official,5273,344
fine,36,7,43,1.9100342055292307e-05,1.2285120087048851e-05,-0.096403215183505253,0.032658788953486402,-0.53344724965754875,official,2909,2707
fines,62,2,64,3.2895033539670081e-05,3.5100343105853862e-06,-0.28561107395913155,0.023088584197653656,-1.879647411523188,official,4344,1271
firearm,159,63,222,8.4359844077541027e-05,0.00011056608078343966,0.070719544167570092,0.0061340049929548852,0.90295766740631589,short,1843,3773
firearms,720,190,910,0.00038200684110584616,0.00033345325950561165,-0.032258454036542261,0.0015231491442296648,-0.82655609915750239,official,3137,2479
firefighter,22,81,103,1.1672431256011964e-05,0.00014215638957870813,0.74767735969208715,0.013435343731174818,6.4504474137409478,short,167,5449
firefighters,146,81,227,7.7462498335352135e-05,0.00014215638957870813,0.16956055173267792,0.0059282795434162537,2.2022188917299168,short,1003,4614
firefighting,46,8,54,2.4405992626206838e-05,1.4040137242341545e-05,-0.11701504077162994,0.026129593365876912,-0.72389464287565775,official,3062,2554
firemen,27,5,32,1.432525654146923e-05,8.7750857764634652e-06,-0.10559758883273496,0.043976740672301576,-0.50354986346376762,official,2885,2729
fires,22,7,29,1.1672431256011964e-05,1.2285120087048851e-05,0.01271676112228981,0.04738618201740015,0.058418533996463573,short,2453,3162
firms,122,6,128,6.4728936965157256e-05,1.0530102931756157e-05,-0.26261111907678192,0.011463247690815293,-2.4527838170360394,official,4743,873
first-time,111,41,152,5.8892721337151277e-05,7.195570336700041e-05,0.051562668782212384,0.0089841896498729611,0.54399628264404498,short,2104,3512
fisa,9,26,35,4.7750855138230768e-06,4.563044603761002e-05,0.68771756511267412,0.039121276454952551,3.4769913366543936,short,537,5080
fiscal,3901,856,4757,0.0020697342877137579,0.0015022946849305452,-0.07251467960804181,0.00029422013458869494,-4.2275595861632187,official,5253,363
fiscally,23,5,28,1.2202996313103419e-05,8.7750857764634652e-06,-0.074295607819795606,0.04991143454232469,-0.33255471817857624,official,2735,2879
fish,497,201,698,0.00026369083337445215,0.00035275844821383128,0.076426746872083839,0.0019497283934799701,1.7308455505035361,short,1286,4330
fisheries,189,214,403,0.00010027679579028461,0.00037557367123263629,0.40245328911595024,0.0033104959267743232,6.9946977395467433,short,143,5473
fishermen,60,24,84,3.1833903425487176e-05,4.2120411727024629e-05,0.073343757884355654,0.016204264818882267,0.57616714796155588,short,2077,3539
fishery,250,65,315,0.00013264126427286324,0.00011407611509402505,-0.03563573165619438,0.0044020516190751624,-0.53710366336771065,official,2914,2702
fishing,226,102,328,0.00011990770290266836,0.00017901174983985467,0.10765833853897178,0.0041311967191388632,1.6749804227342675,short,1325,4291
fission,40,0,40,2.1222602283658118e-05,0,-0.33212908567713839,0.03750056110434493,-1.7150943922473294,official,4157,1457
fitness,50,16,66,2.6528252854572649e-05,2.8080274484683089e-05,0.014152742157028442,0.020816372717240721,0.098093011289322865,short,2434,3182
five-year,43,0,43,2.2814297454932476e-05,0,-0.33212947644089397,0.034884282035224132,-1.7782488084112784,official,4230,1387
fix,10,23,33,5.3056505709145295e-06,4.036539457173194e-05,0.6251834870829871,0.041113517914760457,3.0832957119795661,short,655,4961
fixed,51,3,54,2.7058817911664101e-05,5.2650514658780786e-06,-0.24989112768996158,0.027068230280463613,-1.5188710541571342,official,3929,1687
flag,110,91,201,5.8362156280059824e-05,0.00015970656113163507,0.29800907655851283,0.0066406527620150703,3.6569928050016887,short,502,5114
flags,44,0,44,2.3344862512023929e-05,0,-0.33212960669568581,0.034091470196116212,-1.7988076501041976,official,4253,1359
flat,42,50,92,2.2283732397841024e-05,8.7750857764634649e-05,0.41902663501131521,0.014505501206655846,3.4791668734307999,short,535,5081
flats,12,16,28,6.3667806850974358e-06,2.8080274484683089e-05,0.45633881536820908,0.047727833829930663,2.0888225566524024,short,1068,4547
fleet,54,22,76,2.8650513082938459e-05,3.8610377416439245e-05,0.078458778351384595,0.017896950438302427,0.58647840302918941,short,2070,3547
flexibility,439,359,798,0.00023291806006314785,0.00063005115875007674,0.29426218595400222,0.0016732729604142253,7.1936790946904861,short,133,5483
flexible,171,70,241,9.0726624762638459e-05,0.0001228512008704885,0.079800754963894605,0.0056431797012302084,1.0622948107683723,short,1740,3876
flight,158,70,228,8.3829279020449567e-05,0.0001228512008704885,0.10228900254691098,0.0059469394219230478,1.3264234352147015,short,1542,4074
flights,47,3,50,2.493655768329829e-05,5.2650514658780786e-06,-0.24340058929816344,0.029177763985486434,-1.4249368632565829,official,3789,1827
flood,381,196,577,0.00020214528675184358,0.00034398336243736784,0.14648940422432233,0.0023380636280612411,3.0295494785738635,short,668,4948
flooding,44,5,49,2.3344862512023929e-05,8.7750857764634652e-06,-0.18259571846810019,0.02927176779712751,-1.0672498789654823,official,3349,2265
floor,49,4,53,2.5997687797481196e-05,7.0200686211707723e-06,-0.22090289945418817,0.027348342325122212,-1.3357830013955108,official,3621,1995
florida,137,62,199,7.2687412821529054e-05,0.00010881106362814697,0.10844142118687827,0.0068081692428168502,1.314256183426026,short,1550,4066
flow,121,51,172,6.4198371908065811e-05,8.9505874919927337e-05,0.088028680688552186,0.0078978353516781542,0.99053575149643025,short,1779,3837
fluid,23,2,25,1.2202996313103419e-05,3.5100343105853862e-06,-0.21434297401355451,0.057870931471594549,-0.89100269147407496,official,3187,2424
fly,8,18,26,4.2445204567316241e-06,3.1590308795268477e-05,0.6188591275698343,0.052139598535494373,2.7102413020193836,short,786,4829
flying,26,14,40,1.3794691484377777e-05,2.4570240174097702e-05,0.16035525488699598,0.033670594775165714,0.87389207803420088,short,1866,3749
focus,73,13,86,3.8731249167676067e-05,2.281522301880501e-05,-0.11276495452560553,0.016390879392101935,-0.88079131120863674,official,3181,2435
focused,25,5,30,1.3264126427286324e-05,8.7750857764634652e-06,-0.090962920809445791,0.046753807855717332,-0.42068391139536504,official,2795,2819
folklife,36,47,83,1.9100342055292307e-05,8.2485806298756569e-05,0.44944982359295338,0.016096230153101718,3.5425756053892363,short,521,5096
follow,38,3,41,2.0161472169475213e-05,5.2650514658780786e-06,-0.22423857060650043,0.035386061680103144,-1.1920492567624139,official,3465,2151
following,174,0,174,9.231831993391281e-05,0,-0.33214654069658955,0.0086212507884022363,-3.577211302492306,official,5114,502
food,3315,1120,4435,0.0017588231642581666,0.001965619213927816,0.028079743927571066,0.00030961237633196675,1.5958203047069366,short,1378,4238
foods,189,36,225,0.00010027679579028461,6.3180617590536954e-05,-0.10033136922551478,0.0062474377079674709,-1.2693628149956073,official,3543,2073
foot,24,13,37,1.2733561370194872e-05,2.281522301880501e-05,0.16217492125329969,0.036394003727380005,0.85009757657773954,short,1882,3735
football,30,19,49,1.5916951712743588e-05,3.3345325950561165e-05,0.21108743632740001,0.027364671308395545,1.2760487528532685,short,1590,4025
footwear,29,31,60,1.5386386655652135e-05,5.4405531814073483e-05,0.38325602095362932,0.022225527155589619,2.5707683891121222,short,840,4776
forbearance,10,15,25,5.3056505709145295e-06,2.6325257329390394e-05,0.49455985783519552,0.053571989673383641,2.1367316090502277,short,1035,4579
force,462,161,623,0.00024512105637625127,0.00028255776200212358,0.036106252164481489,0.0021977304293499442,0.77018525557030315,short,1940,3676
forced,57,4,61,3.0242208254212821e-05,7.0200686211707723e-06,-0.23527975061706741,0.023859752764898188,-1.5231812379526537,official,3936,1680
forces,1929,134,2063,0.0010234599951294127,0.00023517229880922085,-0.23636993906069836,0.00070622868593047674,-8.8944595882283277,official,5529,87
forecasting,20,12,32,1.0611301141829059e-05,2.1060205863512314e-05,0.19397178548728355,0.041958603061337189,0.94695219072584635,short,1810,3806
foreclosure,132,88,220,7.0034587536071797e-05,0.00015444150966575698,0.22751263560491353,0.0060882234857568378,2.9158167636664327,short,701,4915
foreclosures,34,4,38,1.8039211941109402e-05,7.0200686211707723e-06,-0.17797590092511761,0.037698973802551418,-0.91663499965072837,official,3204,2411
foreign,3036,842,3878,0.0016107955133296513,0.0014777244447564475,-0.020748956613864777,0.00035706046288828936,-1.0980582537611727,official,3378,2238
forensic,43,13,56,2.2814297454932476e-05,2.281522301880501e-05,9.9596674552060449e-06,0.02459432483272312,6.3507846377512469e-05,short,2498,3118
forest,1350,450,1800,0.00071626282707346154,0.00078975771988171184,0.02456912414934731,0.00076246627120516916,0.88977327333786516,short,1852,3764
forestry,82,88,170,4.3506334681499142e-05,0.00015444150966575698,0.38458103821177581,0.0078447840978177336,4.3420754905096102,short,368,5248
forests,189,65,254,0.00010027679579028461,0.00011407611509402505,0.03264802571296066,0.0053926937354905734,0.44458422182932239,short,2205,3411
forfeiture,86,59,145,4.5628594909864952e-05,0.00010354601216226889,0.23673980751119039,0.00923152624361381,2.4639650076062471,short,885,4731
forfeitures,33,1,34,1.7508646884017949e-05,1.7550171552926931e-06,-0.28832512039093494,0.043497362808864806,-1.3824550475996336,official,3690,1926
forgiveness,142,71,213,7.5340238106986324e-05,0.00012460621802578119,0.13789184920701913,0.0063385893146435572,1.7319776708809251,short,1279,4337
fork,26,16,42,1.3794691484377777e-05,2.8080274484683089e-05,0.20196211742766579,0.031947822768961597,1.1299241268149443,short,1687,3929
form,297,14,311,0.00015757782195616153,2.4570240174097702e-05,-0.2653590512066053,0.0047222210825800907,-3.8615418665710628,official,5191,425
formal,31,0,31,1.644751676983504e-05,0,-0.33212791339143699,0.048387657876598558,-1.5098648555654945,official,3902,1700
format,25,0,25,1.3264126427286324e-05,0,-0.33212713187227472,0.060000561101111738,-1.3558969980891018,official,3656,1960
formation,125,60,185,6.6320632136431621e-05,0.00010530102931756158,0.1257187882092019,0.0073080002436489199,1.4706214957365766,short,1442,4174
forms,227,4,231,0.00012043826795975982,7.0200686211707723e-06,-0.30628821098180303,0.0064392864082157986,-3.8169055207807578,official,5181,435
formula,174,24,198,9.231831993391281e-05,4.2120411727024629e-05,-0.15520549166728159,0.0071932376872682552,-1.8299738274168731,official,4286,1330
formulate,25,0,25,1.3264126427286324e-05,0,-0.33212713187227472,0.060000561101111738,-1.3558969980891018,official,3657,1961
formulation,39,0,39,2.0692037226566665e-05,0,-0.33212895542275866,0.038462099565667845,-1.6935196716434358,official,4136,1475
fort,159,119,278,8.4359844077541027e-05,0.00020884704147983046,0.26505695491997905,0.0048077823694500253,3.8226699629538978,short,464,5152
forth,87,0,87,4.6159159966956405e-05,0,-0.33213520774926764,0.017241940424820679,-2.5294252234061254,official,4778,834
forward,21,9,30,1.1141866198920512e-05,1.5795154397634238e-05,0.092760460749264695,0.045249429880976008,0.43607013199017697,short,2212,3406
fossil,74,20,94,3.926181422476752e-05,3.5100343105853861e-05,-0.026743247684612115,0.01472487189405158,-0.22038822343514822,official,2661,2955
foster,493,113,606,0.00026156857314608631,0.0001983169385480743,-0.063286823387237234,0.0023012999242422267,-1.3192487328371649,official,3595,2021
fostering,40,27,67,2.1222602283658118e-05,4.7385463192902708e-05,0.23149567577863195,0.019984653376546611,1.6375500137398604,short,1353,4262
foundation,519,211,730,0.00027536326463046407,0.00037030861976675822,0.077891249893603742,0.0018639010335020196,1.8041691328545302,short,1238,4378
founding,27,0,27,1.432525654146923e-05,0,-0.33212739237824884,0.055556116657098385,-1.4090900724452342,official,3763,1856
fourteenth,24,3,27,1.2733561370194872e-05,5.2650514658780786e-06,-0.16960677957559156,0.052941737572299731,-0.73713004397348836,official,3071,2545
fourth,42,5,47,2.2283732397841024e-05,8.7750857764634652e-06,-0.17637266252147477,0.030467285393083889,-1.0104489820482545,official,3299,2316
fracturing,21,13,34,1.1141866198920512e-05,2.281522301880501e-05,0.20384058722954634,0.039458975030281576,1.0261663324922363,short,1759,3857
framework,111,3,114,5.8892721337151277e-05,5.2650514658780786e-06,-0.2929163282729057,0.012992014111917576,-2.5698355920588645,official,4792,824
franchise,107,54,161,5.6770461108785466e-05,9.4770926385805417e-05,0.14068368208372917,0.0083830672077434588,1.5365342754999982,short,1403,4213
franchised,24,1,25,1.2733561370194872e-05,1.7550171552926931e-06,-0.27270315030033387,0.058870262828012547,-1.1239375155296774,official,3401,2214
franchisees,50,0,50,2.6528252854572649e-05,0,-0.33213038822660224,0.030000561106500415,-1.9175377581890043,official,4371,1246
franchises,57,5,62,3.0242208254212821e-05,8.7750857764634652e-06,-0.2134128389140475,0.023329295588234301,-1.3972358821362934,official,3723,1893
franchising,7,39,46,3.7139553996401706e-06,6.8445669056415033e-05,0.83339853945521014,0.030633191518485779,4.7616405934739845,short,300,5316
franchisors,42,0,42,2.2283732397841024e-05,0,-0.33212934618620515,0.035714846819061744,-1.7574495006982607,official,4203,1413
francisco,29,20,49,1.5386386655652135e-05,3.5100343105853861e-05,0.23842582263336354,0.027313827551110555,1.4426534151719013,short,1460,4155
frank,16,22,38,8.4890409134632483e-06,3.8610377416439245e-05,0.46639121534899886,0.035185746290335926,2.4863769917827825,short,877,4738
franklin,33,24,57,1.7508646884017949e-05,4.2120411727024629e-05,0.25566883149317299,0.023457351232815414,1.6693150205706051,short,1330,4286
fraud,529,351,880,0.00028066891520137863,0.00061601102150773523,0.22605227372278325,0.0015226321979695788,5.7931046653639493,short,196,5420
fraudulent,133,17,150,7.0565152593163243e-05,2.9835291639975781e-05,-0.16643977976979585,0.0095221539857014616,-1.7056484829596283,official,4153,1463
freddie,73,15,88,3.8731249167676067e-05,2.6325257329390394e-05,-0.085655117476781228,0.015920479103836035,-0.67885222929587552,official,3029,2587
free,613,385,998,0.00032523637999706069,0.00067568160478768675,0.20850932116779131,0.0013443595958743211,5.6867973011916284,short,203,5413
freedom,571,981,1552,0.00030295264759921963,0.0017216718293421318,0.53794601090940386,0.00086638183279514442,18.27612092406396,short,22,5594
freely,26,2,28,1.3794691484377777e-05,3.5100343105853862e-06,-0.22676588476993587,0.051852412953722671,-0.99584840755359016,official,3289,2324
freeze,46,31,77,2.4405992626206838e-05,5.4405531814073483e-05,0.23097754165903694,0.017389901674135524,1.7515445645054994,short,1268,4348
freight,92,63,155,4.8811985252413675e-05,0.00011056608078343966,0.23614519234958919,0.0086363000919305218,2.5410619080166565,short,857,4759
frequency,24,4,28,1.2733561370194872e-05,7.0200686211707723e-06,-0.12448591344566218,0.050481330332752497,-0.55405747020929841,official,2922,2694
fresh,65,37,102,3.4486728710944446e-05,6.4935634745829642e-05,0.17751090101758571,0.013182829676201886,1.5460399355347307,short,1400,4216
freshness,7,28,35,3.7139553996401706e-06,4.9140480348195404e-05,0.76649956517535855,0.039683100787381125,3.847770075893528,short,459,5157
friendly,13,17,30,6.8973457421888885e-06,2.9835291639975781e-05,0.44997642218380207,0.044532970801314471,2.1323030311675448,short,1038,4577
fringe,39,3,42,2.0692037226566665e-05,5.2650514658780786e-06,-0.22676714721379732,0.0345684623395126,-1.2196637203029173,official,3495,2119
frivolous,17,14,31,9.019605970554701e-06,2.4570240174097702e-05,0.29648860147011824,0.04305611665874768,1.4288629425068455,short,1478,4138
frontier,15,12,27,7.9584758563717939e-06,2.1060205863512314e-05,0.28691854925053661,0.049451110552766943,1.2902402966683022,short,1572,4043
fruit,12,15,27,6.3667806850974358e-06,2.6325257329390394e-05,0.43513617686488715,0.049451110552935613,1.9567582207383383,short,1139,4478
fruits,33,3,36,1.7508646884017949e-05,5.2650514658780786e-06,-0.20952455925720592,0.040134340367865458,-1.0458679898033263,official,3324,2290
fuel,1131,470,1601,0.00060006907957043331,0.00082485806298756572,0.084076166220887316,0.00084945220076159886,2.8847184168289304,short,720,4896
fueled,23,2,25,1.2202996313103419e-05,3.5100343105853862e-06,-0.21434297401355451,0.057870931471594549,-0.89100269147407496,official,3188,2425
fuels,469,180,649,0.00024883501177589144,0.00031590308795268471,0.061963275557586073,0.0021012882462070211,1.3517349786953659,short,1532,4084
fulfill,63,0,63,3.3425598596761534e-05,0,-0.33213208155631868,0.023810084918826378,-2.1524365355429511,official,4552,1064
fulfilling,10,15,25,5.3056505709145295e-06,2.6325257329390394e-05,0.49455985783519552,0.053571989673383641,2.1367316090502277,short,1036,4580
full-service,26,14,40,1.3794691484377777e-05,2.4570240174097702e-05,0.16035525488699598,0.033670594775165714,0.87389207803420088,short,1867,3750
full-time,92,0,92,4.8811985252413675e-05,0,-0.33213585904694121,0.016304908941640588,-2.6010971777303338,official,4801,813
fully,206,12,218,0.00010929640176083931,2.1060205863512314e-05,-0.25065250463150512,0.006706877796384055,-3.0606371963652763,official,4987,629
function,53,1,54,2.8119948025847007e-05,1.7550171552926931e-06,-0.30447881681137368,0.02752817368176038,-1.8351365432730278,official,4290,1327
functional,25,6,31,1.3264126427286324e-05,1.0530102931756157e-05,-0.053411144306974023,0.04488473098691223,-0.25210564444956463,official,2687,2928
functioning,26,0,26,1.3794691484377777e-05,0,-0.33212726212521027,0.057692868793634985,-1.3827493339984507,official,3703,1917
functions,538,0,538,0.0002854440007152017,0,-0.33219396517133326,0.0027886653009280126,-6.2906213144686438,official,5440,176
fund,2106,712,2818,0.0011173700102346,0.0012495722145683973,0.028232459787973951,0.00048693478407648328,1.2794205396608473,short,1589,4027
fundamental,43,12,55,2.2814297454932476e-05,2.1060205863512314e-05,-0.019251984929873345,0.025130015875234255,-0.12144485804473561,official,2578,3038
funded,231,9,240,0.00012256052818812563,1.5795154397634238e-05,-0.27640810528791881,0.0061397676555227706,-3.527563218841606,official,5099,516
funding,1380,377,1757,0.00073217977878620513,0.00066164146754534524,-0.024262800430299158,0.00078794095783761607,-0.86435885989483063,official,3172,2444
funds,2374,146,2520,0.0012595614455351094,0.00025623250467273319,-0.24665399679279787,0.00057998725598771823,-10.241862280694917,official,5549,67
funeral,41,9,50,2.1753167340749571e-05,1.5795154397634238e-05,-0.072300220317005781,0.02793872463839029,-0.43255001562116352,official,2815,2799
fungicide,87,17,104,4.6159159966956405e-05,2.9835291639975781e-05,-0.095463585045308719,0.013500626023254325,-0.82160067288221483,official,3132,2482
fur,21,15,36,1.1141866198920512e-05,2.6325257329390394e-05,0.24980139734804929,0.037152263890703793,1.295991705466099,short,1565,4050
furnish,77,0,77,4.0853509396041878e-05,0,-0.33213390516165653,0.019481080592839789,-2.3796149588907882,official,4702,914
furnished,296,0,296,0.00015704725689907008,0,-0.33216243419029112,0.0050681287270982313,-4.6658062004499055,official,5306,310
furnishing,109,0,109,5.7831591222968371e-05,0,-0.33213807347831192,0.013762029009126372,-2.8312448396119541,official,4906,711
furtherance,52,0,52,2.7589382968755554e-05,0,-0.33213064873773135,0.028846714953085367,-1.9555132917433848,official,4403,1211
fusion,27,16,43,1.432525654146923e-05,2.8080274484683089e-05,0.1900688836624731,0.031235427933978308,1.0754427442426182,short,1727,3889
future,438,145,583,0.0002323874950060564,0.0002544774875174405,0.022791959251540206,0.0023536195326745988,0.46980055984831876,short,2186,3430
futures,100,34,134,5.3056505709145297e-05,5.9670583279951563e-05,0.029667792825474493,0.010226446352404047,0.29337483976773132,short,2306,3310
g,26,10,36,1.3794691484377777e-05,1.755017155292693e-05,0.062531238381346554,0.037868723796892087,0.32133401091175451,short,2288,3330
gabriel,15,15,30,7.9584758563717939e-06,2.6325257329390394e-05,0.36102781396112782,0.044445005547477247,1.7124944762514205,short,1304,4314
gain,270,5,275,0.0001432525654146923,8.7750857764634652e-06,-0.3050059034739423,0.0054068521120340983,-4.1479737548725639,official,5244,372
gainful,37,3,40,1.963090711238376e-05,5.2650514658780786e-06,-0.22158552796402553,0.036243388045014958,-1.1639303645791859,official,3434,2183
gains,237,64,301,0.00012574391853067436,0.00011232109793873236,-0.026941197220963886,0.0045990232510842183,-0.39726846152176948,official,2789,2827
gallon,38,0,38,2.0161472169475213e-05,0,-0.33212882516848197,0.039474245314440153,-1.6716665464481066,official,4110,1500
gambling,94,63,157,4.9873115366596581e-05,0.00011056608078343966,0.22921281290343387,0.0085300794235819571,2.4817747028300152,short,880,4736
game,55,35,90,2.9181078140029912e-05,6.1425600435244251e-05,0.21261121597783372,0.014897112841228315,1.7419477238438907,short,1271,4345
games,107,28,135,5.6770461108785466e-05,4.9140480348195404e-05,-0.034166093586247115,0.010267761856509076,-0.33717660421289769,official,2741,2875
gaming,82,43,125,4.3506334681499142e-05,7.5465737677585801e-05,0.15227633734826362,0.010783859951861883,1.4663758608954238,short,1444,4172
gang,77,38,115,4.0853509396041878e-05,6.6690651901122331e-05,0.13397219749518818,0.011744842168399671,1.2362066871153825,short,1611,4005
gangs,36,13,49,1.9100342055292307e-05,2.281522301880501e-05,0.045507345529982146,0.027894299247433217,0.27247318965804368,short,2325,3291
gap,62,38,100,3.2895033539670081e-05,6.6690651901122331e-05,0.2006889518533459,0.013419777437181682,1.7324105033581976,short,1278,4338
garnishment,20,13,33,1.0611301141829059e-05,2.281522301880501e-05,0.21937578393989021,0.040607616066651482,1.0886416318950287,short,1715,3900
gas,1520,560,2080,0.00080645888677900854,0.00098280960696390802,0.050911706525586631,0.00065712723250798419,1.9860625478876834,short,1123,4493
gases,40,2,42,2.1222602283658118e-05,3.5100343105853862e-06,-0.26151065676258867,0.03492295578338072,-1.3993743021918656,official,3726,1890
gasification,21,12,33,1.1141866198920512e-05,2.1060205863512314e-05,0.17870418310542391,0.040741301844251517,0.88535463946968185,short,1854,3758
gasoline,248,72,320,0.00013158013415868032,0.00012636123518107391,-0.0098375553261433879,0.0043121449571985439,-0.14980989926667126,official,2600,3016
gate,16,14,30,8.4890409134632483e-06,2.4570240174097702e-05,0.31657549028728837,0.044466964265031918,1.5012691057081589,short,1417,4199
gateway,34,36,70,1.8039211941109402e-05,6.3180617590536954e-05,0.38008258219982416,0.019049907992371069,2.7537944904411518,short,766,4849
gateways,13,16,29,6.8973457421888885e-06,2.8080274484683089e-05,0.43002137680104013,0.046032307134619511,2.0042812986489627,short,1115,4501
gather,25,0,25,1.3264126427286324e-05,0,-0.33212713187227472,0.060000561101111738,-1.3558969980891018,official,3658,1962
gathering,52,5,57,2.7589382968755554e-05,8.7750857764634652e-06,-0.20319481110071891,0.025303905292960397,-1.2773762485093594,official,3556,2060
gay,19,9,28,1.0080736084737606e-05,1.5795154397634238e-05,0.12179501878082277,0.048304183873972256,0.55416252350008866,short,2091,3520
gear,22,13,35,1.1672431256011964e-05,2.281522301880501e-05,0.18917578357423892,0.038377754086454226,0.96566338291632958,short,1800,3815
gender,122,18,140,6.4728936965157256e-05,3.1590308795268477e-05,-0.14473430153462985,0.010146468944092985,-1.4368585097132331,official,3805,1811
general,1825,244,2069,0.00096828122919190166,0.00042822418589141711,-0.16000090952793222,0.00068970585106479881,-6.0924292744248119,official,5429,187
generalized,29,6,35,1.5386386655652135e-05,1.0530102931756157e-05,-0.084288903881075683,0.040015805006043556,-0.42136128240663728,official,2800,2817
generally,51,0,51,2.7058817911664101e-05,0,-0.3321305184821135,0.029412325812598318,-1.9366186031223602,official,4387,1228
generate,45,9,54,2.3875427569115385e-05,1.5795154397634238e-05,-0.090963802463845056,0.025974587081894589,-0.56440945474948823,official,2927,2690
generated,61,2,63,3.2364468482578628e-05,3.5100343105853862e-06,-0.2848780744870556,0.023449692623062658,-1.8603319636854048,official,4327,1289
generating,87,21,108,4.6159159966956405e-05,3.685536026114655e-05,-0.052166133347496313,0.01288070423288452,-0.45964108712662261,official,2830,2785
generation,151,65,216,8.0115323620809392e-05,0.00011407611509402505,0.094024464152402842,0.0062840756474757528,1.1860968836336534,short,1642,3974
generation-skipping,48,3,51,2.5467122740389743e-05,5.2650514658780786e-06,-0.24511745817208386,0.02862008972641325,-1.4489011226443567,official,3808,1808
generations,57,5,62,3.0242208254212821e-05,8.7750857764634652e-06,-0.2134128389140475,0.023329295588234301,-1.3972358821362934,official,3724,1894
generic,88,37,125,4.6689725024047858e-05,6.4935634745829642e-05,0.087331953983836641,0.010868236311671442,0.83770988630478382,short,1893,3723
genetic,84,45,129,4.4567464795682047e-05,7.8975771988171179e-05,0.15879488595095559,0.010442523243592287,1.5539383554306621,short,1395,4221
genetically,83,41,124,4.4036899738590594e-05,7.195570336700041e-05,0.13425683984983294,0.010892085059758973,1.2864144459407802,short,1580,4036
genocide,47,21,68,2.493655768329829e-05,3.685536026114655e-05,0.10473047241760014,0.019932168341653841,0.74181530492651526,short,1962,3654
geographic,89,15,104,4.7220290081139317e-05,2.6325257329390394e-05,-0.12254852062685728,0.013585269613780565,-1.0514144514471746,official,3330,2286
geologic,24,21,45,1.2733561370194872e-05,3.685536026114655e-05,0.31657746426480315,0.029644829881306917,1.838677302258094,short,1204,4412
geological,42,1,43,2.2283732397841024e-05,1.7550171552926931e-06,-0.29744335734798533,0.034492539714673469,-1.6015543743803997,official,4018,1599
george,50,42,92,2.6528252854572649e-05,7.3710720522293099e-05,0.30304763076549612,0.014505501206206025,2.516196322505559,short,865,4751
georgia,87,12,99,4.6159159966956405e-05,2.1060205863512314e-05,-0.1551993293001388,0.01438591421276773,-1.2939607620619127,official,3564,2052
geospatial,24,6,30,1.2733561370194872e-05,1.0530102931756157e-05,-0.044442344072054496,0.046296857398823089,-0.20654809849044917,official,2651,2963
geothermal,217,86,303,0.0001151326173888453,0.0001509314753551716,0.070782626501658896,0.0044943321763562874,1.0558302237814596,short,1744,3872
geriatric,47,35,82,2.493655768329829e-05,6.1425600435244251e-05,0.26339379354522663,0.016299507646870603,2.0630905713593086,short,1081,4535
gi,112,84,196,5.9423286394242729e-05,0.0001474214410445862,0.2657347299206787,0.0068187429608775078,3.2180749740064498,short,607,5009
gift,265,106,371,0.00014059974012923504,0.00018603181846102546,0.073352387505750016,0.0036693242843867119,1.2109360442822055,short,1629,3987
gifted,43,36,79,2.2814297454932476e-05,6.3180617590536954e-05,0.30194429860707039,0.016892934600163952,2.3231341190876336,short,936,4680
gifts,50,7,57,2.6528252854572649e-05,1.2285120087048851e-05,-0.15292594280220762,0.02497135550092619,-0.96774315442414338,official,3260,2356
gila,23,12,35,1.2202996313103419e-05,2.1060205863512314e-05,0.15073007056056653,0.038518536158967547,0.76800671176503366,short,1945,3671
girls,48,33,81,2.5467122740389743e-05,5.7915566124658867e-05,0.23741731516294173,0.016524428924095454,1.8469245738403157,short,1197,4419
given,105,0,105,5.5709330994602561e-05,0,-0.33213755243295573,0.014286275404070166,-2.7788075614535166,official,4878,738
giving,50,47,97,2.6528252854572649e-05,8.2485806298756569e-05,0.34041775555379239,0.013747726652153829,2.9033323940342592,short,711,4905
global,333,264,597,0.00017667816401145385,0.00046332452899727094,0.28400361065758162,0.0022372702423153774,6.0043311774850174,short,187,5429
goal,89,5,94,4.7220290081139317e-05,8.7750857764634652e-06,-0.25335243613299241,0.015566052091592905,-2.030653597717154,official,4457,1159
goals,193,17,210,0.00010239905601865042,2.9835291639975781e-05,-0.21298105492070718,0.0068872370637224224,-2.5663652013819691,official,4789,827
gold,271,207,478,0.00014378313047178374,0.00036328855114558747,0.27175705764593161,0.0027955287096578935,5.1398311646231809,short,257,5359
golden,27,17,44,1.432525654146923e-05,2.9835291639975781e-05,0.20922109979290049,0.030478510771367252,1.1984187887281086,short,1634,3981
good,97,127,224,5.1464810537870939e-05,0.000222887178722172,0.45041049240046327,0.0059648287976606824,5.8318924653216859,short,194,5422
goods,382,32,414,0.00020267585180893503,5.6160548969366179e-05,-0.218292903362725,0.0034989950601739075,-3.6903533566961109,official,5144,472
gorge,34,27,61,1.8039211941109402e-05,4.7385463192902708e-05,0.28449043235471372,0.021890513263499556,1.9228247032538668,short,1160,4456
gouging,24,22,46,1.2733561370194872e-05,3.8610377416439245e-05,0.33204212081876072,0.02899215774553059,1.9500821616943056,short,1143,4471
govern,58,1,59,3.077277331130427e-05,1.7550171552926931e-06,-0.30681319143717545,0.025214236322171804,-1.9321957329865929,official,4381,1236
governance,57,31,88,3.0242208254212821e-05,5.4405531814073483e-05,0.16341898782475184,0.015300474185110113,1.3211437392203629,short,1547,4069
governing,320,1,321,0.00016978081826926495,1.7550171552926931e-06,-0.32749586089462746,0.0046662136295846212,-4.7942812366216749,official,5320,296
government,4324,940,5264,0.0022941633068634427,0.0016497161259751314,-0.07445331168704783,0.00026604565506179335,-4.5646337250764892,official,5301,315
government's,53,0,53,2.8119948025847007e-05,0,-0.33213077899345222,0.028302447899599896,-1.9742271689845747,official,4419,1197
government-sponsored,22,6,28,1.1672431256011964e-05,1.0530102931756157e-05,-0.024639456271868809,0.049412325807978059,-0.11084432720629971,official,2566,3049
government-wide,36,0,36,1.9100342055292307e-05,0,-0.33212856466023766,0.041667227770149411,-1.6270800693544627,official,4060,1555
governmental,305,28,333,0.00016182234241289315,4.9140480348195404e-05,-0.20846468639128801,0.00433804239069742,-3.1650866266975273,official,5013,603
governments,1037,24,1061,0.00055019596420383674,4.2120411727024629e-05,-0.29850599983016046,0.0013988647352929351,-7.9811450482493225,official,5501,115
governmentwide,23,3,26,1.2202996313103419e-05,5.2650514658780786e-06,-0.16350286638518163,0.054891482987491726,-0.69786736363649349,official,3044,2568
governor,31,0,31,1.644751676983504e-05,0,-0.33212791339143699,0.048387657876598558,-1.5098648555654945,official,3903,1701
governors,192,14,206,0.00010186849096155897,2.4570240174097702e-05,-0.23182013173814653,0.0070585785004402234,-2.7592593558970067,official,4868,748
grace,28,7,35,1.4855821598560682e-05,1.2285120087048851e-05,-0.044442434230242966,0.039683100786200437,-0.22309767193986205,official,2665,2950
grade,91,18,109,4.8281420195322223e-05,3.1590308795268477e-05,-0.09311107285277842,0.012874576868261649,-0.82060630308185012,official,3130,2486
grades,86,0,86,4.5628594909864952e-05,0,-0.33213507749004378,0.017442421579376574,-2.5148457663267472,official,4773,843
grading,21,15,36,1.1141866198920512e-05,2.6325257329390394e-05,0.24980139734804929,0.037152263890703793,1.295991705466099,short,1566,4051
gradual,27,0,27,1.432525654146923e-05,0,-0.33212739237824884,0.055556116657098385,-1.4090900724452342,official,3764,1857
graduate,153,43,196,8.117645373499231e-05,7.5465737677585801e-05,-0.017586467349174129,0.0070499910716942176,-0.20945191073159267,official,2655,2961
graduated,57,16,73,3.0242208254212821e-05,2.8080274484683089e-05,-0.017875306502467936,0.018928823860845136,-0.12992468790200995,official,2586,3029
graduates,33,10,43,1.7508646884017949e-05,1.755017155292693e-05,0.00058188843756923347,0.032026380370697785,0.0032515152776359034,short,2497,3119
graduation,53,16,69,2.8119948025847007e-05,2.8080274484683089e-05,-0.00034649300525124715,0.019961988305323808,-0.0024524071486460518,official,2499,3117
grain,134,63,197,7.1095717650254702e-05,0.00011056608078343966,0.11959625112227101,0.0068678630241380033,1.4431343166893642,short,1458,4158
grains,73,2,75,3.8731249167676067e-05,3.5100343105853862e-06,-0.29239219377196513,0.019744330855771392,-2.0808681543022089,official,4493,1123
gramm-leach-bliley,41,1,42,2.1753167340749571e-05,1.7550171552926931e-06,-0.29662209662449079,0.035304567829404963,-1.578657984580391,official,3984,1631
grand,142,90,232,7.5340238106986324e-05,0.00015795154397634236,0.21133933560511764,0.0057799480043495945,2.7798308606627371,short,753,4863
grande,64,53,117,3.3956163653852993e-05,9.3015909230512728e-05,0.29833921025933208,0.011407775943552089,2.7932502376384281,short,746,4870
grant,1859,351,2210,0.00098632044113301114,0.00061601102150773523,-0.10206714658871174,0.00063679469307961084,-4.0446994502604952,official,5221,395
granted,99,1,100,5.2525940652053844e-05,1.7550171552926931e-06,-0.31717346733456253,0.014926676844484916,-2.5960633412633114,official,4800,816
grantees,34,0,34,1.8039211941109402e-05,0,-0.33212830415240902,0.044118208161875186,-1.5812369534791584,official,4000,1622
granting,130,2,132,6.8973457421888892e-05,3.5100343105853862e-06,-0.30949747052290455,0.011280041584582418,-2.914081901224673,official,4942,674
grants,3194,103,3297,0.0016946247923501007,0.00018076676699514739,-0.28598999535605341,0.00044873892709928993,-13.500627916286694,official,5583,33
gratuity,22,4,26,1.1672431256011964e-05,7.0200686211707723e-06,-0.10898146640524153,0.054167227768218841,-0.46825706924064459,official,2852,2762
gray,20,25,45,1.0611301141829059e-05,4.3875428882317324e-05,0.43513944341622413,0.029670890777157923,2.5261734096407724,short,863,4753
grazing,57,19,76,3.0242208254212821e-05,3.3345325950561165e-05,0.024551830175409961,0.018045673895127887,0.18276680461559078,short,2378,3239
great,361,266,627,0.00019153398561001453,0.00046683456330785632,0.25999479030253347,0.0021325278235179673,5.6301153488442077,short,208,5408
greater,802,33,835,0.00042551317578734527,5.7915566124658867e-05,-0.2734958305622941,0.0017635085595091736,-6.5127127553670388,official,5454,162
greatest,47,4,51,2.493655768329829e-05,7.0200686211707723e-06,-0.2166153869329559,0.028386460921412098,-1.2856823374676454,official,3562,2054
green,69,100,169,3.6608988939310257e-05,0.0001755017155292693,0.48349811063000914,0.0079197139290029545,5.4330041159449864,short,222,5394
greenhouse,159,18,177,8.4359844077541027e-05,3.1590308795268477e-05,-0.1831012519224231,0.0081049567392842033,-2.0338361538446064,official,4460,1156
grid,35,26,61,1.8569776998200855e-05,4.563044603761002e-05,0.26258987555343438,0.021911480650563163,1.7739530216848995,short,1257,4359
gross,680,1,681,0.000360784238822188,1.7550171552926931e-06,-0.33001020295993477,0.0022015907598838709,-7.0332988339626237,official,5478,138
ground,123,65,188,6.5259502022248716e-05,0.00011407611509402505,0.15463186662095474,0.00716856439346443,1.826345349398361,short,1216,4400
grounds,69,10,79,3.6608988939310257e-05,1.755017155292693e-05,-0.14755727802005758,0.017993272926250182,-1.1000325888665996,official,3381,2235
groundwater,110,29,139,5.8362156280059824e-05,5.0895497503488099e-05,-0.032467445204069634,0.0099690063367245726,-0.32517876716897637,official,2727,2889
group,664,58,722,0.00035229519790872476,0.0001017909950069762,-0.21392147001472672,0.0020041132582018545,-4.7785181920910516,official,5317,299
groups,262,0,262,0.00013900804495796068,0,-0.33215800470170009,0.0057257519918953222,-4.3896354710559216,official,5277,339
grow,15,23,38,7.9584758563717939e-06,4.036539457173194e-05,0.501613211417542,0.035261928256459671,2.6712586261362241,short,798,4817
growing,63,33,96,3.3425598596761534e-05,5.7915566124658867e-05,0.15193751948678624,0.014041807278868029,1.2821933727481001,short,1586,4031
growth,649,326,975,0.00034433672205235296,0.00057213559262541791,0.13932020842698911,0.0013849643791655614,3.7436463332816623,short,486,5130
guam,106,48,154,5.6239896051694013e-05,8.4240823454049258e-05,0.10861624584622476,0.0087972100272761342,1.1580366590008124,short,1663,3953
guantanamo,46,17,63,2.4405992626206838e-05,2.9835291639975781e-05,0.051703390314633779,0.02167487303686387,0.35118886757444173,short,2273,3343
guarantee,359,136,495,0.00019047285549583161,0.00023868233311980625,0.058409811246395549,0.002756307451321514,1.1125562382545957,short,1695,3921
guaranteed,237,59,296,0.00012574391853067436,0.00010354601216226889,-0.045385779810597882,0.0046936351791788998,-0.66246835360379142,official,3016,2600
guaranteeing,40,8,48,2.1222602283658118e-05,1.4040137242341545e-05,-0.090963582048640745,0.029221340327298319,-0.53212968631536173,official,2903,2711
guarantees,204,0,204,0.0001082352716466564,0,-0.33215044879043099,0.0073535023161675952,-3.873358782630838,official,5192,424
guaranty,57,16,73,3.0242208254212821e-05,2.8080274484683089e-05,-0.017875306502467936,0.018928823860845136,-0.12992468790200995,official,2587,3030
guard,420,274,694,0.00022283732397841024,0.00048087470055019788,0.22060633655611994,0.0019312851802242717,5.0198966819513142,short,272,5344
guardian,28,3,31,1.4855821598560682e-05,5.2650514658780786e-06,-0.19015596881358121,0.046361478350828912,-0.88314359591992153,official,3182,2433
guardians,23,10,33,1.2202996313103419e-05,1.755017155292693e-05,0.096873042650882368,0.041113517914029549,0.47776091849157593,short,2177,3440
guardianship,34,20,54,1.8039211941109402e-05,3.5100343105853861e-05,0.18775577219513195,0.024877710985636955,1.1903867615230557,short,1640,3975
guatemala,20,5,25,1.0611301141829059e-05,8.7750857764634652e-06,-0.044442253914231955,0.055556116656948401,-0.18855156251731181,official,2633,2982
guidance,127,29,156,6.7381762250614527e-05,5.0895497503488099e-05,-0.064071815115019248,0.0089395354409791822,-0.67765641235800267,official,3023,2593
guide,34,4,38,1.8039211941109402e-05,7.0200686211707723e-06,-0.17797590092511761,0.037698973802551418,-0.91663499965072837,official,3205,2412
guidelines,255,12,267,0.0001352940895583205,2.1060205863512314e-05,-0.26546054774753891,0.0055004993568948659,-3.5793068128008549,official,5115,501
guilty,27,1,28,1.432525654146923e-05,1.7550171552926931e-06,-0.27901713621565527,0.052665137904322437,-1.2158199463805444,official,3486,2128
gulf,251,178,429,0.00013317182932995469,0.00031239305364209934,0.2475033033879761,0.0031185958915006433,4.4320173164374976,short,347,5269
gun,141,215,356,7.4809673049894865e-05,0.00037732868838792898,0.49989676627365753,0.0037639471042794268,8.1481416747015327,short,107,5509
gunnison,34,11,45,1.8039211941109402e-05,1.9305188708219622e-05,0.016927454040544632,0.03051593181128524,0.096901014842975905,short,2436,3180
guns,24,10,34,1.2733561370194872e-05,1.755017155292693e-05,0.084771110812706496,0.039969213141231433,0.42401876304606595,short,2224,3394
h,97,38,135,5.1464810537870939e-05,6.6690651901122331e-05,0.067581265861928586,0.010091252775354749,0.67275011364651893,short,2003,3613
h-1b,26,9,35,1.3794691484377777e-05,1.5795154397634238e-05,0.034339565830304508,0.039121276453996746,0.1736154185306269,short,2383,3233
h-2a,32,12,44,1.6978081826926497e-05,2.1060205863512314e-05,0.055642657579612731,0.031015598699866757,0.31594957824480729,short,2293,3323
h.r.,30,0,30,1.5916951712743588e-05,0,-0.33212778313798452,0.050000561102189471,-1.4853122665294169,official,3865,1740
habeas,43,30,73,2.2814297454932476e-05,5.2650514658780788e-05,0.24216942692276433,0.018329988632394895,1.7887029211146799,short,1247,4369
habitat,140,66,206,7.4279107992803419e-05,0.00011583113224931773,0.1203967978358218,0.0065672051424791825,1.485677837632936,short,1436,4180
habitats,38,0,38,2.0161472169475213e-05,0,-0.33212882516848197,0.039474245314440153,-1.6716665464481066,official,4111,1501
haiti,93,46,139,4.9342550309505128e-05,8.0730789143463881e-05,0.13464946444188186,0.0097163113612629918,1.3660101258787278,short,1519,4097
haitian,24,30,54,1.2733561370194872e-05,5.2650514658780788e-05,0.43514107671057189,0.024725835834324049,2.7672894749056192,short,758,4857
half,52,6,58,2.7589382968755554e-05,1.0530102931756157e-05,-0.18057816549603345,0.024716470199471242,-1.1486084645000796,official,3417,2198
hall,40,19,59,2.1222602283658118e-05,3.3345325950561165e-05,0.12261525765552683,0.022922084031031527,0.80987401532678449,short,1910,3706
halt,22,14,36,1.1672431256011964e-05,2.4570240174097702e-05,0.21260646623570167,0.037241940414614691,1.1016923115582051,short,1704,3912
hampshire,39,4,43,2.0692037226566665e-05,7.0200686211707723e-06,-0.19555169701472863,0.033472278801116827,-1.0688553835939161,official,3352,2263
handgun,127,164,291,6.7381762250614527e-05,0.00028782281346800164,0.44589341494117107,0.0045907078630852026,6.5809899915088517,short,161,5455
handguns,190,0,190,0.00010080736084737607,0,-0.33214862500175535,0.0078952979787842315,-3.7380765962522897,official,5162,454
handicapped,257,156,413,0.00013635521967250342,0.00027378267622566013,0.19765977005418556,0.0032505677512501795,3.4668789224255296,short,543,5073
handlers,41,0,41,2.1753167340749571e-05,0,-0.33212921593162115,0.036585926958219016,-1.7364010857917151,official,4177,1435
handling,50,10,60,2.6528252854572649e-05,1.755017155292693e-05,-0.090964022880116957,0.023377184485841522,-0.59494053090734567,official,2949,2666
harassment,55,16,71,2.9181078140029912e-05,2.8080274484683089e-05,-0.0093507535673573727,0.019431321921997712,-0.067080368266230012,official,2540,3075
harbor,133,53,186,7.0565152593163243e-05,9.3015909230512728e-05,0.072301266060877722,0.0073194577954513061,0.84509677965322749,short,1887,3729
harbors,81,4,85,4.2975769624407689e-05,7.0200686211707723e-06,-0.26233694083875037,0.017260612555991577,-1.9967851939979395,official,4436,1180
hard,50,24,74,2.6528252854572649e-05,4.2120411727024629e-05,0.12571304593445731,0.018269158874708334,0.9300816431349036,short,1816,3800
hardrock,26,36,62,1.3794691484377777e-05,6.3180617590536954e-05,0.46866609341630827,0.021568279107400511,3.1912129617927807,short,613,5003
hardship,41,12,53,2.1753167340749571e-05,2.1060205863512314e-05,-0.0078843775180601483,0.026023474364777546,-0.04887477507630953,official,2530,3086
harm,83,4,87,4.4036899738590594e-05,7.0200686211707723e-06,-0.26392471326438205,0.016871925044888207,-2.0318785224279297,official,4458,1158
harmful,86,16,102,4.5628594909864952e-05,2.8080274484683089e-05,-0.10473834156381834,0.013794286325965443,-0.89177660495704036,official,3194,2422
harmonized,28,1,29,1.4855821598560682e-05,1.7550171552926931e-06,-0.28083379739508274,0.050877754084486283,-1.2450460263550298,official,3519,2093
harriet,29,24,53,1.5386386655652135e-05,4.2120411727024629e-05,0.29811604274364534,0.025182696046728924,1.8785996447495774,short,1182,4436
harry,19,15,34,1.0080736084737606e-05,2.6325257329390394e-05,0.28255567751814148,0.039276648897502993,1.4257284796892871,short,1482,4135
harvest,23,15,38,1.2202996313103419e-05,2.6325257329390394e-05,0.22044482133530607,0.035261928256009885,1.1739426258703149,short,1647,3967
harvested,25,0,25,1.3264126427286324e-05,0,-0.33212713187227472,0.060000561101111738,-1.3558969980891018,official,3659,1963
hatchery,26,22,48,1.3794691484377777e-05,3.8610377416439245e-05,0.30545954603638137,0.027799788906534027,1.8320315684633401,short,1211,4404
hate,69,64,133,3.6608988939310257e-05,0.00011232109793873236,0.33597792418784422,0.010027198309474763,3.3552195252376023,short,573,5043
haven,16,28,44,8.4890409134632483e-06,4.9140480348195404e-05,0.54335484162605319,0.03055611666233693,3.1083825448033204,short,644,4972
havens,19,6,25,1.0080736084737606e-05,1.0530102931756157e-05,0.010820985862238786,0.054985898344850834,0.046146754998631807,short,2465,3152
having,128,0,128,6.7912327307705986e-05,0,-0.33214054846628471,0.01171931112331377,-3.0681095075203801,official,4991,625
hawaii,67,24,91,3.5547858825127351e-05,4.2120411727024629e-05,0.043362013893332829,0.015025327214651132,0.3537508360421075,short,2265,3351
hawaiian,76,79,155,4.0322944338950426e-05,0.00013864635526812275,0.37395084915440435,0.0086030697360846564,4.0316962257744926,short,421,5195
hawaiians,45,2,47,2.3875427569115385e-05,3.5100343105853862e-06,-0.26894997362732909,0.031278289588663639,-1.5207226270432534,official,3933,1684
hazard,78,45,123,4.1384074453133331e-05,7.8975771988171179e-05,0.18169160531162198,0.010928066455256532,1.7380537314193476,short,1275,4341
hazardous,539,167,706,0.00028597456577229315,0.00029308786493387971,0.00606979869020563,0.0019492494810154121,0.13748033254259637,short,2402,3214
hazards,218,58,276,0.00011566318244593674,0.0001017909950069762,-0.030374625148331447,0.0050188646325038362,-0.42875400117797069,official,2813,2803
head,165,65,230,8.7543234420089743e-05,0.00011407611509402505,0.069119410681890869,0.0059220372270517643,0.89818223318506452,short,1848,3768
headed,41,0,41,2.1753167340749571e-05,0,-0.33212921593162115,0.036585926958219016,-1.7364010857917151,official,4178,1436
headquarters,27,8,35,1.432525654146923e-05,1.4040137242341545e-05,-0.0049110343699201309,0.039385407315269863,-0.024746016772726261,official,2511,3104
heads,39,0,39,2.0692037226566665e-05,0,-0.33212895542275866,0.038462099565667845,-1.6935196716434358,official,4137,1476
health,15074,5189,20263,0.0079977376705965622,0.0091067840188137836,0.033161593472028628,6.8154387336202783e-05,4.0168765230206738,short,423,5193
health-care,87,26,113,4.6159159966956405e-05,4.563044603761002e-05,-0.0028202582416252397,0.012194805725858744,-0.025538855686457272,official,2513,3103
healthcare,75,137,212,3.9792379281858973e-05,0.00024043735027509894,0.55666227294074311,0.0063502112195107339,6.9855033150257579,short,144,5472
healthy,164,320,484,8.7012669362998283e-05,0.00056160548969366177,0.5768484114780037,0.0027875521891346155,10.925723297448487,short,70,5546
hear,23,12,35,1.2202996313103419e-05,2.1060205863512314e-05,0.15073007056056653,0.038518536158967547,0.76800671176503366,short,1946,3672
hearing,161,83,244,8.5420974191723932e-05,0.00014566642388929351,0.14711120012832168,0.0055278009309916018,1.9786525591877895,short,1127,4489
hearings,64,1,65,3.3956163653852993e-05,1.7550171552926931e-06,-0.30914226273566925,0.022904014245801171,-2.0426905455833571,official,4463,1152
heart,78,38,116,4.1384074453133331e-05,6.6690651901122331e-05,0.13012396122681125,0.011648706791627824,1.2056421385964173,short,1631,3985
heat,43,15,58,2.2814297454932476e-05,2.6325257329390394e-05,0.036363091223178046,0.023600181345064364,0.23670265288888837,short,2341,3275
heating,174,70,244,9.231831993391281e-05,0.0001228512008704885,0.074942354737020267,0.0055776190256600902,1.0034665760255934,short,1773,3843
heavy,42,10,52,2.2283732397841024e-05,1.755017155292693e-05,-0.055138254330573844,0.026767891237898682,-0.33701244052618479,official,2740,2876
hedge,19,9,28,1.0080736084737606e-05,1.5795154397634238e-05,0.12179501878082277,0.048304183873972256,0.55416252350008866,short,2092,3521
held,363,3,366,0.00019259511572419742,5.2650514658780786e-06,-0.31989977798511049,0.0040823303875449973,-5.0067956220097658,official,5346,270
helicopter,15,13,28,7.9584758563717939e-06,2.281522301880501e-05,0.31339890326690956,0.04764661895841666,1.4357586063128391,short,1468,4147
helium,63,26,89,3.3425598596761534e-05,4.563044603761002e-05,0.082077908815474387,0.015275160658702889,0.66409986138206878,short,2008,3607
help,677,132,809,0.00035919254365091366,0.00023166226449863547,-0.095908098812045317,0.0017362080437805035,-2.3017301158868007,official,4649,967
helping,21,154,175,1.1141866198920512e-05,0.0002702726419150747,0.87903001634727573,0.0081421156362432648,9.7417072018544602,short,83,5533
hemisphere,50,32,82,2.6528252854572649e-05,5.6160548969366179e-05,0.21442710557142064,0.016348248515516237,1.6770424966029882,short,1322,4294
hemophilia,26,24,50,1.3794691484377777e-05,4.2120411727024629e-05,0.33436201182338543,0.026671969358205396,2.0473372485020072,short,1091,4525
hepatitis,30,27,57,1.5916951712743588e-05,4.7385463192902708e-05,0.32593971066805771,0.023399575887852422,2.1307538542683879,short,1040,4575
heritage,527,587,1114,0.00027960778508719569,0.0010301950701568107,0.39711815733158318,0.0011978353673862527,11.474167321647029,short,60,5556
hero,5,31,36,2.6528252854572648e-06,5.4405531814073483e-05,0.85215656282134411,0.039316178141993049,4.2976767404680407,short,375,5241
heroes,10,212,222,5.3056505709145295e-06,0.00037206363692205091,0.98742051300482814,0.0066150534485234858,12.140469056625784,short,53,5563
heroin,51,14,65,2.7058817911664101e-05,2.4570240174097702e-05,-0.023119644607746181,0.021279478613794475,-0.1584895610189016,official,2607,3009
high,762,167,929,0.00040429057350368716,0.00029308786493387971,-0.072656886231871276,0.0015043361201402703,-1.8732870903846301,official,4334,1282
high-cost,30,1,31,1.5916951712743588e-05,1.7550171552926931e-06,-0.28411813310264122,0.047644003725412061,-1.3016518122380256,official,3577,2039
high-level,73,4,77,3.8731249167676067e-05,7.0200686211707723e-06,-0.25517061957579479,0.019012906791557545,-1.8505737971403058,official,4308,1309
high-performance,31,19,50,1.644751676983504e-05,3.3345325950561165e-05,0.20068480329182137,0.026838993743102738,1.2249866974206769,short,1616,3999
high-quality,77,3,80,4.0853509396041878e-05,5.2650514658780786e-06,-0.27639062958946781,0.018418180635812333,-2.0365728564415155,official,4462,1154
high-risk,46,6,52,2.4405992626206838e-05,1.0530102931756157e-05,-0.16350456965933624,0.027446022050266739,-0.98693872732802834,official,3279,2337
high-speed,44,17,61,2.3344862512023929e-05,2.9835291639975781e-05,0.063773374908031144,0.022344883454149606,0.42662898086016504,short,2219,3396
higher,1661,317,1978,0.00088126855982890333,0.00055634043822778371,-0.10003260166556238,0.00071109215717405348,-3.7512725559522857,official,5166,450
highest,39,0,39,2.0692037226566665e-05,0,-0.33212895542275866,0.038462099565667845,-1.6935196716434358,official,4138,1477
highly,121,15,136,6.4198371908065811e-05,2.6325257329390394e-05,-0.17078224121607199,0.010514128265830624,-1.6655438577496533,official,4102,1514
highway,691,272,963,0.00036662045445019401,0.0004773646662396125,0.06892487618370513,0.0014148728392624952,1.8323873703902893,short,1210,4406
highways,228,37,265,0.00012096883301685128,6.4935634745829642e-05,-0.12907260894816552,0.0053402169989965062,-1.7662600097904144,official,4214,1402
hill,26,20,46,1.3794691484377777e-05,3.5100343105853861e-05,0.2740171584887463,0.029040965147166722,1.6079488730883351,short,1372,4243
hills,35,35,70,1.8569776998200855e-05,6.1425600435244251e-05,0.36103382611632107,0.019048180160398331,2.6159000663260739,short,823,4793
hire,63,44,107,3.3425598596761534e-05,7.722075483287849e-05,0.24251545665023322,0.01250543061872878,2.1686531526747777,short,1022,4594
hiring,136,26,162,7.2156847764437608e-05,4.563044603761002e-05,-0.09963473118482824,0.0086754147662616542,-1.0697089507298179,official,3355,2261
hispanic,37,22,59,1.963090711238376e-05,3.8610377416439245e-05,0.19112892763390832,0.022762906788689623,1.2668131507137448,short,1596,4020
hispanic-serving,19,8,27,1.0080736084737606e-05,1.4040137242341545e-05,0.087730941996156275,0.050311120108203787,0.39112970402606018,short,2232,3381
historic,586,372,958,0.00031091112345559143,0.0006528663817688818,0.21190977683039502,0.0014001094162489462,5.6633057109216267,short,204,5412
historical,286,191,477,0.00015174160632815554,0.00033520827666090434,0.22809849605207155,0.0028081831868365355,4.3043710758457969,short,373,5243
historically,45,14,59,2.3875427569115385e-05,2.4570240174097702e-05,0.0070920175607049885,0.023314575861598404,0.046446826149660753,short,2462,3154
history,238,82,320,0.00012627448358776581,0.00014391140673400082,0.033120761532602572,0.0042802380537111748,0.5062515336465544,short,2145,3471
hiv,173,102,275,9.1787754876821364e-05,0.00017901174983985467,0.18849667538020576,0.0048852239117810371,2.6968789757101508,short,793,4823
hobbs,17,43,60,9.019605970554701e-06,7.5465737677585801e-05,0.65196318387370589,0.02269631196216422,4.3275831969496181,short,369,5247
hold,168,5,173,8.9134929591364094e-05,8.7750857764634652e-06,-0.28909535119410457,0.00855108998103336,-3.1262979787087661,official,5003,613
holders,71,1,72,3.7670119053493162e-05,1.7550171552926931e-06,-0.31137070131201483,0.020692198241292058,-2.1645839285101012,official,4560,1055
holding,295,47,342,0.00015651669184197863,8.2485806298756569e-05,-0.13218518358517528,0.0041411139722103488,-2.0541123175491358,official,4481,1135
holdings,50,1,51,2.6528252854572649e-05,1.7550171552926931e-06,-0.30285957507525829,0.029132320436551326,-1.7744091550402348,official,4218,1398
holiday,57,16,73,3.0242208254212821e-05,2.8080274484683089e-05,-0.017875306502467936,0.018928823860845136,-0.12992468790200995,official,2588,3031
holocaust,41,56,97,2.1753167340749571e-05,9.8280960696390808e-05,0.46422632906750394,0.013782885643792568,3.9542096519233048,short,435,5181
home,1658,989,2647,0.00087967686465762905,0.0017357119665844733,0.19234072534399971,0.00050787726248361156,8.5347708352117593,short,100,5516
homebound,17,8,25,9.019605970554701e-06,1.4040137242341545e-05,0.11986248068147631,0.054113115214115624,0.51526660166988847,short,2138,3477
homebuyer,48,46,94,2.5467122740389743e-05,8.0730789143463881e-05,0.34685223739604076,0.014185671782555013,2.9121889299975501,short,705,4911
homebuyers,51,22,73,2.7058817911664101e-05,3.8610377416439245e-05,0.09462146689163653,0.018591393031200953,0.69395883686180826,short,1984,3632
homeland,1001,215,1216,0.00053109562214854447,0.00037732868838792898,-0.076795892457594661,0.0011504333805878754,-2.2641607343819987,official,4626,990
homeless,346,197,543,0.00018357550975364273,0.00034573837959266053,0.17761607455299,0.0024767719677940138,3.5689400738357788,short,511,5105
homelessness,51,48,99,2.7058817911664101e-05,8.4240823454049258e-05,0.34083463605818309,0.013469948874863394,2.9367078777258189,short,696,4921
homemakers,40,32,72,2.1222602283658118e-05,5.6160548969366179e-05,0.28692391012305585,0.018544517156997755,2.1069730255515497,short,1054,4562
homeowner,31,44,75,1.644751676983504e-05,7.722075483287849e-05,0.47672262389158604,0.017837884723051846,3.5693906879879624,short,510,5106
homeowners,209,166,375,0.00011088809693211368,0.00029133284777858702,0.28458590596477862,0.0035613187885114601,4.7687874128470469,short,297,5319
homeownership,93,113,206,4.9342550309505128e-05,0.0001983169385480743,0.42580740981426146,0.0064798389900779631,5.2897007934941795,short,237,5379
homes,356,96,452,0.00018888116032455727,0.00016848164690809852,-0.027268475464895303,0.0030630024791880135,-0.49270524304587132,official,2869,2747
homestead,22,82,104,1.1672431256011964e-05,0.00014391140673400082,0.75052053702633081,0.013313413145280398,6.5045592791115068,short,162,5454
homicide,20,8,28,1.0611301141829059e-05,1.4040137242341545e-05,0.073342074292639836,0.04861167221331926,0.33264646170376272,short,2280,3335
honest,9,64,73,4.7750855138230768e-06,0.00011232109793873236,0.87431138624278582,0.019494953139268752,6.2618842644298924,short,175,5441
honesty,12,23,35,6.3667806850974358e-06,4.036539457173194e-05,0.57132706038005132,0.038518536159586003,2.9110516259264347,short,706,4910
honey,39,18,57,2.0692037226566665e-05,3.1590308795268477e-05,0.11416590256433423,0.023750561109021278,0.74079744749016918,short,1965,3652
honor,187,82,269,9.9215665676101702e-05,0.00014391140673400082,0.099327692659183953,0.0050425464634639185,1.3987670483380799,short,1496,4120
honorable,19,8,27,1.0080736084737606e-05,1.4040137242341545e-05,0.087730941996156275,0.050311120108203787,0.39112970402606018,short,2233,3382
honoring,27,38,65,1.432525654146923e-05,6.6690651901122331e-05,0.47397657188088438,0.02057886419333917,3.3040466838168037,short,584,5032
honors,21,12,33,1.1141866198920512e-05,2.1060205863512314e-05,0.17870418310542391,0.040741301844251517,0.88535463946968185,short,1855,3759
hood,15,19,34,7.9584758563717939e-06,3.3345325950561165e-05,0.43950115281716151,0.039276648897727889,2.2176489813611173,short,992,4625
hoover,14,14,28,7.4279107992803412e-06,2.4570240174097702e-05,0.36102751335868177,0.047619608721593105,1.6544261607778865,short,1343,4270
hope,45,84,129,2.3875427569115385e-05,0.0001474214410445862,0.56329050289983229,0.010442523245785264,5.5122601233160058,short,214,5402
hopi,22,8,30,1.1672431256011964e-05,1.4040137242341545e-05,0.04736632738623392,0.045547119807092688,0.2219418760337466,short,2353,3263
horizon,33,3,36,1.7508646884017949e-05,5.2650514658780786e-06,-0.20952455925720592,0.040134340367865458,-1.0458679898033263,official,3325,2291
hormone,41,21,62,2.1753167340749571e-05,3.685536026114655e-05,0.1451386321305641,0.021757491745429718,0.98396264670681899,short,1787,3829
horse,36,38,74,1.9100342055292307e-05,6.6690651901122331e-05,0.37905349395943411,0.018020041633290695,2.823726366885511,short,738,4878
horseracing,12,13,25,6.3667806850974358e-06,2.281522301880501e-05,0.3876955900890362,0.053343377602553865,1.6786130905611298,short,1319,4298
horses,77,20,97,4.0853509396041878e-05,3.5100343105853861e-05,-0.035859471860145931,0.014294696101546055,-0.29992759529067636,official,2714,2902
hospice,78,52,130,4.1384074453133331e-05,9.126089207522004e-05,0.22750415745267283,0.010302758928866472,2.2413649096885111,short,982,4635
hospital,703,325,1028,0.00037298723513529142,0.00057038057547012522,0.11469685728012369,0.0013173603867585248,3.1600883024960313,short,624,4992
hospitalization,46,6,52,2.4405992626206838e-05,1.0530102931756157e-05,-0.16350456965933624,0.027446022050266739,-0.98693872732802834,official,3280,2338
hospitals,583,67,650,0.00030931942828431709,0.00011758614940461042,-0.18115343914300297,0.002206291387208909,-3.8566937015695104,official,5189,427
hostage,21,15,36,1.1141866198920512e-05,2.6325257329390394e-05,0.24980139734804929,0.037152263890703793,1.295991705466099,short,1567,4052
hostile,38,4,42,2.0161472169475213e-05,7.0200686211707723e-06,-0.19236515939149434,0.034239691539783519,-1.0395885676662184,official,3319,2294
hostilities,50,2,52,2.6528252854572649e-05,3.5100343105853862e-06,-0.27497111268380614,0.028323001194189928,-1.6338697633692534,official,4069,1544
hotline,27,16,43,1.432525654146923e-05,2.8080274484683089e-05,0.1900688836624731,0.031235427933978308,1.0754427442426182,short,1728,3890
hour,22,4,26,1.1672431256011964e-05,7.0200686211707723e-06,-0.10898146640524153,0.054167227768218841,-0.46825706924064459,official,2853,2763
hours,186,21,207,9.8685100619010256e-05,3.685536026114655e-05,-0.18345585800017794,0.0069310553158917114,-2.203595625130796,official,4587,1029
house,816,183,999,0.00043294108658662562,0.00032116813941856283,-0.067881694399519077,0.0013975491974186692,-1.8158046405470081,official,4270,1346
household,72,14,86,3.8200684110584615e-05,2.4570240174097702e-05,-0.096404888363819552,0.01632967503909806,-0.75441494789909891,official,3080,2536
households,117,1,118,6.20761116797e-05,1.7550171552926931e-06,-0.31945352518789605,0.012659241614688363,-2.8392513470862797,official,4911,706
houses,40,6,46,2.1222602283658118e-05,1.0530102931756157e-05,-0.1420828976828723,0.030859237313488976,-0.80881502718692844,official,3114,2501
housing,3165,1266,4431,0.0016792384056944487,0.0022218517186005492,0.073474683094030269,0.00030774134097409981,4.1883676895360225,short,399,5217
hubzone,25,21,46,1.3264126427286324e-05,3.685536026114655e-05,0.30304183893481706,0.029010441283400783,1.779202684786662,short,1252,4363
hudson,22,19,41,1.1672431256011964e-05,3.3345325950561165e-05,0.31223846145569034,0.032540243645311252,1.7309160226942224,short,1282,4333
human,1734,404,2138,0.00091999980899657948,0.00070902693073824795,-0.059848529065287259,0.00065221707317417046,-2.3434592138090156,official,4673,943
humane,91,29,120,4.8281420195322223e-05,5.0895497503488099e-05,0.013112119217520757,0.011451307012083954,0.12253082569188258,short,2412,3204
humanitarian,103,51,154,5.4648200880419655e-05,8.9505874919927337e-05,0.13496575709884162,0.008769660495931416,1.4412263870769908,short,1463,4153
humanities,67,48,115,3.5547858825127351e-05,8.4240823454049258e-05,0.25077877308979346,0.011630035942869184,2.3254137968768962,short,935,4681
humanity,24,6,30,1.2733561370194872e-05,1.0530102931756157e-05,-0.044442344072054496,0.046296857398823089,-0.20654809849044917,official,2652,2964
humans,30,0,30,1.5916951712743588e-05,0,-0.33212778313798452,0.050000561102189471,-1.4853122665294169,official,3866,1741
hunger,75,83,158,3.9792379281858973e-05,0.00014566642388929351,0.39480777803255229,0.0084417842213709206,4.2970318874125466,short,376,5240
hunt,22,8,30,1.1672431256011964e-05,1.4040137242341545e-05,0.04736632738623392,0.045547119807092688,0.2219418760337466,short,2354,3264
hunter,5,25,30,2.6528252854572648e-06,4.3875428882317324e-05,0.81301854873732537,0.046753807856841786,3.7600356284972309,short,481,5135
hunting,99,45,144,5.2525940652053844e-05,7.8975771988171179e-05,0.10971537034473577,0.0094067927577468295,1.1312189854220729,short,1683,3933
huntington's,51,42,93,2.7058817911664101e-05,7.3710720522293099e-05,0.29649623702748507,0.014352412969982494,2.4748946956791849,short,881,4735
hurricane,285,124,409,0.00015121104127106409,0.00021762212725629393,0.097089074871593795,0.0033176559889485091,1.6856006383337678,short,1313,4303
hurricanes,47,17,64,2.493655768329829e-05,2.9835291639975781e-05,0.045943460976809902,0.021355249131828603,0.31439192789476317,short,2297,3319
husbands,25,0,25,1.3264126427286324e-05,0,-0.33212713187227472,0.060000561101111738,-1.3558969980891018,official,3660,1964
hybrid,39,23,62,2.0692037226566665e-05,4.036539457173194e-05,0.18855887443330666,0.021666257091743003,1.2810174065165272,short,1587,4028
hydraulic,23,3,26,1.2202996313103419e-05,5.2650514658780786e-06,-0.16350286638518163,0.054891482987491726,-0.69786736363649349,official,3045,2569
hydroelectric,88,41,129,4.6689725024047858e-05,7.195570336700041e-05,0.11693059145186524,0.01049120899788664,1.1416037245270614,short,1673,3943
hydrogen,43,37,80,2.2814297454932476e-05,6.4935634745829642e-05,0.31102322526669113,0.016677650962868835,2.4083820427506306,short,911,4705
hydropower,42,30,72,2.2283732397841024e-05,5.2650514658780788e-05,0.2498051249405826,0.018576412506118113,1.8328225554053603,short,1208,4407
hypertension,18,16,34,9.5501710276461537e-06,2.8080274484683089e-05,0.32180714091027873,0.039231330334720441,1.6247223667298465,short,1360,4256
hypoxia,18,12,30,9.5501710276461537e-06,2.1060205863512314e-05,0.22749473802775988,0.044643418245721274,1.0766948500178013,short,1722,3894
id,16,32,48,8.4890409134632483e-06,5.6160548969366179e-05,0.58417855958127696,0.028125561107868475,3.4833331736416544,short,534,5082
idaho,180,68,248,9.550171027646154e-05,0.00011934116655990313,0.057648176010186347,0.0055015667131622838,0.77721715677867564,short,1932,3684
idea,0,67,67,0,0.00011758614940461042,1.0541993530427742,0.022388620815424434,7.0454554785324151,short,140,5476
identifiable,100,0,100,5.3056505709145297e-05,0,-0.33213690112857996,0.015000561117278089,-2.711835720259232,official,4847,766
identification,421,123,544,0.00022336788903550169,0.00021586711010100124,-0.0083165922466452713,0.0025360810247843481,-0.16514439818952459,official,2612,3004
identified,75,0,75,3.9792379281858973e-05,0,-0.33213364464536888,0.020000561111889203,-2.3485065797464046,official,4678,939
identify,239,4,243,0.00012680504864485726,7.0200686211707723e-06,-0.30756188172098753,0.0061238329409613991,-3.930256024199493,official,5197,419
identifying,135,4,139,7.1626282707346148e-05,7.0200686211707723e-06,-0.28927603243610278,0.010643203155413207,-2.8039888109839906,official,4891,725
identity,226,134,360,0.00011990770290266836,0.00023517229880922085,0.19026733352717962,0.0037313373204783651,3.1148129806776401,short,643,4973
ii,1414,133,1547,0.00075021899072731451,0.00023341728165392816,-0.20583690079263572,0.00093352327406855367,-6.7369086612554989,official,5464,152
iii,300,20,320,0.00015916951712743589,3.5100343105853861e-05,-0.23978101752354242,0.0045546408622241701,-3.5529388245410605,official,5106,510
ill,81,42,123,4.2975769624407689e-05,7.3710720522293099e-05,0.14885633064975679,0.010963127969517228,1.4216741523995509,short,1488,4128
illegal,424,148,572,0.00022495958420677605,0.00025974253898331857,0.036535800391451545,0.0023934661805099203,0.74680115032546601,short,1958,3658
illegally,48,2,50,2.5467122740389743e-05,3.5100343105853862e-06,-0.27270584554268673,0.029435411970035154,-1.5894958123227401,official,4012,1604
illicit,62,6,68,3.2895033539670081e-05,1.0530102931756157e-05,-0.20245154286979172,0.021206382316538874,-1.3902336540169515,official,3719,1896
illinois,54,20,74,2.8650513082938459e-05,3.5100343105853861e-05,0.052289406767668467,0.018451358985138545,0.38494575560571515,short,2242,3374
illness,263,71,334,0.00013953861001505212,0.00012460621802578119,-0.027010407612312548,0.004144738850231762,-0.41954886659092644,official,2793,2823
illnesses,95,6,101,5.0403680423688034e-05,1.0530102931756157e-05,-0.24427230889194185,0.014448396326680883,-2.0321904887581872,official,4459,1157
imaging,62,39,101,3.2895033539670081e-05,6.8445669056415033e-05,0.2089242545982497,0.013278387587696942,1.8130767582027805,short,1230,4386
immediate,150,27,177,7.9584758563717946e-05,4.7385463192902708e-05,-0.11082477735972773,0.007960625895243538,-1.2421191573344437,official,3514,2102
immediately,55,2,57,2.9181078140029912e-05,3.5100343105853862e-06,-0.27994442463065994,0.025878285079066018,-1.7402196814494049,official,4187,1429
immigrant,199,86,285,0.00010558244636119913,0.0001509314753551716,0.09515159506697124,0.004762094654231849,1.3788501199193297,short,1505,4111
immigrants,117,33,150,6.20761116797e-05,5.7915566124658867e-05,-0.016740222030753316,0.0092103603562885064,-0.17443069159066921,official,2619,2997
immigration,1473,410,1883,0.0007815223290957102,0.00071955703367000408,-0.019880703490883,0.0007346452029671687,-0.73348785044973697,official,3070,2546
imminent,36,1,37,1.9100342055292307e-05,1.7550171552926931e-06,-0.29185423467264293,0.040014980714425025,-1.4589979885363076,official,3823,1794
immune,54,7,61,2.8650513082938459e-05,1.2285120087048851e-05,-0.16440513590664096,0.023402095636119245,-1.0747018725156241,official,3356,2257
immunities,27,16,43,1.432525654146923e-05,2.8080274484683089e-05,0.1900688836624731,0.031235427933978308,1.0754427442426182,short,1729,3891
immunity,108,18,126,5.7301026165876919e-05,3.1590308795268477e-05,-0.12449082294024372,0.011218509841843409,-1.1753568728674983,official,3438,2178
immunization,51,38,89,2.7058817911664101e-05,6.6690651901122331e-05,0.26357769854826252,0.015017434007932144,2.1508533265808301,short,1029,4587
immunodeficiency,48,8,56,2.5467122740389743e-05,1.4040137242341545e-05,-0.12448731611883446,0.025240945723628113,-0.78356006285823721,official,3100,2515
immunosuppressive,28,24,52,1.4855821598560682e-05,4.2120411727024629e-05,0.30973670401721165,0.025658455845122979,1.9336479826316346,short,1153,4463
impact,574,202,776,0.00030454434277049403,0.00035451346536912397,0.038685374570741615,0.0017637969026625384,0.92113337558488351,short,1831,3785
impacted,38,8,46,2.0161472169475213e-05,1.4040137242341545e-05,-0.080810950077767174,0.030423841529368424,-0.46330094663426108,official,2846,2770
impacts,150,4,154,7.9584758563717946e-05,7.0200686211707723e-06,-0.29342717865544188,0.0096191487374045082,-2.9917962795794244,official,4967,648
impaired,34,16,50,1.8039211941109402e-05,2.8080274484683089e-05,0.11986371322765876,0.02705683816367704,0.72870073147690795,short,1970,3645
impairment,28,1,29,1.4855821598560682e-05,1.7550171552926931e-06,-0.28083379739508274,0.050877754084486283,-1.2450460263550298,official,3520,2094
impede,30,0,30,1.5916951712743588e-05,0,-0.33212778313798452,0.050000561102189471,-1.4853122665294169,official,3867,1742
impediments,39,3,42,2.0692037226566665e-05,5.2650514658780786e-06,-0.22676714721379732,0.0345684623395126,-1.2196637203029173,official,3496,2120
implement,1108,1,1109,0.00058786608325732989,1.7550171552926931e-06,-0.33091556001551137,0.001352522226798418,-8.9979791651186467,official,5532,84
implementation,834,288,1122,0.00044249125761427175,0.00050544494072429563,0.03372689956805619,0.0012210286557889536,0.96519150577958002,short,1802,3814
implemented,35,0,35,1.8569776998200855e-05,0,-0.33212843440627182,0.042857703960410054,-1.6043222548468057,official,4027,1583
implementing,231,9,240,0.00012256052818812563,1.5795154397634238e-05,-0.27640810528791881,0.0061397676555227706,-3.527563218841606,official,5100,517
implications,33,0,33,1.7508646884017949e-05,0,-0.33212817389864746,0.04545510655738156,-1.5578096061599955,official,3970,1647
import,190,162,352,0.00010080736084737607,0.00028431277915741626,0.30802562503476061,0.0037911049227277076,5.0026940719398425,short,273,5343
importance,64,0,64,3.3956163653852993e-05,0,-0.3321322118131711,0.023438061109518123,-2.1694525539699216,official,4567,1051
important,62,4,66,3.2895033539670081e-05,7.0200686211707723e-06,-0.2425180691972546,0.022098775395888403,-1.6313982721216032,official,4068,1548
importation,461,25,486,0.00024459049131915982,4.3875428882317324e-05,-0.25595548180208638,0.0030134745734097944,-4.6626269500103179,official,5305,311
imported,390,56,446,0.00020692037226566665,9.8280960696390808e-05,-0.14903186347512332,0.003188765316334127,-2.639172960569907,official,4818,798
importers,108,0,108,5.7301026165876919e-05,0,-0.33213794321681966,0.013889450007891444,-2.8182269748450395,official,4898,720
imports,130,16,146,6.8973457421888892e-05,2.8080274484683089e-05,-0.17179126510859177,0.0097965890400634626,-1.7356559158143374,official,4173,1443
impose,889,0,889,0.00047167233575430171,0,-0.33223970886021981,0.0016878503762699881,-8.0869464086515581,official,5504,112
imposed,319,0,319,0.0001692502532121735,0,-0.33216543067664972,0.0047027555218560725,-4.8437110917199195,official,5326,290
imposes,51,0,51,2.7058817911664101e-05,0,-0.3321305184821135,0.029412325812598318,-1.9366186031223602,official,4388,1229
imposing,143,0,143,7.587080316407777e-05,0,-0.33214250243045385,0.010490071616057715,-3.2429124708797921,official,5023,593
imposition,231,0,231,0.00012256052818812563,0,-0.33215396615424275,0.0064940676390240985,-4.121744230873932,official,5237,377
impoundment,114,11,125,6.0484416508425642e-05,1.9305188708219622e-05,-0.20279547095901052,0.01153760271816618,-1.8879933548518066,official,4348,1268
imprisonment,49,8,57,2.5997687797481196e-05,1.4040137242341545e-05,-0.12803145480797262,0.024819138757225377,-0.81268702643395929,official,3123,2493
improper,122,22,144,6.4728936965157256e-05,3.8610377416439245e-05,-0.11049162775838006,0.0097840560097825179,-1.1170430389702293,official,3392,2224
improve,7827,46,7873,0.0041527327018548027,8.0730789143463881e-05,-0.32437524937351814,0.00019053563860385673,-23.499552878538633,official,5600,16
improved,840,95,935,0.00044567464795682048,0.00016672662975280583,-0.18328682132781182,0.0015348153707695125,-4.67846268073425,official,5308,308
improvement,745,3623,4368,0.00039527096753313247,0.0063584271536254264,0.80901961578715031,0.00032128292129590615,45.135185510630556,short,3,5613
improvements,866,602,1468,0.0004594693394411983,0.0010565203274862012,0.24113504019853949,0.00091210224821040549,7.9843315129402068,short,110,5506
improving,598,211,809,0.00031727790414068889,0.00037030861976675822,0.039379177148237687,0.0016916854928984049,0.95742954376502998,short,1805,3811
in-home,23,14,37,1.2202996313103419e-05,2.4570240174097702e-05,0.19850741160514751,0.036275070908406974,1.0422516503671222,short,1746,3868
inaccurate,39,0,39,2.0692037226566665e-05,0,-0.33212895542275866,0.038462099565667845,-1.6935196716434358,official,4139,1478
inactive,67,10,77,3.5547858825127351e-05,1.755017155292693e-05,-0.14288629439711187,0.018439258430890202,-1.0522497902779808,official,3332,2283
inadequate,36,0,36,1.9100342055292307e-05,0,-0.33212856466023766,0.041667227770149411,-1.6270800693544627,official,4061,1556
inappropriate,45,0,45,2.3875427569115385e-05,0,-0.33212973695058068,0.033333894438756007,-1.8191341786345503,official,4278,1339
incarcerated,54,7,61,2.8650513082938459e-05,1.2285120087048851e-05,-0.16440513590664096,0.023402095636119245,-1.0747018725156241,official,3357,2258
incarceration,54,17,71,2.8650513082938459e-05,2.9835291639975781e-05,0.010046673017397367,0.019364197475619148,0.072197559334174738,short,2441,3175
incentive,360,737,1097,0.00019100342055292308,0.0012934476434507147,0.59141392211781341,0.0012321594424163284,16.848377670128329,short,25,5591
incentives,1410,363,1773,0.00074809673049894873,0.0006370712273712476,-0.037893197906401888,0.00078289531551588884,-1.3542829499305407,official,3639,1977
incidence,138,0,138,7.3217977878620513e-05,0,-0.33214185110648664,0.010870126342860708,-3.185710491725493,official,5017,599
incident,46,11,57,2.4405992626206838e-05,1.9305188708219622e-05,-0.054199230319442293,0.024415181325646563,-0.34686712617851051,official,2756,2860
incidental,28,7,35,1.4855821598560682e-05,1.2285120087048851e-05,-0.044442434230242966,0.039683100786200437,-0.22309767193986205,official,2666,2951
incidents,100,0,100,5.3056505709145297e-05,0,-0.33213690112857996,0.015000561117278089,-2.711835720259232,official,4848,767
include,1034,5,1039,0.00054860426903256235,8.7750857764634652e-06,-0.3250466181567111,0.001440808393804767,-8.5633271698933804,official,5518,98
included,188,0,188,9.9746230733193162e-05,0,-0.33214836446216545,0.0079792845405031419,-3.7183489349935392,official,5153,462
includes,46,1,47,2.4405992626206838e-05,1.7550171552926931e-06,-0.30038073804021792,0.031586582611286329,-1.6901325242006373,official,4128,1485
including,1037,5,1042,0.00055019596420383674,8.7750857764634652e-06,-0.32506774222069978,0.0014366716393220097,-8.5762042488683257,official,5519,97
inclusion,374,33,407,0.0001984313313522034,5.7915566124658867e-05,-0.21281161928031977,0.0035536981891592019,-3.56989190288727,official,5110,506
income,4622,374,4996,0.0024522716938766955,0.00065637641607946718,-0.22222689186124178,0.00029075365475440617,-13.032688672795137,official,5580,36
incomes,36,0,36,1.9100342055292307e-05,0,-0.33212856466023766,0.041667227770149411,-1.6270800693544627,official,4062,1557
inconsistent,36,1,37,1.9100342055292307e-05,1.7550171552926931e-06,-0.29185423467264293,0.040014980714425025,-1.4589979885363076,official,3824,1795
incorporate,57,0,57,3.0242208254212821e-05,0,-0.33213130001736069,0.026316350581693477,-2.0473730096171781,official,4471,1144
incorporation,22,10,32,1.1672431256011964e-05,1.755017155292693e-05,0.10971031966306555,0.042328603431225111,0.53324956587369854,short,2113,3500
increase,4302,43,4345,0.0022824908756074306,7.5465737677585801e-05,-0.3178583375578965,0.0003441033385614656,-17.135199474704091,official,5594,22
increased,969,53,1022,0.00051411754032161788,9.3015909230512728e-05,-0.25539647837097679,0.0014330540479837457,-6.7465791439400293,official,5467,149
increases,465,12,477,0.00024671275154752561,2.1060205863512314e-05,-0.29467488686479371,0.0031071220995467401,-5.2864480105583018,official,5366,250
increasing,472,47,519,0.00025042670694716578,8.2485806298756569e-05,-0.19913838812690621,0.0027764273981721621,-3.7793039971133018,official,5170,446
incremental,38,4,42,2.0161472169475213e-05,7.0200686211707723e-06,-0.19236515939149434,0.034239691539783519,-1.0395885676662184,official,3320,2295
incurred,357,0,357,0.00018941172538164872,0,-0.33217038151277656,0.0042022418449509406,-5.1241328841186764,official,5357,259
indebtedness,76,4,80,4.0322944338950426e-05,7.0200686211707723e-06,-0.25802407933081639,0.018315579428210178,-1.9065574918099608,official,4365,1251
indecent,22,4,26,1.1672431256011964e-05,7.0200686211707723e-06,-0.10898146640524153,0.054167227768218841,-0.46825706924064459,official,2854,2764
indemnification,46,15,61,2.4405992626206838e-05,2.6325257329390394e-05,0.018928281980846506,0.022504250239080283,0.12617662974965727,short,2407,3209
indemnity,220,17,237,0.00011672431256011965,2.9835291639975781e-05,-0.2263471516126625,0.006125752829222523,-2.8919800919287044,official,4932,684
independence,252,233,485,0.00013370239438704613,0.00040891899718319748,0.33497255950151228,0.0027501709766730329,6.3874775158652044,short,172,5444
independent,913,305,1218,0.00048440589712449658,0.00053528023236427134,0.025126521310395056,0.0011264234503476792,0.74865464658230885,short,1956,3660
index,165,43,208,8.7543234420089743e-05,7.5465737677585801e-05,-0.035105140732675011,0.0066655900354501097,-0.42998313211482087,official,2814,2802
indexing,45,24,69,2.3875427569115385e-05,4.2120411727024629e-05,0.15742882889021104,0.019525179108549666,1.1266441124551003,short,1690,3926
india,28,14,42,1.4855821598560682e-05,2.4570240174097702e-05,0.13788213853190534,0.032143418248420284,0.76906311196019095,short,1941,3675
indian,1594,738,2332,0.00084572070100377608,0.0012952026606060075,0.11519022167414406,0.00058100671464961435,4.7788680385383504,short,295,5321
indiana,33,17,50,1.7508646884017949e-05,2.9835291639975781e-05,0.14687834274634426,0.026974127012868901,0.89430171706060313,short,1851,3765
indians,319,108,427,0.0001692502532121735,0.00018954185277161083,0.028569433995846438,0.0032102026460792605,0.50423781503811782,short,2146,3470
indicators,23,6,29,1.2202996313103419e-05,1.0530102931756157e-05,-0.034872762803848545,0.047802758904509059,-0.1594997015130627,official,2608,3006
indigent,30,13,43,1.5916951712743588e-05,2.281522301880501e-05,0.095917248075451766,0.031556334099851625,0.5399498655425401,short,2106,3510
indirect,50,3,53,2.6528252854572649e-05,5.2650514658780786e-06,-0.24835921260629767,0.027566441828536258,-1.495856448471069,official,3884,1730
indirectly,35,0,35,1.8569776998200855e-05,0,-0.33212843440627182,0.042857703960410054,-1.6043222548468057,official,4028,1584
individual,1775,183,1958,0.00094175297633732904,0.00032116813941856283,-0.1950683544805667,0.00073551405111938134,-7.1926898447923131,official,5481,135
individual's,155,0,155,8.2237583849175216e-05,0,-0.33214406561849152,0.0096779804839727274,-3.3762463396340148,official,5066,552
individuals,4511,142,4653,0.0023933789725395444,0.00024921243605156238,-0.28721310526417021,0.00031823533585661259,-16.100154815354635,official,5591,25
indochina,33,12,45,1.7508646884017949e-05,2.1060205863512314e-05,0.047366618023442442,0.030364933575732972,0.27182300513290319,short,2329,3287
indoor,28,22,50,1.4855821598560682e-05,3.8610377416439245e-05,0.28098642901642279,0.026709962817139034,1.7192882823307063,short,1295,4319
industrial,381,172,553,0.00020214528675184358,0.0003018629507103432,0.10774300721807961,0.0024505353810075833,2.1764996635052909,short,1019,4597
industrialization,60,50,110,3.1833903425487176e-05,8.7750857764634649e-05,0.30041241104556526,0.012132914063421438,2.7273150566856783,short,781,4835
industries,348,75,423,0.00018463663986782562,0.00013162628664695197,-0.076078007489583044,0.0033056101808629289,-1.3232238224861288,official,3603,2013
industry,1251,288,1539,0.00066373688642140769,0.00050544494072429563,-0.062381897358719129,0.00090632975784759467,-2.0721226597740401,official,4489,1127
ineligible,71,0,71,3.7670119053493162e-05,0,-0.33213312361403702,0.021127321674407271,-2.2850197995551476,official,4640,976
inequities,95,0,95,5.0403680423688034e-05,0,-0.33213624982678347,0.015790034800410829,-2.6431677949959806,official,4821,794
inexpensive,28,1,29,1.4855821598560682e-05,1.7550171552926931e-06,-0.28083379739508274,0.050877754084486283,-1.2450460263550298,official,3521,2095
infant,131,97,228,6.9504022478980338e-05,0.00017023666406339123,0.2615508303860814,0.0058629995475826006,3.4158294052952529,short,557,5059
infants,175,45,220,9.284888499100427e-05,7.8975771988171179e-05,-0.038136040001537808,0.0063057916209571345,-0.48024824548557787,official,2864,2752
infection,44,8,52,2.3344862512023929e-05,1.4040137242341545e-05,-0.1089826085662704,0.027083894440714625,-0.66221900830659208,official,3014,2602
infections,29,7,36,1.5386386655652135e-05,1.2285120087048851e-05,-0.052164610576610926,0.038640990441980057,-0.26537001241662694,official,2694,2922
infectious,44,13,57,2.3344862512023929e-05,2.281522301880501e-05,-0.0056020998404449074,0.024187265493464352,-0.036021140447884598,official,2517,3100
infertility,30,16,46,1.5916951712743588e-05,2.8080274484683089e-05,0.15742733581053514,0.029287488101444405,0.91989674732956006,short,1832,3784
inflation,212,66,278,0.00011247979210338803,0.00011583113224931773,0.00726039407197554,0.0049483542300779284,0.10321190712175084,short,2432,3184
inflationary,48,5,53,2.5467122740389743e-05,8.7750857764634652e-06,-0.1936582991919078,0.027142930516782904,-1.1754597045931279,official,3442,2177
influence,106,10,116,5.6239896051694013e-05,1.755017155292693e-05,-0.20538166846243122,0.012441573562301715,-1.8412977470022507,official,4303,1313
influenza,56,23,79,2.9711643197121365e-05,4.036539457173194e-05,0.080723955335587405,0.017211890090079424,0.61530175153296063,short,2044,3571
inform,98,11,109,5.1995375594962392e-05,1.9305188708219622e-05,-0.1842117710868898,0.013164812327566047,-1.6054990091800494,official,4041,1575
information,4020,1132,5152,0.002132871529507641,0.0019866794197913283,-0.01716130421887474,0.00026872405657361301,-1.0468802741905023,official,3328,2288
informed,98,62,160,5.1995375594962392e-05,0.00010881106362814697,0.21075505074058576,0.0083810346304505345,2.302126444954304,short,944,4672
infrastructure,614,475,1089,0.00032576694505415213,0.00083363314876402916,0.27600328003311692,0.0012271466070156534,7.8789077903503495,short,118,5498
infringement,46,3,49,2.4405992626206838e-05,5.2650514658780786e-06,-0.2416145671112524,0.029757646126696451,-1.4006312996020871,official,3729,1885
infusion,20,16,36,1.0611301141829059e-05,2.8080274484683089e-05,0.28691962140890404,0.037088473192294392,1.4898439149599592,short,1424,4191
ingredient,16,12,28,8.4890409134632483e-06,2.1060205863512314e-05,0.26571621134937828,0.047727833829705774,1.2162761466790024,short,1622,3993
ingredients,76,0,76,4.0322944338950426e-05,0,-0.33213377490346119,0.019737403217367912,-2.364111931290569,official,4689,927
initial,112,0,112,5.9423286394242729e-05,0,-0.3321384642634122,0.013393418262721935,-2.8699442301529952,official,4921,694
initiate,72,0,72,3.8200684110584615e-05,0,-0.33213325387171366,0.020833894444575871,-2.3010556950072849,official,4646,968
initiative,297,307,604,0.00015757782195616153,0.00053879026667485671,0.37215455364759897,0.0022081339974732539,7.919734546248562,short,114,5502
initiatives,137,32,169,7.2687412821529054e-05,5.6160548969366179e-05,-0.059260946432347694,0.0082436593682698196,-0.6526924124059581,official,2998,2618
injunctive,25,2,27,1.3264126427286324e-05,3.5100343105853862e-06,-0.22292697821005802,0.053714088953114164,-0.96187474524804439,official,3255,2365
injured,191,20,211,0.00010133792590446751,3.5100343105853861e-05,-0.1930273353942642,0.0068171276603896293,-2.3378578562927972,official,4670,946
injuries,234,9,243,0.0001241522233594,1.5795154397634238e-05,-0.2770907019329325,0.0060652511755647977,-3.5579312953810036,official,5108,508
injurious,30,0,30,1.5916951712743588e-05,0,-0.33212778313798452,0.050000561102189471,-1.4853122665294169,official,3868,1743
injury,345,134,479,0.00018304494469655128,0.00023517229880922085,0.065230510446623313,0.0028454748098422997,1.222850609549011,short,1618,3998
inland,89,29,118,4.7220290081139317e-05,5.0895497503488099e-05,0.018738000774144226,0.011634200085620187,0.17372206707557514,short,2382,3234
inmate,39,9,48,2.0692037226566665e-05,1.5795154397634238e-05,-0.061834748019071739,0.029038673629261345,-0.36286427059208853,official,2763,2852
inmates,31,0,31,1.644751676983504e-05,0,-0.33212791339143699,0.048387657876598558,-1.5098648555654945,official,3904,1702
innocent,69,25,94,3.6608988939310257e-05,4.3875428882317324e-05,0.046398381215167817,0.014538891787081541,0.38480187252935133,short,2243,3373
innovate,6,21,27,3.1833903425487179e-06,3.685536026114655e-05,0.73572502076790336,0.051136924739087139,3.2534806073736116,short,595,5021
innovation,358,424,782,0.00018994229043874016,0.00074412727384410183,0.41744023473418679,0.0017069416669898375,10.10380523682019,short,78,5538
innovations,23,15,38,1.2202996313103419e-05,2.6325257329390394e-05,0.22044482133530607,0.035261928256009885,1.1739426258703149,short,1648,3968
innovative,225,66,291,0.00011937713784557692,0.00011583113224931773,-0.0073485493490625942,0.0047396661064672491,-0.10674013332686924,official,2565,3051
inpatient,128,20,148,6.7912327307705986e-05,3.5100343105853861e-05,-0.13542163694719811,0.0095761304869276115,-1.3838627886234716,official,3712,1904
inquiries,35,0,35,1.8569776998200855e-05,0,-0.33212843440627182,0.042857703960410054,-1.6043222548468057,official,4029,1585
inquiry,17,8,25,9.019605970554701e-06,1.4040137242341545e-05,0.11986248068147631,0.054113115214115624,0.51526660166988847,short,2139,3478
insecticide,87,17,104,4.6159159966956405e-05,2.9835291639975781e-05,-0.095463585045308719,0.013500626023254325,-0.82160067288221483,official,3133,2483
inside,22,11,33,1.1672431256011964e-05,1.9305188708219622e-05,0.13788162748168631,0.040909652012545462,0.68170033638073158,short,1995,3620
inspection,542,94,636,0.00028756626094356749,0.00016497161259751314,-0.11753562900794989,0.0022193206864616509,-2.494936549318008,official,4761,855
inspections,52,11,63,2.7589382968755554e-05,1.9305188708219622e-05,-0.079845763949723647,0.022209726797347579,-0.53577231971395811,official,2910,2706
inspector,207,73,280,0.00010982696681793077,0.0001281162523363666,0.039231729244185942,0.0048868104403368626,0.5612091003019124,short,2088,3528
inspectors,52,6,58,2.7589382968755554e-05,1.0530102931756157e-05,-0.18057816549603345,0.024716470199471242,-1.1486084645000796,official,3418,2199
install,36,0,36,1.9100342055292307e-05,0,-0.33212856466023766,0.041667227770149411,-1.6270800693544627,official,4063,1558
installation,201,13,214,0.00010664357647538204,2.281522301880501e-05,-0.2423257788495139,0.0068154860404129177,-2.9352912567456135,official,4946,670
installations,205,3,208,0.00010876583670374786,5.2650514658780786e-06,-0.31059156537971155,0.0071612051396722524,-3.6702580529841073,official,5139,477
installed,28,0,28,1.4855821598560682e-05,0,-0.33212752263139222,0.053571989673186944,-1.4349473872580845,official,3795,1814
installing,27,0,27,1.432525654146923e-05,0,-0.33212739237824884,0.055556116657098385,-1.4090900724452342,official,3765,1858
installment,24,5,29,1.2733561370194872e-05,8.7750857764634652e-06,-0.082909055750079119,0.048280250336439269,-0.37732641761209551,official,2776,2833
instances,27,0,27,1.432525654146923e-05,0,-0.33212739237824884,0.055556116657098385,-1.4090900724452342,official,3766,1859
instant,50,3,53,2.6528252854572649e-05,5.2650514658780786e-06,-0.24835921260629767,0.027566441828536258,-1.495856448471069,official,3885,1731
instead,34,1,35,1.8039211941109402e-05,1.7550171552926931e-06,-0.28956825888418081,0.042271092504289599,-1.4084103846848972,official,3736,1877
institute,544,154,698,0.00028862739105775043,0.0002702726419150747,-0.015872937939230169,0.0019794231541275117,-0.35676972628882425,official,2762,2854
institutes,246,32,278,0.00013051900404449743,5.6160548969366179e-05,-0.16391433842438197,0.0051347645556271658,-2.2874766934911661,official,4643,973
instituting,33,1,34,1.7508646884017949e-05,1.7550171552926931e-06,-0.28832512039093494,0.043497362808864806,-1.3824550475996336,official,3691,1927
institution,361,103,464,0.00019153398561001453,0.00018076676699514739,-0.014003421411382888,0.00297635084400105,-0.25668003909699494,official,2689,2927
institutional,40,13,53,2.1222602283658118e-05,2.281522301880501e-05,0.01807894483732575,0.025904764431436127,0.11232676617777493,short,2420,3197
institutionalized,19,6,25,1.0080736084737606e-05,1.0530102931756157e-05,0.010820985862238786,0.054985898344850834,0.046146754998631807,short,2466,3153
institutions,1557,153,1710,0.00082608979389139231,0.00026851762475978201,-0.20079771015110737,0.00084342134104855432,-6.9141128396932485,official,5476,140
instruction,117,6,123,6.20761116797e-05,1.0530102931756157e-05,-0.25981586883599839,0.011919165773736095,-2.3798125092837443,official,4704,912
instructional,59,8,67,3.1303338368395723e-05,1.4040137242341545e-05,-0.15777472655645752,0.021270402380455831,-1.0818064919116526,official,3366,2249
instrumentalities,35,3,38,1.8569776998200855e-05,5.2650514658780786e-06,-0.21586733574062578,0.038089435143507828,-1.1060752266925011,official,3384,2233
instruments,71,3,74,3.7670119053493162e-05,5.2650514658780786e-06,-0.27191297105905399,0.019884125822993235,-1.9283092028145812,official,4378,1238
insular,36,35,71,1.9100342055292307e-05,6.1425600435244251e-05,0.351643955516451,0.018780317769669146,2.5659706730006424,short,842,4774
insulation,34,16,50,1.8039211941109402e-05,2.8080274484683089e-05,0.11986371322765876,0.02705683816367704,0.72870073147690795,short,1971,3646
insulin,25,4,29,1.3264126427286324e-05,7.0200686211707723e-06,-0.13145471301413991,0.048822109923747629,-0.59493276718791555,official,2943,2672
insurance,4355,1500,5855,0.0023106108236332777,0.0026325257329390395,0.033115244412514677,0.00023446756889158247,2.1626516682094135,short,1023,4593
insure,254,0,254,0.00013476352450122905,0,-0.33215696248641535,0.0059060729614996109,-4.3220914962849468,official,5270,346
insured,287,9,296,0.00015227217138524701,1.5795154397634238e-05,-0.2868856129353734,0.0049945155508361429,-4.0594022159907261,official,5225,391
insurers,74,5,79,3.926181422476752e-05,8.7750857764634652e-06,-0.23860530210306941,0.018441270730212737,-1.7570522166342013,official,4195,1421
insuring,24,1,25,1.2733561370194872e-05,1.7550171552926931e-06,-0.27270315030033387,0.058870262828012547,-1.1239375155296774,official,3402,2215
integrate,49,0,49,2.5997687797481196e-05,0,-0.33213025797119045,0.030612806004244052,-1.8982651433736926,official,4361,1257
integrated,206,51,257,0.00010929640176083931,8.9505874919927337e-05,-0.046608825088704009,0.0054071416145665798,-0.63384677268558898,official,2975,2641
integration,132,75,207,7.0034587536071797e-05,0.00013162628664695197,0.17694539019661093,0.0064965129427157079,2.1953263937412117,short,1008,4608
integrity,247,400,647,0.00013104956910158888,0.00070200686211707719,0.5191419457267914,0.0020742393280092698,11.398735817053893,short,63,5553
intellectual,94,65,159,4.9873115366596581e-05,0.00011407611509402505,0.23929563057153125,0.0084174160178972796,2.6082269176709358,short,828,4788
intelligence,722,296,1018,0.00038306797122002905,0.00051948507796663714,0.080247615330544697,0.0013363089831729578,2.1952232394290698,short,1009,4607
intelligence-related,85,1,86,4.50980298527735e-05,1.7550171552926931e-06,-0.3147427736638857,0.017342767204254005,-2.3899926780913305,official,4706,909
intended,103,2,105,5.4648200880419655e-05,3.5100343105853862e-06,-0.30369849487559897,0.014154047818683997,-2.5527148822752994,official,4788,828
intensify,32,0,32,1.6978081826926497e-05,0,-0.33212804364498894,0.046875561102620561,-1.5340245419763083,official,3947,1664
intensive,27,9,36,1.432525654146923e-05,1.5795154397634238e-05,0.024551429212115394,0.038095799199226843,0.12578771682629131,short,2410,3208
intent,340,2,342,0.000180392119411094,3.5100343105853862e-06,-0.32340812478867598,0.0043738135735705824,-4.8901343641682296,official,5331,285
intentional,39,2,41,2.0692037226566665e-05,3.5100343105853862e-06,-0.25980743214276103,0.035756375058161295,-1.3739623383961705,official,3682,1933
inter-american,21,10,31,1.1141866198920512e-05,1.755017155292693e-05,0.12335322631825107,0.043621574236175492,0.5906087076735369,short,2064,3551
interactive,37,1,38,1.963090711238376e-05,1.7550171552926931e-06,-0.29290755091125931,0.038974920078329041,-1.4836721715173897,official,3857,1758
interagency,162,17,179,8.5951539248815378e-05,2.9835291639975781e-05,-0.19275829024081581,0.0080351532712381393,-2.1503838156787864,official,4548,1068
interbrand,0,48,48,0,8.4240823454049258e-05,1.054191166560102,0.031250561108768081,5.9633522431454704,short,189,5427
intercept,24,14,38,1.2733561370194872e-05,2.4570240174097702e-05,0.18513554438810154,0.0353603625935347,0.98453566372084078,short,1784,3831
interception,62,6,68,3.2895033539670081e-05,1.0530102931756157e-05,-0.20245154286979172,0.021206382316538874,-1.3902336540169515,official,3720,1897
intercountry,21,8,29,1.1141866198920512e-05,1.4040137242341545e-05,0.059918923708977445,0.047027588129450723,0.27630430450718901,short,2316,3296
interdiction,27,17,44,1.432525654146923e-05,2.9835291639975781e-05,0.20922109979290049,0.030478510771367252,1.1984187887281086,short,1635,3982
interest-bearing,27,0,27,1.432525654146923e-05,0,-0.33212739237824884,0.055556116657098385,-1.4090900724452342,official,3767,1860
interests,425,6,431,0.0002254901492638675,1.0530102931756157e-05,-0.31136665639551708,0.0034571150074906138,-5.295600193055197,official,5368,248
interference,53,12,65,2.8119948025847007e-05,2.1060205863512314e-05,-0.065857630801314571,0.021462150368607779,-0.4495411854127902,official,2824,2791
intergovernmental,94,90,184,4.9873115366596581e-05,0.00015795154397634236,0.34655683228557699,0.0072473184791008154,4.0708564857742653,short,413,5203
interim,140,71,211,7.4279107992803419e-05,0.00012460621802578119,0.14215650850719719,0.0063956632849813053,1.7775587057044759,short,1254,4362
interior,1966,58,2024,0.0010430909022417965,0.0001017909950069762,-0.28967022472990767,0.00073149549874003525,-10.710211009177097,official,5559,57
interlocking,21,8,29,1.1141866198920512e-05,1.4040137242341545e-05,0.059918923708977445,0.047027588129450723,0.27630430450718901,short,2317,3297
intermediate,21,7,28,1.1141866198920512e-05,1.2285120087048851e-05,0.024551349021027846,0.048980152938886627,0.11093415811300854,short,2424,3190
intermodal,55,27,82,2.9181078140029912e-05,4.7385463192902708e-05,0.13239473058903251,0.016474143114514332,1.0315001202992182,short,1752,3863
internal,11326,38,11364,0.0060091798366177967,6.6690651901122331e-05,-0.32857765198775368,0.0001323397484460125,-28.562279811889624,official,5605,11
international,1729,900,2629,0.0009173469837111222,0.0015795154397634237,0.15018734790356092,0.00051339116285545761,6.6284067964894184,short,159,5457
internationally,58,4,62,3.077277331130427e-05,7.0200686211707723e-06,-0.23681952705844544,0.023485409594160393,-1.5453200521013315,official,3959,1657
internet,543,269,812,0.00028809682600065899,0.00047209961477373444,0.13515357593383914,0.0016636380462076493,3.3135850258987012,short,582,5034
internment,33,14,47,1.7508646884017949e-05,2.4570240174097702e-05,0.089872268086157447,0.028894003729591711,0.52871525317274715,short,2124,3493
internship,20,5,25,1.0611301141829059e-05,8.7750857764634652e-06,-0.044442253914231955,0.055556116656948401,-0.18855156251731181,official,2634,2983
interoperability,22,8,30,1.1672431256011964e-05,1.4040137242341545e-05,0.04736632738623392,0.045547119807092688,0.2219418760337466,short,2355,3265
interoperable,26,11,37,1.3794691484377777e-05,1.9305188708219622e-05,0.089090942306077281,0.03670691031066594,0.46500715687165972,short,2188,3427
interpretation,61,6,67,3.2364468482578628e-05,1.0530102931756157e-05,-0.20055287813363165,0.021511691247488415,-1.3673875487592793,official,3678,1937
interpretive,22,9,31,1.1672431256011964e-05,1.5795154397634238e-05,0.079611857654246165,0.043868485631212893,0.38010312184910217,short,2245,3370
interrogation,31,17,48,1.644751676983504e-05,2.9835291639975781e-05,0.16596600908398074,0.02804340433974176,0.99106875354322521,short,1778,3838
interstate,1403,255,1658,0.00074438277509930855,0.00044752937459963669,-0.10911858891081483,0.00084999124481468786,-3.7427559978413716,official,5163,453
intervention,84,72,156,4.4567464795682047e-05,0.00012636123518107391,0.30975009174647283,0.0085531927123453696,3.3492480644392093,short,575,5041
intoxicated,34,0,34,1.8039211941109402e-05,0,-0.33212830415240902,0.044118208161875186,-1.5812369534791584,official,4001,1623
intrastate,36,4,40,1.9100342055292307e-05,7.0200686211707723e-06,-0.18552336706743233,0.035885728568684654,-0.97934956276666985,official,3264,2351
introduction,113,1,114,5.9953851451334182e-05,1.7550171552926931e-06,-0.31900887222521135,0.013101499637877514,-2.7870339378146718,official,4881,734
invasion,33,11,44,1.7508646884017949e-05,1.9305188708219622e-05,0.024551509403726968,0.031169392274656739,0.13906377994944349,short,2401,3216
invasions,40,0,40,2.1222602283658118e-05,0,-0.33212908567713839,0.03750056110434493,-1.7150943922473294,official,4158,1458
invasive,36,45,81,1.9100342055292307e-05,7.8975771988171179e-05,0.43514597666834476,0.016484077599229128,3.3892425279568612,short,569,5047
inventions,33,2,35,1.7508646884017949e-05,3.5100343105853862e-06,-0.24756992417156276,0.04173347048334785,-1.2118688792457284,official,3477,2133
inventory,130,55,185,6.8973457421888892e-05,9.6525943541098119e-05,0.089096353965851804,0.007341830979963479,1.0398189812737775,short,1751,3865
invest,96,46,142,5.0934245480779486e-05,8.0730789143463881e-05,0.12520190942370846,0.0095213907373571972,1.2831007482176242,short,1584,4034
invested,30,0,30,1.5916951712743588e-05,0,-0.33212778313798452,0.050000561102189471,-1.4853122665294169,official,3869,1744
investigate,135,5,140,7.1626282707346148e-05,8.7750857764634652e-06,-0.27902948069161049,0.010533476486683221,-2.7187183954881649,official,4851,765
investigation,316,55,371,0.00016765855804089913,9.6525943541098119e-05,-0.11688910618703829,0.00380358309486024,-1.8952983455017536,official,4354,1262
investigations,143,19,162,7.587080316407777e-05,3.3345325950561165e-05,-0.16080188077431323,0.0088041115347544802,-1.71375350553743,official,4154,1462
investigative,54,10,64,2.8650513082938459e-05,1.755017155292693e-05,-0.10559895141673081,0.021988650894780307,-0.71213169203449023,official,3057,2559
investing,27,44,71,1.432525654146923e-05,7.722075483287849e-05,0.52100339557819986,0.018900294920066976,3.7897124919594019,short,471,5145
investment,1801,1355,3156,0.00095554766782170685,0.0023780482454215991,0.26709111960737442,0.00042397711045534205,12.971441556694163,short,42,5574
investments,342,30,372,0.00018145324952527692,5.2650514658780788e-05,-0.21343919368902853,0.0038886835907473664,-3.4227317845117606,official,5083,533
investor,43,71,114,2.2814297454932476e-05,0.00012460621802578119,0.52515831518535983,0.011775393281285792,4.8395227517772188,short,291,5325
investors,122,73,195,6.4728936965157256e-05,0.0001281162523363666,0.19312407404705745,0.0068864785579357537,2.3272220049570604,short,934,4682
involuntarily,28,2,30,1.4855821598560682e-05,3.5100343105853862e-06,-0.23368658812023924,0.04849194041264674,-1.0612043130292073,official,3343,2277
involuntary,38,2,40,2.0161472169475213e-05,3.5100343105853862e-06,-0.25801999131461351,0.036630597734494008,-1.3481286973324731,official,3635,1979
involve,31,1,32,1.644751676983504e-05,1.7550171552926931e-06,-0.28560746690744843,0.046176607278722956,-1.329102720500865,official,3610,2002
involved,218,3,221,0.00011566318244593674,5.2650514658780786e-06,-0.31185716064798541,0.0067427511858344294,-3.7978442773601455,official,5176,439
involvement,184,34,218,9.7623970504827351e-05,5.9670583279951563e-05,-0.10600901426215792,0.0064563773019355123,-1.3193145290652384,official,3596,2020
involving,551,0,551,0.00029234134645739061,0,-0.33219565915534588,0.0027228842635137304,-6.3661865713322285,official,5445,171
ionizing,52,1,53,2.7589382968755554e-05,1.7550171552926931e-06,-0.30395934091957955,0.02804288914953133,-1.8151148776912445,official,4269,1348
ira,24,61,85,1.2733561370194872e-05,0.00010705604647285428,0.65330520086955346,0.016024188112573171,5.1609315409115828,short,254,5362
iran,259,146,405,0.00013741634978668631,0.00025623250467273319,0.17450513814491053,0.0033214673202951774,3.0279118455492577,short,669,4947
iran's,30,8,38,1.5916951712743588e-05,1.4040137242341545e-05,-0.029843464462439684,0.036445573892087406,-0.15632442553288972,official,2604,3012
iranian,22,22,44,1.1672431256011964e-05,3.8610377416439245e-05,0.36102991819242192,0.030303591409474334,2.0739397813536491,short,1075,4539
iraq,287,133,420,0.00015227217138524701,0.00023341728165392816,0.11537056465026474,0.003223306614760679,2.0320959414184294,short,1101,4515
iraqi,70,27,97,3.7139553996401709e-05,4.7385463192902708e-05,0.063313573570574988,0.014053101199277543,0.53408544171524186,short,2111,3505
ireland,41,28,69,2.1753167340749571e-05,4.9140480348195404e-05,0.2352606412906475,0.019400748553594704,1.6890403824653484,short,1311,4305
iron,50,10,60,2.6528252854572649e-05,1.755017155292693e-05,-0.090964022880116957,0.023377184485841522,-0.59494053090734567,official,2950,2667
irrigation,164,56,220,8.7012669362998283e-05,9.8280960696390808e-05,0.030784384648628205,0.0062279162187588114,0.39008486117642183,short,2238,3378
irs,5,63,68,2.6528252854572648e-06,0.00011056608078343966,0.94578767983662537,0.021332779037168379,6.4754497108746794,short,166,5450
islamic,31,12,43,1.644751676983504e-05,2.1060205863512314e-05,0.064292529411298815,0.031695892800997945,0.36112621624704055,short,2258,3358
island,205,129,334,0.00010876583670374786,0.0002263972130327574,0.20906366990509007,0.0040156759583737283,3.2991285605395708,short,587,5029
islands,209,86,295,0.00011088809693211368,0.0001509314753551716,0.08125624361480277,0.0046093600642884997,1.1968409057381539,short,1636,3980
israel,105,36,141,5.5709330994602561e-05,6.3180617590536954e-05,0.031843335877468348,0.0097153192926710281,0.32306508060966088,short,2285,3331
issuance,472,10,482,0.00025042670694716578,1.755017155292693e-05,-0.30121883060563448,0.0030812995547492257,-5.4264419015384124,official,5382,234
issue,455,5,460,0.00024140710097661109,8.7750857764634652e-06,-0.31592047478645213,0.0032439950044430331,-5.5467384158887647,official,5393,223
issued,356,0,356,0.00018888116032455727,0,-0.33217025122570831,0.0042140443185338479,-5.1169501448446395,official,5355,261
issuer,34,0,34,1.8039211941109402e-05,0,-0.33212830415240902,0.044118208161875186,-1.5812369534791584,official,4002,1624
issuers,159,2,161,8.4359844077541027e-05,3.5100343105853862e-06,-0.31356733938417847,0.0092605304556932465,-3.2584637121597271,official,5028,588
issues,211,3,214,0.00011194922704629658,5.2650514658780786e-06,-0.31119470290720308,0.0069617972493676121,-3.7296794734560001,official,5160,456
issuing,82,1,83,4.3506334681499142e-05,1.7550171552926931e-06,-0.31411562009666483,0.01796592907903782,-2.3434985692586405,official,4674,942
item,45,41,86,2.3875427569115385e-05,7.195570336700041e-05,0.33002487205927089,0.015508164650856554,2.6501256753968336,short,805,4811
items,295,4,299,0.00015651669184197863,7.0200686211707723e-06,-0.31215991368541474,0.004984392876907333,-4.4215139402968662,official,5282,334
iv,663,6,669,0.00035176463285163331,1.0530102931756157e-05,-0.3187846483424277,0.0022327934725276215,-6.7464160738807299,official,5466,150
ix,70,2,72,3.7139553996401709e-05,3.5100343105853862e-06,-0.29074691548626319,0.02055632814599526,-2.0278804347670722,official,4453,1163
j,16,29,45,8.4890409134632483e-06,5.0895497503488099e-05,0.55422494472112227,0.029907517243517482,3.2047627780872774,short,609,5007
jacob,9,18,27,4.7750855138230768e-06,3.1590308795268477e-05,0.58417343933278509,0.050000561102554839,2.6124883832979751,short,826,4790
james,41,72,113,2.1753167340749571e-05,0.00012636123518107391,0.54445220949084394,0.011899473023040596,4.991095734950961,short,277,5339
january,119,0,119,6.3137241793882905e-05,0,-0.33213937609892241,0.012605603138180438,-2.9582750483979292,official,4959,658
japan,51,3,54,2.7058817911664101e-05,5.2650514658780786e-06,-0.24989112768996158,0.027068230280463613,-1.5188710541571342,official,3930,1688
japanese,49,27,76,2.5997687797481196e-05,4.7385463192902708e-05,0.167443806631141,0.017709298977700471,1.2582542430979751,short,1602,4014
jefferson,22,10,32,1.1672431256011964e-05,1.755017155292693e-05,0.10971031966306555,0.042328603431225111,0.53324956587369854,short,2114,3501
jersey,106,31,137,5.6239896051694013e-05,5.4405531814073483e-05,-0.008074609309462133,0.010068168416826345,-0.080472275563573739,official,2550,3066
jerusalem,29,20,49,1.5386386655652135e-05,3.5100343105853861e-05,0.23842582263336354,0.027313827551110555,1.4426534151719013,short,1461,4156
jewish,19,7,26,1.0080736084737606e-05,1.2285120087048851e-05,0.050868917841563999,0.052525813626973367,0.22195559883827359,short,2347,3267
joaquin,33,24,57,1.7508646884017949e-05,4.2120411727024629e-05,0.25566883149317299,0.023457351232815414,1.6693150205706051,short,1331,4287
job,621,482,1103,0.00032948090045379231,0.00084591826885107798,0.27708738054908277,0.0012115225909009467,7.9606950678191684,short,111,5505
jobs,501,680,1181,0.00026581309360281793,0.0011934116655990313,0.4623815548201069,0.0011324372228781285,13.740211981415747,short,41,5575
john,125,86,211,6.6320632136431621e-05,0.0001509314753551716,0.23766505705874508,0.0063437549892356596,2.9839540646148803,short,684,4932
join,43,0,43,2.2814297454932476e-05,0,-0.33212947644089397,0.034884282035224132,-1.7782488084112784,official,4231,1388
joint,539,93,632,0.00028597456577229315,0.00016321659544222045,-0.11844854773743307,0.0022338425470239749,-2.5061292254131802,official,4770,846
jointly,45,0,45,2.3875427569115385e-05,0,-0.33212973695058068,0.033333894438756007,-1.8191341786345503,official,4279,1340
jones,19,18,37,1.0080736084737606e-05,3.1590308795268477e-05,0.34301008001863487,0.036039522143671329,1.8068303246016413,short,1234,4381
jr,35,53,88,1.8569776998200855e-05,9.3015909230512728e-05,0.49761711671471076,0.015222841000044651,4.0331786067375885,short,420,5196
juan,48,24,72,2.5467122740389743e-05,4.2120411727024629e-05,0.13788384206003279,0.018750561112591907,1.0069461413319352,short,1770,3846
judge,45,26,71,2.3875427569115385e-05,4.563044603761002e-05,0.18214943324863242,0.018930529118176682,1.3238733746210938,short,1546,4071
judges,256,32,288,0.00013582465461541197,5.6160548969366179e-05,-0.16962450537060114,0.0049637964537229198,-2.407584906668522,official,4721,895
judgeship,0,61,61,0,0.00010705604647285428,1.0541967678227344,0.024590725046727439,6.72258053033576,short,155,5461
judgment,52,40,92,2.7589382968755554e-05,7.0200686211707722e-05,0.27402238919049893,0.014520763138004652,2.2740045428648124,short,959,4656
judgments,67,4,71,3.5547858825127351e-05,7.0200686211707723e-06,-0.24874927023042659,0.020580271256179415,-1.7339487939886391,official,4170,1445
judicial,505,263,768,0.00026793535383118377,0.00046156951184197825,0.15022374145650197,0.0017560393352937635,3.5848538467715314,short,507,5109
judiciary,89,65,154,4.7220290081139317e-05,0.00011407611509402505,0.25705000518211918,0.0086819975156839074,2.758721047665794,short,764,4852
july,104,0,104,5.5178765937511108e-05,0,-0.33213742217187558,0.014423638041217244,-2.7655429204602133,official,4873,743
june,166,0,166,8.8073799477181189e-05,0,-0.33214549855390629,0.009036705709818519,-3.4940032238716774,official,5094,522
junior,25,14,39,1.3264126427286324e-05,2.4570240174097702e-05,0.17243491079295836,0.034493485633218385,0.92844601229882773,short,1820,3795
juries,42,3,45,2.2283732397841024e-05,5.2650514658780786e-06,-0.23368798082080744,0.032328147312487891,-1.2997085259162424,official,3572,2044
jurisdiction,651,70,721,0.0003453978521665359,0.0001228512008704885,-0.18975818509721698,0.0019936467320306023,-4.2498775335681547,official,5258,358
jurisdictional,17,9,26,9.019605970554701e-06,1.5795154397634238e-05,0.15517291414480994,0.051827803626750227,0.68160774085412645,short,1999,3615
jurisdictions,77,0,77,4.0853509396041878e-05,0,-0.33213390516165653,0.019481080592839789,-2.3796149588907882,official,4703,915
jury,40,48,88,2.1222602283658118e-05,8.4240823454049258e-05,0.42166339793774199,0.015166002293860809,3.423973111440842,short,555,5061
just,20,16,36,1.0611301141829059e-05,2.8080274484683089e-05,0.28691962140890404,0.037088473192294392,1.4898439149599592,short,1425,4192
justice,955,711,1666,0.00050668962952233763,0.0012478171974131048,0.26348863759636121,0.00080279362009014221,9.2995072144915305,short,91,5525
justices,44,0,44,2.3344862512023929e-05,0,-0.33212960669568581,0.034091470196116212,-1.7988076501041976,official,4254,1360
justification,34,6,40,1.8039211941109402e-05,1.0530102931756157e-05,-0.114402235205187,0.035253205052978388,-0.60930565140036208,official,2955,2660
juvenile,261,132,393,0.00013847747990086923,0.00023166226449863547,0.14133709608689315,0.0034343750803964941,2.4117500817500783,short,909,4707
juveniles,29,3,32,1.5386386655652135e-05,5.2650514658780786e-06,-0.19450498246082759,0.044965432297168616,-0.91725765361219713,official,3210,2406
k,46,52,98,2.4405992626206838e-05,9.126089207522004e-05,0.40186171262470793,0.013611672230881821,3.4444579669794964,short,547,5069
k-12,20,5,25,1.0611301141829059e-05,8.7750857764634652e-06,-0.044442253914231955,0.055556116656948401,-0.18855156251731181,official,2635,2984
kansas,44,20,64,2.3344862512023929e-05,3.5100343105853861e-05,0.10971176266747484,0.021164582274663751,0.75413368866599784,short,1951,3665
katrina,160,78,238,8.4890409134632473e-05,0.00013689133811283007,0.13032628042589778,0.0056776809275082933,1.7296033158272415,short,1287,4329
keeping,18,109,127,9.5501710276461537e-06,0.00019129686992690352,0.84816598771387142,0.011134400988958333,8.0379893045122053,short,108,5508
kennedy,49,32,81,2.5997687797481196e-05,5.6160548969366179e-05,0.22088407827186884,0.016542426329413287,1.717373699436378,short,1300,4316
kentucky,27,5,32,1.432525654146923e-05,8.7750857764634652e-06,-0.10559758883273496,0.043976740672301576,-0.50354986346376762,official,2886,2730
key,25,4,29,1.3264126427286324e-05,7.0200686211707723e-06,-0.13145471301413991,0.048822109923747629,-0.59493276718791555,official,2944,2673
kidnapping,21,14,35,1.1141866198920512e-05,2.4570240174097702e-05,0.22749520898040032,0.038265867226503283,1.162964545161965,short,1654,3962
kidney,47,41,88,2.493655768329829e-05,7.195570336700041e-05,0.31557247422419543,0.015159906508900161,2.5630132619956822,short,845,4772
kids,16,229,245,8.4890409134632483e-06,0.00040189892856202667,0.95780680941938456,0.0059416834272854532,12.42576585838505,short,48,5568
killed,126,0,126,6.6851197193523067e-05,0,-0.3321402879394828,0.011905323027644549,-3.0440442830176195,official,4982,635
killing,29,3,32,1.5386386655652135e-05,5.2650514658780786e-06,-0.19450498246082759,0.044965432297168616,-0.91725765361219713,official,3211,2407
kindergarten,78,4,82,4.1384074453133331e-05,7.0200686211707723e-06,-0.25981165042050414,0.017878468090367156,-1.9430924749106424,official,4395,1221
king,51,50,101,2.7058817911664101e-05,8.7750857764634649e-05,0.35443752108430715,0.013202025045017371,3.0847460324272351,short,653,4963
kinship,19,11,30,1.0080736084737606e-05,1.9305188708219622e-05,0.18277733814312747,0.044798968270553054,0.86355169733099124,short,1871,3743
klamath,29,15,44,1.5386386655652135e-05,2.6325257329390394e-05,0.14810399320601952,0.030648343785409645,0.84598616921448733,short,1886,3730
know,12,148,160,6.3667806850974358e-06,0.00025974253898331857,0.94369081765601948,0.0090612678736594968,9.9136879484219644,short,80,5536
knowingly,49,0,49,2.5997687797481196e-05,0,-0.33213025797119045,0.030612806004244052,-1.8982651433736926,official,4362,1258
knowledge,81,35,116,4.2975769624407689e-05,6.1425600435244251e-05,0.095103942585110346,0.011699219810966003,0.87926557667355487,short,1863,3753
known,520,3,523,0.00027589382968755557,5.2650514658780786e-06,-0.32359838867350099,0.0028604746639068709,-6.0504447248004007,official,5427,189
korea,93,53,146,4.9342550309505128e-05,9.3015909230512728e-05,0.17787529994710205,0.009209787176724691,1.8534925647233309,short,1194,4423
korean,75,42,117,3.9792379281858973e-05,7.3710720522293099e-05,0.17244046230759835,0.011498202632738033,1.6081412777367907,short,1371,4245
l,20,7,27,1.0611301141829059e-05,1.2285120087048851e-05,0.037236638799976518,0.050688921552499593,0.16539178958156625,short,2392,3223
la,32,24,56,1.6978081826926497e-05,4.2120411727024629e-05,0.26571929759763435,0.023864197472779441,1.7200840894726399,short,1294,4322
lab,7,21,28,3.7139553996401706e-06,3.685536026114655e-05,0.69750367769909083,0.048980152939673741,3.1516387632867744,short,626,4989
label,87,19,106,4.6159159966956405e-05,3.3345325950561165e-05,-0.073356292473775397,0.013181908269898766,-0.63892257134435737,official,2988,2628
labeled,157,0,157,8.3298713963358121e-05,0,-0.3321443261512762,0.0095547012569536863,-3.3979601527281114,official,5073,545
labeling,445,287,732,0.00023610145040569658,0.00050368992356900294,0.21694194216971496,0.0018315332106274777,5.0691614659881985,short,267,5349
labels,85,4,89,4.50980298527735e-05,7.0200686211707723e-06,-0.26544184930927806,0.016500375723956479,-2.0664384667805002,official,4487,1129
labor,1836,407,2243,0.00097411744481990762,0.00071429198220412601,-0.070332758815307095,0.00062307822007859792,-2.8176456035344781,official,4895,721
labor-management,99,55,154,5.2525940652053844e-05,9.6525943541098119e-05,0.16997887062053785,0.0087378192971867292,1.8184166942776241,short,1227,4389
laboratories,154,13,167,8.1707018792083756e-05,2.281522301880501e-05,-0.21747542578411938,0.0086713814855151096,-2.3354256372274458,official,4666,949
laboratory,96,90,186,5.0934245480779486e-05,0.00015795154397634236,0.33954337386721889,0.0071698488374545826,4.0099620264124454,short,424,5192
lacey,45,6,51,2.3875427569115385e-05,1.0530102931756157e-05,-0.16027689491414776,0.027961087422842774,-0.95850391581774419,official,3246,2369
lack,31,3,34,1.644751676983504e-05,5.2650514658780786e-06,-0.20244879753446732,0.042412203514862724,-0.98303681644785201,official,3272,2346
lake,190,123,313,0.00010080736084737607,0.00021586711010100124,0.2181036283283877,0.0042822107223404503,3.3329505728206557,short,578,5038
lakes,288,199,487,0.00015280273644233846,0.00034924841390324591,0.23908613927754807,0.0027486097400708192,4.5603466733932603,short,329,5287
lakeshore,35,16,51,1.8569776998200855e-05,2.8080274484683089e-05,0.11137096292994109,0.026553841218688076,0.68345243892117902,short,1992,3623
land,2484,915,3399,0.0013179236018151692,0.0016058406970928141,0.050892797316417493,0.00040234661363335879,2.5372084391693903,short,859,4757
landfill,11,19,30,5.8362156280059822e-06,3.3345325950561165e-05,0.53927828978002701,0.04479896827100284,2.547879771103172,short,852,4764
landing,11,21,32,5.8362156280059822e-06,3.685536026114655e-05,0.5701227179409436,0.042124299585591489,2.7778065682692161,short,754,4861
landowners,46,4,50,2.4405992626206838e-05,7.0200686211707723e-06,-0.21434510814376573,0.028935746291910491,-1.2600745276254794,official,3538,2080
lands,2316,393,2709,0.001228788672223805,0.00068972174203002837,-0.12148756632408286,0.00052193934029776188,-5.3176753063402327,official,5370,246
landscape,27,7,34,1.432525654146923e-05,1.2285120087048851e-05,-0.036278993338727972,0.040784247628835056,-0.17964246278519796,official,2626,2990
landscapes,16,9,25,8.4890409134632483e-06,1.5795154397634238e-05,0.17381355651180641,0.053802569709939116,0.74934555693463201,short,1955,3663
language,209,123,332,0.00011088809693211368,0.00021586711010100124,0.18792722029972175,0.0040467922075009361,2.9541615242190269,short,690,4926
languages,50,21,71,2.6528252854572649e-05,3.685536026114655e-05,0.087023871742172076,0.019134589139516343,0.62911324790767564,short,2035,3581
large,159,20,179,8.4359844077541027e-05,3.5100343105853861e-05,-0.16872985954030106,0.007984266645229705,-1.8883149382322495,official,4349,1267
las,15,13,28,7.9584758563717939e-06,2.281522301880501e-05,0.31339890326690956,0.04764661895841666,1.4357586063128391,short,1469,4148
lasting,28,3,31,1.4855821598560682e-05,5.2650514658780786e-06,-0.19015596881358121,0.046361478350828912,-0.88314359591992153,official,3183,2434
late,59,17,76,3.1303338368395723e-05,2.9835291639975781e-05,-0.01165234071478416,0.018160656692510973,-0.08646640457191801,official,2552,3064
later,38,2,40,2.0161472169475213e-05,3.5100343105853862e-06,-0.25801999131461351,0.036630597734494008,-1.3481286973324731,official,3636,1980
latin,37,17,54,1.963090711238376e-05,2.9835291639975781e-05,0.11284618066842533,0.025074079139582921,0.71264684802403422,short,1974,3642
latino,22,17,39,1.1672431256011964e-05,2.9835291639975781e-05,0.27550559047734957,0.034251146585178853,1.4886508805066134,short,1431,4184
launch,26,17,43,1.3794691484377777e-05,2.9835291639975781e-05,0.22126530053687254,0.031159981395802439,1.2534722307503334,short,1604,4012
laundering,78,67,145,4.1384074453133331e-05,0.00011758614940461042,0.31045651644482675,0.0092018471955564972,3.2364080406988647,short,601,5015
law,2672,772,3444,0.0014176698325483624,0.0013548732438859589,-0.011013609647961609,0.00040125909259246169,-0.54981582599784928,official,2918,2698
lawful,169,21,190,8.9665494648455554e-05,3.685536026114655e-05,-0.17045391557136647,0.0075254129510849786,-1.9649061583553424,official,4408,1208
lawfully,70,0,70,3.7139553996401709e-05,0,-0.33213299335645985,0.021429132539382861,-2.2688705819284349,official,4628,988
lawrence,23,14,37,1.2202996313103419e-05,2.4570240174097702e-05,0.19850741160514751,0.036275070908406974,1.0422516503671222,short,1747,3869
laws,2390,34,2424,0.0012680504864485726,5.9670583279951563e-05,-0.31145395810156096,0.00061512390723918674,-12.557770770922836,official,5576,40
lawsuit,6,25,31,3.1833903425487179e-06,4.3875428882317324e-05,0.7754670728371309,0.044884730987980466,3.66027780683907,short,500,5116
lawsuits,45,4,49,2.3875427569115385e-05,7.0200686211707723e-06,-0.21198370170353975,0.029506783507152065,-1.2340749490590592,official,3509,2109
layer,27,6,33,1.432525654146923e-05,1.0530102931756157e-05,-0.069760542813128268,0.042308253410865741,-0.33915428052838847,official,2744,2870
layoffs,27,0,27,1.432525654146923e-05,0,-0.33212739237824884,0.055556116657098385,-1.4090900724452342,official,3768,1861
lead,149,91,240,7.9054193506626486e-05,0.00015970656113163507,0.19958213834448912,0.0055924032762322169,2.6688393396396695,short,800,4816
lead-based,33,7,40,1.7508646884017949e-05,1.2285120087048851e-05,-0.079289816823733261,0.034975786986405639,-0.42396857449069419,official,2810,2807
leaders,41,16,57,2.1753167340749571e-05,2.8080274484683089e-05,0.066516820755749606,0.023903272878548196,0.43023208851821393,short,2216,3399
leadership,172,124,296,9.1257189819729905e-05,0.00021762212725629393,0.25284074594353356,0.0045182656842081706,3.7615009905353589,short,480,5136
leading,82,14,96,4.3506334681499142e-05,2.4570240174097702e-05,-0.12028452839132875,0.01470944773620197,-0.99177141311965267,official,3284,2332
league,55,23,78,2.9181078140029912e-05,4.036539457173194e-05,0.08579743936269324,0.01742034820532011,0.65004872476523401,short,2015,3600
leagues,38,0,38,2.0161472169475213e-05,0,-0.33212882516848197,0.039474245314440153,-1.6716665464481066,official,4112,1502
learn,21,34,55,1.1141866198920512e-05,5.9670583279951563e-05,0.51893824819070922,0.024394410902511657,3.3225422636484176,short,581,5035
learners,26,7,33,1.3794691484377777e-05,1.2285120087048851e-05,-0.027635055409255926,0.041949713645602536,-0.13492606023237602,official,2590,3026
learning,246,178,424,0.00013051900404449743,0.00031239305364209934,0.25404769470199007,0.003154228078677471,4.5234387242678373,short,335,5281
lease,182,57,239,9.6562840390644446e-05,0.0001000359778516835,0.0087507783352265278,0.0057542364409397077,0.11535935825798932,short,2418,3198
leased,34,1,35,1.8039211941109402e-05,1.7550171552926931e-06,-0.28956825888418081,0.042271092504289599,-1.4084103846848972,official,3737,1878
leases,192,6,198,0.00010186849096155897,1.0530102931756157e-05,-0.28702586505233363,0.0074666244871572033,-3.3216883199414253,official,5043,573
leasing,450,114,564,0.00023875427569115384,0.00020007195570336699,-0.041497089668217413,0.0024616807712994054,-0.8363764052660867,official,3144,2472
leave,413,183,596,0.00021912336857877007,0.00032116813941856283,0.10234438796947742,0.0022753385595074955,2.1455617581542921,short,1030,4586
leaving,36,0,36,1.9100342055292307e-05,0,-0.33212856466023766,0.041667227770149411,-1.6270800693544627,official,4064,1559
lebanon,32,19,51,1.6978081826926497e-05,3.3345325950561165e-05,0.19068195736834426,0.026334468164582826,1.1750255912297511,short,1646,3970
lee,18,27,45,9.5501710276461537e-06,4.7385463192902708e-05,0.49456398610079333,0.029762465868845463,2.8667381956163478,short,725,4891
left,30,47,77,1.5916951712743588e-05,8.2485806298756569e-05,0.5084923788825737,0.017410871636518502,3.8536670655545979,short,457,5158
legacy,42,61,103,2.2283732397841024e-05,0.00010705604647285428,0.48417680235069049,0.01299467382110225,4.2473816507994933,short,386,5230
legal,551,201,752,0.00029234134645739061,0.00035275844821383128,0.048228468081630282,0.0018173389208659078,1.1313201005468645,short,1682,3934
legalization,10,15,25,5.3056505709145295e-06,2.6325257329390394e-05,0.49455985783519552,0.053571989673383641,2.1367316090502277,short,1037,4581
legally,46,3,49,2.4405992626206838e-05,5.2650514658780786e-06,-0.2416145671112524,0.029757646126696451,-1.4006312996020871,official,3730,1886
legislation,308,11,319,0.00016341403758416751,1.9305188708219622e-05,-0.28086596347631243,0.0046257605271492865,-4.1295957460245241,official,5240,376
legislative,377,183,560,0.00020002302652347777,0.00032116813941856283,0.12906581466810074,0.0024136921060583585,2.6270618155705479,short,817,4799
legislature,21,8,29,1.1141866198920512e-05,1.4040137242341545e-05,0.059918923708977445,0.047027588129450723,0.27630430450718901,short,2318,3298
legislatures,32,0,32,1.6978081826926497e-05,0,-0.33212804364498894,0.046875561102620561,-1.5340245419763083,official,3948,1665
legitimate,28,8,36,1.4855821598560682e-05,1.4040137242341545e-05,-0.013670344712043203,0.038352833831205253,-0.069804068574152459,official,2544,3072
lender,22,11,33,1.1672431256011964e-05,1.9305188708219622e-05,0.13788162748168631,0.040909652012545462,0.68170033638073158,short,1996,3621
lenders,65,7,72,3.4486728710944446e-05,1.2285120087048851e-05,-0.1895152188927991,0.019958059032730065,-1.3414822789694039,official,3629,1988
lending,439,171,610,0.00023291806006314785,0.00030010793355505052,0.066022345226961932,0.0022342598144867187,1.3967674635581178,short,1497,4119
length,47,6,53,2.493655768329829e-05,1.0530102931756157e-05,-0.16661297387198459,0.026949713649857279,-1.0149198314290346,official,3304,2313
lens,14,13,27,7.4279107992803412e-06,2.281522301880501e-05,0.3363344699161317,0.049390805004712747,1.5133811727617199,short,1412,4206
let,3,27,30,1.5916951712743589e-06,4.7385463192902708e-05,0.90757825356963906,0.0478474510558606,4.149107410301446,short,403,5213
lethal,17,8,25,9.019605970554701e-06,1.4040137242341545e-05,0.11986248068147631,0.054113115214115624,0.51526660166988847,short,2140,3479
letters,42,3,45,2.2283732397841024e-05,5.2650514658780786e-06,-0.23368798082080744,0.032328147312487891,-1.2997085259162424,official,3573,2045
levant,17,10,27,9.019605970554701e-06,1.755017155292693e-05,0.18775367792589925,0.049754860856404813,0.84172590873896136,short,1891,3726
level,381,26,407,0.00020214528675184358,4.563044603761002e-05,-0.23777548650417657,0.0035790655400901646,-3.9744977301802997,official,5204,412
levels,394,10,404,0.00020904263249403246,1.755017155292693e-05,-0.29526633635497035,0.0036691529526560645,-4.8745106916644998,official,5330,286
leverage,25,1,26,1.3264126427286324e-05,1.7550171552926931e-06,-0.27496828718390454,0.056645441275675446,-1.155314239670745,official,3428,2192
levitation,15,10,25,7.9584758563717939e-06,1.755017155292693e-05,0.22749426707707698,0.053571989673102532,0.98288242290898531,short,1793,3828
lewis,45,40,85,2.3875427569115385e-05,7.0200686211707722e-05,0.32181396478251223,0.015692868808601428,2.5689385380897027,short,841,4775
liabilities,32,3,35,1.6978081826926497e-05,5.2650514658780786e-06,-0.20608603020085248,0.041241723711448436,-1.0147992774969219,official,3301,2314
liability,1080,377,1457,0.00057301026165876919,0.00066164146754534524,0.036562169550746759,0.00093998403980348315,1.1925366045268027,short,1639,3977
liable,31,0,31,1.644751676983504e-05,0,-0.33212791339143699,0.048387657876598558,-1.5098648555654945,official,3905,1703
liberalize,63,0,63,3.3425598596761534e-05,0,-0.33213208155631868,0.023810084918826378,-2.1524365355429511,official,4553,1065
liberation,17,14,31,9.019605970554701e-06,2.4570240174097702e-05,0.29648860147011824,0.04305611665874768,1.4288629425068455,short,1479,4139
liberian,11,24,35,5.8362156280059822e-06,4.2120411727024629e-05,0.6099282600649012,0.038688844081772034,3.1008865621046984,short,651,4966
liberties,64,30,94,3.3956163653852993e-05,5.2650514658780788e-05,0.11871442707612445,0.014394191170754373,0.98948648736392764,short,1780,3836
liberty,58,67,125,3.077277331130427e-05,0.00011758614940461042,0.40905383741496237,0.01067337533408457,3.9594018374522704,short,432,5184
libraries,85,24,109,4.50980298527735e-05,4.2120411727024629e-05,-0.016486456882514489,0.012673997288306437,-0.14644364371236154,official,2598,3018
library,210,100,310,0.00011141866198920512,0.0001755017155292693,0.12336738708686745,0.0043626624814930744,1.8677750038683116,short,1186,4430
libya,25,5,30,1.3264126427286324e-05,8.7750857764634652e-06,-0.090962920809445791,0.046753807855717332,-0.42068391139536504,official,2796,2820
license,155,109,264,8.2237583849175216e-05,0.00019129686992690352,0.24475758099597833,0.0050681611510829776,3.4380401528645592,short,550,5066
licensed,180,0,180,9.550171027646154e-05,0,-0.33214732230793231,0.0083338944678565813,-3.6383691220505532,official,5131,485
licensees,25,0,25,1.3264126427286324e-05,0,-0.33212713187227472,0.060000561101111738,-1.3558969980891018,official,3661,1965
licenses,332,2,334,0.00017614759895436238,3.5100343105853862e-06,-0.32319759261795689,0.0044782531455276808,-4.8296292978335753,official,5324,292
licensing,297,141,438,0.00015757782195616153,0.00024745741889626969,0.12247735218179479,0.0030882211325159526,2.2039492689720701,short,1001,4615
licensure,38,12,50,2.0161472169475213e-05,2.1060205863512314e-05,0.010821096182281664,0.027493229728875967,0.065261699132588002,short,2449,3167
lieu,128,30,158,6.7912327307705986e-05,5.2650514658780788e-05,-0.058530289929057844,0.008816213564141211,-0.62336099545523393,official,2965,2651
life,612,335,947,0.00032470581493996924,0.0005879307470230521,0.16546471874092727,0.0014220293384847882,4.3878434778594668,short,355,5261
life-saving,19,19,38,1.0080736084737606e-05,3.3345325950561165e-05,0.36102901637597462,0.035088280403227687,1.9273521189937111,short,1157,4460
lifeline,24,35,59,1.2733561370194872e-05,6.1425600435244251e-05,0.48548943333326733,0.022687051753832968,3.2232259513538661,short,605,5012
lifelong,28,21,49,1.4855821598560682e-05,3.685536026114655e-05,0.26571852602880952,0.027273288380192825,1.6089890273057306,short,1369,4247
lifetime,78,35,113,4.1384074453133331e-05,6.1425600435244251e-05,0.10596707098936164,0.011992919973045831,0.96762807904712633,short,1799,3817
lift,39,6,45,2.0692037226566665e-05,1.0530102931756157e-05,-0.13797035587607454,0.031513166147776814,-0.77721247870835586,official,3095,2520
light,66,28,94,3.5017293768035899e-05,4.9140480348195404e-05,0.089874001762254352,0.01444728242903444,0.74772344500166543,short,1957,3659
lighthouse,29,26,55,1.5386386655652135e-05,4.563044603761002e-05,0.32466308569990687,0.024251002026147557,2.0848176161434422,short,1071,4545
lighting,18,7,25,9.5501710276461537e-06,1.2285120087048851e-05,0.065559763502996304,0.054506375054993665,0.28081074914955623,short,2310,3305
like,32,3,35,1.6978081826926497e-05,5.2650514658780786e-06,-0.20608603020085248,0.041241723711448436,-1.0147992774969219,official,3302,2315
likely,55,0,55,2.9181078140029912e-05,0,-0.33213103950519951,0.027273288380305436,-2.0111326303701875,official,4443,1171
limit,1181,50,1231,0.00062659733242500593,8.7750857764634649e-05,-0.2719242991254589,0.0011957951870735521,-7.8635674674113858,official,5499,117
limitation,513,229,742,0.00027217987428791539,0.00040189892856202667,0.10449077661602857,0.0018272401349910144,2.4444442908870192,short,897,4719
limitations,682,30,712,0.00036184536893637094,5.2650514658780788e-05,-0.2696359700318478,0.0020656302605747659,-5.9326883357205107,official,5417,199
limited,312,30,342,0.00016553629781253332,5.2650514658780788e-05,-0.20321790873292933,0.0042177852019132777,-3.1291022037857132,official,5004,612
limiting,127,16,143,6.7381762250614527e-05,2.8080274484683089e-05,-0.1685041006166994,0.0099935730072511584,-1.6855827546334012,official,4125,1491
limits,344,12,356,0.00018251437963945981,2.1060205863512314e-05,-0.28201373346659153,0.0041465239060604437,-4.3795367124105136,official,5276,340
limousine,3,33,36,1.5916951712743589e-06,5.7915566124658867e-05,0.93158199081286419,0.040134340369552164,4.6501077845099879,short,315,5301
limousines,25,0,25,1.3264126427286324e-05,0,-0.33212713187227472,0.060000561101111738,-1.3558969980891018,official,3662,1966
lincoln,52,27,79,2.7589382968755554e-05,4.7385463192902708e-05,0.14926993585729065,0.017068111164679947,1.1425615761059607,short,1672,3944
line,181,99,280,9.6032275333552986e-05,0.00017374669837397661,0.16518054766310186,0.0048082809860519734,2.382121902122369,short,920,4696
line-item,11,16,27,5.8362156280059822e-06,2.8080274484683089e-05,0.48464272178075518,0.049572164529614972,2.1767209330351802,short,1016,4598
lines,196,6,202,0.00010399075118992478,1.0530102931756157e-05,-0.28791356643452204,0.0073208162613658707,-3.3649791354544232,official,5056,560
liquefied,42,16,58,2.2283732397841024e-05,2.8080274484683089e-05,0.059919635241220348,0.023514074622637899,0.39075560377018609,short,2236,3379
liquid,68,8,76,3.6078423882218804e-05,1.4040137242341545e-05,-0.17797860617756456,0.018849767461760886,-1.2963277050195015,official,3566,2049
liquidity,35,15,50,1.8569776998200855e-05,2.6325257329390394e-05,0.092761222342495842,0.027149882374312085,0.5629664147636535,short,2086,3530
list,169,5,174,8.9665494648455554e-05,8.7750857764634652e-06,-0.28934119579497697,0.0085026052073256305,-3.1378650703753124,official,5006,610
listed,62,0,62,3.2895033539670081e-05,0,-0.33213195129956929,0.02419410949618379,-2.135284935436212,official,4538,1076
listing,39,9,48,2.0692037226566665e-05,1.5795154397634238e-05,-0.061834748019071739,0.029038673629261345,-0.36286427059208853,official,2764,2853
lists,26,0,26,1.3794691484377777e-05,0,-0.33212726212521027,0.057692868793634985,-1.3827493339984507,official,3704,1918
literacy,189,81,270,0.00010027679579028461,0.00014215638957870813,0.092769600694099452,0.0050282132449556887,1.3082744003723425,short,1554,4062
literary,30,0,30,1.5916951712743588e-05,0,-0.33212778313798452,0.050000561102189471,-1.4853122665294169,official,3870,1745
litigation,126,90,216,6.6851197193523067e-05,0.00015795154397634236,0.24982003642904616,0.0061925116117409343,3.174635384152841,short,617,4999
little,60,36,96,3.1833903425487176e-05,6.3180617590536954e-05,0.19397691603724709,0.01398657510445394,1.6401907544657111,short,1352,4264
livable,13,13,26,6.8973457421888885e-06,2.281522301880501e-05,0.36102721275674199,0.051282612384109458,1.5942442829720158,short,1379,4235
live,132,16,148,7.0034587536071797e-05,2.8080274484683089e-05,-0.17391017049290625,0.0096695506755629813,-1.7685682900557267,official,4217,1399
liver,23,7,30,1.2202996313103419e-05,1.2285120087048851e-05,0.0016493242307671352,0.045895512657911933,0.007698762579464568,short,2495,3124
lives,84,64,148,4.4567464795682047e-05,0.00011232109793873236,0.27088884209180542,0.0090278870908852855,2.8510055148799736,short,730,4886
livestock,221,77,298,0.00011725487761721111,0.00013513632095753735,0.036049838096069209,0.0045940101045614246,0.53187226664923215,short,2119,3497
living,299,138,437,0.00015863895207034445,0.00024219236743039163,0.11418374256180286,0.0030983872846480254,2.0513342099269058,short,1088,4528
loads,30,0,30,1.5916951712743588e-05,0,-0.33212778313798452,0.050000561102189471,-1.4853122665294169,official,3871,1746
loan,1496,712,2208,0.00079372532540881362,0.0012495722145683973,0.12330561382789984,0.00061300576729528646,4.980243407552619,short,278,5338
loans,1233,30,1263,0.00065418671539376155,5.2650514658780788e-05,-0.29684879308106193,0.0011745976003651498,-8.6614525969857592,official,5520,96
lobbying,192,163,355,0.00010186849096155897,0.00028606779631270895,0.30659497128263702,0.0037592166768188524,5.0005335799124362,short,275,5341
local,3132,594,3726,0.0016617297588104307,0.0010424801902438597,-0.10128939763812994,0.00037785852140145588,-5.2107396913844415,official,5360,256
localities,97,4,101,5.1464810537870939e-05,7.0200686211707723e-06,-0.27329428689589186,0.014574875692033114,-2.2637482278997241,official,4624,993
locally,37,1,38,1.963090711238376e-05,1.7550171552926931e-06,-0.29290755091125931,0.038974920078329041,-1.4836721715173897,official,3858,1759
locatable,27,3,30,1.432525654146923e-05,5.2650514658780786e-06,-0.18552262563928679,0.047847451054511242,-0.84813986871307967,official,3151,2464
located,487,0,487,0.00025838518280353758,0,-0.33218731971011017,0.0030806433362352719,-5.9849749947954596,official,5420,196
location,153,12,165,8.117645373499231e-05,2.1060205863512314e-05,-0.22489310435341281,0.0087949327341390084,-2.3980590789831315,official,4714,902
locations,47,2,49,2.493655768329829e-05,3.5100343105853862e-06,-0.27150451394207309,0.03002507091031888,-1.5668774614304926,official,3978,1640
lock,5,23,28,2.6528252854572648e-06,4.036539457173194e-05,0.79635063454171373,0.049911434543336707,3.5645466617759163,short,512,5104
locks,28,1,29,1.4855821598560682e-05,1.7550171552926931e-06,-0.28083379739508274,0.050877754084486283,-1.2450460263550298,official,3522,2096
logging,32,5,37,1.6978081826926497e-05,8.7750857764634652e-06,-0.13541559514906076,0.038302838536691614,-0.69191572834611981,official,3036,2581
long,123,102,225,6.5259502022248716e-05,0.00017901174983985467,0.29880892417474847,0.0059322283438856685,3.8795793060575767,short,451,5165
long-range,92,6,98,4.8811985252413675e-05,1.0530102931756157e-05,-0.24161926636462816,0.014879103627305771,-1.9808116293578697,official,4426,1191
long-term,954,323,1277,0.00050615906446524613,0.00056687054115953984,0.028591930827567502,0.0010737908827821393,0.87253655010083431,short,1868,3748
longer,54,0,54,2.8650513082938459e-05,0,-0.33213090924927258,0.027778338885140391,-1.9927653288019109,official,4431,1186
loophole,6,49,55,3.1833903425487179e-06,8.599584060934196e-05,0.89456067036163311,0.026009388348668602,5.5468284034411379,short,212,5404
loopholes,26,19,45,1.3794691484377777e-05,3.3345325950561165e-05,0.25723131094090057,0.029710068148744429,1.4923545260416424,short,1421,4194
los,85,37,122,4.50980298527735e-05,6.4935634745829642e-05,0.097213584180932955,0.011120787174597505,0.92184773033836587,short,1828,3788
lose,26,4,30,1.3794691484377777e-05,7.0200686211707723e-06,-0.13796952428782028,0.04726946866543956,-0.63458938986527802,official,2980,2637
loss,423,69,492,0.00022442901914968461,0.00012109618371519581,-0.12820522734957152,0.0028759885748293299,-2.3906288428347153,official,4708,908
losses,260,1,261,0.00013794691484377778,1.7550171552926931e-06,-0.32641567070474053,0.0057367408417161843,-4.3096141142574904,official,5269,347
lost,108,11,119,5.7301026165876919e-05,1.9305188708219622e-05,-0.19640159022628367,0.012098155157912209,-1.7856051295392232,official,4240,1376
lotteries,33,2,35,1.7508646884017949e-05,3.5100343105853862e-06,-0.24756992417156276,0.04173347048334785,-1.2118688792457284,official,3478,2134
lottery,39,45,84,2.0692037226566665e-05,7.8975771988171179e-05,0.40866566275653859,0.015882580401668449,3.2427063150434261,short,599,5017
louisiana,104,28,132,5.5178765937511108e-05,4.9140480348195404e-05,-0.027636167253998423,0.010487849261343551,-0.26985756295803104,official,2696,2920
low,292,73,365,0.00015492499667070427,0.0001281162523363666,-0.044448385479736174,0.0038057362165636044,-0.72050441925841857,official,3061,2555
low-cost,32,13,45,1.6978081826926497e-05,2.281522301880501e-05,0.077662326677346627,0.03022895340351138,0.44668240092191203,short,2204,3413
low-income,731,72,803,0.00038784305673385212,0.00012636123518107391,-0.20045100333510746,0.0017953088981628137,-4.7308441668583106,official,5314,302
low-interest,44,0,44,2.3344862512023929e-05,0,-0.33212960669568581,0.034091470196116212,-1.7988076501041976,official,4255,1361
low-level,43,25,68,2.2814297454932476e-05,4.3875428882317324e-05,0.18409776733632555,0.019762258292837939,1.3095745785753994,short,1552,4064
lower,303,121,424,0.00016076121229871026,0.00021235707579041584,0.072895290762394538,0.0032109393976853572,1.2864218800586997,short,1579,4037
lowest,78,2,80,4.1384074453133331e-05,3.5100343105853862e-06,-0.2948617789135799,0.018524796988349562,-2.1664154921789138,official,4562,1054
luiseno,12,13,25,6.3667806850974358e-06,2.281522301880501e-05,0.3876955900890362,0.053343377602553865,1.6786130905611298,short,1320,4299
lumbee,22,22,44,1.1672431256011964e-05,3.8610377416439245e-05,0.36102991819242192,0.030303591409474334,2.0739397813536491,short,1076,4540
lump,36,0,36,1.9100342055292307e-05,0,-0.33212856466023766,0.041667227770149411,-1.6270800693544627,official,4065,1560
lunch,289,54,343,0.0001533333014994299,9.4770926385805417e-05,-0.10394418715909381,0.0041017313413702194,-1.6229928322831773,official,4050,1566
lung,110,105,215,5.8362156280059824e-05,0.00018427680130573277,0.34555003246969385,0.006202484224895677,4.3876108717812343,short,356,5260
lupus,20,12,32,1.0611301141829059e-05,2.1060205863512314e-05,0.19397178548728355,0.041958603061337189,0.94695219072584635,short,1811,3807
luther,27,26,53,1.432525654146923e-05,4.563044603761002e-05,0.34845220816445988,0.02515878895671014,2.196839632713377,short,1007,4609
lyme,26,26,52,1.3794691484377777e-05,4.563044603761002e-05,0.36103112062143516,0.025641586749418965,2.2546139566604633,short,974,4645
lymph,27,0,27,1.432525654146923e-05,0,-0.33212739237824884,0.055556116657098385,-1.4090900724452342,official,3769,1862
m,38,30,68,2.0161472169475213e-05,5.2650514658780788e-05,0.28255966561354029,0.019638605008871053,2.0162986080947931,short,1112,4504
mac,76,21,97,4.0322944338950426e-05,3.685536026114655e-05,-0.021584516357705752,0.014255484209807814,-0.18078039676152186,official,2629,2987
machine,35,16,51,1.8569776998200855e-05,2.8080274484683089e-05,0.11137096292994109,0.026553841218688076,0.68345243892117902,short,1993,3624
machinery,54,7,61,2.8650513082938459e-05,1.2285120087048851e-05,-0.16440513590664096,0.023402095636119245,-1.0747018725156241,official,3358,2259
machines,46,1,47,2.4405992626206838e-05,1.7550171552926931e-06,-0.30038073804021792,0.031586582611286329,-1.6901325242006373,official,4129,1486
mae,76,13,89,4.0322944338950426e-05,2.281522301880501e-05,-0.11995365382585099,0.015865088744871379,-0.95234044405717355,official,3241,2375
magnetic,38,17,55,2.0161472169475213e-05,2.9835291639975781e-05,0.10509230575449813,0.024642138169465855,0.66947093437387561,short,2004,3611
magnuson-stevens,83,7,90,4.4036899738590594e-05,1.2285120087048851e-05,-0.21756510615477964,0.016090186286840794,-1.7151760621896865,official,4162,1452
mail,256,75,331,0.00013582465461541197,0.00013162628664695197,-0.0076493860600290731,0.0041671928712628207,-0.11849629711749596,official,2577,3039
mailing,83,7,90,4.4036899738590594e-05,1.2285120087048851e-05,-0.21756510615477964,0.016090186286840794,-1.7151760621896865,official,4163,1453
mailings,21,16,37,1.1141866198920512e-05,2.8080274484683089e-05,0.27087636631770806,0.036109864943244571,1.4254703320963715,short,1484,4131
main,7,47,54,3.7139553996401706e-06,8.2485806298756569e-05,0.86528929608676108,0.026294993831965884,5.336110259016615,short,232,5384
maine,42,14,56,2.2283732397841024e-05,2.4570240174097702e-05,0.024551629692126653,0.024490357026948181,0.15688548580410147,short,2396,3220
maintain,559,0,559,0.00029658586691412223,0,-0.33219670161571102,0.002683924364716424,-6.4122460630068767,official,5448,168
maintained,99,0,99,5.2525940652053844e-05,0,-0.33213677086801496,0.015152076268577683,-2.6982419196099605,official,4843,771
maintaining,103,9,112,5.4648200880419655e-05,1.5795154397634238e-05,-0.21383371615332969,0.012916186720985838,-1.8815208103298746,official,4346,1270
maintenance,590,94,684,0.00031303338368395727,0.00016497161259751314,-0.1322033652017307,0.0020708376485392248,-2.9051561752704491,official,4938,678
major,462,44,506,0.00024512105637625127,7.722075483287849e-05,-0.20433173086291845,0.0028518008767043565,-3.8262753045766438,official,5184,432
majority,57,1,58,3.0242208254212821e-05,1.7550171552926931e-06,-0.30637837306292859,0.025645365824566963,-1.9131704149222777,official,4366,1249
make,4442,45,4487,0.0023567699836002341,7.8975771988171179e-05,-0.31767793827255275,0.00033320982463787036,-17.403161742781201,official,5596,20
makes,29,1,30,1.5386386655652135e-05,1.7550171552926931e-06,-0.28253028089639542,0.049207778160747596,-1.2736442028462189,official,3551,2063
making,1643,121,1764,0.0008717183888012572,0.00021235707579041584,-0.23104299582947707,0.00082457881664779417,-8.0459387175349537,official,5503,113
malaria,20,9,29,1.0611301141829059e-05,1.5795154397634238e-05,0.10679043921111031,0.046724513841470257,0.49403757013922672,short,2161,3454
malpractice,134,56,190,7.1095717650254702e-05,9.8280960696390808e-05,0.085617999440410486,0.0071520215433206616,1.0123965787639408,short,1764,3852
malt,15,13,28,7.9584758563717939e-06,2.281522301880501e-05,0.31339890326690956,0.04764661895841666,1.4357586063128391,short,1470,4149
mammal,78,34,112,4.1384074453133331e-05,5.9670583279951563e-05,0.097610343952283074,0.012113034085006439,0.8868892145229863,short,1853,3763
mammals,38,0,38,2.0161472169475213e-05,0,-0.33212882516848197,0.039474245314440153,-1.6716665464481066,official,4113,1503
mammography,122,53,175,6.4728936965157256e-05,9.3015909230512728e-05,0.096643739898373937,0.0077535294157095201,1.097549227458634,short,1709,3907
manage,123,1,124,6.5259502022248716e-05,1.7550171552926931e-06,-0.32006688505634528,0.012049144118459162,-2.9158329797047711,official,4944,673
managed,198,41,239,0.00010505188130410769,7.195570336700041e-05,-0.084128412632752614,0.0058603192404269875,-1.0989604350051734,official,3380,2237
management,2812,1040,3852,0.0014919489405411657,0.0018252178415044007,0.0519865625035143,0.00035503738191189566,2.7590149924794969,short,763,4853
managers,51,6,57,2.7058817911664101e-05,1.0530102931756157e-05,-0.17797725354103378,0.02513283624062173,-1.1226483694431073,official,3395,2220
managing,79,8,87,4.1914639510224784e-05,1.4040137242341545e-05,-0.19709443502771862,0.016550973289941491,-1.5320135032845541,official,3943,1674
mandate,157,51,208,8.3298713963358121e-05,8.9505874919927337e-05,0.017955537042018577,0.0066012910318280701,0.22099576905181298,short,2357,3259
mandated,18,7,25,9.5501710276461537e-06,1.2285120087048851e-05,0.065559763502996304,0.054506375054993665,0.28081074914955623,short,2311,3306
mandates,73,36,109,3.8731249167676067e-05,6.3180617590536954e-05,0.13375636275369729,0.012391618339885646,1.2015737612498487,short,1633,3983
mandating,34,1,35,1.8039211941109402e-05,1.7550171552926931e-06,-0.28956825888418081,0.042271092504289599,-1.4084103846848972,official,3738,1879
mandatory,393,62,455,0.00020851206743694101,0.00010881106362814697,-0.13383893674506453,0.0031140424571063662,-2.398392255034528,official,4715,901
manifest,23,5,28,1.2202996313103419e-05,8.7750857764634652e-06,-0.074295607819795606,0.04991143454232469,-0.33255471817857624,official,2736,2880
manipulation,41,16,57,2.1753167340749571e-05,2.8080274484683089e-05,0.066516820755749606,0.023903272878548196,0.43023208851821393,short,2217,3400
manner,491,0,491,0.00026050744303190342,0,-0.33218784091305942,0.0030555510182747642,-6.0095086158110869,official,5423,193
manpower,84,55,139,4.4567464795682047e-05,9.6525943541098119e-05,0.22172244878979441,0.0096395052367705993,2.2583034326494604,short,967,4649
manufacture,408,7,415,0.00021647054329331281,1.2285120087048851e-05,-0.30697771612270941,0.0035852962607018936,-5.1267758111265795,official,5358,258
manufactured,194,26,220,0.00010292962107574188,4.563044603761002e-05,-0.15952520073729559,0.0064810607322127152,-1.9815555617470906,official,4427,1189
manufacturer,51,2,53,2.7058817911664101e-05,3.5100343105853862e-06,-0.27604019012800052,0.027797763904462307,-1.6556456288874197,official,4099,1517
manufacturers,377,31,408,0.00020002302652347777,5.4405531814073483e-05,-0.22019675371634584,0.0035523508637578111,-3.6944771506165517,official,5146,470
manufacturing,365,197,562,0.00019365624583838034,0.00034573837959266053,0.16110886066711494,0.0023968329361815583,3.2907928455296434,short,590,5026
maple,20,9,29,1.0611301141829059e-05,1.5795154397634238e-05,0.10679043921111031,0.046724513841470257,0.49403757013922672,short,2162,3455
mapping,34,30,64,1.8039211941109402e-05,5.2650514658780788e-05,0.31935910565704972,0.020842940616198322,2.2120747975405348,short,996,4620
march,95,13,108,5.0403680423688034e-05,2.281522301880501e-05,-0.15639890155013703,0.013191132304035059,-1.3617351891879397,official,3676,1940
marginal,22,11,33,1.1672431256011964e-05,1.9305188708219622e-05,0.13788162748168631,0.040909652012545462,0.68170033638073158,short,1997,3622
mariana,50,14,64,2.6528252854572649e-05,2.4570240174097702e-05,-0.018466797419367964,0.02159300375537947,-0.12567099535943677,official,2582,3034
marihuana,49,24,73,2.5997687797481196e-05,4.2120411727024629e-05,0.13171719689176165,0.018506560774798338,0.96823242131236709,short,1798,3818
marijuana,65,38,103,3.4486728710944446e-05,6.6690651901122331e-05,0.18582712214569241,0.013045140654002552,1.626989379914648,short,1357,4259
marine,625,293,918,0.00033160316068215809,0.00051422002650075907,0.1187860443852724,0.0014744132816756083,3.0935404795855361,short,652,4964
mariners,11,29,40,5.8362156280059822e-06,5.0895497503488099e-05,0.6633152388053869,0.034101157866418715,3.5919924251787729,short,506,5110
marital,82,2,84,4.3506334681499142e-05,3.5100343105853862e-06,-0.2966270062872205,0.017652564476227987,-2.2325787432825135,official,4602,1014
maritime,240,186,426,0.0001273356137019487,0.0003264331908844409,0.27651480282096408,0.0031360496276256217,4.9377252661569697,short,282,5334
mark,25,18,43,1.3264126427286324e-05,3.1590308795268477e-05,0.25239396301521211,0.031099886081895584,1.4311974828732879,short,1474,4142
market,757,302,1059,0.00040163774821822988,0.00053001518089839327,0.072638277993060107,0.0012859759914760898,2.0255786447462083,short,1105,4511
marketed,37,0,37,1.963090711238376e-05,0,-0.33212869491431007,0.040541101644238832,-1.6495239516689466,official,4089,1531
marketers,24,18,42,1.2733561370194872e-05,3.1590308795268477e-05,0.26571775446449131,0.031818742923969856,1.4896322454666457,short,1427,4188
marketing,483,223,706,0.0002562629225751718,0.00039136882563027054,0.11429732437117401,0.0019180304184690568,2.6098065617223525,short,827,4789
marketplace,40,18,58,2.1222602283658118e-05,3.1590308795268477e-05,0.10679171185926428,0.023362537478731998,0.69867876307783316,short,1983,3634
markets,439,110,549,0.00023291806006314785,0.00019305188708219624,-0.043945647337595872,0.0025301576521076,-0.87365924091006042,official,3178,2438
marks,24,1,25,1.2733561370194872e-05,1.7550171552926931e-06,-0.27270315030033387,0.058870262828012547,-1.1239375155296774,official,3403,2216
marriage,217,114,331,0.0001151326173888453,0.00020007195570336699,0.15284315510778868,0.0040725697029712739,2.3950342649906706,short,916,4700
married,86,8,94,4.5628594909864952e-05,1.4040137242341545e-05,-0.20696848768304932,0.015360038240617538,-1.6699677253437011,official,4105,1510
marrow,20,13,33,1.0611301141829059e-05,2.281522301880501e-05,0.21937578393989021,0.040607616066651482,1.0886416318950287,short,1716,3901
marshall,28,18,46,1.4855821598560682e-05,3.1590308795268477e-05,0.21584540342046488,0.029139074620163748,1.2644595087619412,short,1598,4018
marshals,42,23,65,2.2283732397841024e-05,4.036539457173194e-05,0.16553572404486161,0.020709991867186542,1.1502752320243024,short,1668,3948
martin,32,31,63,1.6978081826926497e-05,5.4405531814073483e-05,0.35045038408848406,0.021165174772859618,2.408882467808354,short,910,4706
maryland,80,0,80,4.2445204567316236e-05,0,-0.33213429593685539,0.018750561112966972,-2.425529653783939,official,4733,880
mass,379,99,478,0.00020108415663766069,0.00017374669837397661,-0.034579059585333027,0.0029005246008953485,-0.64205894575660238,official,2989,2626
massachusetts,78,10,88,4.1384074453133331e-05,1.755017155292693e-05,-0.16600285598489783,0.016228739133448872,-1.3030862741606291,official,3583,2034
mastectomies,31,0,31,1.644751676983504e-05,0,-0.33212791339143699,0.048387657876598558,-1.5098648555654945,official,3906,1704
master,30,20,50,1.5916951712743588e-05,3.5100343105853861e-05,0.22749662185007402,0.026786275393339165,1.3900127610363571,short,1503,4114
match,24,11,35,1.2733561370194872e-05,1.9305188708219622e-05,0.11212887087638812,0.038688844081041125,0.57006525470856395,short,2080,3533
matching,154,13,167,8.1707018792083756e-05,2.281522301880501e-05,-0.21747542578411938,0.0086713814855151096,-2.3354256372274458,official,4667,950
material,293,36,329,0.00015545556172779572,6.3180617590536954e-05,-0.17204209007489801,0.0043480042378674548,-2.6090940274571111,official,4804,812
materials,635,187,822,0.00033690881125307266,0.00032818820803973359,-0.0063986224327665653,0.0016779833591916862,-0.15620418292471483,official,2602,3014
maternal,77,47,124,4.0853509396041878e-05,8.2485806298756569e-05,0.19939217440775892,0.010823638719577868,1.9165557890406408,short,1165,4451
maternity,42,12,54,2.2283732397841024e-05,2.1060205863512314e-05,-0.01367044483833979,0.025568742926219103,-0.085492488466325137,official,2551,3065
math,39,23,62,2.0692037226566665e-05,4.036539457173194e-05,0.18855887443330666,0.021666257091743003,1.2810174065165272,short,1588,4029
mathematics,252,79,331,0.00013370239438704613,0.00013864635526812275,0.0089944921998217353,0.0041548514279719801,0.13954005833519048,short,2399,3217
matter,84,13,97,4.4567464795682047e-05,2.281522301880501e-05,-0.13699870073969755,0.014616332086724455,-1.133175686178777,official,3407,2209
matters,154,8,162,8.1707018792083756e-05,1.4040137242341545e-05,-0.25893708441480179,0.009047471034294579,-2.7222665885436315,official,4853,763
maximize,55,8,63,2.9181078140029912e-05,1.4040137242341545e-05,-0.14698515954450464,0.022559644423192315,-0.97860484826817729,official,3263,2353
maximum,474,15,489,0.00025148783706134873,2.6325257329390394e-05,-0.28650912545472096,0.0030231097852826475,-5.2108851290813236,official,5361,255
mckinney,42,25,67,2.2283732397841024e-05,4.3875428882317324e-05,0.1914693005671797,0.02004443825556718,1.3523907946577498,short,1531,4085
mckinney-vento,26,2,28,1.3794691484377777e-05,3.5100343105853862e-06,-0.22676588476993587,0.051852412953722671,-0.99584840755359016,official,3290,2325
meal,15,16,31,7.9584758563717939e-06,2.8080274484683089e-05,0.38253445003514841,0.043016287282768031,1.8443956561175796,short,1199,4416
meals,54,36,90,2.8650513082938459e-05,6.3180617590536954e-05,0.22750038958870356,0.01488151349809899,1.8649130732071015,short,1188,4427
meals-on-wheels,13,15,28,6.8973457421888885e-06,2.6325257329390394e-05,0.40865612345050906,0.047646618958529105,1.8721557100221304,short,1185,4431
meaningful,137,5,142,7.2687412821529054e-05,8.7750857764634652e-06,-0.27977158101577793,0.010387511605729162,-2.7450346832096582,official,4865,751
means,352,6,358,0.00018675890009619143,1.0530102931756157e-05,-0.30713106660022937,0.0041562646247131118,-4.7640043850750473,official,5315,301
means-tested,28,0,28,1.4855821598560682e-05,0,-0.33212752263139222,0.053571989673186944,-1.4349473872580845,official,3796,1815
measure,87,5,92,4.6159159966956405e-05,8.7750857764634652e-06,-0.25166070024589793,0.01589643164512116,-1.9960231650823652,official,4434,1182
measurement,64,35,99,3.3956163653852993e-05,6.1425600435244251e-05,0.16511964796770506,0.013598217011347953,1.415982122446622,short,1492,4123
measurements,31,0,31,1.644751676983504e-05,0,-0.33212791339143699,0.048387657876598558,-1.5098648555654945,official,3907,1705
measures,403,21,424,0.00021381771800785555,3.685536026114655e-05,-0.25875055833681948,0.0034569420423498543,-4.400836626172234,official,5279,337
meat,434,132,566,0.00023026523477769059,0.00023166226449863547,0.0014874717987130026,0.0024332259816171862,0.030154873991954722,short,2478,3138
mechanism,152,0,152,8.0645888677900851e-05,0,-0.33214367482009166,0.009868982181118896,-3.3434112846152804,official,5047,569
mechanisms,67,0,67,3.5547858825127351e-05,0,-0.33213260258435184,0.022388620811657316,-2.2197181756182234,official,4590,1022
medal,266,208,474,0.00014113030518632649,0.00036504356830088016,0.27945775677479823,0.0028181882207823031,5.2641853345920637,short,241,5375
medals,52,10,62,2.7589382968755554e-05,1.755017155292693e-05,-0.098511489024380339,0.022661379823099542,-0.6544006297412539,official,3001,2615
media,170,55,225,9.0196059705547e-05,9.6525943541098119e-05,0.016928697334103404,0.0061036352883655359,0.21668520176027578,short,2359,3257
mediation,42,16,58,2.2283732397841024e-05,2.8080274484683089e-05,0.059919635241220348,0.023514074622637899,0.39075560377018609,short,2237,3380
medicaid,1199,501,1700,0.00063614750345265206,0.00087926359480163918,0.085628982701022593,0.00079984696072134102,3.0277313316882255,short,670,4946
medical,2684,921,3605,0.0014240366132334597,0.0016163708000245702,0.032107063080769827,0.00038051536450553741,1.6459418300938324,short,1351,4265
medically,135,26,161,7.1626282707346148e-05,4.563044603761002e-05,-0.098233914717491544,0.0087265330931553756,-1.0515757960489656,official,3331,2285
medicare,3991,1974,5965,0.0021174851428519886,0.0034644038645477758,0.13496671841756847,0.00022696488887868102,8.9587486023565024,short,93,5523
medicare-dependent,25,8,33,1.3264126427286324e-05,1.4040137242341545e-05,0.014152551643674016,0.041632184316069736,0.069361767192612583,short,2446,3170
medicare-eligible,27,1,28,1.432525654146923e-05,1.7550171552926931e-06,-0.27901713621565527,0.052665137904322437,-1.2158199463805444,official,3487,2129
medicare-medicaid,1,25,26,5.3056505709145302e-07,4.3875428882317324e-05,0.99702271270548515,0.056645441277024797,4.1891177671688515,short,397,5218
medication,46,48,94,2.4405992626206838e-05,8.4240823454049258e-05,0.3752226296172072,0.014185671782667466,3.1503881781330083,short,628,4988
medications,50,23,73,2.6528252854572649e-05,4.036539457173194e-05,0.11319053810427349,0.018547309080230917,0.83113136117046282,short,1898,3718
medicine,181,90,271,9.6032275333552986e-05,0.00015795154397634236,0.13623428595922782,0.0049830336422258285,1.9299209039225702,short,1154,4462
medicines,46,16,62,2.4405992626206838e-05,2.8080274484683089e-05,0.035601806578338113,0.022080333189758668,0.23959029656355726,short,2338,3277
medigap,21,23,44,1.1141866198920512e-05,4.036539457173194e-05,0.39133582879422413,0.030310549625443998,2.2477743229337492,short,978,4639
medium-sized,45,0,45,2.3875427569115385e-05,0,-0.33212973695058068,0.033333894438756007,-1.8191341786345503,official,4280,1341
meet,630,11,641,0.00033425598596761538,1.9305188708219622e-05,-0.30656874234149889,0.0023210856271956518,-6.3632984234047418,official,5444,172
meeting,142,15,157,7.5340238106986324e-05,2.6325257329390394e-05,-0.19193782521876201,0.0091589962241317956,-2.0055644814681051,official,4439,1177
meetings,50,2,52,2.6528252854572649e-05,3.5100343105853862e-06,-0.27497111268380614,0.028323001194189928,-1.6338697633692534,official,4070,1545
meets,30,0,30,1.5916951712743588e-05,0,-0.33212778313798452,0.050000561102189471,-1.4853122665294169,official,3872,1747
member,485,21,506,0.00025732405268935469,3.685536026114655e-05,-0.27054481535411412,0.0029071761484411492,-5.017686715737784,official,5347,269
member's,23,2,25,1.2202996313103419e-05,3.5100343105853862e-06,-0.21434297401355451,0.057870931471594549,-0.89100269147407496,official,3189,2426
members,2721,81,2802,0.0014436675203458435,0.00014215638957870813,-0.28938633591158514,0.0005284836312350092,-12.588159897465623,official,5577,39
membership,101,15,116,5.358707076623675e-05,2.6325257329390394e-05,-0.14368341827378828,0.012242443838705515,-1.2985916058491362,official,3569,2047
memorial,376,367,743,0.00019949246146638632,0.00064409129599241836,0.35305707123741215,0.0017951172266147521,8.3329448383113025,short,104,5512
memorials,47,16,63,2.493655768329829e-05,2.8080274484683089e-05,0.029991563434268897,0.021749698049212497,0.20336325744315017,short,2366,3250
memory,17,9,26,9.019605970554701e-06,1.5795154397634238e-05,0.15517291414480994,0.051827803626750227,0.68160774085412645,short,2000,3616
men,71,6,77,3.7670119053493162e-05,1.0530102931756157e-05,-0.21735502389429229,0.018805510640498738,-1.5849921568413086,official,4008,1607
men's,17,13,30,9.019605970554701e-06,2.281522301880501e-05,0.27207920573867916,0.044532970801089582,1.289301586736765,short,1576,4039
mental,744,402,1146,0.00039474040247604103,0.00070551689642766257,0.16148658085971856,0.0011756567266058308,4.7097317598505324,short,305,5311
mentally,92,41,133,4.8811985252413675e-05,7.195570336700041e-05,0.10398388393226909,0.010192132007922901,1.0299912015533705,short,1758,3860
mentoring,63,35,98,3.3425598596761534e-05,6.1425600435244251e-05,0.16997494231376642,0.013730538235519648,1.4505781169602292,short,1451,4165
merchandise,25,3,28,1.3264126427286324e-05,5.2650514658780786e-06,-0.17528336783289333,0.051126550146357953,-0.77520660529561014,official,3090,2524
merchant,185,87,272,9.8154535561918797e-05,0.00015268649251046429,0.11967569131575395,0.0049742602870227479,1.6968431185214834,short,1308,4308
mercury,73,47,120,3.8731249167676067e-05,8.2485806298756569e-05,0.21633767048706076,0.011169932226586772,2.0469483289162742,short,1093,4523
merge,28,0,28,1.4855821598560682e-05,0,-0.33212752263139222,0.053571989673186944,-1.4349473872580845,official,3797,1816
merger,37,39,76,1.963090711238376e-05,6.8445669056415033e-05,0.37857959872223645,0.017545770810334448,2.8580576222107532,short,727,4889
mergers,194,5,199,0.00010292962107574188,8.7750857764634652e-06,-0.29468942920631314,0.0074470511853005012,-3.4148559478150724,official,5081,535
merit,63,26,89,3.3425598596761534e-05,4.563044603761002e-05,0.082077908815474387,0.015275160658702889,0.66409986138206878,short,2009,3608
met,101,2,103,5.358707076623675e-05,3.5100343105853862e-06,-0.30314863280168325,0.014426331426160458,-2.52393206579741,official,4776,840
metabolism,32,0,32,1.6978081826926497e-05,0,-0.33212804364498894,0.046875561102620561,-1.5340245419763083,official,3949,1666
metal,33,14,47,1.7508646884017949e-05,2.4570240174097702e-05,0.089872268086157447,0.028894003729591711,0.52871525317274715,short,2125,3494
metals,25,14,39,1.3264126427286324e-05,2.4570240174097702e-05,0.17243491079295836,0.034493485633218385,0.92844601229882773,short,1821,3796
meth,3,31,34,1.5916951712743589e-06,5.4405531814073483e-05,0.924505627880567,0.042412203516436979,4.4891502457466528,short,336,5279
methamphetamine,108,73,181,5.7301026165876919e-05,0.0001281162523363666,0.23194826987494999,0.0073977766253160047,2.69674902606745,short,796,4820
methane,25,11,36,1.3264126427286324e-05,1.9305188708219622e-05,0.10029852557816454,0.037670599471732867,0.51676522781188949,short,2135,3482
methanol,29,13,42,1.5386386655652135e-05,2.281522301880501e-05,0.10567843693173451,0.032266886329578623,0.58831219587041494,short,2067,3549
method,373,3,376,0.00019790076629511196,5.2650514658780786e-06,-0.32022677133095456,0.0039741970890340081,-5.0796400204784531,official,5352,264
methodology,51,0,51,2.7058817911664101e-05,0,-0.3321305184821135,0.029412325812598318,-1.9366186031223602,official,4389,1230
methods,331,22,353,0.00017561703389727093,3.8610377416439245e-05,-0.24004222566367339,0.004129216143816926,-3.7355438310082292,official,5161,455
methyl,23,3,26,1.2202996313103419e-05,5.2650514658780786e-06,-0.16350286638518163,0.054891482987491726,-0.69786736363649349,official,3046,2570
metric,55,37,92,2.9181078140029912e-05,6.4935634745829642e-05,0.23041190040990855,0.014555220190565449,1.9098335400477437,short,1170,4446
metropolitan,122,44,166,6.4728936965157256e-05,7.722075483287849e-05,0.045173422428220533,0.0082346881181062318,0.49780518659883827,short,2157,3460
mexican,51,6,57,2.7058817911664101e-05,1.0530102931756157e-05,-0.17797725354103378,0.02513283624062173,-1.1226483694431073,official,3396,2221
mexico,475,85,560,0.00025201840211844017,0.00014917645819987891,-0.1119083366658451,0.0025171323930113197,-2.23053689579082,official,4600,1016
mia,8,22,30,4.2445204567316241e-06,3.8610377416439245e-05,0.67468930053877685,0.045547119807879809,3.1613557006258,short,623,4993
michigan,80,36,116,4.2445204567316236e-05,6.3180617590536954e-05,0.10679425724665492,0.011681549307498727,0.98809266721373024,short,1781,3835
microenterprise,20,20,40,1.0611301141829059e-05,3.5100343105853861e-05,0.3610293169809502,0.033333894438802726,1.9774223652439653,short,1129,4486
mid-atlantic,28,2,30,1.4855821598560682e-05,3.5100343105853862e-06,-0.23368658812023924,0.04849194041264674,-1.0612043130292073,official,3344,2278
middle,164,151,315,8.7012669362998283e-05,0.00026500759044919664,0.33355204407875938,0.0042341665911334253,5.1260122048533487,short,261,5355
middle-aged,14,14,28,7.4279107992803412e-06,2.4570240174097702e-05,0.36102751335868177,0.047619608721593105,1.6544261607778865,short,1344,4271
middle-income,45,6,51,2.3875427569115385e-05,1.0530102931756157e-05,-0.16027689491414776,0.027961087422842774,-0.95850391581774419,official,3247,2370
midwest,19,14,33,1.0080736084737606e-05,2.4570240174097702e-05,0.25993074523514359,0.040507926079073303,1.2914798885295655,short,1569,4046
migrant,29,11,40,1.5386386655652135e-05,1.9305188708219622e-05,0.058743395161069856,0.034101157865406684,0.31810791929187882,short,2290,3326
migration,28,12,40,1.4855821598560682e-05,2.1060205863512314e-05,0.092760841544315298,0.033937212688730019,0.50353144257911964,short,2147,3468
migratory,109,50,159,5.7831591222968371e-05,8.7750857764634649e-05,0.11237792189952422,0.0085165934116050394,1.2177216843598706,short,1621,3995
mileage,51,11,62,2.7058817911664101e-05,1.9305188708219622e-05,-0.075906976100213797,0.022548748768815664,-0.50549919333279236,official,2890,2725
miles,44,6,50,2.3344862512023929e-05,1.0530102931756157e-05,-0.15692293256149625,0.028496001836321033,-0.92959643715134999,official,3220,2396
military,2027,1142,3169,0.0010754553707243751,0.0020042295913442554,0.17453240943474757,0.00042498232051955547,8.4662414967502961,short,101,5515
milk,400,83,483,0.00021222602283658119,0.00014566642388929351,-0.08372416056846177,0.0028998484880706655,-1.5547592461470836,official,3963,1653
millennium,33,39,72,1.7508646884017949e-05,6.8445669056415033e-05,0.41660566122425813,0.018533379646253824,3.0601862270146429,short,660,4956
million,48,13,61,2.5467122740389743e-05,2.281522301880501e-05,-0.026260135087868619,0.022688386549721388,-0.17433924041921928,official,2618,2998
mineral,378,95,473,0.00020055359158056922,0.00016672662975280583,-0.043275710770478426,0.0029362127149269754,-0.7986388855288693,official,3110,2506
minerals,104,57,161,5.5178765937511108e-05,0.0001000359778516835,0.16579955467043561,0.0083613020025955151,1.8132028988086502,short,1229,4387
miners,51,23,74,2.7058817911664101e-05,4.036539457173194e-05,0.10742381295700909,0.018309839463482257,0.79388627748919061,short,1924,3692
mines,90,21,111,4.775085513823077e-05,3.685536026114655e-05,-0.059482355389338437,0.012551443074696975,-0.53093496510838378,official,2902,2714
minimize,148,0,148,7.852362844953504e-05,0,-0.33214315375699854,0.010135696262760188,-3.2991230288232627,official,5037,578
minimizing,35,0,35,1.8569776998200855e-05,0,-0.33212843440627182,0.042857703960410054,-1.6043222548468057,official,4030,1586
minimum,1059,135,1194,0.00056186839545984866,0.00023692731596451356,-0.16689238593895883,0.0011968594494228162,-4.8240849508432468,official,5322,294
mining,372,157,529,0.00019737020123802051,0.00027553769338095282,0.088414868880793307,0.0025681650795491969,1.7446721921045933,short,1270,4346
minnesota,62,19,81,3.2895033539670081e-05,3.3345325950561165e-05,0.0033489712532830396,0.016993568107257766,0.025690297377757,short,2481,3133
minor,113,33,146,5.9953851451334182e-05,5.7915566124658867e-05,-0.0084194512968949198,0.009448157168824186,-0.086618415409552244,official,2554,3063
minorities,49,16,65,2.5997687797481196e-05,2.8080274484683089e-05,0.019274522530695393,0.021118169947540327,0.13263418961730089,short,2403,3213
minority,254,170,424,0.00013476352450122905,0.00029835291639975783,0.22879550362512546,0.0031589891338773411,4.0707405116286903,short,414,5202
minors,150,28,178,7.9584758563717946e-05,4.9140480348195404e-05,-0.10412160902840206,0.0079037105555101565,-1.1711846105330561,official,3436,2180
mint,361,10,371,0.00019153398561001453,1.755017155292693e-05,-0.29200055205742892,0.003991353310852503,-4.6219323668029748,official,5304,312
minting,106,0,106,5.6239896051694013e-05,0,-0.33213768269414068,0.014151504514797851,-2.7920091945810661,official,4885,729
misbranded,27,0,27,1.432525654146923e-05,0,-0.33212739237824884,0.055556116657098385,-1.4090900724452342,official,3770,1863
miscellaneous,60,62,122,3.1833903425487176e-05,0.00010881106362814697,0.37197127387835138,0.010929849228707603,3.5579702832967421,short,515,5101
misconduct,72,4,76,3.8200684110584615e-05,7.0200686211707723e-06,-0.25416998898487897,0.019257317869086403,-1.8315820157592217,official,4287,1329
misleading,51,2,53,2.7058817911664101e-05,3.5100343105853862e-06,-0.27604019012800052,0.027797763904462307,-1.6556456288874197,official,4100,1518
missile,94,67,161,4.9873115366596581e-05,0.00011758614940461042,0.24912201300271875,0.0083080946739263733,2.7331369030579689,short,774,4841
missiles,68,1,69,3.6078423882218804e-05,1.7550171552926931e-06,-0.31047080520718495,0.021585545469359087,-2.1131934413389546,official,4518,1099
missing,182,84,266,9.6562840390644446e-05,0.0001474214410445862,0.11417571387227454,0.0050898468720721388,1.6003735951864517,short,1377,4239
mission,104,34,138,5.5178765937511108e-05,5.9670583279951563e-05,0.019581158408682242,0.00994674602071185,0.19633506311994947,short,2369,3247
missions,66,15,81,3.5017293768035899e-05,2.6325257329390394e-05,-0.065063224242356554,0.017219948869127918,-0.49581498966301402,official,2872,2745
mississippi,158,72,230,8.3829279020449567e-05,0.00012636123518107391,0.11045542503886452,0.0058891390151251267,1.4393325540117012,short,1464,4152
missouri,101,22,123,5.358707076623675e-05,3.8610377416439245e-05,-0.073892681321774845,0.01136139856189655,-0.69324305635813455,official,3040,2576
misuse,120,10,130,6.3667806850974351e-05,1.755017155292693e-05,-0.21880651244623728,0.011143418267164282,-2.0727695878725707,official,4490,1126
mitigate,113,1,114,5.9953851451334182e-05,1.7550171552926931e-06,-0.31900887222521135,0.013101499637877514,-2.7870339378146718,official,4882,735
mitigation,212,115,327,0.00011247979210338803,0.00020182697285865968,0.16263955326953727,0.0041182921811682973,2.5343558544256397,short,860,4756
mobile,155,122,277,8.2237583849175216e-05,0.00021411209294570856,0.28159151171402996,0.0048216416412701349,4.0552916620452528,short,417,5199
mobility,32,32,64,1.6978081826926497e-05,5.6160548969366179e-05,0.36103292428013845,0.020833894444650617,2.5012757886006067,short,871,4745
mobilization,44,17,61,2.3344862512023929e-05,2.9835291639975781e-05,0.063773374908031144,0.022344883454149606,0.42662898086016504,short,2220,3397
model,88,17,105,4.6689725024047858e-05,2.9835291639975781e-05,-0.097649977024467205,0.013378629581046169,-0.84424078844433903,official,3147,2469
modeling,18,8,26,9.5501710276461537e-06,1.4040137242341545e-05,0.103195297945053,0.052139598534932143,0.45193509509129132,short,2196,3418
models,75,9,84,3.9792379281858973e-05,1.5795154397634238e-05,-0.17528729545219335,0.017042557462478836,-1.3427125765311692,official,3631,1985
moderate,41,2,43,2.1753167340749571e-05,3.5100343105853862e-06,-0.26313548274384679,0.034127545232088149,-1.4243833531306862,official,3788,1830
moderate-income,62,0,62,3.2895033539670081e-05,0,-0.33213195129956929,0.02419410949618379,-2.135284935436212,official,4539,1077
modern,29,14,43,1.5386386655652135e-05,2.4570240174097702e-05,0.12741070841293833,0.031433309643790382,0.71863915343476481,short,1973,3643
modernization,178,596,774,9.4440580162278635e-05,0.001045990224554445,0.72525796688238575,0.0017809084715047503,17.185877359364412,short,24,5592
modernize,309,4,313,0.00016394460264125896,7.0200686211707723e-06,-0.31305354262801721,0.0047628523377134047,-4.5361255265065203,official,5294,322
modernizing,11,18,29,5.8362156280059822e-06,3.1590308795268477e-05,0.52229777511606912,0.046277156847666777,2.4279226199057979,short,903,4712
modification,167,91,258,8.8604364534272648e-05,0.00015970656113163507,0.16402351524933145,0.0052188318458199455,2.2704893193716686,short,963,4653
modifications,101,8,109,5.358707076623675e-05,1.4040137242341545e-05,-0.22391999988253453,0.013309474428581216,-1.9409414383324359,official,4393,1223
modified,38,3,41,2.0161472169475213e-05,5.2650514658780786e-06,-0.22423857060650043,0.035386061680103144,-1.1920492567624139,official,3466,2152
modify,1285,0,1285,0.00068177609836251706,0,-0.33229133239007691,0.0011678765479307854,-9.7234535616444191,official,5544,72
modifying,35,0,35,1.8569776998200855e-05,0,-0.33212843440627182,0.042857703960410054,-1.6043222548468057,official,4031,1587
monetary,194,48,242,0.00010292962107574188,8.4240823454049258e-05,-0.046742603820989714,0.0057424149943083209,-0.61683017899854542,official,2957,2659
money,289,136,425,0.0001533333014994299,0.00023868233311980625,0.11988220446633413,0.0031836526133771441,2.1246719471232067,short,1044,4572
monitor,114,1,115,6.0484416508425642e-05,1.7550171552926931e-06,-0.31912292581683133,0.012988063002814345,-2.8001791125869269,official,4889,727
monitoring,282,122,404,0.00014961934609978973,0.00021411209294570856,0.095462725172367868,0.0033594278216088191,1.6470287142692759,short,1349,4267
monoxide,18,10,28,9.5501710276461537e-06,1.755017155292693e-05,0.16997003218623874,0.048055481010787417,0.77535553642771293,short,1935,3682
montana,166,37,203,8.8073799477181189e-05,6.4935634745829642e-05,-0.069140096458431444,0.0068772549084995154,-0.83372422388126144,official,3142,2473
montgomery,82,39,121,4.3506334681499142e-05,6.8445669056415033e-05,0.1229972639208512,0.011176669498381871,1.1634272890405837,short,1651,3965
month,168,6,174,8.9134929591364094e-05,1.0530102931756157e-05,-0.28084987950864893,0.0084800932973098635,-3.0498180239820223,official,4983,633
monthly,192,1,193,0.00010186849096155897,1.7550171552926931e-06,-0.32438644933906957,0.0077526029100422429,-3.6841638269158392,official,5142,474
months,109,0,109,5.7831591222968371e-05,0,-0.33213807347831192,0.013762029009126372,-2.8312448396119541,official,4907,712
monument,214,144,358,0.00011354092221757093,0.00025272247036214781,0.23051860655221823,0.0037408448017573564,3.7689566326325443,short,477,5139
monuments,74,11,85,3.926181422476752e-05,1.9305188708219622e-05,-0.14353760516547887,0.016706535957430494,-1.1105100446862997,official,3387,2230
moratorium,254,127,381,0.00013476352450122905,0.000222887178722172,0.13790139085362263,0.0035438682716126516,2.3164869674530806,short,939,4677
morris,13,27,40,6.8973457421888885e-06,4.7385463192902708e-05,0.59543395055945858,0.033793858768493203,3.2390279926451964,short,600,5016
mortality,75,40,115,3.9792379281858973e-05,7.0200686211707722e-05,0.15743181513470361,0.011715331920723141,1.4545049511870722,short,1449,4167
mortgage,913,310,1223,0.00048440589712449658,0.00054405531814073478,0.029329634637235813,0.0011210418917150871,0.87598310898254661,short,1865,3751
mortgages,283,10,293,0.0001501499111568812,1.755017155292693e-05,-0.281384106383193,0.0050370023035605834,-3.9647288268535936,official,5202,414
most-favored-nation,57,0,57,3.0242208254212821e-05,0,-0.33213130001736069,0.026316350581693477,-2.0473730096171781,official,4472,1145
mother,37,23,60,1.963090711238376e-05,4.036539457173194e-05,0.20515802458074184,0.022358032231548856,1.3720556285579697,short,1512,4104
mothers,82,35,117,4.3506334681499142e-05,6.1425600435244251e-05,0.091603400375182886,0.011604634119472237,0.85034638376374916,short,1880,3736
motion,29,8,37,1.5386386655652135e-05,1.4040137242341545e-05,-0.02196927777908364,0.037374298477885447,-0.11363948458181183,official,2570,3046
motor,1157,308,1465,0.00061386377105481112,0.0005405452838301494,-0.030259063208792014,0.00094596547468813873,-0.98382495763957845,official,3277,2339
motorsports,11,16,27,5.8362156280059822e-06,2.8080274484683089e-05,0.48464272178075518,0.049572164529614972,2.1767209330351802,short,1017,4599
mount,34,36,70,1.8039211941109402e-05,6.3180617590536954e-05,0.38008258219982416,0.019049907992371069,2.7537944904411518,short,767,4850
mountain,160,135,295,8.4890409134632473e-05,0.00023692731596451356,0.30454842340703969,0.0045239447600577366,4.5279091973157568,short,334,5282
mountains,48,35,83,2.5467122740389743e-05,6.1425600435244251e-05,0.25651943412238687,0.016108725173027472,2.0211087725057419,short,1107,4507
movement,115,8,123,6.1014981565517094e-05,1.4040137242341545e-05,-0.23606157808074357,0.011835829581214203,-2.1698312239043753,official,4568,1048
moving,61,14,75,3.2364468482578628e-05,2.4570240174097702e-05,-0.062997124517378822,0.018589457345326691,-0.46204829347236409,official,2840,2776
mowa,14,14,28,7.4279107992803412e-06,2.4570240174097702e-05,0.36102751335868177,0.047619608721593105,1.6544261607778865,short,1345,4272
multicandidate,71,0,71,3.7670119053493162e-05,0,-0.33213312361403702,0.021127321674407271,-2.2850197995551476,official,4641,977
multiemployer,38,19,57,2.0161472169475213e-05,3.3345325950561165e-05,0.13788299029069861,0.023684771635393294,0.89593415382673958,short,1850,3767
multifamily,135,39,174,7.1626282707346148e-05,6.8445669056415033e-05,-0.011026587086240269,0.0079316427708663994,-0.12381108765527796,official,2580,3036
multilateral,97,18,115,5.1464810537870939e-05,3.1590308795268477e-05,-0.10521872076143879,0.012236339246080185,-0.95118997156867469,official,3236,2380
multinational,25,22,47,1.3264126427286324e-05,3.8610377416439245e-05,0.31846991302285943,0.028382203619167972,1.8903636323635045,short,1178,4438
multiple,134,29,163,7.1095717650254702e-05,5.0895497503488099e-05,-0.075218421148534276,0.008575897832825816,-0.81224007633708184,official,3120,2496
multipurpose,49,2,51,2.5997687797481196e-05,3.5100343105853862e-06,-0.27386048814459585,0.028868485635130295,-1.6118231039063737,official,4046,1571
multiyear,34,14,48,1.8039211941109402e-05,2.4570240174097702e-05,0.081440046115378806,0.028324715316140465,0.48389956769489562,short,2174,3444
municipal,285,140,425,0.00015121104127106409,0.00024570240174097701,0.13260726717471805,0.0031789234038667158,2.3519457125814411,short,930,4686
municipalities,102,0,102,5.4117635823328202e-05,0,-0.33213716165002261,0.014706443470650379,-2.7388209486183515,official,4862,754
munitions,34,17,51,1.8039211941109402e-05,2.9835291639975781e-05,0.13788264958591512,0.02647114934296587,0.84746782982103608,short,1883,3731
murder,24,2,26,1.2733561370194872e-05,3.5100343105853862e-06,-0.21879745461544076,0.055714846815725444,-0.92695103760376385,official,3217,2398
musculoskeletal,46,4,50,2.4405992626206838e-05,7.0200686211707723e-06,-0.21434510814376573,0.028935746291910491,-1.2600745276254794,official,3539,2081
museum,236,163,399,0.00012521335347358289,0.00028606779631270895,0.23893965126837458,0.0033547237711155321,4.1253408993316496,short,409,5207
music,29,9,38,1.5386386655652135e-05,1.5795154397634238e-05,0.0064783876480571934,0.036202529983429051,0.034048459743501416,short,2477,3142
musical,42,6,48,2.2283732397841024e-05,1.0530102931756157e-05,-0.14980520428450106,0.029630190736036281,-0.8702813516851623,official,3175,2440
mutual,112,40,152,5.9423286394242729e-05,7.0200686211707722e-05,0.042572219805792955,0.0089967732519484929,0.44883106515206295,short,2202,3414
nafta,37,24,61,1.963090711238376e-05,4.2120411727024629e-05,0.21871260396587822,0.021969348625226832,1.4755883609582439,short,1438,4178
names,88,4,92,4.6689725024047858e-05,7.0200686211707723e-06,-0.2675950934467064,0.01597278333800075,-2.117326561459282,official,4523,1091
nanotechnology,26,24,50,1.3794691484377777e-05,4.2120411727024629e-05,0.33436201182338543,0.026671969358205396,2.0473372485020072,short,1092,4526
narcotic,77,33,110,4.0853509396041878e-05,5.7915566124658867e-05,0.092763507197281214,0.012341161697183793,0.83502434751260235,short,1894,3721
narcotics,59,50,109,3.1303338368395723e-05,8.7750857764634649e-05,0.30597738592979162,0.012242250250510987,2.7654047439823319,short,762,4854
nation,393,70,463,0.00020851206743694101,0.0001228512008704885,-0.11274668011769151,0.0030449581064185423,-2.04321045318799,official,4465,1151
nation's,698,37,735,0.00037033440984983419,6.4935634745829642e-05,-0.25759256821423371,0.0019937347500479283,-5.7689880560287365,official,5407,209
national,13574,7061,20635,0.0072018900849593823,0.012392176133521705,0.15110766804322484,6.5904353170019052e-05,18.613560381511999,short,21,5595
nationality,940,38,978,0.00049873115366596578,6.6690651901122331e-05,-0.27449242676140706,0.0015061897110298238,-7.0727861724427488,official,5480,136
nationally,93,6,99,4.9342550309505128e-05,1.0530102931756157e-05,-0.24252124547494169,0.014732703974542729,-1.9980601519080774,official,4437,1179
nationals,302,5,307,0.00016023064724161878,8.7750857764634652e-06,-0.30782896081590927,0.0048477254921062661,-4.4212031064641577,official,5281,335
nations,379,99,478,0.00020108415663766069,0.00017374669837397661,-0.034579059585333027,0.0029005246008953485,-0.64205894575660238,official,2990,2627
nationwide,203,25,228,0.00010770470658956496,4.3875428882317324e-05,-0.17171096750926829,0.0062733159310862131,-2.1679509670163566,official,4563,1053
native,585,392,977,0.00031038055839849999,0.00068796672487473568,0.22922953251822431,0.0013712263839192522,6.1903611704331647,short,177,5439
natives,44,5,49,2.3344862512023929e-05,8.7750857764634652e-06,-0.18259571846810019,0.02927176779712751,-1.0672498789654823,official,3350,2266
nato,28,22,50,1.4855821598560682e-05,3.8610377416439245e-05,0.28098642901642279,0.026709962817139034,1.7192882823307063,short,1296,4320
natural,1436,459,1895,0.00076189142198332643,0.00080555287427934604,0.013877481501355149,0.00072558051344121942,0.51519050672940048,short,2142,3474
naturalization,151,49,200,8.0115323620809392e-05,8.599584060934196e-05,0.017691421723300849,0.0068656282476208357,0.21351214971533264,short,2361,3255
nature,54,9,63,2.8650513082938459e-05,1.5795154397634238e-05,-0.12448766679207246,0.022436458545706011,-0.83109213727297293,official,3140,2476
navajo,45,18,63,2.3875427569115385e-05,3.1590308795268477e-05,0.07334312652840147,0.021605499381919524,0.49897325153600131,short,2152,3462
naval,149,49,198,7.9054193506626486e-05,8.599584060934196e-05,0.02108856592610131,0.0069309885175135987,0.25330832198487929,short,2333,3283
navigable,32,2,34,1.6978081826926497e-05,3.5100343105853862e-06,-0.24511580495656204,0.04292985403245702,-1.1830186993838383,official,3451,2164
navigation,87,53,140,4.6159159966956405e-05,9.3015909230512728e-05,0.1987749800993619,0.009587194622751951,2.030093061058174,short,1102,4514
navy,63,8,71,3.3425598596761534e-05,1.4040137242341545e-05,-0.16737340164796599,0.020121475526742216,-1.1799307797369665,official,3447,2170
nazi,40,15,55,2.1222602283658118e-05,2.6325257329390394e-05,0.055642908123560986,0.024812591183609477,0.35324315892818353,short,2266,3348
near,116,2,118,6.154554662260854e-05,3.5100343105853862e-06,-0.30682031560967893,0.01260739872810821,-2.7325704539697817,official,4856,760
nebraska,46,7,53,2.4405992626206838e-05,1.2285120087048851e-05,-0.13975495859458853,0.026768237875217392,-0.85419560857282373,official,3159,2457
necessary,564,20,584,0.00029923869219957946,3.5100343105853861e-05,-0.28124393328785757,0.0025272705011983249,-5.5944487403975334,official,5395,221
necessity,39,3,42,2.0692037226566665e-05,5.2650514658780786e-06,-0.22676714721379732,0.0345684623395126,-1.2196637203029173,official,3497,2121
need,392,28,420,0.00020798150237984957,4.9140480348195404e-05,-0.2337228037553718,0.0034642311385786749,-3.9709796089404916,official,5203,413
needed,311,17,328,0.00016500573275544188,2.9835291639975781e-05,-0.25536992017844184,0.0044640571189403016,-3.8221248506693328,official,5182,434
needle,6,19,25,3.1833903425487179e-06,3.3345325950561165e-05,0.71123313905205698,0.054985898345581728,3.0330971532878901,short,667,4949
needs,763,92,855,0.00040482113856077861,0.00016146157828692776,-0.17468346315921846,0.0016745744658983805,-4.2687385978910442,official,5261,355
needy,224,5,229,0.00011884657278848546,8.7750857764634652e-06,-0.29957472944544783,0.0064815709376356478,-3.721045979822974,official,5156,460
neglect,103,11,114,5.4648200880419655e-05,1.9305188708219622e-05,-0.19056898813888523,0.012608856051789952,-1.6971271636343195,official,4147,1469
negligence,32,1,33,1.6978081826926497e-05,1.7550171552926931e-06,-0.28700717751531357,0.044796941193390068,-1.3560277509913481,official,3671,1942
negotiate,60,0,60,3.1833903425487176e-05,0,-0.33213169078637605,0.025000561108655915,-2.100561679280875,official,4511,1105
negotiated,45,10,55,2.3875427569115385e-05,1.755017155292693e-05,-0.069761163959116246,0.025385176492755776,-0.43784825634060176,official,2819,2796
negotiating,60,9,69,3.1833903425487176e-05,1.5795154397634238e-05,-0.1420842102134845,0.020573011916110832,-0.99059670426588609,official,3282,2333
negotiation,126,34,160,6.6851197193523067e-05,5.9670583279951563e-05,-0.027112109688102848,0.0086517038038847766,-0.29148250387588026,official,2709,2907
negotiations,104,36,140,5.5178765937511108e-05,6.3180617590536954e-05,0.034341039237984816,0.0097807399654805498,0.3472382648570681,short,2276,3340
neighbor,3,32,35,1.5916951712743589e-06,5.6160548969366179e-05,0.92814316115159023,0.041241723713078909,4.5703195331278135,short,328,5288
neighborhood,130,111,241,6.8973457421888892e-05,0.00019480690423748893,0.30848331238810367,0.0055368880345816546,4.1457089090763715,short,405,5211
neighborhoods,85,33,118,4.50980298527735e-05,5.7915566124658867e-05,0.065100309525519151,0.011549186053689212,0.60576944618505268,short,2050,3566
nelson,15,13,28,7.9584758563717939e-06,2.281522301880501e-05,0.31339890326690956,0.04764661895841666,1.4357586063128391,short,1471,4150
net,176,96,272,9.3379450048095716e-05,0.00016848164690809852,0.1643314499111419,0.0049500953212454693,2.3356830339183481,short,933,4683
network,251,110,361,0.00013317182932995469,0.00019305188708219624,0.099163818832046502,0.0037576903583656104,1.6176804910846634,short,1364,4252
networking,16,16,32,8.4890409134632483e-06,2.8080274484683089e-05,0.36102811456408013,0.041667227770186784,1.7686574182033821,short,1262,4354
networks,100,15,115,5.3056505709145297e-05,2.6325257329390394e-05,-0.1420868353475786,0.012344031604360203,-1.2788668470008471,official,3557,2058
neutral,20,9,29,1.0611301141829059e-05,1.5795154397634238e-05,0.10679043921111031,0.046724513841470257,0.49403757013922672,short,2163,3456
neutrality,54,31,85,2.8650513082938459e-05,5.4405531814073483e-05,0.18014588586709834,0.015815495375276659,1.4324614675215381,short,1473,4143
nevada,293,84,377,0.00015545556172779572,0.0001474214410445862,-0.012858337038354151,0.0036622958921136897,-0.21247512344626551,official,2657,2959
new,2716,491,3207,0.0014410146950603862,0.00086171342324871229,-0.1101700383279427,0.00043981161828323951,-5.2532751897833396,official,5364,252
newborn,46,28,74,2.4405992626206838e-05,4.9140480348195404e-05,0.19851044782368987,0.0181378160152087,1.4739775639366084,short,1439,4177
newborns,24,14,38,1.2733561370194872e-05,2.4570240174097702e-05,0.18513554438810154,0.0353603625935347,0.98453566372084078,short,1785,3832
newly,95,0,95,5.0403680423688034e-05,0,-0.33213624982678347,0.015790034800410829,-2.6431677949959806,official,4822,795
news,46,16,62,2.4405992626206838e-05,2.8080274484683089e-05,0.035601806578338113,0.022080333189758668,0.23959029656355726,short,2339,3278
newsprint,25,8,33,1.3264126427286324e-05,1.4040137242341545e-05,0.014152551643674016,0.041632184316069736,0.069361767192612583,short,2447,3171
nicaragua,20,5,25,1.0611301141829059e-05,8.7750857764634652e-06,-0.044442253914231955,0.055556116656948401,-0.18855156251731181,official,2636,2985
nicotine,21,12,33,1.1141866198920512e-05,2.1060205863512314e-05,0.17870418310542391,0.040741301844251517,0.88535463946968185,short,1856,3760
ninth,36,30,66,1.9100342055292307e-05,5.2650514658780788e-05,0.30040691974009803,0.020221149346930058,2.1125500836191851,short,1052,4564
nitrogen,37,9,46,1.963090711238376e-05,1.5795154397634238e-05,-0.050485059256738296,0.03023057205904674,-0.29036193879713462,official,2706,2908
no-fault,23,22,45,1.2202996313103419e-05,3.8610377416439245e-05,0.34621470215712868,0.029631816593929113,2.0112514395899335,short,1114,4502
node,27,0,27,1.432525654146923e-05,0,-0.33212739237824884,0.055556116657098385,-1.4090900724452342,official,3771,1864
noise,134,92,226,7.1095717650254702e-05,0.00016146157828692776,0.23699284263148179,0.0059229930154410144,3.0793894668484341,short,656,4960
nominal,43,0,43,2.2814297454932476e-05,0,-0.33212947644089397,0.034884282035224132,-1.7782488084112784,official,4232,1389
nominating,27,1,28,1.432525654146923e-05,1.7550171552926931e-06,-0.27901713621565527,0.052665137904322437,-1.2158199463805444,official,3488,2130
nomination,39,4,43,2.0692037226566665e-05,7.0200686211707723e-06,-0.19555169701472863,0.033472278801116827,-1.0688553835939161,official,3353,2264
non-department,47,0,47,2.493655768329829e-05,0,-0.33212999746068128,0.031915454722875047,-1.8591206890678307,official,4317,1293
non-discrimination,3,67,70,1.5916951712743589e-06,0.00011758614940461042,0.99057326643378119,0.020998461324557561,6.8358553887475519,short,150,5466
non-federal,207,5,212,0.00010982696681793077,8.7750857764634652e-06,-0.29697507107838561,0.0069954909174470576,-3.5506747881803227,official,5105,511
non-profit,38,0,38,2.0161472169475213e-05,0,-0.33212882516848197,0.039474245314440153,-1.6716665464481066,official,4114,1504
non-proliferation,21,23,44,1.1141866198920512e-05,4.036539457173194e-05,0.39133582879422413,0.030310549625443998,2.2477743229337492,short,979,4640
non-regular,31,0,31,1.644751676983504e-05,0,-0.33212791339143699,0.048387657876598558,-1.5098648555654945,official,3908,1706
nondiscrimination,44,85,129,2.3344862512023929e-05,0.00014917645819987891,0.57373861805728765,0.010453805145379644,5.611473064672964,short,209,5407
nondiscriminatory,63,5,68,3.3425598596761534e-05,8.7750857764634652e-06,-0.22372062878182852,0.021332779033907286,-1.5317303364778108,official,3939,1675
nongovernmental,53,0,53,2.8119948025847007e-05,0,-0.33213077899345222,0.028302447899599896,-1.9742271689845747,official,4420,1198
nonimmigrant,127,12,139,6.7381762250614527e-05,2.1060205863512314e-05,-0.20520453926563498,0.010382476178891655,-2.0138934609248929,official,4448,1167
nonimmigrants,44,0,44,2.3344862512023929e-05,0,-0.33212960669568581,0.034091470196116212,-1.7988076501041976,official,4256,1362
nonindigenous,33,2,35,1.7508646884017949e-05,3.5100343105853862e-06,-0.24756992417156276,0.04173347048334785,-1.2118688792457284,official,3479,2135
nonmarket,53,2,55,2.8119948025847007e-05,3.5100343105853862e-06,-0.27806269601965461,0.026803680016072674,-1.6984216488867936,official,4151,1465
nonmilitary,41,0,41,2.1753167340749571e-05,0,-0.33212921593162115,0.036585926958219016,-1.7364010857917151,official,4179,1437
nonnuclear,29,3,32,1.5386386655652135e-05,5.2650514658780786e-06,-0.19450498246082759,0.044965432297168616,-0.91725765361219713,official,3212,2408
nonpartisan,26,7,33,1.3794691484377777e-05,1.2285120087048851e-05,-0.027635055409255926,0.041949713645602536,-0.13492606023237602,official,2591,3027
nonprofit,384,38,422,0.00020373698192311795,6.6690651901122331e-05,-0.19986759772201346,0.0034151690213934703,-3.4200802086872062,official,5082,534
nonproliferation,51,52,103,2.7058817911664101e-05,9.126089207522004e-05,0.36751158136276985,0.012945680517580804,3.230045105564102,short,602,5014
nonpublic,35,0,35,1.8569776998200855e-05,0,-0.33212843440627182,0.042857703960410054,-1.6043222548468057,official,4032,1588
nonrecognition,24,5,29,1.2733561370194872e-05,8.7750857764634652e-06,-0.082909055750079119,0.048280250336439269,-0.37732641761209551,official,2777,2834
nonrefundable,48,0,48,2.5467122740389743e-05,0,-0.33213012771588346,0.031250561106069316,-1.8787948571785984,official,4341,1279
nonresident,21,5,26,1.1141866198920512e-05,8.7750857764634652e-06,-0.055137673282837696,0.053535221362418284,-0.23830251962993382,official,2675,2939
nontraditional,17,16,33,9.019605970554701e-06,2.8080274484683089e-05,0.34082527699635179,0.040408724369041783,1.6954860698789103,short,1310,4307
nonviolent,44,8,52,2.3344862512023929e-05,1.4040137242341545e-05,-0.1089826085662704,0.027083894440714625,-0.66221900830659208,official,3015,2603
normal,64,1,65,3.3956163653852993e-05,1.7550171552926931e-06,-0.30914226273566925,0.022904014245801171,-2.0426905455833571,official,4464,1153
norte,16,11,27,8.4890409134632483e-06,1.9305188708219622e-05,0.2374120043348924,0.049572164529333856,1.0663106168028817,short,1737,3880
north,456,173,629,0.00024193766603370257,0.00030361796786563589,0.058811792888375791,0.002169103020254695,1.2627702149912325,short,1599,4017
northeast,57,22,79,3.0242208254212821e-05,3.8610377416439245e-05,0.063490990480936205,0.017254492389468828,0.48334920501049655,short,2175,3441
northeastern,22,9,31,1.1672431256011964e-05,1.5795154397634238e-05,0.079611857654246165,0.043868485631212893,0.38010312184910217,short,2246,3371
northern,195,173,368,0.00010346018613283332,0.00030361796786563589,0.3212121007151989,0.003625188954553279,5.3349035675809384,short,233,5383
northwest,65,49,114,3.4486728710944446e-05,8.599584060934196e-05,0.26740034570062221,0.011722122626975306,2.4697832119941743,short,884,4732
notch,2,68,70,1.061130114182906e-06,0.00011934116655990313,1.0116399090098032,0.021135826815117883,6.9585112384500833,short,146,5470
note,22,10,32,1.1672431256011964e-05,1.755017155292693e-05,0.10971031966306555,0.042328603431225111,0.53324956587369854,short,2115,3502
notes,53,0,53,2.8119948025847007e-05,0,-0.33213077899345222,0.028302447899599896,-1.9742271689845747,official,4421,1199
notice,311,40,351,0.00016500573275544188,7.0200686211707722e-05,-0.16555796828308367,0.0040686799487978046,-2.5955136894097528,official,4799,817
notices,51,0,51,2.7058817911664101e-05,0,-0.3321305184821135,0.029412325812598318,-1.9366186031223602,official,4390,1231
notification,204,227,431,0.0001082352716466564,0.0003983888942514413,0.39667448121997673,0.0030951211899159971,7.1300969177299116,short,135,5481
notify,120,2,122,6.3667806850974351e-05,3.5100343105853862e-06,-0.30764762463466688,0.012197308656123782,-2.7856179947886823,official,4879,737
november,56,0,56,2.9711643197121365e-05,0,-0.3321311697612277,0.026786275393507999,-2.0293337129587536,official,4456,1162
noxious,32,14,46,1.6978081826926497e-05,2.4570240174097702e-05,0.098660904371319802,0.029487740593604827,0.57454538877173267,short,2078,3538
nuclear,1147,678,1825,0.00060855812048389655,0.0011899016312884459,0.18942101467325578,0.00073655585789418848,6.9795161216859221,short,145,5471
nuisance,34,3,37,1.8039211941109402e-05,5.2650514658780786e-06,-0.21278025397039535,0.039085068146120484,-1.0762815268540331,official,3365,2254
number,637,69,706,0.00033796994136725555,0.00012109618371519581,-0.18882811836873259,0.0020354854705866773,-4.1853584847219336,official,5247,369
numbered,28,1,29,1.4855821598560682e-05,1.7550171552926931e-06,-0.28083379739508274,0.050877754084486283,-1.2450460263550298,official,3523,2097
numbers,184,14,198,9.7623970504827351e-05,2.4570240174097702e-05,-0.22782896459569457,0.0073353433183866151,-2.6601045982510358,official,4829,787
numerical,78,7,85,4.1384074453133331e-05,1.2285120087048851e-05,-0.21094546262900593,0.017005095656982983,-1.617635423407719,official,4049,1567
nurse,227,177,404,0.00012043826795975982,0.00031063803648680665,0.27851489998850631,0.0033065176425216866,4.8435413515751566,short,290,5326
nurses,148,21,169,7.852362844953504e-05,3.685536026114655e-05,-0.15086462672589818,0.0084182931605616702,-1.6442785817151597,official,4075,1541
nursing,435,206,641,0.00023079579983478204,0.00036153353399029478,0.12175036265591999,0.0021105668195200303,2.6501515526251347,short,804,4812
nutrient,35,9,44,1.8569776998200855e-05,1.5795154397634238e-05,-0.038133315101498866,0.031526713482116282,-0.21476584356155459,official,2660,2957
nutrition,573,267,840,0.00030401377771340253,0.00046858958046314901,0.11700227127900842,0.0016116177421243159,2.9144947178013823,short,704,4912
nutritional,107,35,142,5.6770461108785466e-05,6.1425600435244251e-05,0.019721283959659885,0.0096663428994519726,0.20058760264829459,short,2367,3249
o,29,20,49,1.5386386655652135e-05,3.5100343105853861e-05,0.23842582263336354,0.027313827551110555,1.4426534151719013,short,1462,4157
oak,17,10,27,9.019605970554701e-06,1.755017155292693e-05,0.18775367792589925,0.049754860856404813,0.84172590873896136,short,1892,3727
oasdi,35,0,35,1.8569776998200855e-05,0,-0.33212843440627182,0.042857703960410054,-1.6043222548468057,official,4033,1589
obamacare,3,53,56,1.5916951712743589e-06,9.3015909230512728e-05,0.97485618791417394,0.026124025579752016,6.0314329266296687,short,185,5431
obesity,79,34,113,4.1914639510224784e-05,5.9670583279951563e-05,0.093964878900809623,0.012011615543760715,0.85736321598693765,short,1876,3740
objective,78,1,79,4.1384074453133331e-05,1.7550171552926931e-06,-0.31320559468005449,0.018869987864399997,-2.2800464813078518,official,4636,980
objectives,154,5,159,8.1707018792083756e-05,8.7750857764634652e-06,-0.28533136318979757,0.0092930102848009059,-2.95986090476974,official,4961,655
obligated,26,2,28,1.3794691484377777e-05,3.5100343105853862e-06,-0.22676588476993587,0.051852412953722671,-0.99584840755359016,official,3291,2326
obligation,77,13,90,4.0853509396041878e-05,2.281522301880501e-05,-0.12224594765339347,0.015697322932026907,-0.9757120647880313,official,3262,2354
obligations,430,28,458,0.00022814297454932478,4.9140480348195404e-05,-0.24178376610294627,0.003184300490883574,-4.284697006698325,official,5264,352
observance,20,7,27,1.0611301141829059e-05,1.2285120087048851e-05,0.037236638799976518,0.050688921552499593,0.16539178958156625,short,2393,3224
observation,23,13,36,1.2202996313103419e-05,2.281522301880501e-05,0.17530876445463939,0.037357876911892636,0.90701096115164703,short,1840,3775
obsolete,24,5,29,1.2733561370194872e-05,8.7750857764634652e-06,-0.082909055750079119,0.048280250336439269,-0.37732641761209551,official,2778,2835
obstetric,17,17,34,9.019605970554701e-06,2.9835291639975781e-05,0.36102841516754047,0.039216247378517241,1.8230910884510836,short,1222,4394
obstetrical,23,4,27,1.2202996313103419e-05,7.0200686211707723e-06,-0.11701376835468302,0.052258625617896751,-0.51186799278377126,official,2895,2719
obtain,318,6,324,0.00016871968815508205,1.0530102931756157e-05,-0.30451118376901931,0.0045884965949615749,-4.4953968890199851,official,5289,327
obtained,106,0,106,5.6239896051694013e-05,0,-0.33213768269414068,0.014151504514797851,-2.7920091945810661,official,4886,730
obtaining,164,1,165,8.7012669362998283e-05,1.7550171552926931e-06,-0.3230675890041006,0.0090641711946996394,-3.3933553487883112,official,5070,546
occupancy,41,9,50,2.1753167340749571e-05,1.5795154397634238e-05,-0.072300220317005781,0.02793872463839029,-0.43255001562116352,official,2816,2800
occupation,31,1,32,1.644751676983504e-05,1.7550171552926931e-06,-0.28560746690744843,0.046176607278722956,-1.329102720500865,official,3611,2003
occupational,402,142,544,0.00021328715295076408,0.00024921243605156238,0.039667185039355957,0.002515369620941778,0.79091620956478037,short,1925,3691
occupations,29,3,32,1.5386386655652135e-05,5.2650514658780786e-06,-0.19450498246082759,0.044965432297168616,-0.91725765361219713,official,3213,2409
occupied,40,8,48,2.1222602283658118e-05,1.4040137242341545e-05,-0.090963582048640745,0.029221340327298319,-0.53212968631536173,official,2904,2712
occur,47,0,47,2.493655768329829e-05,0,-0.33212999746068128,0.031915454722875047,-1.8591206890678307,official,4318,1294
occurred,63,5,68,3.3425598596761534e-05,8.7750857764634652e-06,-0.22372062878182852,0.021332779033907286,-1.5317303364778108,official,3940,1676
occurrence,44,0,44,2.3344862512023929e-05,0,-0.33212960669568581,0.034091470196116212,-1.7988076501041976,official,4257,1363
occurring,85,1,86,4.50980298527735e-05,1.7550171552926931e-06,-0.3147427736638857,0.017342767204254005,-2.3899926780913305,official,4707,910
occurs,35,0,35,1.8569776998200855e-05,0,-0.33212843440627182,0.042857703960410054,-1.6043222548468057,official,4034,1590
ocean,313,201,514,0.00016606686286962477,0.00035275844821383128,0.21554699401753119,0.0026083524592450395,4.2204507105442808,short,390,5226
oceanic,182,56,238,9.6562840390644446e-05,9.8280960696390808e-05,0.0043487828672237328,0.0057828740753455687,0.057186808022966697,short,2456,3160
oceans,40,29,69,2.1222602283658118e-05,5.0895497503488099e-05,0.2546501861333077,0.019378954671484941,1.8292742647067999,short,1213,4403
octane,23,8,31,1.2202996313103419e-05,1.4040137242341545e-05,0.035601355554920389,0.044160105262398948,0.1694148534701814,short,2385,3227
october,83,0,83,4.4036899738590594e-05,0,-0.33213468671298507,0.018072850270240137,-2.4705913043904104,official,4749,865
off-budget,24,2,26,1.2733561370194872e-05,3.5100343105853862e-06,-0.21879745461544076,0.055714846815725444,-0.92695103760376385,official,3218,2399
offender,70,95,165,3.7139553996401709e-05,0.00016672662975280583,0.4621512368710281,0.0081020341317214993,5.1343690931699344,short,258,5358
offenders,262,52,314,0.00013900804495796068,9.126089207522004e-05,-0.092462745423096848,0.0044689127146049076,-1.3831390673744843,official,3711,1905
offense,104,2,106,5.5178765937511108e-05,3.5100343105853862e-06,-0.30396568349018871,0.014021725139847906,-2.5669879585763806,official,4791,826
offenses,421,5,426,0.00022336788903550169,8.7750857764634652e-06,-0.31462198961952836,0.0035013843469631884,-5.3170308506157262,official,5369,247
offer,199,18,217,0.00010558244636119913,3.1590308795268477e-05,-0.21009460730964413,0.0066597264462939084,-2.5744633277488025,official,4794,822
offered,153,1,154,8.117645373499231e-05,1.7550171552926931e-06,-0.3224188243313133,0.0097095030224284961,-3.2720647513684047,official,5030,586
offering,84,14,98,4.4567464795682047e-05,2.4570240174097702e-05,-0.12448942018794007,0.014423638040711031,-1.0365614101166722,official,3316,2300
offers,44,4,48,2.3344862512023929e-05,7.0200686211707723e-06,-0.20952556119882537,0.030100895554454745,-1.2076672918797795,official,3472,2144
office,2149,299,2448,0.0011401843076895325,0.0005247501294325152,-0.15402243865198617,0.00058212830559884864,-6.3837318603276385,official,5447,169
officer,286,124,410,0.00015174160632815554,0.00021762212725629393,0.096085659572526794,0.0033100019763078327,1.6701075876710745,short,1328,4288
officers,1107,282,1389,0.00058733551820023839,0.00049491483779253939,-0.040266597398944448,0.00099964648226348227,-1.2735667481728057,official,3548,2068
offices,254,10,264,0.00013476352450122905,1.755017155292693e-05,-0.27585260903888909,0.0055806981201923919,-3.6926048060194172,official,5145,471
official,333,31,364,0.00017667816401145385,5.4405531814073483e-05,-0.20690636239766214,0.0039669269751098947,-3.2850859935247705,official,5035,581
officials,357,21,378,0.00018941172538164872,3.685536026114655e-05,-0.24992323459428789,0.0038673710602380217,-4.0188214491446024,official,5214,402
offset,179,21,200,9.4971145219370081e-05,3.685536026114655e-05,-0.17836446678269091,0.0071639704452841528,-2.1073246492276043,official,4514,1102
offsets,29,6,35,1.5386386655652135e-05,1.0530102931756157e-05,-0.084288903881075683,0.040015805006043556,-0.42136128240663728,official,2801,2818
offsetting,22,3,25,1.1672431256011964e-05,5.2650514658780786e-06,-0.15692135954359543,0.056991442560246977,-0.65732059118661734,official,3006,2608
offshore,204,97,301,0.0001082352716466564,0.00017023666406339123,0.12293210381687025,0.0044933219999355135,1.8339248825079792,short,1207,4409
ohio,71,13,84,3.7670119053493162e-05,2.281522301880501e-05,-0.10769448034329088,0.016761452368301365,-0.83183582696080771,official,3141,2475
oil,1689,693,2382,0.00089612438142746404,0.0012162268886178362,0.080518196706641731,0.00057140479259822075,3.3683879146660387,short,570,5046
oilheat,15,11,26,7.9584758563717939e-06,1.9305188708219622e-05,0.25837193649265267,0.051417832031411786,1.1394321247672381,short,1677,3939
oklahoma,72,15,87,3.8200684110584615e-05,2.6325257329390394e-05,-0.082910999401821783,0.016093790860047287,-0.65355625189096611,official,3000,2616
old,64,29,93,3.3956163653852993e-05,5.0895497503488099e-05,0.10880270301905526,0.014566709180467466,0.90148594472183563,short,1844,3772
old-age,233,18,251,0.00012362165830230855,3.1590308795268477e-05,-0.22637281750619742,0.0057841489722797821,-2.9764907781449144,official,4964,652
older,689,441,1130,0.00036555932433601112,0.00077396256548407764,0.21454907215828989,0.0011868512129605852,6.2277117315404178,short,176,5440
olympic,120,74,194,6.3667806850974351e-05,0.00012987126949165928,0.20263355341238309,0.0069166178010804753,2.4364890914452193,short,898,4718
olympics,13,12,25,6.8973457421888885e-06,2.1060205863512314e-05,0.33435853482289879,0.053343377602497639,1.4476786113712496,short,1455,4163
ombudsman,56,35,91,2.9711643197121365e-05,6.1425600435244251e-05,0.20688041101675481,0.01473979014224925,1.704016203722563,short,1307,4309
omissions,32,0,32,1.6978081826926497e-05,0,-0.33212804364498894,0.046875561102620561,-1.5340245419763083,official,3950,1667
omnibus,397,284,681,0.00021063432766530682,0.00049842487210312477,0.25035932562684415,0.0019644744733594405,5.6485968318156008,short,205,5411
on-line,7,20,27,3.7139553996401706e-06,3.5100343105853861e-05,0.68481808731769434,0.050688921553230487,3.0417162410092073,short,665,4952
on-the-job,18,12,30,9.5501710276461537e-06,2.1060205863512314e-05,0.22749473802775988,0.044643418245721274,1.0766948500178013,short,1723,3895
one-time,46,0,46,2.4405992626206838e-05,0,-0.33212986720558035,0.032609256757812136,-1.8392360963251253,official,4296,1317
ongoing,50,11,61,2.6528252854572649e-05,1.9305188708219622e-05,-0.071842550578265829,0.022898459007387816,-0.47476491153173972,official,2861,2755
online,101,104,205,5.358707076623675e-05,0.00018252178415044008,0.37081113529848153,0.0065047809566622823,4.5976555248445736,short,325,5291
onshore,49,7,56,2.5997687797481196e-05,1.2285120087048851e-05,-0.14980568521134074,0.025397386505012668,-0.94001283013630033,official,3223,2395
open,394,182,576,0.00020904263249403246,0.00031941312226327015,0.11443772079274162,0.0023507502789109442,2.3602931794551947,short,925,4691
opening,44,4,48,2.3344862512023929e-05,7.0200686211707723e-06,-0.20952556119882537,0.030100895554454745,-1.2076672918797795,official,3473,2145
operate,274,3,277,0.00014537482564305811,5.2650514658780786e-06,-0.31595630083030812,0.0053868717596995937,-4.3048567285008561,official,5268,348
operated,118,0,118,6.2606676736791446e-05,0,-0.33213924583639809,0.012712425527937814,-2.9458184937941723,official,4952,664
operating,367,10,377,0.00019471737595256323,1.755017155292693e-05,-0.29263653674643919,0.0039286265272271484,-4.6688312385821016,official,5307,309
operation,1223,32,1255,0.00064888106482284698,5.6160548969366179e-05,-0.29426013123048378,0.0011811133961705099,-8.5622050981554381,official,5517,99
operational,71,9,80,3.7670119053493162e-05,1.5795154397634238e-05,-0.16762553244071654,0.017859032725944145,-1.2543282506503275,official,3534,2082
operations,833,124,957,0.00044196069255718031,0.00021762212725629393,-0.1433608711016614,0.0014842899071290635,-3.7210993380295192,official,5157,459
operator,35,7,42,1.8569776998200855e-05,1.2285120087048851e-05,-0.090963361634507578,0.033395737357488693,-0.49776113413712736,official,2874,2743
operators,184,4,188,9.7623970504827351e-05,7.0200686211707723e-06,-0.30039742160214544,0.0078970665128168093,-3.3803627142161701,official,5069,547
opinion,27,10,37,1.432525654146923e-05,1.755017155292693e-05,0.052288615035816832,0.036902156848941367,0.27219570217106637,short,2327,3289
opioid,50,28,78,2.6528252854572649e-05,4.9140480348195404e-05,0.17243768650548752,0.017247023378261079,1.3130313985980686,short,1551,4065
opportunities,1158,462,1620,0.00061439433611190251,0.00081081792574522421,0.072669283619438474,0.00084084007016211281,2.5060756630548471,short,870,4746
opportunity,842,926,1768,0.00044673577807100338,0.0016251458858010338,0.39298966973731808,0.00075489854035851254,14.303319562648049,short,39,5577
opposed,37,0,37,1.963090711238376e-05,0,-0.33212869491431007,0.040541101644238832,-1.6495239516689466,official,4090,1532
opposition,23,2,25,1.2202996313103419e-05,3.5100343105853862e-06,-0.21434297401355451,0.057870931471594549,-0.89100269147407496,official,3190,2427
opt,25,4,29,1.3264126427286324e-05,7.0200686211707723e-06,-0.13145471301413991,0.048822109923747629,-0.59493276718791555,official,2945,2674
option,248,45,293,0.00013158013415868032,7.8975771988171179e-05,-0.10936299394507643,0.0048075698785608736,-1.5772756122230354,official,3983,1633
optional,82,26,108,4.3506334681499142e-05,4.563044603761002e-05,0.01183955424662031,0.012726405582365416,0.10495000698382001,short,2429,3187
options,172,71,243,9.1257189819729905e-05,0.00012460621802578119,0.082145958443472722,0.0055949130821099516,1.0982204566685083,short,1708,3908
oral,64,15,79,3.3956163653852993e-05,2.6325257329390394e-05,-0.058528416410714712,0.017631865978942184,-0.44077569169531627,official,2821,2795
orange,20,44,64,1.0611301141829059e-05,7.722075483287849e-05,0.61235408590090046,0.021164582276013165,4.2091826284395673,short,391,5225
order,1953,34,1987,0.0010361935564996076,5.9670583279951563e-05,-0.30680489909795483,0.00074917318505272933,-11.209111210184211,official,5565,51
ordered,45,0,45,2.3875427569115385e-05,0,-0.33212973695058068,0.033333894438756007,-1.8191341786345503,official,4281,1342
orderly,187,13,200,9.9215665676101702e-05,2.281522301880501e-05,-0.23612797965669863,0.007279376148482195,-2.7675811921883717,official,4874,742
orders,252,11,263,0.00013370239438704613,1.9305188708219622e-05,-0.27004357601481388,0.0055919437623466383,-3.6112075763534008,official,5124,492
ordinary,43,0,43,2.2814297454932476e-05,0,-0.33212947644089397,0.034884282035224132,-1.7782488084112784,official,4233,1390
oregon,284,62,346,0.00015068047621397265,0.00010881106362814697,-0.073439620114836401,0.0040388431532552595,-1.155585084868588,official,3429,2187
organ,147,100,247,7.7993063392443581e-05,0.0001755017155292693,0.23402111583325258,0.0054204766009833599,3.1786031450522225,short,616,5000
organic,43,41,84,2.2814297454932476e-05,7.195570336700041e-05,0.34516202014600594,0.015874576864165903,2.7395039005522857,short,772,4844
organisms,22,3,25,1.1672431256011964e-05,5.2650514658780786e-06,-0.15692135954359543,0.056991442560246977,-0.65732059118661734,official,3007,2609
organization,486,184,670,0.00025785461774644613,0.00032292315657385552,0.058249427825524336,0.0020365733409905989,1.2907485221378536,short,1571,4045
organizational,38,3,41,2.0161472169475213e-05,5.2650514658780786e-06,-0.22423857060650043,0.035386061680103144,-1.1920492567624139,official,3467,2153
organizations,1204,57,1261,0.00063880032873810935,0.0001000359778516835,-0.26518539603709002,0.0011649662254727426,-7.7694975878255406,official,5494,122
organize,30,3,33,1.5916951712743588e-05,5.2650514658780786e-06,-0.19859509796536301,0.043651354753798416,-0.95053838827845882,official,3231,2383
organized,84,13,97,4.4567464795682047e-05,2.281522301880501e-05,-0.13699870073969755,0.014616332086724455,-1.133175686178777,official,3408,2210
organs,28,2,30,1.4855821598560682e-05,3.5100343105853862e-06,-0.23368658812023924,0.04849194041264674,-1.0612043130292073,official,3345,2279
orientation,125,1,126,6.6320632136431621e-05,1.7550171552926931e-06,-0.32025839892981978,0.011858640615990287,-2.9409190755248389,official,4948,667
oriented,29,3,32,1.5386386655652135e-05,5.2650514658780786e-06,-0.19450498246082759,0.044965432297168616,-0.91725765361219713,official,3214,2410
origin,162,7,169,8.5951539248815378e-05,1.2285120087048851e-05,-0.27062916120916292,0.0087035273506175098,-2.9008611535007827,official,4935,681
original,929,15,944,0.00049289493803795982,2.6325257329390394e-05,-0.30849690533224461,0.0015772169973684541,-7.7679261385734222,official,5493,123
orphan,46,46,92,2.4405992626206838e-05,8.0730789143463881e-05,0.36103713288795625,0.0144933147413284,2.9989416087700014,short,678,4938
orphans,12,19,31,6.3667806850974358e-06,3.3345325950561165e-05,0.51185281785893721,0.043256375056961609,2.4610477348950135,short,888,4729
orthotics,43,9,52,2.2814297454932476e-05,1.5795154397634238e-05,-0.081981445640355588,0.026920319519862027,-0.49966101650149225,official,2879,2737
osteoporosis,36,50,86,1.9100342055292307e-05,8.7750857764634649e-05,0.46967399985599378,0.015550223605017561,3.7664152539692561,short,478,5138
ottawa,16,25,41,8.4890409134632483e-06,4.3875428882317324e-05,0.50763546645178259,0.032695935906604016,2.8074050074735291,short,742,4874
out-of-pocket,29,1,30,1.5386386655652135e-05,1.7550171552926931e-06,-0.28253028089639542,0.049207778160747596,-1.2736442028462189,official,3552,2064
out-of-state,46,0,46,2.4405992626206838e-05,0,-0.33212986720558035,0.032609256757812136,-1.8392360963251253,official,4297,1318
outcomes,124,28,152,6.5790067079340162e-05,4.9140480348195404e-05,-0.066424797467400154,0.0091793050914142967,-0.69330660323557614,official,3041,2575
outdated,30,5,35,1.5916951712743588e-05,8.7750857764634652e-06,-0.12448626411098829,0.040385176488163692,-0.6194559676914595,official,2960,2654
outdoor,71,31,102,3.7670119053493162e-05,5.4405531814073483e-05,0.098084947309899917,0.013299704932742623,0.85051379131924232,short,1879,3737
outer,399,77,476,0.00021169545777948974,0.00013513632095753735,-0.09786137824697505,0.0029517366095415686,-1.8012439165223091,official,4266,1350
outlays,71,2,73,3.7670119053493162e-05,3.5100343105853862e-06,-0.29131026738621202,0.020278338889348317,-2.0456889698983085,official,4467,1150
outpatient,231,42,273,0.00012256052818812563,7.3710720522293099e-05,-0.10899231790265951,0.005159291315663902,-1.517402737858663,official,3927,1689
outreach,199,99,298,0.00010558244636119913,0.00017374669837397661,0.13638629551013359,0.0045315252877939517,2.026042398084873,short,1104,4512
outside,264,6,270,0.00014006917507214359,1.0530102931756157e-05,-0.29900347268211824,0.0054964087360897824,-4.0330789318863696,official,5216,400
outsourcing,8,25,33,4.2445204567316241e-06,4.3875428882317324e-05,0.70790397809188121,0.041632184317025533,3.4694429781160618,short,542,5074
outstanding,108,12,120,5.7301026165876919e-05,2.1060205863512314e-05,-0.18552929870655532,0.011962283610302245,-1.6963109110920356,official,4146,1470
ovarian,20,18,38,1.0611301141829059e-05,3.1590308795268477e-05,0.32593713545975156,0.035099083272413532,1.7397464444011981,short,1272,4343
over-the-counter,30,6,36,1.5916951712743588e-05,1.0530102931756157e-05,-0.090963141221442001,0.038961600064859041,-0.46083669928457871,official,2833,2781
overall,74,0,74,3.926181422476752e-05,0,-0.33213351438738137,0.020270831381943921,-2.3327968507570467,official,4663,953
overcome,26,1,27,1.3794691484377777e-05,1.7550171552926931e-06,-0.27706705409365107,0.054582771344186647,-1.1859246492447608,official,3458,2159
overdraft,19,10,29,1.0080736084737606e-05,1.755017155292693e-05,0.15338577391961472,0.046474920076895111,0.71150139537900681,short,1979,3638
overdue,19,7,26,1.0080736084737606e-05,1.2285120087048851e-05,0.050868917841563999,0.052525813626973367,0.22195559883827359,short,2348,3268
overlapping,44,4,48,2.3344862512023929e-05,7.0200686211707723e-06,-0.20952556119882537,0.030100895554454745,-1.2076672918797795,official,3474,2146
overpayment,32,12,44,1.6978081826926497e-05,2.1060205863512314e-05,0.055642657579612731,0.031015598699866757,0.31594957824480729,short,2294,3324
overpayments,63,5,68,3.3425598596761534e-05,8.7750857764634652e-06,-0.22372062878182852,0.021332779033907286,-1.5317303364778108,official,3941,1677
overreach,7,21,28,3.7139553996401706e-06,3.685536026114655e-05,0.69750367769909083,0.048980152939673741,3.1516387632867744,short,627,4990
overseas,228,119,347,0.00012096883301685128,0.00020884704147983046,0.15086047493226928,0.0038856143587816861,2.4201686053699838,short,907,4709
oversee,46,0,46,2.4405992626206838e-05,0,-0.33212986720558035,0.032609256757812136,-1.8392360963251253,official,4298,1319
oversight,434,304,738,0.00023026523477769059,0.00053352521520897865,0.24352802841313448,0.0018134964910310643,5.7186114956869414,short,200,5416
overtime,114,14,128,6.0484416508425642e-05,2.4570240174097702e-05,-0.17209618072986466,0.011175046050186353,-1.62797065244971,official,4067,1549
owed,93,2,95,4.9342550309505128e-05,3.5100343105853862e-06,-0.30071893136089223,0.015628988402998423,-2.4054444662544467,official,4719,897
owned,416,17,433,0.00022071506375004443,2.9835291639975781e-05,-0.2738351663966121,0.0034006397137776095,-4.6957926214061496,official,5310,306
owner,62,19,81,3.2895033539670081e-05,3.3345325950561165e-05,0.0033489712532830396,0.016993568107257766,0.025690297377757,short,2482,3134
owners,322,66,388,0.00017084194838344786,0.00011583113224931773,-0.086157973936543897,0.0036116550591086655,-1.433647379125863,official,3791,1825
ownership,368,212,580,0.0001952479410096547,0.00037206363692205091,0.18127361207987924,0.0023180398159906271,3.765079431908287,short,479,5137
oxides,27,0,27,1.432525654146923e-05,0,-0.33212739237824884,0.055556116657098385,-1.4090900724452342,official,3772,1865
ozone,68,40,108,3.6078423882218804e-05,7.0200686211707722e-05,0.18775996087417113,0.012439136059826508,1.6834796733490511,short,1314,4302
p,16,21,37,8.4890409134632483e-06,3.685536026114655e-05,0.45118136582999568,0.03610986494352568,2.3743143786436365,short,923,4693
pace,22,17,39,1.1672431256011964e-05,2.9835291639975781e-05,0.27550559047734957,0.034251146585178853,1.4886508805066134,short,1432,4185
pacific,155,99,254,8.2237583849175216e-05,0.00017374669837397661,0.21379867313670253,0.0052784101209057419,2.9427504861997242,short,693,4923
package,23,4,27,1.2202996313103419e-05,7.0200686211707723e-06,-0.11701376835468302,0.052258625617896751,-0.51186799278377126,official,2896,2720
packaged,53,0,53,2.8119948025847007e-05,0,-0.33213077899345222,0.028302447899599896,-1.9742271689845747,official,4422,1200
packages,33,0,33,1.7508646884017949e-05,0,-0.33212817389864746,0.04545510655738156,-1.5578096061599955,official,3971,1648
packaging,92,15,107,4.8811985252413675e-05,2.6325257329390394e-05,-0.1282659955985892,0.013222408059246474,-1.1154657977546654,official,3391,2225
packers,57,3,60,3.0242208254212821e-05,5.2650514658780786e-06,-0.25802203530643197,0.024420585528849004,-1.6511204648171542,official,4096,1519
pact,3,29,32,1.5916951712743589e-06,5.0895497503488099e-05,0.91656121159849135,0.044965432298630419,4.3223714667486046,short,370,5246
paid,873,28,901,0.00046318329484083842,4.9140480348195404e-05,-0.28596180032562746,0.0016406854143182249,-7.0598482156230586,official,5479,137
pain,68,54,122,3.6078423882218804e-05,9.4770926385805417e-05,0.28449763722157329,0.010945537201611646,2.7193187875159959,short,783,4833
paint,34,13,47,1.8039211941109402e-05,2.281522301880501e-05,0.060919885029777632,0.029012906785597009,0.35765430236043078,short,2262,3354
pakistan,40,17,57,2.1222602283658118e-05,2.9835291639975781e-05,0.090379534087652758,0.023823352972994035,0.58555629672183496,short,2071,3544
paleontological,22,10,32,1.1672431256011964e-05,1.755017155292693e-05,0.10971031966306555,0.042328603431225111,0.53324956587369854,short,2116,3503
palestinian,46,14,60,2.4405992626206838e-05,2.4570240174097702e-05,0.0016493443923639717,0.022948036887107497,0.010887760989831267,short,2488,3128
palliative,38,9,47,2.0161472169475213e-05,1.5795154397634238e-05,-0.056277332700940264,0.029622409845855568,-0.32698159833403528,official,2730,2886
palm,49,14,63,2.5997687797481196e-05,2.4570240174097702e-05,-0.013670494902038755,0.021916145525674106,-0.092342610867443914,official,2561,3056
panama,110,69,179,5.8362156280059824e-05,0.00012109618371519581,0.20804076497445578,0.0074930268151603115,2.4033653670905735,short,912,4704
pandemic,27,20,47,1.432525654146923e-05,3.5100343105853861e-05,0.26165593141438137,0.028439447754820102,1.5515651085307809,short,1396,4220
panel,58,20,78,3.077277331130427e-05,3.5100343105853861e-05,0.033336960336473709,0.017557583922783983,0.25159014293246451,short,2334,3282
pap,20,6,26,1.0611301141829059e-05,1.0530102931756157e-05,-0.0018822086456573572,0.052989691536447225,-0.0081765871165766692,official,2502,3113
paper,64,12,76,3.3956163653852993e-05,2.1060205863512314e-05,-0.10328546912530712,0.018507054619272937,-0.75922512735319625,official,3082,2535
paperwork,181,164,345,9.6032275333552986e-05,0.00028782281346800164,0.32821719894979395,0.003866338405968007,5.2785106615100954,short,238,5378
paralysis,20,10,30,1.0611301141829059e-05,1.755017155292693e-05,0.13788145713245648,0.045000561102751691,0.64997537001237282,short,2018,3597
parcel,41,0,41,2.1753167340749571e-05,0,-0.33212921593162115,0.036585926958219016,-1.7364010857917151,official,4180,1438
parcels,79,0,79,4.1914639510224784e-05,0,-0.33213416567835452,0.018987902884903315,-2.4103219269288849,official,4724,891
parent,126,27,153,6.6851197193523067e-05,4.7385463192902708e-05,-0.077236404961860572,0.0091403460764575405,-0.80786860513109171,official,3113,2503
parental,118,126,244,6.2606676736791446e-05,0.00022113216156687931,0.38292101978055015,0.0054656947973346975,5.1794842675273269,short,251,5365
parenting,33,9,42,1.7508646884017949e-05,1.5795154397634238e-05,-0.024639596492983529,0.032941737575870267,-0.13575640844330608,official,2594,3023
parents,465,103,568,0.00024671275154752561,0.00018076676699514739,-0.070446220208909338,0.0024589284007289756,-1.4206423415202107,official,3785,1831
parity,134,281,415,7.1095717650254702e-05,0.0004931598206372467,0.59837815630352154,0.0032588364349595295,10.482007103463276,short,74,5542
park,1176,549,1725,0.00062394450713954865,0.00096350441825568845,0.11759161418460895,0.00078502395772361237,4.1969606418165446,short,395,5221
parking,52,14,66,2.7589382968755554e-05,2.4570240174097702e-05,-0.027635426014228415,0.020975137381922793,-0.19081554708028925,official,2638,2977
parkinson's,20,13,33,1.0611301141829059e-05,2.281522301880501e-05,0.21937578393989021,0.040607616066651482,1.0886416318950287,short,1717,3902
parks,120,117,237,6.3667806850974351e-05,0.00020533700716924509,0.35261921867499169,0.0056265403586316584,4.7009459692632518,short,306,5310
parkway,21,16,37,1.1141866198920512e-05,2.8080274484683089e-05,0.27087636631770806,0.036109864943244571,1.4254703320963715,short,1485,4132
parole,73,30,103,3.8731249167676067e-05,5.2650514658780788e-05,0.080891855395694989,0.013201176293910889,0.70404185965557775,short,1981,3635
part-time,66,34,100,3.5017293768035899e-05,5.9670583279951563e-05,0.14688136904568516,0.013487344071896081,1.26474652093188,short,1597,4019
partial,118,14,132,6.2606676736791446e-05,2.4570240174097702e-05,-0.17684032937111915,0.010849876193456315,-1.6977311761329836,official,4148,1468
partially,34,0,34,1.8039211941109402e-05,0,-0.33212830415240902,0.044118208161875186,-1.5812369534791584,official,4003,1625
participant,21,6,27,1.1141866198920512e-05,1.0530102931756157e-05,-0.01367029464944558,0.051136924738243793,-0.06045198584248216,official,2534,3081
participants,243,8,251,0.00012892730887322307,1.4040137242341545e-05,-0.28471235738539136,0.0058858565092586241,-3.711089959840542,official,5151,465
participate,499,3,502,0.00026475196348863504,5.2650514658780786e-06,-0.32323676009749924,0.0029797602229177083,-5.9214775329731308,official,5415,201
participated,36,0,36,1.9100342055292307e-05,0,-0.33212856466023766,0.041667227770149411,-1.6270800693544627,official,4066,1561
participating,237,4,241,0.00012574391853067436,7.0200686211707723e-06,-0.30735836569629704,0.006174244010164566,-3.911588347641346,official,5195,421
participation,836,108,944,0.0004435523877284547,0.00018954185277161083,-0.16495932660631141,0.0015129294003585281,-4.2409928847372447,official,5256,360
particular,80,0,80,4.2445204567316236e-05,0,-0.33213429593685539,0.018750561112966972,-2.425529653783939,official,4734,881
particularly,92,0,92,4.8811985252413675e-05,0,-0.33213585904694121,0.016304908941640588,-2.6010971777303338,official,4802,814
parties,154,0,154,8.1707018792083756e-05,0,-0.33214393535225462,0.009740820869178192,-3.3653369087812153,official,5058,558
partner,31,13,44,1.644751676983504e-05,2.281522301880501e-05,0.0865880225349418,0.030877754088394157,0.49275945864574489,short,2167,3450
partners,75,31,106,3.9792379281858973e-05,5.4405531814073483e-05,0.082510787130834373,0.012824693071760148,0.72859676752871094,short,1972,3644
partnership,284,451,735,0.00015068047621397265,0.00079151273703700453,0.51294522084182681,0.0018250858688605371,12.006856952645263,short,56,5560
partnerships,245,75,320,0.00012998843898740599,0.00013162628664695197,0.0030837408657404808,0.0043021182429673266,0.047015028610170893,short,2461,3155
parts,180,28,208,9.550171027646154e-05,4.9140480348195404e-05,-0.13616161195663778,0.006815168865355754,-1.6493634775413049,official,4078,1539
party,148,11,159,7.852362844953504e-05,1.9305188708219622e-05,-0.2300405442281015,0.0091402430620192484,-2.4061656020925248,official,4720,896
pass,43,28,71,2.2814297454932476e-05,4.9140480348195404e-05,0.21995116981679885,0.018873501038172764,1.6010321074805367,short,1376,4240
passed,31,0,31,1.644751676983504e-05,0,-0.33212791339143699,0.048387657876598558,-1.5098648555654945,official,3909,1707
passenger,363,137,500,0.00019259511572419742,0.00024043735027509894,0.057390016832236768,0.0027291684754997131,1.0985534164615118,short,1707,3909
passengers,146,8,154,7.7462498335352135e-05,1.4040137242341545e-05,-0.25517840518297952,0.0095067339688744232,-2.6171477927011302,official,4809,807
passive,23,2,25,1.2202996313103419e-05,3.5100343105853862e-06,-0.21434297401355451,0.057870931471594549,-0.89100269147407496,official,3191,2428
passport,42,29,71,2.2283732397841024e-05,5.0895497503488099e-05,0.23881269646508407,0.018850118634781376,1.7394036152926382,short,1274,4342
passports,27,6,33,1.432525654146923e-05,1.0530102931756157e-05,-0.069760542813128268,0.042308253410865741,-0.33915428052838847,official,2745,2871
past,21,8,29,1.1141866198920512e-05,1.4040137242341545e-05,0.059918923708977445,0.047027588129450723,0.27630430450718901,short,2319,3299
patent,215,171,386,0.00011407148727466239,0.00030010793355505052,0.28503928848935978,0.0034597868358118228,4.8459625585839632,short,287,5329
patented,28,1,29,1.4855821598560682e-05,1.7550171552926931e-06,-0.28083379739508274,0.050877754084486283,-1.2450460263550298,official,3524,2098
patents,83,11,94,4.4036899738590594e-05,1.9305188708219622e-05,-0.16117214914386047,0.015174088154537023,-1.3083944572023027,official,3587,2029
path,15,18,33,7.9584758563717939e-06,3.1590308795268477e-05,0.4216537283378905,0.040441737574436344,2.0967229141227177,short,1059,4557
pathogen,6,20,26,3.1833903425487179e-06,3.5100343105853861e-05,0.72393663416189291,0.052989691537234339,3.1448856478898679,short,631,4983
pathogens,25,0,25,1.3264126427286324e-05,0,-0.33212713187227472,0.060000561101111738,-1.3558969980891018,official,3663,1967
pathology,19,13,32,1.0080736084737606e-05,2.281522301880501e-05,0.23586328829976821,0.041830626462828577,1.1532226527196725,short,1666,3951
pathways,14,29,43,7.4279107992803412e-06,5.0895497503488099e-05,0.59464882736895497,0.031433309644633749,3.3540189455714002,short,574,5042
patient,595,393,988,0.0003156862089694145,0.00068972174203002837,0.22460125955041033,0.0013563862318494619,6.0984645136243998,short,183,5433
patients,294,142,436,0.00015598612678488716,0.00024921243605156238,0.12757553007919142,0.0031005280176278674,2.2911290473977792,short,951,4665
patriot,48,42,90,2.5467122740389743e-05,7.3710720522293099e-05,0.31658338634628436,0.01482269550483575,2.6003064104028852,short,829,4787
patrol,43,22,65,2.2814297454932476e-05,3.8610377416439245e-05,0.14480407444792753,0.020754073243793063,1.0051459093022344,short,1772,3844
paul,35,62,97,1.8569776998200855e-05,0.00010881106362814697,0.54714773918582438,0.013865626871975642,4.6465953614252724,short,317,5299
pay,1619,610,2229,0.00085898482743106239,0.0010705604647285427,0.056973637573479508,0.00061267357387075018,2.3017564791137568,short,945,4671
pay-as-you-go,37,9,46,1.963090711238376e-05,1.5795154397634238e-05,-0.050485059256738296,0.03023057205904674,-0.29036193879713462,official,2707,2909
payable,224,0,224,0.00011884657278848546,0,-0.33215305423788521,0.0066969897154371197,-4.0588073135478604,official,5223,393
paycheck,2,38,40,1.061130114182906e-06,6.6690651901122331e-05,0.98007862529473044,0.036630597736518063,5.1208129790005499,short,262,5354
payday,23,13,36,1.2202996313103419e-05,2.281522301880501e-05,0.17530876445463939,0.037357876911892636,0.90701096115164703,short,1841,3776
payer,15,17,32,7.9584758563717939e-06,2.9835291639975781e-05,0.40270137206819712,0.041685320113563316,1.972384308782015,short,1131,4484
paying,47,10,57,2.493655768329829e-05,1.755017155292693e-05,-0.078676788124917962,0.024541318858284467,-0.50222424325115866,official,2881,2735
payment,1750,349,2099,0.00092848884991004273,0.00061250098719714985,-0.091596343514687817,0.00066886604245922922,-3.5416738367189797,official,5102,514
payments,1532,117,1649,0.000812825667464106,0.00020533700716924509,-0.22760443843258837,0.00088117942499175679,-7.66740763153184,official,5490,126
payroll,126,31,157,6.6851197193523067e-05,5.4405531814073483e-05,-0.047984685361083024,0.0088532789720720123,-0.50997698469618424,official,2893,2723
pays,23,23,46,1.2202996313103419e-05,4.036539457173194e-05,0.36103021879891628,0.028986068353308168,2.1205518627987971,short,1047,4569
peace,347,276,623,0.00018410607481073417,0.00048438473486078326,0.28508400363052822,0.0021438361328945613,6.1571120346030623,short,179,5437
peaceful,67,3,70,3.5547858825127351e-05,5.2650514658780786e-06,-0.268505614143562,0.020998461320959103,-1.8529326519354514,official,4310,1306
peacekeeping,33,20,53,1.7508646884017949e-05,3.5100343105853861e-05,0.19713976861556404,0.025327098222002013,1.2387438894132374,short,1609,4006
peak,23,11,34,1.2202996313103419e-05,1.9305188708219622e-05,0.12463627048027703,0.039766642975015129,0.62500714176631755,short,2038,3578
peaks,16,15,31,8.4890409134632483e-06,2.6325257329390394e-05,0.33952147848994585,0.043016287282711813,1.6370079610564365,short,1356,4261
peanut,11,25,36,5.8362156280059822e-06,4.3875428882317324e-05,0.62175890596759764,0.037670599472519994,3.2034706475586434,short,610,5006
peanuts,31,0,31,1.644751676983504e-05,0,-0.33212791339143699,0.048387657876598558,-1.5098648555654945,official,3910,1708
peck,22,17,39,1.1672431256011964e-05,2.9835291639975781e-05,0.27550559047734957,0.034251146585178853,1.4886508805066134,short,1433,4186
pedestrian,14,15,29,7.4279107992803412e-06,2.6325257329390394e-05,0.38401746243594204,0.045983647783578357,1.7908089801851073,short,1243,4370
pediatric,107,51,158,5.6770461108785466e-05,8.9505874919927337e-05,0.12363576781265095,0.0085588350335239882,1.3364010322724393,short,1536,4080
peer,26,4,30,1.3794691484377777e-05,7.0200686211707723e-06,-0.13796952428782028,0.04726946866543956,-0.63458938986527802,official,2981,2638
pell,91,42,133,4.8281420195322223e-05,7.3710720522293099e-05,0.11416947011736056,0.010179132555324506,1.1316043296916922,short,1681,3935
penal,17,8,25,9.019605970554701e-06,1.4040137242341545e-05,0.11986248068147631,0.054113115214115624,0.51526660166988847,short,2141,3480
penalties,942,62,1004,0.00049979228378014867,0.00010881106362814697,-0.24093537486891137,0.0014525222342331437,-6.3217770369891859,official,5442,174
penalty,414,210,624,0.00021965393363586154,0.00036855360261146554,0.14224220693531819,0.0021629931462528963,3.0584466567395112,short,661,4955
penalty-free,46,1,47,2.4405992626206838e-05,1.7550171552926931e-06,-0.30038073804021792,0.031586582611286329,-1.6901325242006373,official,4130,1487
pending,183,0,183,9.7093405447735891e-05,0,-0.33214771311499725,0.0081972824466453719,-3.6685658322973156,official,5137,478
pennsylvania,127,12,139,6.7381762250614527e-05,2.1060205863512314e-05,-0.20520453926563498,0.010382476178891655,-2.0138934609248929,official,4449,1168
pension,851,510,1361,0.0004515108635848265,0.00089505874919927337,0.19370821822978357,0.00098711452749639453,6.1654428243190527,short,178,5438
pensions,122,31,153,6.4728936965157256e-05,5.4405531814073483e-05,-0.040814569566956393,0.0090717073755051773,-0.42851961332633487,official,2812,2804
pentagon,19,12,31,1.0080736084737606e-05,2.1060205863512314e-05,0.21020311066683384,0.043256375056568049,1.010680944457397,short,1768,3850
people,520,60,580,0.00027589382968755557,0.00010530102931756158,-0.18061586663123741,0.0024721521332305347,-3.6326060565125311,official,5129,487
people's,132,13,145,7.0034587536071797e-05,2.281522301880501e-05,-0.20041076090571863,0.0099397833550090107,-2.0101690295368684,official,4441,1175
peoples,33,6,39,1.7508646884017949e-05,1.0530102931756157e-05,-0.10898203748275925,0.036111672215577824,-0.57349696404784956,official,2930,2685
percent,792,24,816,0.00042020752521643075,4.2120411727024629e-05,-0.28841410097398512,0.0018129280107506889,-6.7737039303090461,official,5469,147
percentage,217,4,221,0.0001151326173888453,7.0200686211707723e-06,-0.30512174645632228,0.0067281106108622131,-3.7198600429793376,official,5155,461
perform,200,3,203,0.00010611301141829059,5.2650514658780786e-06,-0.31006184769759848,0.0073363196498527159,-3.6200053125888116,official,5126,490
performance,560,145,705,0.00029711643197121367,0.0002544774875174405,-0.036578217283697256,0.0019675456781044643,-0.82463188590958048,official,3136,2480
performed,191,0,191,0.00010133792590446751,0,-0.33214875527170484,0.0078539642782557983,-3.7479014993092603,official,5164,452
performers,34,1,35,1.8039211941109402e-05,1.7550171552926931e-06,-0.28956825888418081,0.042271092504289599,-1.4084103846848972,official,3739,1880
performing,162,25,187,8.5951539248815378e-05,4.3875428882317324e-05,-0.13747267274461805,0.0075828717824073652,-1.5786996765611341,official,3986,1630
period,1303,34,1337,0.0006913262693901632,5.9670583279951563e-05,-0.29437036136779149,0.001108743867233683,-8.8405333266828876,official,5526,90
periodic,176,5,181,9.3379450048095716e-05,8.7750857764634652e-06,-0.29098657440894726,0.0081780256692207225,-3.2177234621709574,official,5019,597
periods,231,0,231,0.00012256052818812563,0,-0.33215396615424275,0.0064940676390240985,-4.121744230873932,official,5238,378
perishable,33,22,55,1.7508646884017949e-05,3.8610377416439245e-05,0.2274970928105482,0.024351210459464426,1.4578591739160445,short,1447,4170
perkins,51,21,72,2.7058817911664101e-05,3.685536026114655e-05,0.081440847817559003,0.018883330585279259,0.59265641274957304,short,2060,3556
permanency,14,31,45,7.4279107992803412e-06,5.4405531814073483e-05,0.61423073428509412,0.030107608386380585,3.5399197299753311,short,523,5093
permanent,1064,129,1193,0.00056452122074530594,0.0002263972130327574,-0.17395049844400656,0.0012000570291201141,-5.0213990373797586,official,5348,268
permanently,260,15,275,0.00013794691484377778,2.6325257329390394e-05,-0.25138992433977947,0.0053179958964203475,-3.4472586365056137,official,5088,528
permit,1712,20,1732,0.00090832737774056746,3.5100343105853861e-05,-0.315066807954274,0.00086169777258567201,-10.73309980571471,official,5560,56
permits,115,0,115,6.1014981565517094e-05,0,-0.33213885504944152,0.013044039381381036,-2.9081287746082789,official,4939,677
permitted,68,0,68,3.6078423882218804e-05,0,-0.33213273284161993,0.022059384639792096,-2.2362223424663865,official,4609,1008
permitting,157,29,186,8.3298713963358121e-05,5.0895497503488099e-05,-0.10607706943899409,0.0075671758231886568,-1.2194236134698311,official,3492,2124
persecution,27,7,34,1.432525654146923e-05,1.2285120087048851e-05,-0.036278993338727972,0.040784247628835056,-0.17964246278519796,official,2627,2991
persian,83,50,133,4.4036899738590594e-05,8.7750857764634649e-05,0.19524178222196475,0.010094671631149474,1.943241000908196,short,1150,4466
persistent,21,5,26,1.1141866198920512e-05,8.7750857764634652e-06,-0.055137673282837696,0.053535221362418284,-0.23830251962993382,official,2676,2940
person,424,4,428,0.00022495958420677605,7.0200686211707723e-06,-0.31819114543119831,0.0034890849232176962,-5.3868182143397778,official,5377,239
person's,39,0,39,2.0692037226566665e-05,0,-0.33212895542275866,0.038462099565667845,-1.6935196716434358,official,4140,1479
personal,842,186,1028,0.00044673577807100338,0.0003264331908844409,-0.071023979058664644,0.0013590439151359875,-1.9265853539194879,official,4377,1239
personalized,29,7,36,1.5386386655652135e-05,1.2285120087048851e-05,-0.052164610576610926,0.038640990441980057,-0.26537001241662694,official,2695,2923
personally,62,0,62,3.2895033539670081e-05,0,-0.33213195129956929,0.02419410949618379,-2.135284935436212,official,4540,1078
personnel,996,212,1208,0.00052844279686308719,0.00037206363692205091,-0.078632123548191046,0.0011585072284271576,-2.3102055905727616,official,4654,962
persons,2160,103,2263,0.0011460205233175384,0.00018076676699514739,-0.2648313055858873,0.00064930674706991016,-10.393082235988182,official,5554,62
pertaining,99,0,99,5.2525940652053844e-05,0,-0.33213677086801496,0.015152076268577683,-2.6982419196099605,official,4844,772
pest,20,18,38,1.0611301141829059e-05,3.1590308795268477e-05,0.32593713545975156,0.035099083272413532,1.7397464444011981,short,1273,4344
pesticide,40,45,85,2.1222602283658118e-05,7.8975771988171179e-05,0.40025819667124551,0.01569286880888256,3.1951338945180408,short,611,5005
pesticides,91,11,102,4.8281420195322223e-05,1.9305188708219622e-05,-0.17428617898441878,0.014031465790710629,-1.4713345313760149,official,3844,1772
pet,18,45,63,9.5501710276461537e-06,7.8975771988171179e-05,0.64872242143094994,0.021605499383437612,4.4134351953074855,short,349,5267
petition,27,4,31,1.432525654146923e-05,7.0200686211707723e-06,-0.1440734374784256,0.045813368984403302,-0.67311272889117468,official,3018,2597
petitions,37,0,37,1.963090711238376e-05,0,-0.33212869491431007,0.040541101644238832,-1.6495239516689466,official,4091,1533
petroleum,587,260,847,0.00031144168851268288,0.00045630446037610018,0.10224479179369705,0.0016012537294650313,2.5551189196593822,short,848,4768
pharmaceutical,91,57,148,4.8281420195322223e-05,0.0001000359778516835,0.20758243837581247,0.0090627103297278438,2.1805274570327478,short,1015,4601
pharmaceuticals,59,33,92,3.1303338368395723e-05,5.7915566124658867e-05,0.17206373884426363,0.014623077673700436,1.4228855279011974,short,1487,4129
pharmacies,98,6,104,5.1995375594962392e-05,1.0530102931756157e-05,-0.24677420651086379,0.014041965258891703,-2.0825038694133973,official,4495,1121
pharmacists,31,3,34,1.644751676983504e-05,5.2650514658780786e-06,-0.20244879753446732,0.042412203514862724,-0.98303681644785201,official,3273,2347
pharmacy,57,51,108,3.0242208254212821e-05,8.9505874919927337e-05,0.32399658280502841,0.012350475358576763,2.9154029773149257,short,703,4913
phase,88,3,91,4.6689725024047858e-05,5.2650514658780786e-06,-0.28307788845173931,0.01622545116661812,-2.2223249217881245,official,4596,1019
phased,29,2,31,1.5386386655652135e-05,3.5100343105853862e-06,-0.23681661138218857,0.046970258072214423,-1.0926993614999132,official,3371,2243
phaseout,25,3,28,1.3264126427286324e-05,5.2650514658780786e-06,-0.17528336783289333,0.051126550146357953,-0.77520660529561014,official,3091,2525
philippine,33,7,40,1.7508646884017949e-05,1.2285120087048851e-05,-0.079289816823733261,0.034975786986405639,-0.42396857449069419,official,2811,2808
philippines,48,8,56,2.5467122740389743e-05,1.4040137242341545e-05,-0.12448731611883446,0.025240945723628113,-0.78356006285823721,official,3101,2516
phone,38,50,88,2.0161472169475213e-05,8.7750857764634649e-05,0.45201167656192531,0.015183445865604816,3.6682969198427453,short,497,5119
phones,12,14,26,6.3667806850974358e-06,2.4570240174097702e-05,0.41232106824637782,0.051316350575798607,1.8201519474136689,short,1226,4390
photographs,47,0,47,2.493655768329829e-05,0,-0.33212999746068128,0.031915454722875047,-1.8591206890678307,official,4319,1295
photovoltaic,22,13,35,1.1672431256011964e-05,2.281522301880501e-05,0.18917578357423892,0.038377754086454226,0.96566338291632958,short,1801,3816
physical,317,77,394,0.00016818912309799058,0.00013513632095753735,-0.050799146356260039,0.0035301731964203316,-0.85498482734332271,official,3161,2455
physically,54,8,62,2.8650513082938459e-05,1.4040137242341545e-05,-0.14407523092213204,0.0229069650504235,-0.95193117033471164,official,3240,2376
physician,271,173,444,0.00014378313047178374,0.00030361796786563589,0.21364903184933937,0.0030199081427206113,3.8878013174191954,short,450,5166
physicians,329,49,378,0.00017455590378308804,8.599584060934196e-05,-0.14324509192228518,0.0037569087116737471,-2.3370307635068861,official,4669,947
pick-sloan,36,3,39,1.9100342055292307e-05,5.2650514658780786e-06,-0.21879858680311415,0.037143418247155197,-1.1352815455590943,official,3411,2206
piling,13,13,26,6.8973457421888885e-06,2.281522301880501e-05,0.36102721275674199,0.051282612384109458,1.5942442829720158,short,1380,4236
pilot,713,155,868,0.00037829288570620598,0.00027202765907036739,-0.074320862877125471,0.001610589467088212,-1.8519033442554809,official,4309,1307
pilots,48,20,68,2.5467122740389743e-05,3.5100343105853861e-05,0.084772293309020696,0.019984887130313576,0.59965724091539196,short,2053,3562
pine,28,22,50,1.4855821598560682e-05,3.8610377416439245e-05,0.28098642901642279,0.026709962817139034,1.7192882823307063,short,1297,4321
pipeline,225,174,399,0.00011937713784557692,0.00030537298502092858,0.27580432171603775,0.0033483259921673445,4.7663639373558899,short,298,5318
pipelines,67,7,74,3.5547858825127351e-05,1.2285120087048851e-05,-0.19329314175007184,0.019438438705973168,-1.386391079496704,official,3715,1900
piracy,37,26,63,1.963090711238376e-05,4.563044603761002e-05,0.24449587160854414,0.02123651616694416,1.6777602240116833,short,1321,4295
pistol,61,0,61,3.2364468482578628e-05,0,-0.33213182104291938,0.0245907250432977,-2.1179944598153466,official,4527,1087
pittman-robertson,23,2,25,1.2202996313103419e-05,3.5100343105853862e-06,-0.21434297401355451,0.057870931471594549,-0.89100269147407496,official,3192,2429
place,263,4,267,0.00013953861001505212,7.0200686211707723e-06,-0.30976741658255946,0.0055773905067026952,-4.1478229215065774,official,5243,373
placed,102,0,102,5.4117635823328202e-05,0,-0.33213716165002261,0.014706443470650379,-2.7388209486183515,official,4863,755
placement,168,25,193,8.9134929591364094e-05,4.3875428882317324e-05,-0.14337070234504523,0.0073578002045271811,-1.6714231667553903,official,4107,1509
places,108,9,117,5.7301026165876919e-05,1.5795154397634238e-05,-0.21880538017621198,0.012381513502400989,-1.966396664180563,official,4410,1207
placing,26,1,27,1.3794691484377777e-05,1.7550171552926931e-06,-0.27706705409365107,0.054582771344186647,-1.1859246492447608,official,3459,2160
plain,56,38,94,2.9711643197121365e-05,6.6690651901122331e-05,0.23319901193134207,0.014242985360545534,1.9540073456784939,short,1140,4476
plains,36,23,59,1.9100342055292307e-05,4.036539457173194e-05,0.21387088120272146,0.022721998850426701,1.41882356203143,short,1491,4126
plan,1291,319,1610,0.00068495948870506574,0.00055985047253836909,-0.047061199770757511,0.00086367349982762517,-1.6013571294559705,official,4016,1600
planned,33,6,39,1.7508646884017949e-05,1.0530102931756157e-05,-0.10898203748275925,0.036111672215577824,-0.57349696404784956,official,2931,2686
planning,740,311,1051,0.00039261814224767519,0.00054581033529602747,0.087241013559896885,0.0012931230224651426,2.426055772422703,short,905,4711
plans,2068,17,2085,0.0010972085380651247,2.9835291639975781e-05,-0.32018063710824052,0.00071708872992427321,-11.956625204910008,official,5570,46
plant,217,68,285,0.0001151326173888453,0.00011934116655990313,0.0088922755109344109,0.0048254542232945268,0.12800997419692089,short,2406,3210
planting,42,5,47,2.2283732397841024e-05,8.7750857764634652e-06,-0.17637266252147477,0.030467285393083889,-1.0104489820482545,official,3300,2317
plants,251,1,252,0.00013317182932995469,1.7550171552926931e-06,-0.32620964159582755,0.0059412018906380626,-4.2321362189219025,official,5255,361
plastic,45,18,63,2.3875427569115385e-05,3.1590308795268477e-05,0.07334312652840147,0.021605499381919524,0.49897325153600131,short,2153,3463
plastics,24,11,35,1.2733561370194872e-05,1.9305188708219622e-05,0.11212887087638812,0.038688844081041125,0.57006525470856395,short,2081,3534
play,19,20,39,1.0080736084737606e-05,3.5100343105853861e-05,0.37812388059031932,0.034191092957971556,2.0449260831977649,short,1095,4521
pledge,16,12,28,8.4890409134632483e-06,2.1060205863512314e-05,0.26571621134937828,0.047727833829705774,1.2162761466790024,short,1623,3994
plug-in,22,4,26,1.1672431256011964e-05,7.0200686211707723e-06,-0.10898146640524153,0.054167227768218841,-0.46825706924064459,official,2855,2765
plus,20,54,74,1.0611301141829059e-05,9.4770926385805417e-05,0.6697794479345287,0.018451358987050234,4.9308028451452977,short,283,5333
plutonium,19,11,30,1.0080736084737606e-05,1.9305188708219622e-05,0.18277733814312747,0.044798968270553054,0.86355169733099124,short,1872,3744
point,95,29,124,5.0403680423688034e-05,5.0895497503488099e-05,0.0023896172975241825,0.011102718882162452,0.022678466336424098,short,2484,3132
points,30,1,31,1.5916951712743588e-05,1.7550171552926931e-06,-0.28411813310264122,0.047644003725412061,-1.3016518122380256,official,3578,2040
poison,26,15,41,1.3794691484377777e-05,2.6325257329390394e-05,0.18168545254724222,0.032783077096875037,1.0034489837397702,short,1775,3842
poisoning,20,29,49,1.0611301141829059e-05,5.0895497503488099e-05,0.48363551678698791,0.027313827551616574,2.9263542945078593,short,699,4917
poland,25,4,29,1.3264126427286324e-05,7.0200686211707723e-06,-0.13145471301413991,0.048822109923747629,-0.59493276718791555,official,2946,2675
polar,24,21,45,1.2733561370194872e-05,3.685536026114655e-05,0.31657746426480315,0.029644829881306917,1.838677302258094,short,1205,4413
police,230,152,382,0.00012202996313103419,0.00026676260760448932,0.22472239800136329,0.0035072072907547072,3.7945968592131654,short,470,5146
policies,766,18,784,0.000406412833732053,3.1590308795268477e-05,-0.29797034223007746,0.0018926053491117279,-6.8492498384001568,official,5473,143
policing,22,10,32,1.1672431256011964e-05,1.755017155292693e-05,0.10971031966306555,0.042328603431225111,0.53324956587369854,short,2117,3504
policy,1864,757,2621,0.00098897326641846843,0.0013285479865565687,0.07765208099324461,0.00051956029994399842,3.4067096398648862,short,563,5053
policyholder,14,16,30,7.4279107992803412e-06,2.8080274484683089e-05,0.40548013763502233,0.044466964265144363,1.9228740767535797,short,1159,4457
policymaking,20,7,27,1.0611301141829059e-05,1.2285120087048851e-05,0.037236638799976518,0.050688921552499593,0.16539178958156625,short,2394,3225
political,649,169,818,0.00034433672205235296,0.00029659789924446514,-0.035293157200327663,0.0016953957658858872,-0.85714631707596134,official,3164,2453
politics,17,9,26,9.019605970554701e-06,1.5795154397634238e-05,0.15517291414480994,0.051827803626750227,0.68160774085412645,short,2001,3617
poll,13,18,31,6.8973457421888885e-06,3.1590308795268477e-05,0.4686600312132736,0.043135997095995866,2.256513813639113,short,970,4648
polling,46,5,51,2.4405992626206838e-05,8.7750857764634652e-06,-0.18833982015611994,0.028166982314655396,-1.1222044611257129,official,3394,2222
pollutant,25,4,29,1.3264126427286324e-05,7.0200686211707723e-06,-0.13145471301413991,0.048822109923747629,-0.59493276718791555,official,2947,2676
pollutants,81,6,87,4.2975769624407689e-05,1.0530102931756157e-05,-0.23034914675145934,0.016705630239237157,-1.782194814178135,official,4237,1379
polluter,0,29,29,0,5.0895497503488099e-05,1.0541829802161402,0.051724699034638867,4.6351843771021217,short,319,5296
pollution,948,253,1201,0.00050297567412269746,0.00044401934028905131,-0.029675414038431214,0.0011536519910500585,-0.87369404792939409,official,3179,2437
polygraph,19,18,37,1.0080736084737606e-05,3.1590308795268477e-05,0.34301008001863487,0.036039522143671329,1.8068303246016413,short,1235,4382
pool,56,23,79,2.9711643197121365e-05,4.036539457173194e-05,0.080723955335587405,0.017211890090079424,0.61530175153296063,short,2045,3572
pools,59,0,59,3.1303338368395723e-05,0,-0.33213156052993575,0.025424289921999691,-2.0829830209257625,official,4498,1117
poor,97,12,109,5.1464810537870939e-05,2.1060205863512314e-05,-0.17106978267654327,0.013119392861848994,-1.4935385441258395,official,3883,1733
popularly,47,0,47,2.493655768329829e-05,0,-0.33212999746068128,0.031915454722875047,-1.8591206890678307,official,4320,1296
population,221,29,250,0.00011725487761721111,5.0895497503488099e-05,-0.16263929965391632,0.0057079327924560597,-2.1527126855812191,official,4556,1060
populations,167,11,178,8.8604364534272648e-05,1.9305188708219622e-05,-0.24079111070376413,0.0081901171503535562,-2.6606968353498712,official,4830,785
pornography,61,49,110,3.2364468482578628e-05,8.599584060934196e-05,0.28827711745735485,0.012137822514663636,2.6166147152871311,short,820,4797
port,101,95,196,5.358707076623675e-05,0.00016672662975280583,0.34064221066685008,0.0068039906271561189,4.1296819853676876,short,408,5208
portability,88,44,132,4.6689725024047858e-05,7.722075483287849e-05,0.13788724924277851,0.010227833853922697,1.3634282100787023,short,1520,4096
portable,37,5,42,1.963090711238376e-05,8.7750857764634652e-06,-0.1582796108586404,0.033935384697839258,-0.85920854090676491,official,3168,2449
portfolio,19,9,28,1.0080736084737606e-05,1.5795154397634238e-05,0.12179501878082277,0.048304183873972256,0.55416252350008866,short,2093,3522
portion,412,0,412,0.00021859280352167862,0,-0.33217754746043937,0.003641337883569495,-5.5047776880289776,official,5387,229
portions,87,0,87,4.6159159966956405e-05,0,-0.33213520774926764,0.017241940424820679,-2.5294252234061254,official,4779,835
ports,166,37,203,8.8073799477181189e-05,6.4935634745829642e-05,-0.069140096458431444,0.0068772549084995154,-0.83372422388126144,official,3143,2474
pose,27,0,27,1.432525654146923e-05,0,-0.33212739237824884,0.055556116657098385,-1.4090900724452342,official,3773,1866
posed,59,0,59,3.1303338368395723e-05,0,-0.33213156052993575,0.025424289921999691,-2.0829830209257625,official,4499,1118
position,146,0,146,7.7462498335352135e-05,0,-0.33214289322607016,0.010274533729933645,-3.2767544906572437,official,5031,585
positions,183,0,183,9.7093405447735891e-05,0,-0.33214771311499725,0.0081972824466453719,-3.6685658322973156,official,5138,479
positive,45,27,72,2.3875427569115385e-05,4.7385463192902708e-05,0.19397499204910673,0.018648579760779233,1.4204398949605701,short,1489,4127
possess,31,0,31,1.644751676983504e-05,0,-0.33212791339143699,0.048387657876598558,-1.5098648555654945,official,3911,1709
possessing,26,0,26,1.3794691484377777e-05,0,-0.33212726212521027,0.057692868793634985,-1.3827493339984507,official,3705,1919
possession,214,10,224,0.00011354092221757093,1.755017155292693e-05,-0.26589805725378923,0.006557170440906139,-3.2836505139679395,official,5034,582
possessions,35,5,40,1.8569776998200855e-05,8.7750857764634652e-06,-0.14980472336075579,0.035556116660181603,-0.79445324943075046,official,3103,2513
possible,136,0,136,7.2156847764437608e-05,0,-0.3321415905776206,0.011029972889744156,-3.162540083047181,official,5010,605
post,117,57,174,6.20761116797e-05,0.0001000359778516835,0.13012706789909601,0.0077659915822776183,1.4766214959324033,short,1437,4179
post-9,51,16,67,2.7058817911664101e-05,2.8080274484683089e-05,0.0091795390763582674,0.020523330153335129,0.064076231111137638,short,2452,3165
post-hospital,34,0,34,1.8039211941109402e-05,0,-0.33212830415240902,0.044118208161875186,-1.5812369534791584,official,4004,1626
post-secondary,26,4,30,1.3794691484377777e-05,7.0200686211707723e-06,-0.13796952428782028,0.04726946866543956,-0.63458938986527802,official,2982,2639
post-traumatic,34,7,41,1.8039211941109402e-05,1.2285120087048851e-05,-0.0852652102667939,0.034167227771620706,-0.46128251823670552,official,2837,2777
postage,86,8,94,4.5628594909864952e-05,1.4040137242341545e-05,-0.20696848768304932,0.015360038240617538,-1.6699677253437011,official,4106,1511
postal,508,287,795,0.00026952704900245811,0.00050368992356900294,0.17522269165774151,0.0016922354093867314,4.2595131002970144,short,383,5233
posthumously,62,0,62,3.2895033539670081e-05,0,-0.33213195129956929,0.02419410949618379,-2.135284935436212,official,4541,1079
posting,39,2,41,2.0692037226566665e-05,3.5100343105853862e-06,-0.25980743214276103,0.035756375058161295,-1.3739623383961705,official,3683,1934
postpartum,23,14,37,1.2202996313103419e-05,2.4570240174097702e-05,0.19850741160514751,0.036275070908406974,1.0422516503671222,short,1748,3870
postsecondary,176,31,207,9.3379450048095716e-05,5.4405531814073483e-05,-0.11475057917647291,0.0068132078717969384,-1.3902057051882999,official,3718,1898
potential,398,18,416,0.00021116489272239827,3.1590308795268477e-05,-0.26793661862827101,0.0035332098803539966,-4.5076205913927136,official,5292,324
potentially,31,0,31,1.644751676983504e-05,0,-0.33212791339143699,0.048387657876598558,-1.5098648555654945,official,3912,1710
poudre,14,15,29,7.4279107992803412e-06,2.6325257329390394e-05,0.38401746243594204,0.045983647783578357,1.7908089801851073,short,1244,4371
poultry,205,71,276,0.00010876583670374786,0.00012460621802578119,0.034484703968981734,0.0049614076186167968,0.48958042790776796,short,2168,3448
pounds,28,0,28,1.4855821598560682e-05,0,-0.33212752263139222,0.053571989673186944,-1.4349473872580845,official,3798,1817
poverty,169,56,225,8.9665494648455554e-05,9.8280960696390808e-05,0.023029180249130476,0.0060973510745727542,0.29492248065835147,short,2304,3312
pow,21,25,46,1.1141866198920512e-05,4.3875428882317324e-05,0.41901859866324109,0.029010441283625683,2.4601190988504116,short,890,4726
powder,27,11,38,1.432525654146923e-05,1.9305188708219622e-05,0.078457555752907027,0.035793339754453792,0.41469964414396981,short,2228,3389
power,820,299,1119,0.00043506334681499146,0.0005247501294325152,0.048120384440207609,0.0012215097292204819,1.3768309598100144,short,1506,4110
powerplant,28,26,54,1.4855821598560682e-05,4.563044603761002e-05,0.33633824753073149,0.024695683060043938,2.1402560607869132,short,1033,4583
powerplants,111,0,111,5.8892721337151277e-05,0,-0.33213833400160908,0.013514074633162747,-2.8571026658227408,official,4918,698
powers,215,118,333,0.00011407148727466239,0.00020709202432453777,0.16623819662042116,0.0040426735926132077,2.6145471617831477,short,824,4792
practicable,42,0,42,2.2283732397841024e-05,0,-0.33212934618620515,0.035714846819061744,-1.7574495006982607,official,4204,1414
practical,49,4,53,2.5997687797481196e-05,7.0200686211707723e-06,-0.22090289945418817,0.027348342325122212,-1.3357830013955108,official,3622,1996
practice,270,45,315,0.0001432525654146923,7.8975771988171179e-05,-0.12450029234627813,0.0044877406533367784,-1.8584740255776131,official,4314,1302
practices,1134,303,1437,0.0006016607747417077,0.00053177019805368596,-0.029403677790823757,0.00096422778086660348,-0.94691682891749385,official,3225,2391
practitioner,42,13,55,2.2283732397841024e-05,2.281522301880501e-05,0.0058201621307354401,0.025015721811765701,0.036798368447283347,short,2471,3144
practitioners,125,2,127,6.6320632136431621e-05,3.5100343105853862e-06,-0.30860879854632906,0.011720753075960747,-2.8505623549515477,official,4917,699
prairie,27,19,46,1.432525654146923e-05,3.3345325950561165e-05,0.24495580311888787,0.029083806628308142,1.4363560510843603,short,1465,4151
prayer,24,30,54,1.2733561370194872e-05,5.2650514658780788e-05,0.43514107671057189,0.024725835834324049,2.7672894749056192,short,759,4858
preborn,26,5,31,1.3794691484377777e-05,8.7750857764634652e-06,-0.09851025669720137,0.045322198529586702,-0.46272819878141747,official,2843,2774
precedent,26,0,26,1.3794691484377777e-05,0,-0.33212726212521027,0.057692868793634985,-1.3827493339984507,official,3706,1920
preceding,68,0,68,3.6078423882218804e-05,0,-0.33213273284161993,0.022059384639792096,-2.2362223424663865,official,4610,1009
precipitation,14,12,26,7.4279107992803412e-06,2.1060205863512314e-05,0.30973335726715945,0.051316350575686162,1.367288302310427,short,1517,4102
preclude,25,0,25,1.3264126427286324e-05,0,-0.33212713187227472,0.060000561101111738,-1.3558969980891018,official,3664,1968
predator,22,19,41,1.1672431256011964e-05,3.3345325950561165e-05,0.31223846145569034,0.032540243645311252,1.7309160226942224,short,1283,4334
predators,35,34,69,1.8569776998200855e-05,5.9670583279951563e-05,0.3513714843419784,0.019324683591969791,2.5276114694242566,short,862,4754
predatory,70,25,95,3.7139553996401709e-05,4.3875428882317324e-05,0.042571227537205658,0.014394500511545305,0.35482799193477876,short,2264,3352
predictable,38,1,39,2.0161472169475213e-05,1.7550171552926931e-06,-0.29390718149840289,0.0379875740911986,-1.5079585982784778,official,3893,1723
preemption,33,4,37,1.7508646884017949e-05,7.0200686211707723e-06,-0.1739024452841722,0.038676519292076487,-0.88426410785846654,official,3184,2431
preexisting,22,3,25,1.1672431256011964e-05,5.2650514658780786e-06,-0.15692135954359543,0.056991442560246977,-0.65732059118661734,official,3008,2610
preference,167,36,203,8.8604364534272648e-05,6.3180617590536954e-05,-0.076022390608187607,0.0068873642626183611,-0.91604117671007967,official,3203,2413
preferences,80,15,95,4.2445204567316236e-05,2.6325257329390394e-05,-0.10328626064860558,0.014805755922238465,-0.84884278542587477,official,3155,2461
preferential,77,2,79,4.0853509396041878e-05,3.5100343105853862e-06,-0.29439271546988977,0.01875649653546595,-2.1495680527563055,official,4547,1069
preferred,32,5,37,1.6978081826926497e-05,8.7750857764634652e-06,-0.13541559514906076,0.038302838536691614,-0.69191572834611981,official,3037,2582
pregnancies,37,1,38,1.963090711238376e-05,1.7550171552926931e-06,-0.29290755091125931,0.038974920078329041,-1.4836721715173897,official,3859,1760
pregnancy,91,67,158,4.8281420195322223e-05,0.00011758614940461042,0.25968782570334525,0.0084610698350205387,2.8231824808561767,short,739,4877
pregnant,199,45,244,0.00010558244636119913,7.8975771988171179e-05,-0.066126309368014446,0.0057181051064223234,-0.87447665004060959,official,3180,2436
prekindergarten,55,16,71,2.9181078140029912e-05,2.8080274484683089e-05,-0.0093507535673573727,0.019431321921997712,-0.067080368266230012,official,2541,3076
premium,187,34,221,9.9215665676101702e-05,5.9670583279951563e-05,-0.10899003319712897,0.0063731101648813971,-1.3652465005451018,official,3677,1939
premiums,231,4,235,0.00012256052818812563,7.0200686211707723e-06,-0.30672714429979031,0.0063305843117959894,-3.8550526403084859,official,5188,428
prenotification,48,0,48,2.5467122740389743e-05,0,-0.33213012771588346,0.031250561106069316,-1.8787948571785984,official,4342,1280
prepaid,52,25,77,2.7589382968755554e-05,4.3875428882317324e-05,0.12618771214646607,0.017556420666849475,0.95235546268998561,short,1807,3809
preparation,151,33,184,8.0115323620809392e-05,5.7915566124658867e-05,-0.0732153236105475,0.0075939306949822649,-0.84017290484033846,official,3145,2471
prepare,342,18,360,0.00018145324952527692,3.1590308795268477e-05,-0.25805269909185569,0.0040705652443450511,-4.0446509269711761,official,5220,396
prepared,71,1,72,3.7670119053493162e-05,1.7550171552926931e-06,-0.31137070131201483,0.020692198241292058,-2.1645839285101012,official,4561,1056
preparedness,183,165,348,9.7093405447735891e-05,0.00028957783062329433,0.32658438949376745,0.0038331180901869178,5.2749618415955695,short,240,5376
preparing,51,11,62,2.7058817911664101e-05,1.9305188708219622e-05,-0.075906976100213797,0.022548748768815664,-0.50549919333279236,official,2891,2726
prepayment,25,16,41,1.3264126427286324e-05,2.8080274484683089e-05,0.21442346811661395,0.032695935906098005,1.1858381809346232,short,1643,3973
preschool,24,4,28,1.2733561370194872e-05,7.0200686211707723e-06,-0.12448591344566218,0.050481330332752497,-0.55405747020929841,official,2923,2695
prescribe,437,9,446,0.00023185692994896496,1.5795154397634238e-05,-0.30205752783900408,0.0033308662214365965,-5.2337270373043969,official,5362,254
prescribed,84,7,91,4.4567464795682047e-05,1.2285120087048851e-05,-0.21880311567145405,0.015918928462670415,-1.7341896356614142,official,4172,1444
prescribing,67,7,74,3.5547858825127351e-05,1.2285120087048851e-05,-0.19329314175007184,0.019438438705973168,-1.386391079496704,official,3716,1901
prescription,829,442,1271,0.00043983843232881453,0.00077571758263937033,0.15741467908618656,0.0010605230325801906,4.8337610270942992,short,292,5324
prescriptions,40,8,48,2.1222602283658118e-05,1.4040137242341545e-05,-0.090963582048640745,0.029221340327298319,-0.53212968631536173,official,2905,2713
presence,80,0,80,4.2445204567316236e-05,0,-0.33213429593685539,0.018750561112966972,-2.425529653783939,official,4735,882
present,238,3,241,0.00012627448358776581,5.2650514658780786e-06,-0.31353877701515209,0.0061866044758136177,-3.9862550669649095,official,5209,407
presentation,23,4,27,1.2202996313103419e-05,7.0200686211707723e-06,-0.11701376835468302,0.052258625617896751,-0.51186799278377126,official,2897,2721
presented,39,0,39,2.0692037226566665e-05,0,-0.33212895542275866,0.038462099565667845,-1.6935196716434358,official,4141,1480
presently,62,0,62,3.2895033539670081e-05,0,-0.33213195129956929,0.02419410949618379,-2.135284935436212,official,4542,1080
preservation,638,1099,1737,0.000338500506424347,0.0019287638536666697,0.53881116567559051,0.00077422347272881789,19.364372127108247,short,19,5597
preserve,691,95,786,0.00036662045445019401,0.00016672662975280583,-0.1557364397689236,0.0018126831207425681,-3.6578786769248022,official,5134,482
preserving,51,158,209,2.7058817911664101e-05,0.00027729271053624551,0.70576495839486597,0.0065715106361405855,8.7061768344914388,short,97,5519
president,1365,19,1384,0.00072422130292983328,3.3345325950561165e-05,-0.31177080180530492,0.001077088413317233,-9.499697207952785,official,5542,74
president's,127,15,142,6.7381762250614527e-05,2.6325257329390394e-05,-0.17745234895773976,0.010087459997726499,-1.766814032047612,official,4216,1401
presidential,364,252,616,0.00019312568078128889,0.00044226432313375862,0.23972362559376315,0.0021730431386870756,5.1425279810339415,short,256,5360
presidents,50,20,70,2.6528252854572649e-05,3.5100343105853861e-05,0.073343336979176499,0.019445005556380346,0.52596473909317554,short,2128,3488
press,36,26,62,1.9100342055292307e-05,4.563044603761002e-05,0.25339915392327939,0.02156827910683826,1.7254302708848248,short,1290,4326
presumption,87,0,87,4.6159159966956405e-05,0,-0.33213520774926764,0.017241940424820679,-2.5294252234061254,official,4780,836
pretrial,57,23,80,3.0242208254212821e-05,4.036539457173194e-05,0.075773852637711414,0.017008569051330486,0.58101250576301211,short,2073,3543
prevailing,104,5,109,5.5178765937511108e-05,8.7750857764634652e-06,-0.2640818046365041,0.013467326624811808,-2.2756097324527795,official,4634,982
prevent,2049,87,2136,0.0010871278019803871,0.00015268649251046429,-0.27185535840307207,0.00068935274255366033,-10.354214167071223,official,5553,63
preventing,201,116,317,0.00010664357647538204,0.0002035819900139524,0.18180959160157073,0.0042405319232540744,2.7919434836755697,short,747,4869
prevention,1570,2337,3907,0.00083298713963358116,0.0041014750919190239,0.49289053152357098,0.00034329752391937203,26.602052111736995,short,9,5607
preventive,171,74,245,9.0726624762638459e-05,0.00012987126949165928,0.095538758227014853,0.0055392035447874421,1.2836775032138752,short,1581,4035
previous,54,0,54,2.8650513082938459e-05,0,-0.33213090924927258,0.027778338885140391,-1.9927653288019109,official,4432,1187
previously,72,0,72,3.8200684110584615e-05,0,-0.33213325387171366,0.020833894444575871,-2.3010556950072849,official,4647,969
price,784,338,1122,0.00041596300475969913,0.00059319579848893028,0.094496465042691824,0.0012101518352017448,2.7164119397147273,short,785,4831
price-anderson,21,19,40,1.1141866198920512e-05,3.3345325950561165e-05,0.32769233560791733,0.033343156270736869,1.7945804400477192,short,1239,4376
priced,30,3,33,1.5916951712743588e-05,5.2650514658780786e-06,-0.19859509796536301,0.043651354753798416,-0.95053838827845882,official,3232,2384
prices,556,23,579,0.00029499417174284784,4.036539457173194e-05,-0.27316970375473204,0.0025427480586719432,-5.4172747942647019,official,5381,235
pricing,79,69,148,4.1914639510224784e-05,0.00012109618371519581,0.31599008080197954,0.0090141424059926728,3.3282139957781256,short,579,5037
primaries,27,40,67,1.432525654146923e-05,7.0200686211707722e-05,0.49057107461906391,0.019984653377277541,3.4701929842366703,short,541,5075
primarily,68,0,68,3.6078423882218804e-05,0,-0.33213273284161993,0.022059384639792096,-2.2362223424663865,official,4611,1010
primary,390,91,481,0.00020692037226566665,0.00015970656113163507,-0.0594912734416706,0.0028969185785047563,-1.1053126001088811,official,3382,2234
prime,15,12,27,7.9584758563717939e-06,2.1060205863512314e-05,0.28691854925053661,0.049451110552766943,1.2902402966683022,short,1573,4044
principal,216,16,232,0.00011460205233175384,2.8080274484683089e-05,-0.23036242377954785,0.0062649620682918034,-2.9103982220950346,official,4941,675
principals,59,3,62,3.1303338368395723e-05,5.2650514658780786e-06,-0.26038636311321284,0.023649639303788429,-1.6931910922885995,official,4132,1484
principles,147,13,160,7.7993063392443581e-05,2.281522301880501e-05,-0.21254639478319248,0.0090382369419800459,-2.2356915309159069,official,4605,1011
printed,30,5,35,1.5916951712743588e-05,8.7750857764634652e-06,-0.12448626411098829,0.040385176488163692,-0.6194559676914595,official,2961,2655
printing,37,31,68,1.963090711238376e-05,5.4405531814073483e-05,0.30219134214419796,0.0196253807369429,2.157113377190671,short,1027,4589
prior,281,6,287,0.00014908878104269828,1.0530102931756157e-05,-0.30095952386458613,0.0051740938214858579,-4.183992924078435,official,5246,370
priorities,122,132,254,6.4728936965157256e-05,0.00023166226449863547,0.38731251650118281,0.005250809201113411,5.3450086600977,short,230,5386
prioritize,36,5,41,1.9100342055292307e-05,8.7750857764634652e-06,-0.15414325521275885,0.034726704526637189,-0.82716612476272522,official,3138,2477
priority,243,69,312,0.00012892730887322307,0.00012109618371519581,-0.015147356377065435,0.004427034884672415,-0.22765666592325995,official,2670,2946
prison,170,143,313,9.0196059705547e-05,0.00025096745320685507,0.30353893435440682,0.0042639370021189064,4.6484591129009791,short,316,5300
prisoner,32,60,92,1.6978081826926497e-05,0.00010530102931756158,0.56464394378866523,0.014644024616380499,4.6659969358273123,short,311,5305
prisoners,171,33,204,9.0726624762638459e-05,5.7915566124658867e-05,-0.097850635425148269,0.006886637090919594,-1.1791255542173436,official,3445,2172
prisons,109,22,131,5.7831591222968371e-05,3.8610377416439245e-05,-0.08918241590613718,0.010703175504282375,-0.86203105075906061,official,3170,2446
privacy,494,609,1103,0.00026209913820317776,0.0010688054475732501,0.43075684720968432,0.0012108475937662095,12.379053733779173,short,49,5567
private,1749,305,2054,0.00092795828485295123,0.00053528023236427134,-0.11662560338196659,0.00068742029414024027,-4.4481838502577222,official,5285,331
privately,49,0,49,2.5997687797481196e-05,0,-0.33213025797119045,0.030612806004244052,-1.8982651433736926,official,4363,1259
privatization,31,60,91,1.644751676983504e-05,0.00010530102931756158,0.57430391087590316,0.014819798986478431,4.7175945955681398,short,304,5312
privilege,59,30,89,3.1303338368395723e-05,5.2650514658780788e-05,0.1429397651118407,0.015160679217888268,1.1608971226233566,short,1656,3960
privileges,75,8,83,3.9792379281858973e-05,1.4040137242341545e-05,-0.19071854375244968,0.017318686027125042,-1.4492237828800469,official,3813,1802
prize,32,23,55,1.6978081826926497e-05,4.036539457173194e-05,0.25182975457892098,0.024315326802947339,1.6149793990266892,short,1365,4251
pro,24,22,46,1.2733561370194872e-05,3.8610377416439245e-05,0.33204212081876072,0.02899215774553059,1.9500821616943056,short,1144,4472
probation,25,10,35,1.3264126427286324e-05,1.755017155292693e-05,0.073342284737375252,0.03888944999271831,0.37191058095912383,short,2250,3365
problem,83,7,90,4.4036899738590594e-05,1.2285120087048851e-05,-0.21756510615477964,0.016090186286840794,-1.7151760621896865,official,4164,1454
problems,219,1,220,0.0001161937475030282,1.7550171552926931e-06,-0.3253415029993949,0.0068033523490487399,-3.944373085623889,official,5199,417
procedural,49,36,85,2.5997687797481196e-05,6.3180617590536954e-05,0.25898317911689794,0.015727710493150363,2.0650891482293097,short,1080,4536
procedure,436,72,508,0.00023132636489187349,0.00012636123518107391,-0.12610053116606501,0.0027840211742215866,-2.3899050608684456,official,4705,911
procedures,1795,268,2063,0.00095236427747915806,0.00047034459761844169,-0.14294668046807946,0.00068876364372067085,-5.446769126362339,official,5384,232
proceeding,55,0,55,2.9181078140029912e-05,0,-0.33213103950519951,0.027273288380305436,-2.0111326303701875,official,4444,1172
proceedings,332,33,365,0.00017614759895436238,5.7915566124658867e-05,-0.1993391299431444,0.0039478442198880616,-3.1725797999717895,official,5014,602
proceeds,177,4,181,9.3910015105187175e-05,7.0200686211707723e-06,-0.29917518879987703,0.0081992626297545997,-3.3039858221198326,official,5039,577
process,1124,145,1269,0.00059635512417079313,0.0002544774875174405,-0.16518590801726685,0.001125660455412599,-4.9234472610064461,official,5338,278
processed,56,5,61,2.9711643197121365e-05,8.7750857764634652e-06,-0.21150102770924484,0.023699084807676282,-1.3738733346983909,official,3680,1936
processes,190,1,191,0.00010080736084737607,1.7550171552926931e-06,-0.32430501667375644,0.0078335663862945989,-3.6641555561782742,official,5135,481
processing,235,29,264,0.00012468278841649145,5.0895497503488099e-05,-0.17142829798109105,0.0054175384535709754,-2.3290644792574171,official,4661,955
procure,40,0,40,2.1222602283658118e-05,0,-0.33212908567713839,0.03750056110434493,-1.7150943922473294,official,4159,1459
procurement,438,167,605,0.0002323874950060564,0.00029308786493387971,0.060166305245365592,0.002254670793967095,1.2671025738729378,short,1594,4022
produce,140,14,154,7.4279107992803419e-05,2.4570240174097702e-05,-0.19860468691736521,0.0093543026263042412,-2.0534483582409937,official,4480,1136
produced,403,2,405,0.00021381771800785555,3.5100343105853862e-06,-0.32477720556578937,0.0036951874025222533,-5.3427801825956784,official,5373,243
producer,99,30,129,5.2525940652053844e-05,5.2650514658780788e-05,0.00058190882707442881,0.010675834213597423,0.0056318883260637487,short,2496,3120
producers,703,51,754,0.00037298723513529142,8.9505874919927337e-05,-0.23233883760003859,0.0019291390842177422,-5.2898096225505942,official,5367,249
producing,106,17,123,5.6239896051694013e-05,2.9835291639975781e-05,-0.13106275844890547,0.011510230493123157,-1.2216232621710184,official,3501,2116
product,690,239,929,0.00036608988939310257,0.00041944910011495361,0.034520619005913744,0.0014743909184881051,0.89902599849685016,short,1847,3769
production,1416,323,1739,0.0007512801208414974,0.00056687054115953984,-0.064334108698793635,0.0008024847521363054,-2.271030118584044,official,4631,985
productive,80,6,86,4.2445204567316236e-05,1.0530102931756157e-05,-0.22918374155102583,0.016894222717531108,-1.7632532688226867,official,4212,1404
productivity,232,71,303,0.00012309109324521708,0.00012460621802578119,0.0030127274954008243,0.0045435168349807565,0.044695497965167821,short,2468,3148
products,2288,208,2496,0.0012139328506252443,0.00036504356830088016,-0.209730158589986,0.00057941423149308316,-8.7129717555941451,official,5521,95
profession,38,0,38,2.0161472169475213e-05,0,-0.33212882516848197,0.039474245314440153,-1.6716665464481066,official,4115,1505
professional,570,170,740,0.00030242208254212819,0.00029835291639975783,-0.003315510962003998,0.0018628211423588107,-0.076818334849804562,official,2548,3068
professionals,284,66,350,0.00015068047621397265,0.00011583113224931773,-0.060348945701596435,0.0039816943949763659,-0.95639153926776144,official,3244,2372
professions,95,59,154,5.0403680423688034e-05,0.00010354601216226889,0.20487562115645908,0.0087114610700151484,2.1950518495588658,short,1010,4606
proficiency,41,22,63,2.1753167340749571e-05,3.8610377416439245e-05,0.1592878007708336,0.021380651608277044,1.0893615633820553,short,1712,3904
profiling,29,23,52,1.5386386655652135e-05,4.036539457173194e-05,0.28406839616038226,0.025679573453903662,1.7726745776633566,short,1259,4358
profit,56,18,74,2.9711643197121365e-05,3.1590308795268477e-05,0.015277892785256597,0.018562434022384666,0.11213624171290246,short,2421,3193
profit-sharing,27,2,29,1.432525654146923e-05,3.5100343105853862e-06,-0.23034383637063449,0.050115768475358251,-1.0289384549959946,official,3311,2306
profiteering,14,15,29,7.4279107992803412e-06,2.6325257329390394e-05,0.38401746243594204,0.045983647783578357,1.7908089801851073,short,1245,4372
profits,69,36,105,3.6608988939310257e-05,6.3180617590536954e-05,0.1507344195878737,0.012839886138721874,1.3302456479197908,short,1539,4077
program,14805,1476,16281,0.0078550156702389615,0.0025904053212120149,-0.20025535452431864,8.9049352391071151e-05,-21.221142153899667,official,5599,17
programming,130,20,150,6.8973457421888892e-05,3.5100343105853861e-05,-0.13797617727501255,0.0094543426417857332,-1.419019748023574,official,3784,1832
programs,8406,399,8805,0.0044599298699107533,0.0007002518449617845,-0.2658134601539448,0.00016731381282242218,-20.549964249669319,official,5598,18
progress,110,31,141,5.8362156280059824e-05,5.4405531814073483e-05,-0.016936128722328192,0.0097985783612511059,-0.17109314551617089,official,2616,3000
progressive,25,7,32,1.3264126427286324e-05,1.2285120087048851e-05,-0.018466557070226486,0.04318544639316256,-0.088862233746682839,official,2558,3059
prohibit,4132,5,4137,0.0021922948159018838,8.7750857764634652e-06,-0.33084843408020514,0.00036292485783137124,-17.366836904712784,official,5595,21
prohibited,132,10,142,7.0034587536071797e-05,1.755017155292693e-05,-0.22823716588117549,0.01022914353181131,-2.2566631105961394,official,4620,996
prohibiting,291,19,310,0.00015439443161361282,3.3345325950561165e-05,-0.24154359924332347,0.0047039683522441637,-3.5217890421628892,official,5097,519
prohibition,207,325,532,0.00010982696681793077,0.00057038057547012522,0.5092763912262992,0.0025206023451561478,10.143816302787117,short,76,5540
prohibitions,151,1,152,8.0115323620809392e-05,1.7550171552926931e-06,-0.32229081724856279,0.0098368388739651438,-3.2495270224748669,official,5024,592
project,882,328,1210,0.00046795838035466154,0.00057564562693600328,0.053412079485246622,0.0011287679058998392,1.5897804801990325,short,1384,4232
projected,27,0,27,1.432525654146923e-05,0,-0.33212739237824884,0.055556116657098385,-1.4090900724452342,official,3774,1867
projects,1702,73,1775,0.000903021727169653,0.0001281162523363666,-0.27123294356547412,0.00082929128035209734,-9.4186549667341097,official,5540,76
proliferation,52,40,92,2.7589382968755554e-05,7.0200686211707722e-05,0.27402238919049893,0.014520763138004652,2.2740045428648124,short,960,4657
prominently,49,0,49,2.5997687797481196e-05,0,-0.33213025797119045,0.030612806004244052,-1.8982651433736926,official,4364,1260
promise,20,82,102,1.0611301141829059e-05,0.00014391140673400082,0.77197074362683971,0.013632065042490898,6.6118046996640087,short,160,5456
promote,3703,26,3729,0.0019646824064096504,4.563044603761002e-05,-0.32215522316268963,0.00040142676977752371,-16.079110198742779,official,5590,26
promotes,31,0,31,1.644751676983504e-05,0,-0.33212791339143699,0.048387657876598558,-1.5098648555654945,official,3913,1711
promoting,222,143,365,0.00011778544267430255,0.00025096745320685507,0.21651263301242807,0.0036726426322333493,3.5726782486604325,short,509,5107
promotion,438,675,1113,0.0002323874950060564,0.0011846365798225678,0.50345497949009044,0.0012045908156415827,14.505772664008955,short,37,5579
prompt,137,44,181,7.2687412821529054e-05,7.722075483287849e-05,0.015073437390272559,0.0075896596697075753,0.17302192930926472,short,2384,3232
promptly,59,0,59,3.1303338368395723e-05,0,-0.33213156052993575,0.025424289921999691,-2.0829830209257625,official,4500,1119
promulgate,113,0,113,5.9953851451334182e-05,0,-0.33213859452531835,0.013274897403266194,-2.8827286007663457,official,4928,689
promulgated,38,0,38,2.0161472169475213e-05,0,-0.33212882516848197,0.039474245314440153,-1.6716665464481066,official,4116,1506
promulgation,35,2,37,1.8569776998200855e-05,3.5100343105853862e-06,-0.25208486503326277,0.039530475633725262,-1.2678875924568414,official,3542,2075
proof,43,1,44,2.2814297454932476e-05,1.7550171552926931e-06,-0.29822749391476933,0.033717036201048795,-1.6241382066426302,official,4052,1564
propane,30,11,41,1.5916951712743588e-05,1.9305188708219622e-05,0.049587978322003678,0.033315837378201686,0.27167585086605428,short,2330,3286
proper,158,8,166,8.3829279020449567e-05,1.4040137242341545e-05,-0.26068204551791929,0.008834107321823095,-2.7735103101483007,official,4875,741
properly,27,0,27,1.432525654146923e-05,0,-0.33212739237824884,0.055556116657098385,-1.4090900724452342,official,3775,1868
properties,112,4,116,5.9423286394242729e-05,7.0200686211707723e-06,-0.28084344644074832,0.012719859366565963,-2.4901364137194961,official,4759,857
property,1819,357,2176,0.00096509783884935298,0.00062654112443949136,-0.094699089843801154,0.00064566326435043476,-3.7268573185446905,official,5158,458
proportion,31,0,31,1.644751676983504e-05,0,-0.33212791339143699,0.048387657876598558,-1.5098648555654945,official,3914,1712
proposal,41,0,41,2.1753167340749571e-05,0,-0.33212921593162115,0.036585926958219016,-1.7364010857917151,official,4181,1439
proposals,124,14,138,6.5790067079340162e-05,2.4570240174097702e-05,-0.18345079769927963,0.010396302387807373,-1.7992029440523629,official,4265,1351
propose,33,0,33,1.7508646884017949e-05,0,-0.33212817389864746,0.04545510655738156,-1.5578096061599955,official,3972,1649
proposed,391,9,400,0.00020745093732275812,1.5795154397634238e-05,-0.29860656447939071,0.0037097714606808092,-4.9025922343515713,official,5334,282
proposing,67,0,67,3.5547858825127351e-05,0,-0.33213260258435184,0.022388620811657316,-2.2197181756182234,official,4591,1023
proprietary,54,7,61,2.8650513082938459e-05,1.2285120087048851e-05,-0.16440513590664096,0.023402095636119245,-1.0747018725156241,official,3359,2260
propulsion,27,6,33,1.432525654146923e-05,1.0530102931756157e-05,-0.069760542813128268,0.042308253410865741,-0.33915428052838847,official,2746,2872
prosecute,84,0,84,4.4567464795682047e-05,0,-0.33213481697190161,0.017857703970972045,-2.4854303339009109,official,4756,861
prosecution,209,110,319,0.00011088809693211368,0.00019305188708219624,0.15340411353907868,0.0042255028956167274,2.3599228403007739,short,926,4690
prosecutions,33,6,39,1.7508646884017949e-05,1.0530102931756157e-05,-0.10898203748275925,0.036111672215577824,-0.57349696404784956,official,2932,2687
prosecutor,53,44,97,2.8119948025847007e-05,7.722075483287849e-05,0.29915995568087261,0.013759426367332277,2.5503706156479464,short,850,4766
prosecutors,46,14,60,2.4405992626206838e-05,2.4570240174097702e-05,0.0016493443923639717,0.022948036887107497,0.010887760989831267,short,2489,3129
prospective,245,9,254,0.00012998843898740599,1.5795154397634238e-05,-0.27945679514366439,0.0058068505358353905,-3.6672823671367696,official,5136,480
prospectively,51,0,51,2.7058817911664101e-05,0,-0.3321305184821135,0.029412325812598318,-1.9366186031223602,official,4391,1232
prosperity,32,51,83,1.6978081826926497e-05,8.9505874919927337e-05,0.51394878230203567,0.016158899857558345,4.0430950063065403,short,419,5197
prostate,87,44,131,4.6159159966956405e-05,7.722075483287849e-05,0.14132184194579445,0.010302002804022872,1.3923501225659427,short,1500,4116
prosthetic,29,8,37,1.5386386655652135e-05,1.4040137242341545e-05,-0.02196927777908364,0.037374298477885447,-0.11363948458181183,official,2571,3047
prosthetics,51,13,64,2.7058817911664101e-05,2.281522301880501e-05,-0.040104443334307405,0.021683226271175051,-0.27235198293424329,official,2697,2918
protect,3168,197,3365,0.001680830100865723,0.00034573837959266053,-0.24584896276434076,0.00043437202386325939,-11.796073153586422,official,5568,48
protected,175,28,203,9.284888499100427e-05,4.9140480348195404e-05,-0.13146391112946887,0.0069750681155627617,-1.574100011548454,official,3981,1635
protecting,172,458,630,9.1257189819729905e-05,0.00080379785712405335,0.66618609631695769,0.0021665616973899049,14.31231987477044,short,38,5578
protection,3855,6092,9947,0.0020453282950875511,0.010691564510043087,0.51336469058625323,0.00013536488821859642,44.123807370853541,short,4,5612
protections,738,50,788,0.0003915570121334923,8.7750857764634649e-05,-0.23843841229451623,0.0018491866856260564,-5.5447994454027931,official,5392,224
protective,105,43,148,5.5709330994602561e-05,7.5465737677585801e-05,0.079912094661914068,0.0091887323942441024,0.83365183940455356,short,1896,3720
protects,21,7,28,1.1141866198920512e-05,1.2285120087048851e-05,0.024551349021027846,0.048980152938886627,0.11093415811300854,short,2425,3191
protein,40,6,46,2.1222602283658118e-05,1.0530102931756157e-05,-0.1420828976828723,0.030859237313488976,-0.80881502718692844,official,3115,2502
protocol,60,20,80,3.1833903425487176e-05,3.5100343105853861e-05,0.024551870272460974,0.017143418256948584,0.18751493781510178,short,2373,3242
protocols,31,1,32,1.644751676983504e-05,1.7550171552926931e-06,-0.28560746690744843,0.046176607278722956,-1.329102720500865,official,3612,2004
provide,36288,3,36291,0.019253144791734646,5.2650514658780786e-06,-0.33679397830556024,4.1899885461287618e-05,-52.030488101655962,official,5612,4
provided,1182,0,1182,0.00062712789748209743,0,-0.33227790350001829,0.0012695968836061045,-9.3254229420941339,official,5539,77
provider,155,89,244,8.2237583849175216e-05,0.00015619652682104967,0.18022253634712371,0.0055098298204881106,2.4279514868080017,short,902,4714
providers,684,29,713,0.00036290649905055384,5.0895497503488099e-05,-0.2717864295367729,0.0020640897594139782,-5.9822351287462459,official,5419,197
provides,170,2,172,9.0196059705547e-05,3.5100343105853862e-06,-0.3147534151827216,0.0086716641778798748,-3.3800196540980023,official,5068,548
providing,2183,40,2223,0.0011582235196306418,7.0200686211707722e-05,-0.30551991509633059,0.0006694161042398837,-11.808410619177439,official,5569,47
provision,1122,22,1144,0.00059529399405661024,3.8610377416439245e-05,-0.30355049399969847,0.0012995005433041949,-8.4205936700355473,official,5513,103
provisional,22,4,26,1.1672431256011964e-05,7.0200686211707723e-06,-0.10898146640524153,0.054167227768218841,-0.46825706924064459,official,2856,2766
provisions,2471,19,2490,0.0013110262560729804,3.3345325950561165e-05,-0.32101373311473491,0.00060069906307796039,-13.097702896707201,official,5581,35
prudent,27,10,37,1.432525654146923e-05,1.755017155292693e-05,0.052288615035816832,0.036902156848941367,0.27219570217106637,short,2328,3290
psoriasis,21,6,27,1.1141866198920512e-05,1.0530102931756157e-05,-0.01367029464944558,0.051136924738243793,-0.06045198584248216,official,2535,3082
psychiatric,68,18,86,3.6078423882218804e-05,3.1590308795268477e-05,-0.031539500136561927,0.016109452224163438,-0.24849314885380028,official,2686,2930
psychological,39,20,59,2.0692037226566665e-05,3.5100343105853861e-05,0.14550721600651251,0.022862870590319159,0.96231920336972365,short,1803,3813
psychologists,20,10,30,1.0611301141829059e-05,1.755017155292693e-05,0.13788145713245648,0.045000561102751691,0.64997537001237282,short,2019,3598
psychotropic,33,14,47,1.7508646884017949e-05,2.4570240174097702e-05,0.089872268086157447,0.028894003729591711,0.52871525317274715,short,2126,3495
public,9740,1726,11466,0.0051677036560707516,0.0030291596100351882,-0.11417770816186845,0.00012352365843316243,-10.273211954302921,official,5551,65
public's,24,1,25,1.2733561370194872e-05,1.7550171552926931e-06,-0.27270315030033387,0.058870262828012547,-1.1239375155296774,official,3404,2217
public-private,67,29,96,3.5547858825127351e-05,5.0895497503488099e-05,0.095590609368249702,0.014135530443199745,0.804005787608291,short,1913,3703
publication,61,6,67,3.2364468482578628e-05,1.0530102931756157e-05,-0.20055287813363165,0.021511691247488415,-1.3673875487592793,official,3679,1938
publications,23,5,28,1.2202996313103419e-05,8.7750857764634652e-06,-0.074295607819795606,0.04991143454232469,-0.33255471817857624,official,2737,2881
publicly,141,12,153,7.4809673049894865e-05,2.1060205863512314e-05,-0.2166241844157959,0.0094625277342013318,-2.2269135505275082,official,4598,1018
publish,69,1,70,3.6608988939310257e-05,1.7550171552926931e-06,-0.31077930777505358,0.021279312757437725,-2.1304595659832053,official,4534,1083
published,38,0,38,2.0161472169475213e-05,0,-0.33212882516848197,0.039474245314440153,-1.6716665464481066,official,4117,1507
pueblo,17,17,34,9.019605970554701e-06,2.9835291639975781e-05,0.36102841516754047,0.039216247378517241,1.8230910884510836,short,1223,4395
puerto,164,90,254,8.7012669362998283e-05,0.00015795154397634236,0.1662009466927401,0.0052998823973304954,2.2829709054221019,short,954,4662
pulmonary,28,26,54,1.4855821598560682e-05,4.563044603761002e-05,0.33633824753073149,0.024695683060043938,2.1402560607869132,short,1034,4584
pump,10,17,27,5.3056505709145295e-06,2.9835291639975781e-05,0.53430104819008584,0.049754860856798366,2.3953460741456039,short,915,4701
pumps,30,2,32,1.5916951712743588e-05,3.5100343105853862e-06,-0.23975360130862278,0.045541358066679874,-1.1234717351393719,official,3398,2219
punish,88,1,89,4.6689725024047858e-05,1.7550171552926931e-06,-0.3153277888367132,0.016761389740198591,-2.4356071099594896,official,4738,877
punishment,63,41,104,3.3425598596761534e-05,7.195570336700041e-05,0.21977269428289858,0.012885136796679296,1.9361063777616547,short,1151,4465
punitive,31,7,38,1.644751676983504e-05,1.2285120087048851e-05,-0.066421731706702403,0.03671553694971802,-0.34664524883990677,official,2753,2862
purchase,1000,94,1094,0.00053056505709145297,0.00016497161259751314,-0.20587137666777799,0.0013198670974806433,-5.6667084295401873,official,5399,217
purchased,87,0,87,4.6159159966956405e-05,0,-0.33213520774926764,0.017241940424820679,-2.5294252234061254,official,4781,837
purchasers,141,0,141,7.4809673049894865e-05,0,-0.33214224190055752,0.01063885899845652,-3.2201535879597247,official,5020,596
purchases,143,3,146,7.587080316407777e-05,5.2650514658780786e-06,-0.30147441145126486,0.010172178135792496,-2.9891208748472393,official,4966,650
purchasing,199,39,238,0.00010558244636119913,6.8445669056415033e-05,-0.094901501647155939,0.005898998971919471,-1.2356171404060254,official,3510,2106
purple,26,11,37,1.3794691484377777e-05,1.9305188708219622e-05,0.089090942306077281,0.03670691031066594,0.46500715687165972,short,2189,3428
purpose,849,9,858,0.00045044973347064355,1.5795154397634238e-05,-0.31653718223268168,0.0017397869001408871,-7.5888628445439421,official,5488,128
purposes,51889,15,51904,0.027530490247418403,2.6325257329390394e-05,-0.33858415400659148,2.9467850891133609e-05,-62.372391630516645,official,5613,3
pursuant,395,0,395,0.00020957319755112393,0,-0.33217533249784736,0.0037980295353053908,-5.3899931039631426,official,5378,238
pursue,87,0,87,4.6159159966956405e-05,0,-0.33213520774926764,0.017241940424820679,-2.5294252234061254,official,4782,838
pursuing,52,0,52,2.7589382968755554e-05,0,-0.33213064873773135,0.028846714953085367,-1.9555132917433848,official,4404,1212
putting,1,31,32,5.3056505709145302e-07,5.4405531814073483e-05,1.0076636960482599,0.046176607280409655,4.6892631143191981,short,309,5307
quadrennial,25,12,37,1.3264126427286324e-05,2.1060205863512314e-05,0.12571113195959782,0.036537756627743598,0.65766207387212205,short,2013,3604
qualification,21,5,26,1.1141866198920512e-05,8.7750857764634652e-06,-0.055137673282837696,0.053535221362418284,-0.23830251962993382,official,2677,2941
qualifications,36,2,38,1.9100342055292307e-05,3.5100343105853862e-06,-0.25416616149083104,0.038514074617539799,-1.2951139949409005,official,3565,2051
qualified,1017,40,1057,0.00053958466306200771,7.0200686211707722e-05,-0.27599190273808283,0.0013942984312991648,-7.3912598574865109,official,5485,131
qualify,96,0,96,5.0934245480779486e-05,0,-0.33213638008693813,0.015625561116415859,-2.657043331983624,official,4828,788
qualifying,144,7,151,7.6401368221169229e-05,1.2285120087048851e-05,-0.26337275940779037,0.0097195055611905331,-2.6714605648245491,official,4834,782
quality,1616,677,2293,0.000857393132259788,0.0011881466141331531,0.086384945346011932,0.00059308186801455213,3.5471596815233619,short,518,5098
quantitative,30,0,30,1.5916951712743588e-05,0,-0.33212778313798452,0.050000561102189471,-1.4853122665294169,official,3873,1748
quantities,29,0,29,1.5386386655652135e-05,0,-0.33212765288463508,0.051724699033008407,-1.4603469575681074,official,3837,1785
quantity,57,1,58,3.0242208254212821e-05,1.7550171552926931e-06,-0.30637837306292859,0.025645365824566963,-1.9131704149222777,official,4367,1250
quarantine,23,9,32,1.2202996313103419e-05,1.5795154397634238e-05,0.067263068312653829,0.042572623187383765,0.32599539783409143,short,2284,3333
quarter,24,11,35,1.2733561370194872e-05,1.9305188708219622e-05,0.11212887087638812,0.038688844081041125,0.57006525470856395,short,2082,3535
quarterly,45,2,47,2.3875427569115385e-05,3.5100343105853862e-06,-0.26894997362732909,0.031278289588663639,-1.5207226270432534,official,3934,1685
questions,35,0,35,1.8569776998200855e-05,0,-0.33212843440627182,0.042857703960410054,-1.6043222548468057,official,4035,1591
quota,81,18,99,4.2975769624407689e-05,3.1590308795268477e-05,-0.069762406284288758,0.014103125220638666,-0.58744034616012719,official,2937,2678
quotas,72,2,74,3.8200684110584615e-05,3.5100343105853862e-06,-0.29185849302598221,0.020007770917121349,-2.0633503814653125,official,4483,1133
r,7,18,25,3.7139553996401706e-06,3.1590308795268477e-05,0.65649436141062623,0.054506375055612115,2.8119484206300736,short,740,4875
race,176,22,198,9.3379450048095716e-05,3.8610377416439245e-05,-0.16961839260797618,0.0072198124765389367,-1.9962272718774001,official,4435,1181
racial,163,32,195,8.6482104305906837e-05,5.6160548969366179e-05,-0.094567108274878464,0.0071991435725539087,-1.114550347854387,official,3389,2227
racing,48,16,64,2.5467122740389743e-05,2.8080274484683089e-05,0.024551709885047401,0.021429132538989121,0.16771791242959314,short,2390,3226
racketeering,20,9,29,1.0611301141829059e-05,1.5795154397634238e-05,0.10679043921111031,0.046724513841470257,0.49403757013922672,short,2164,3457
radiation,176,95,271,9.3379450048095716e-05,0.00016672662975280583,0.16111605204308788,0.0049699380619658163,2.2854057898748366,short,952,4664
radio,201,105,306,0.00010664357647538204,0.00018427680130573277,0.15112457674832136,0.0044060377796931614,2.2767271639227875,short,957,4659
radioactive,161,73,234,8.5420974191723932e-05,0.0001281162523363666,0.10899577008875561,0.0057895357101173921,1.432477389291875,short,1472,4144
radiological,32,7,39,1.6978081826926497e-05,1.2285120087048851e-05,-0.073016327684751303,0.035824198581559073,-0.38577292570843619,official,2786,2829
radon,55,41,96,2.9181078140029912e-05,7.195570336700041e-05,0.26373489530651639,0.013922347748005178,2.235174104882752,short,984,4632
rail,558,288,846,0.00029605530185703078,0.00050544494072429563,0.14750062644737394,0.0015946462217510742,3.6937006062622189,short,494,5122
railroad,459,307,766,0.0002435293612049769,0.00053879026667485671,0.2286134323782214,0.0017488542579671999,5.4666961397215799,short,218,5398
railroads,68,8,76,3.6078423882218804e-05,1.4040137242341545e-05,-0.17797860617756456,0.018849767461760886,-1.2963277050195015,official,3567,2050
railway,19,9,28,1.0080736084737606e-05,1.5795154397634238e-05,0.12179501878082277,0.048304183873972256,0.55416252350008866,short,2094,3523
rain,13,22,35,6.8973457421888885e-06,3.8610377416439245e-05,0.53288134736581583,0.038377754086960238,2.7201367683774018,short,782,4834
raise,145,76,221,7.6931933278260675e-05,0.00013338130380224466,0.15213596960102471,0.0060998049517971085,1.9479326302622175,short,1147,4469
raised,33,0,33,1.7508646884017949e-05,0,-0.33212817389864746,0.04545510655738156,-1.5578096061599955,official,3973,1650
raising,34,9,43,1.8039211941109402e-05,1.5795154397634238e-05,-0.031538949206003863,0.032218343323279802,-0.17570965140577308,official,2620,2994
ranch,53,41,94,2.8119948025847007e-05,7.195570336700041e-05,0.27587625845553632,0.014210689614132754,2.3142312320462732,short,940,4676
ranchers,104,17,121,5.5178765937511108e-05,2.9835291639975781e-05,-0.12782963403274472,0.011691382378799301,-1.1822208465739839,official,3449,2167
range,105,47,152,5.5709330994602561e-05,8.2485806298756569e-05,0.1052586186701312,0.0089167373429282631,1.1146914741732639,short,1694,3922
rangeland,45,10,55,2.3875427569115385e-05,1.755017155292693e-05,-0.069761163959116246,0.025385176492755776,-0.43784825634060176,official,2820,2797
rangelands,13,14,27,6.8973457421888885e-06,2.4570240174097702e-05,0.3857202561991766,0.049390805004768966,1.7355990119891382,short,1276,4339
rank,28,1,29,1.4855821598560682e-05,1.7550171552926931e-06,-0.28083379739508274,0.050877754084486283,-1.2450460263550298,official,3525,2099
rape,124,87,211,6.5790067079340162e-05,0.00015268649251046429,0.24400759404565875,0.0063413404709502996,3.0641696527155529,short,659,4957
rapid,115,29,144,6.1014981565517094e-05,5.0895497503488099e-05,-0.042515646637607318,0.0096419118102064431,-0.4329793771708893,official,2818,2798
rapidly,25,2,27,1.3264126427286324e-05,3.5100343105853862e-06,-0.22292697821005802,0.053714088953114164,-0.96187474524804439,official,3256,2366
rare,109,41,150,5.7831591222968371e-05,7.195570336700041e-05,0.05647213891625924,0.0090971670856061643,0.59208103656421296,short,2062,3554
rate,1239,284,1523,0.00065737010573631023,0.00049842487210312477,-0.063302782521144074,0.0009160213520821237,-2.0915584304158923,official,4507,1109
rated,30,0,30,1.5916951712743588e-05,0,-0.33212778313798452,0.050000561102189471,-1.4853122665294169,official,3874,1749
ratepayer,0,25,25,0,4.3875428882317324e-05,1.0541812567929796,0.060000561102517308,4.3036568360224825,short,374,5242
rates,1519,36,1555,0.00080592832172191704,6.3180617590536954e-05,-0.29777604317972539,0.00095440598896797432,-9.638804612400337,official,5543,73
rating,80,34,114,4.2445204567316236e-05,5.9670583279951563e-05,0.09038164859596165,0.011911957054222058,0.82811127790760208,short,1899,3717
ratings,38,7,45,2.0161472169475213e-05,1.2285120087048851e-05,-0.10657551786646913,0.0312795231076698,-0.60259758947654818,official,2953,2663
ratio,52,9,61,2.7589382968755554e-05,1.5795154397634238e-05,-0.11787216716383675,0.023135832917215653,-0.77494110701659968,official,3087,2529
raw,33,5,38,1.7508646884017949e-05,8.7750857764634652e-06,-0.14045860043601799,0.037340882099936842,-0.72686883765739119,official,3065,2551
reach,49,10,59,2.5997687797481196e-05,1.755017155292693e-05,-0.087003491409733513,0.023752573991450258,-0.56452261054027508,official,2928,2688
reached,47,0,47,2.493655768329829e-05,0,-0.33212999746068128,0.031915454722875047,-1.8591206890678307,official,4321,1297
reactor,34,17,51,1.8039211941109402e-05,2.9835291639975781e-05,0.13788264958591512,0.02647114934296587,0.84746782982103608,short,1884,3732
reactors,27,0,27,1.432525654146923e-05,0,-0.33212739237824884,0.055556116657098385,-1.4090900724452342,official,3776,1869
read,13,13,26,6.8973457421888885e-06,2.281522301880501e-05,0.36102721275674199,0.051282612384109458,1.5942442829720158,short,1381,4237
readiness,99,99,198,5.2525940652053844e-05,0.00017374669837397661,0.36105306637320744,0.0067345678779770907,4.3996301594841851,short,352,5264
reading,44,19,63,2.3344862512023929e-05,3.3345325950561165e-05,0.094916172892869355,0.021541477454113691,0.64669942587403328,short,2023,3594
readjustment,104,76,180,5.5178765937511108e-05,0.00013338130380224466,0.2572457109565196,0.0074279378993600126,2.9847915767190276,short,682,4934
ready,67,36,103,3.5547858825127351e-05,6.3180617590536954e-05,0.1597055850112028,0.013077158665441881,1.3965722471402462,short,1498,4118
reaffirm,510,0,510,0.000270588179116641,0,-0.33219031664959964,0.0029417376762592806,-6.1247024861168864,official,5431,185
reagan,29,34,63,1.5386386655652135e-05,5.9670583279951563e-05,0.41395657820675247,0.021179404679120956,2.8444474455673441,short,733,4883
real,591,208,799,0.00031356394874104871,0.00036504356830088016,0.038707813616095876,0.0017130343995103838,0.93522390488059937,short,1815,3801
realign,30,6,36,1.5916951712743588e-05,1.0530102931756157e-05,-0.090963141221442001,0.038961600064859041,-0.46083669928457871,official,2834,2782
realignment,93,28,121,4.9342550309505128e-05,4.9140480348195404e-05,-0.0010064537081522218,0.011384867715613974,-0.0094325650717182272,official,2505,3111
realistic,51,10,61,2.7058817911664101e-05,1.755017155292693e-05,-0.094798023645228824,0.023013639580258646,-0.6248943954730164,official,2970,2647
reallocation,18,8,26,9.5501710276461537e-06,1.4040137242341545e-05,0.103195297945053,0.052139598534932143,0.45193509509129132,short,2197,3419
reappraisal,1,25,26,5.3056505709145302e-07,4.3875428882317324e-05,0.99702271270548515,0.056645441277024797,4.1891177671688515,short,398,5219
reason,160,0,160,8.4890409134632473e-05,0,-0.33214471695122505,0.0093755611302118562,-3.4302732300266956,official,5084,532
reasonable,541,22,563,0.00028703569588647604,3.8610377416439245e-05,-0.27412107510381034,0.0026157600291876978,-5.3597369668248973,official,5375,241
reasonably,65,0,65,3.4486728710944446e-05,0,-0.33213234207012832,0.023077484186656751,-2.1863361563722021,official,4578,1040
reasons,31,2,33,1.644751676983504e-05,3.5100343105853862e-06,-0.2425148930031753,0.044196989674377123,-1.1535649956619483,official,3422,2193
reauthorization,88,1043,1131,4.6689725024047858e-05,0.0018304828929702787,0.9399993719349311,0.0012808875437719379,26.264676879555466,short,11,5605
reauthorize,1444,1,1445,0.0007661359424400581,1.7550171552926931e-06,-0.33127375075460641,0.0010382648726967255,-10.280942837486114,official,5552,64
reauthorizing,48,4,52,2.5467122740389743e-05,7.0200686211707723e-06,-0.21879971900255235,0.027857703964299263,-1.3109136947308069,official,3590,2026
rebate,41,39,80,2.1753167340749571e-05,6.8445669056415033e-05,0.34436771558634582,0.016668385269614901,2.6673233363273332,short,801,4815
rebates,42,0,42,2.2283732397841024e-05,0,-0.33212934618620515,0.035714846819061744,-1.7574495006982607,official,4205,1415
rebuild,25,43,68,1.3264126427286324e-05,7.5465737677585801e-05,0.53796928367573749,0.019762258293850008,3.8268302116400084,short,463,5153
rebuilding,71,67,138,3.7670119053493162e-05,0.00011758614940461042,0.34171865215970776,0.0096632989049397506,3.4762097876661238,short,539,5078
recall,39,41,80,2.0692037226566665e-05,7.195570336700041e-05,0.37770294278720229,0.016668385269727352,2.925523583931338,short,700,4916
recalls,25,0,25,1.3264126427286324e-05,0,-0.33212713187227472,0.060000561101111738,-1.3558969980891018,official,3665,1969
recapture,24,5,29,1.2733561370194872e-05,8.7750857764634652e-06,-0.082909055750079119,0.048280250336439269,-0.37732641761209551,official,2779,2836
receipt,311,12,323,0.00016500573275544188,2.1060205863512314e-05,-0.27693045987422416,0.0045629228591381587,-4.0996724888801435,official,5236,380
receipts,121,4,125,6.4198371908065811e-05,7.0200686211707723e-06,-0.28450986419586322,0.011817539757794608,-2.6171812020419121,official,4810,806
receive,846,3,849,0.00044885803829936921,5.2650514658780786e-06,-0.32693712385106366,0.0017642407006099926,-7.7836862044726169,official,5496,120
received,405,2,407,0.00021487884812203845,3.5100343105853862e-06,-0.32481377718965376,0.0036770760522319627,-5.3565249933011163,official,5374,242
receives,57,0,57,3.0242208254212821e-05,0,-0.33213130001736069,0.026316350581693477,-2.0473730096171781,official,4473,1146
receiving,511,4,515,0.00027111874417373244,7.0200686211707723e-06,-0.32056068534284066,0.0029020023499729116,-5.9506084966328707,official,5418,198
recent,93,1,94,4.9342550309505128e-05,1.7550171552926931e-06,-0.31622010314482019,0.015874470488402351,-2.509804259879076,official,4771,845
recently,45,0,45,2.3875427569115385e-05,0,-0.33212973695058068,0.033333894438756007,-1.8191341786345503,official,4282,1343
recidivism,34,11,45,1.8039211941109402e-05,1.9305188708219622e-05,0.016927454040544632,0.03051593181128524,0.096901014842975905,short,2437,3181
recipient,80,4,84,4.2445204567316236e-05,7.0200686211707723e-06,-0.26151500530218108,0.0174617584533002,-1.9790311261667304,official,4423,1193
recipients,275,20,295,0.00014590539070014955,3.5100343105853861e-05,-0.23206762215498422,0.004929550299955102,-3.3053001333525329,official,5041,575
reciprocal,50,29,79,2.6528252854572649e-05,5.0895497503488099e-05,0.18334810993757245,0.017011758358137296,1.4057297457397344,short,1495,4121
reciprocity,36,62,98,1.9100342055292307e-05,0.00010881106362814697,0.53837934458788617,0.013713247687497175,4.597462857519008,short,326,5290
reclamation,595,239,834,0.0003156862089694145,0.00041944910011495361,0.074532351516356954,0.0016323178011764348,1.8447710097422878,short,1198,4418
recognition,421,266,687,0.00022336788903550169,0.00046683456330785632,0.21038612787857147,0.0019524062779513296,4.7613707848598583,short,301,5315
recognize,231,0,231,0.00012256052818812563,0,-0.33215396615424275,0.0064940676390240985,-4.121744230873932,official,5239,379
recognized,136,0,136,7.2156847764437608e-05,0,-0.3321415905776206,0.011029972889744156,-3.162540083047181,official,5011,606
recognizing,59,12,71,3.1303338368395723e-05,2.1060205863512314e-05,-0.087673052376702643,0.019741061575093692,-0.62399466330292319,official,2967,2648
recombinant,18,10,28,9.5501710276461537e-06,1.755017155292693e-05,0.16997003218623874,0.048055481010787417,0.77535553642771293,short,1936,3683
recommend,100,0,100,5.3056505709145297e-05,0,-0.33213690112857996,0.015000561117278089,-2.711835720259232,official,4849,768
recommendation,29,1,30,1.5386386655652135e-05,1.7550171552926931e-06,-0.28253028089639542,0.049207778160747596,-1.2736442028462189,official,3553,2065
recommendations,521,10,531,0.00027642439474464701,1.755017155292693e-05,-0.30406937481974161,0.0027995603884567546,-5.7468222056974758,official,5405,211
recommended,36,4,40,1.9100342055292307e-05,7.0200686211707723e-06,-0.18552336706743233,0.035885728568684654,-0.97934956276666985,official,3265,2352
reconciliation,214,100,314,0.00011354092221757093,0.0001755017155292693,0.1178082080393601,0.0043099595001720951,1.7944813763577807,short,1241,4375
reconstruction,202,106,308,0.0001071741415324735,0.00018603181846102546,0.1524979145996106,0.0043768044190020446,2.3050764547827014,short,943,4673
reconstructive,16,13,29,8.4890409134632483e-06,2.281522301880501e-05,0.29203395051876946,0.046032307134450841,1.3611374158899783,short,1525,4090
record,156,54,210,8.2768148906266662e-05,9.4770926385805417e-05,0.034342021580023641,0.0065206803690640537,0.42528434912878776,short,2221,3395
recorded,93,0,93,4.9342550309505128e-05,0,-0.33213598930678678,0.016129593373833708,-2.6151959051824574,official,4807,809
recording,51,31,82,2.7058817911664101e-05,5.4405531814073483e-05,0.19806870913871499,0.016368915629746128,1.5481246155368042,short,1399,4217
recordings,48,9,57,2.5467122740389743e-05,1.5795154397634238e-05,-0.10328467761415361,0.024675885783839946,-0.65750570068771996,official,3010,2606
recordkeeping,53,15,68,2.8119948025847007e-05,2.6325257329390394e-05,-0.015927073419787163,0.020313216692225369,-0.11174976830188488,official,2568,3048
records,529,163,692,0.00028066891520137863,0.00028606779631270895,0.0047006255681019127,0.0019891527163616641,0.10539538507140211,short,2428,3188
recover,71,7,78,3.7670119053493162e-05,1.2285120087048851e-05,-0.20027797652602075,0.018476676391255518,-1.4734020463879844,official,3850,1765
recovering,22,14,36,1.1672431256011964e-05,2.4570240174097702e-05,0.21260646623570167,0.037241940414614691,1.1016923115582051,short,1705,3913
recovery,788,715,1503,0.00041808526498806492,0.0012548372660342755,0.32884633729756274,0.00088790870316513037,11.035927851726015,short,68,5548
recreation,326,197,523,0.00017296420861181367,0.00034573837959266053,0.19625775482335683,0.0025673064099741164,3.8733609842758199,short,453,5163
recreational,353,137,490,0.0001872894651532829,0.00024043735027509894,0.065015937692715298,0.0027816971612050238,1.2327213191274491,short,1614,4002
recruit,75,8,83,3.9792379281858973e-05,1.4040137242341545e-05,-0.19071854375244968,0.017318686027125042,-1.4492237828800469,official,3814,1803
recruiting,43,14,57,2.2814297454932476e-05,2.4570240174097702e-05,0.018533427113446521,0.02408506815104991,0.11942130003517264,short,2416,3201
recruitment,183,107,290,9.7093405447735891e-05,0.00018778683561631815,0.18588646450129964,0.0046336177567740423,2.7307859839601014,short,778,4838
recyclable,16,11,27,8.4890409134632483e-06,1.9305188708219622e-05,0.2374120043348924,0.049572164529333856,1.0663106168028817,short,1738,3881
recycle,18,9,27,9.5501710276461537e-06,1.5795154397634238e-05,0.13788128678364941,0.050000561102048827,0.61662040028677401,short,2040,3573
recycled,82,22,104,4.3506334681499142e-05,3.8610377416439245e-05,-0.02844266376096094,0.013313413141906698,-0.24650490344404441,official,2685,2931
recycling,262,240,502,0.00013900804495796068,0.0004212041172702463,0.33187405089789834,0.0026571706358835584,6.4381868129938518,short,168,5448
red,76,72,148,4.0322944338950426e-05,0.00012636123518107391,0.34302592263501275,0.009010301391413714,3.6137431546678758,short,504,5112
redesign,42,6,48,2.2283732397841024e-05,1.0530102931756157e-05,-0.14980520428450106,0.029630190736036281,-0.8702813516851623,official,3176,2441
redesignate,85,0,85,4.50980298527735e-05,0,-0.33213494723092118,0.017647619937574154,-2.5001813046994785,official,4767,847
redevelopment,77,74,151,4.0853509396041878e-05,0.00012987126949165928,0.34779993290181999,0.0088309704891577686,3.7010527682319165,short,492,5124
redistricting,64,35,99,3.3956163653852993e-05,6.1425600435244251e-05,0.16511964796770506,0.013598217011347953,1.415982122446622,short,1493,4124
redress,23,21,44,1.2202996313103419e-05,3.685536026114655e-05,0.33072400759067833,0.03031054962533155,1.8996291101992351,short,1172,4444
reduce,2726,43,2769,0.0014463203456313008,7.5465737677585801e-05,-0.30925621485494936,0.00053816409377433014,-13.330949304208859,official,5582,34
reduced,201,7,208,0.00010664357647538204,1.2285120087048851e-05,-0.28207698924652291,0.0070967117067116921,-3.3484134520979962,official,5051,566
reducing,438,103,541,0.0002323874950060564,0.00018076676699514739,-0.057822286784452004,0.0025748067088567509,-1.1395226116451693,official,3415,2201
reduction,882,1443,2325,0.00046795838035466154,0.0025324897550873561,0.522739073665905,0.00057777235828546927,21.747361999457052,short,14,5602
reductions,398,11,409,0.00021116489272239827,1.9305188708219622e-05,-0.29209275998888096,0.0036206709384508291,-4.8542961070701667,official,5329,287
reef,33,42,75,1.7508646884017949e-05,7.3710720522293099e-05,0.44107981033704924,0.017806828920518439,3.3053989594794624,short,583,5033
reemployment,80,41,121,4.2445204567316236e-05,7.195570336700041e-05,0.14532197715022832,0.011148525008392382,1.3763300488142174,short,1507,4109
reentry,30,18,48,1.5916951712743588e-05,3.1590308795268477e-05,0.19397306809925041,0.027972589079109305,1.159778630458393,short,1661,3954
reestablish,63,0,63,3.3425598596761534e-05,0,-0.33213208155631868,0.023810084918826378,-2.1524365355429511,official,4554,1066
reference,51,0,51,2.7058817911664101e-05,0,-0.3321305184821135,0.029412325812598318,-1.9366186031223602,official,4392,1233
referendum,46,7,53,2.4405992626206838e-05,1.2285120087048851e-05,-0.13975495859458853,0.026768237875217392,-0.85419560857282373,official,3160,2458
referral,101,20,121,5.358707076623675e-05,3.5100343105853861e-05,-0.092898725111105307,0.011597264208994118,-0.86264473960020116,official,3171,2445
referred,106,0,106,5.6239896051694013e-05,0,-0.33213768269414068,0.014151504514797851,-2.7920091945810661,official,4887,731
refinance,37,12,49,1.963090711238376e-05,2.1060205863512314e-05,0.01755022378802451,0.028021910706654548,0.10484163526734028,short,2431,3186
refinancing,71,70,141,3.7670119053493162e-05,0.0001228512008704885,0.35631607642932295,0.0094568787550184923,3.6640509744054626,short,498,5118
refined,50,3,53,2.6528252854572649e-05,5.2650514658780786e-06,-0.24835921260629767,0.027566441828536258,-1.495856448471069,official,3886,1732
refineries,26,1,27,1.3794691484377777e-05,1.7550171552926931e-06,-0.27706705409365107,0.054582771344186647,-1.1859246492447608,official,3460,2161
refiners,33,0,33,1.7508646884017949e-05,0,-0.33212817389864746,0.04545510655738156,-1.5578096061599955,official,3974,1651
refinery,15,18,33,7.9584758563717939e-06,3.1590308795268477e-05,0.4216537283378905,0.040441737574436344,2.0967229141227177,short,1060,4558
refining,34,1,35,1.8039211941109402e-05,1.7550171552926931e-06,-0.28956825888418081,0.042271092504289599,-1.4084103846848972,official,3740,1881
reflect,74,0,74,3.926181422476752e-05,0,-0.33213351438738137,0.020270831381943921,-2.3327968507570467,official,4664,954
reforestation,11,21,32,5.8362156280059822e-06,3.685536026114655e-05,0.5701227179409436,0.042124299585591489,2.7778065682692161,short,755,4862
reform,2407,4528,6935,0.0012770700924191272,0.0079467176791653132,0.56726963590736279,0.0001948435084899779,40.639332609466301,short,5,5611
reforming,47,20,67,2.493655768329829e-05,3.5100343105853861e-05,0.090735470450221456,0.020266743809413866,0.63736044371286793,short,2031,3586
reforms,235,19,254,0.00012468278841649145,3.3345325950561165e-05,-0.22188981434718968,0.0057085545895991041,-2.9367994323828173,official,4947,669
refrain,28,0,28,1.4855821598560682e-05,0,-0.33212752263139222,0.053571989673186944,-1.4349473872580845,official,3799,1818
refueling,27,5,32,1.432525654146923e-05,8.7750857764634652e-06,-0.10559758883273496,0.043976740672301576,-0.50354986346376762,official,2887,2731
refuge,265,139,404,0.00014059974012923504,0.00024394738458568432,0.15237394019887418,0.0033369501276952584,2.637763412535421,short,810,4806
refugee,76,160,236,4.0322944338950426e-05,0.00028080274484683089,0.59949337065382835,0.0057309418859736987,7.9190189577105263,short,115,5501
refugees,127,14,141,6.7381762250614527e-05,2.4570240174097702e-05,-0.18654906916108693,0.01018351731371114,-1.8486052551334073,official,4306,1310
refuges,24,6,30,1.2733561370194872e-05,1.0530102931756157e-05,-0.044442344072054496,0.046296857398823089,-0.20654809849044917,official,2653,2965
refund,152,49,201,8.0645888677900851e-05,8.599584060934196e-05,0.016017479392989031,0.006833422331607151,0.19376487059101313,short,2371,3245
refundable,408,8,416,0.00021647054329331281,1.4040137242341545e-05,-0.30346347326498702,0.0035726439849001058,-5.0770513250466989,official,5351,265
refunds,88,4,92,4.6689725024047858e-05,7.0200686211707723e-06,-0.2675950934467064,0.01597278333800075,-2.117326561459282,official,4524,1092
regard,320,0,320,0.00016978081826926495,0,-0.33216556095990235,0.0046880611647048976,-4.8512981701536546,official,5328,288
regarding,1608,5,1613,0.00085314861180305632,8.7750857764634652e-06,-0.32768516746753207,0.00092907100472093638,-10.750590771223543,official,5561,55
regardless,77,1,78,4.0853509396041878e-05,1.7550171552926931e-06,-0.31296355819966948,0.019110401863919158,-2.2639084523570872,official,4625,991
regime,88,3,91,4.6689725024047858e-05,5.2650514658780786e-06,-0.28307788845173931,0.01622545116661812,-2.2223249217881245,official,4597,1020
region,244,33,277,0.00012945787393031451,5.7915566124658867e-05,-0.15817200442742241,0.0051457534054480279,-2.2049824297307361,official,4588,1028
regional,553,242,795,0.0002934024765715735,0.00042471415158083168,0.098765468442960191,0.0017067211976470767,2.3906931472693231,short,919,4697
regions,57,3,60,3.0242208254212821e-05,5.2650514658780786e-06,-0.25802203530643197,0.024420585528849004,-1.6511204648171542,official,4097,1520
register,137,13,150,7.2687412821529054e-05,2.281522301880501e-05,-0.20472095401177093,0.0096198510114317744,-2.0872675616700467,official,4503,1113
registered,207,33,240,0.00010982696681793077,5.7915566124658867e-05,-0.13207623959749171,0.0059007012776414059,-1.7193839994785198,official,4166,1450
registering,31,1,32,1.644751676983504e-05,1.7550171552926931e-06,-0.28560746690744843,0.046176607278722956,-1.329102720500865,official,3613,2005
registration,565,251,816,0.0002997692572566709,0.00044050930597846593,0.10310096524272616,0.0016618813701764494,2.5290808987747435,short,861,4755
registries,43,10,53,2.2814297454932476e-05,1.755017155292693e-05,-0.060191452435526926,0.026290243647391829,-0.37122525786444094,official,2768,2846
registry,153,54,207,8.117645373499231e-05,9.4770926385805417e-05,0.039443018488105608,0.006609756545678914,0.48515153672175576,short,2171,3445
regular,190,3,193,0.00010080736084737607,5.2650514658780786e-06,-0.30892048178986542,0.007713568011262148,-3.5173780327837423,official,5096,520
regularly,28,1,29,1.4855821598560682e-05,1.7550171552926931e-06,-0.28083379739508274,0.050877754084486283,-1.2450460263550298,official,3526,2100
regulate,1095,2,1097,0.00058096873751514104,3.5100343105853862e-06,-0.32953221267089372,0.0013666838193186017,-8.9138197570468858,official,5530,86
regulated,153,7,160,8.117645373499231e-05,1.2285120087048851e-05,-0.26720298660181818,0.0091834732616149772,-2.7882892549644778,official,4883,733
regulating,100,6,106,5.3056505709145297e-05,1.0530102931756157e-05,-0.248364432916242,0.013783501479519043,-2.115483411240104,official,4521,1097
regulation,1067,213,1280,0.00056611291591658034,0.0003738186540773436,-0.09137432476887053,0.0010964295896051569,-2.7595216579102901,official,4869,747
regulations,860,57,917,0.00045628594909864957,0.0001000359778516835,-0.24033470861138095,0.0015900015432891857,-6.0272294134364746,official,5425,191
regulators,30,0,30,1.5916951712743588e-05,0,-0.33212778313798452,0.050000561102189471,-1.4853122665294169,official,3875,1750
regulatory,1307,881,2188,0.00069344852961852898,0.0015461701138128625,0.23125123327998853,0.00061252368576775499,9.3437802059052153,short,90,5526
rehabilitate,50,0,50,2.6528252854572649e-05,0,-0.33213038822660224,0.030000561106500415,-1.9175377581890043,official,4372,1247
rehabilitation,786,380,1166,0.00041702413487388203,0.00066690651901122331,0.12790114115968176,0.0011596869809088529,3.7558135855517998,short,483,5133
rehabilitative,37,9,46,1.963090711238376e-05,1.5795154397634238e-05,-0.050485059256738296,0.03023057205904674,-0.29036193879713462,official,2708,2910
reimburse,98,2,100,5.1995375594962392e-05,3.5100343105853862e-06,-0.30228281574423121,0.014854987736523035,-2.480146358484792,official,4753,863
reimbursed,25,0,25,1.3264126427286324e-05,0,-0.33212713187227472,0.060000561101111738,-1.3558969980891018,official,3666,1970
reimbursement,393,172,565,0.00020851206743694101,0.0003018629507103432,0.098786341560300528,0.0024012546664421764,2.0159408775575347,short,1113,4503
reimbursements,57,0,57,3.0242208254212821e-05,0,-0.33213130001736069,0.026316350581693477,-2.0473730096171781,official,4474,1147
reinstate,119,0,119,6.3137241793882905e-05,0,-0.33213937609892241,0.012605603138180438,-2.9582750483979292,official,4960,659
reinstatement,22,17,39,1.1672431256011964e-05,2.9835291639975781e-05,0.27550559047734957,0.034251146585178853,1.4886508805066134,short,1434,4187
reinsurance,85,20,105,4.50980298527735e-05,3.5100343105853861e-05,-0.057689484352835052,0.013263719014217207,-0.5009149581371285,official,2880,2736
reintegration,23,19,42,1.2202996313103419e-05,3.3345325950561165e-05,0.29751508965230755,0.031778619113410463,1.668942932331251,short,1333,4284
reinvestment,143,170,313,7.587080316407777e-05,0.00029835291639975783,0.4186017742746877,0.0042639370036374772,6.4105556544032831,short,169,5447
related,2258,436,2694,0.0011980158989125008,0.00076518747970761409,-0.09784159818280358,0.0005219891301106982,-4.2824550024005585,official,5262,354
relates,34,0,34,1.8039211941109402e-05,0,-0.33212830415240902,0.044118208161875186,-1.5812369534791584,official,4005,1627
relating,3800,9,3809,0.0020161472169475214,1.5795154397634238e-05,-0.32907354211164463,0.00039390246711092992,-16.580537892242987,official,5593,23
relation,27,0,27,1.432525654146923e-05,0,-0.33212739237824884,0.055556116657098385,-1.4090900724452342,official,3777,1870
relations,612,191,803,0.00032470581493996924,0.00033520827666090434,0.0078782806878958667,0.0017133112778232955,0.19033265818914427,short,2372,3244
relationship,134,4,138,7.1095717650254702e-05,7.0200686211707723e-06,-0.28896743473895015,0.010719285235056355,-2.7910395385939468,official,4884,732
relationships,94,6,100,4.9873115366596581e-05,1.0530102931756157e-05,-0.24340541881521638,0.014589162557024103,-2.0151856448338727,official,4450,1166
relative,66,1,67,3.5017293768035899e-05,1.7550171552926931e-06,-0.30982628395986289,0.022225240455643377,-2.078236767660544,official,4491,1125
relatives,44,0,44,2.3344862512023929e-05,0,-0.33212960669568581,0.034091470196116212,-1.7988076501041976,official,4258,1364
release,242,44,286,0.00012839674381613162,7.722075483287849e-05,-0.10899288909402216,0.0049248035840912911,-1.5531153340395909,official,3962,1654
released,76,0,76,4.0322944338950426e-05,0,-0.33213377490346119,0.019737403217367912,-2.364111931290569,official,4690,928
releases,57,0,57,3.0242208254212821e-05,0,-0.33213130001736069,0.026316350581693477,-2.0473730096171781,official,4475,1148
relevant,61,1,62,3.2364468482578628e-05,1.7550171552926931e-06,-0.30803383861139189,0.024003658282972122,-1.9881983551204219,official,4428,1188
reliability,122,61,183,6.4728936965157256e-05,0.00010705604647285428,0.13789014548071776,0.007377610318927745,1.6053708528137682,short,1374,4242
reliable,125,33,158,6.6320632136431621e-05,5.7915566124658867e-05,-0.032152228141105965,0.0087697321304706609,-0.34333486759948217,official,2750,2866
relief,1578,2330,3908,0.00083723166009031283,0.0040891899718319743,0.49028319569621104,0.00034315203459117974,26.46693916152989,short,10,5606
relieve,39,0,39,2.0692037226566665e-05,0,-0.33212895542275866,0.038462099565667845,-1.6935196716434358,official,4142,1481
relieving,26,0,26,1.3794691484377777e-05,0,-0.33212726212521027,0.057692868793634985,-1.3827493339984507,official,3707,1921
religion,117,13,130,6.20761116797e-05,2.281522301880501e-05,-0.1855300401881923,0.011042151113434224,-1.765579979357474,official,4213,1403
religious,224,152,376,0.00011884657278848546,0.00026676260760448932,0.23322625158331967,0.0035611672459325782,3.9082401969058891,short,443,5173
relocate,34,0,34,1.8039211941109402e-05,0,-0.33212830415240902,0.044118208161875186,-1.5812369534791584,official,4006,1628
relocation,141,96,237,7.4809673049894865e-05,0.00016848164690809852,0.23429459747291759,0.0056490668007149174,3.1172664059761597,short,642,4974
rely,29,0,29,1.5386386655652135e-05,0,-0.33212765288463508,0.051724699033008407,-1.4603469575681074,official,3838,1786
remain,85,0,85,4.50980298527735e-05,0,-0.33213494723092118,0.017647619937574154,-2.5001813046994785,official,4768,848
remaining,55,0,55,2.9181078140029912e-05,0,-0.33213103950519951,0.027273288380305436,-2.0111326303701875,official,4445,1173
remains,53,4,57,2.8119948025847007e-05,7.0200686211707723e-06,-0.22858837664403353,0.025484912822094068,-1.4318995984039868,official,3790,1826
remedial,70,5,75,3.7139553996401709e-05,8.7750857764634652e-06,-0.23369076627196783,0.019397112836308246,-1.6779267839720553,official,4119,1497
remediation,85,44,129,4.50980298527735e-05,7.722075483287849e-05,0.14834677079574732,0.010453805143074207,1.4509114123466977,short,1450,4166
remedies,265,51,316,0.00014059974012923504,8.9505874919927337e-05,-0.09837814863580796,0.0044465272029064517,-1.47532658577162,official,3853,1763
remedy,103,40,143,5.4648200880419655e-05,7.0200686211707722e-05,0.065181740145419553,0.0095300826535197163,0.66769422035460679,short,2006,3610
remembrance,12,18,30,6.3667806850974358e-06,3.1590308795268477e-05,0.49456088989500202,0.044643418246058608,2.3406746361895232,short,932,4684
remote,64,28,92,3.3956163653852993e-05,4.9140480348195404e-05,0.098662768303054094,0.01474415086071766,0.81253750063227193,short,1909,3707
removal,303,53,356,0.00016076121229871026,9.3015909230512728e-05,-0.11600170690577194,0.003962999633360647,-1.8426903590316188,official,4304,1312
remove,567,7,574,0.00030083038737085385,1.2285120087048851e-05,-0.31395714015923382,0.0025981558050420113,-6.1593909259136117,official,5434,182
removed,46,0,46,2.4405992626206838e-05,0,-0.33212986720558035,0.032609256757812136,-1.8392360963251253,official,4299,1320
removing,69,17,86,3.6608988939310257e-05,2.9835291639975781e-05,-0.047674486669158966,0.016160911882519578,-0.37501884711700934,official,2773,2843
remuneration,32,1,33,1.6978081826926497e-05,1.7550171552926931e-06,-0.28700717751531357,0.044796941193390068,-1.3560277509913481,official,3672,1943
renal,34,9,43,1.8039211941109402e-05,1.5795154397634238e-05,-0.031538949206003863,0.032218343323279802,-0.17570965140577308,official,2621,2995
rename,27,0,27,1.432525654146923e-05,0,-0.33212739237824884,0.055556116657098385,-1.4090900724452342,official,3778,1871
render,43,0,43,2.2814297454932476e-05,0,-0.33212947644089397,0.034884282035224132,-1.7782488084112784,official,4234,1391
rendering,246,0,246,0.00013051900404449743,0,-0.33215592027773333,0.0060981221243610797,-4.2534755317134429,official,5260,357
renegotiation,29,18,47,1.5386386655652135e-05,3.1590308795268477e-05,0.20468121262304884,0.028543071228323273,1.2115117501831996,short,1628,3988
renew,43,2,45,2.2814297454932476e-05,3.5100343105853862e-06,-0.26617064694782577,0.032640793213852333,-1.4732613925296341,official,3848,1768
renewable,578,306,884,0.00030666660299885981,0.00053703524951956402,0.15522782545417524,0.0015248919660396339,3.9751180950191456,short,430,5186
renewal,157,169,326,8.3298713963358121e-05,0.00029659789924446514,0.38561678467126725,0.0040911565704456884,6.02882779271087,short,186,5430
renewed,23,3,26,1.2202996313103419e-05,5.2650514658780786e-06,-0.16350286638518163,0.054891482987491726,-0.69786736363649349,official,3047,2571
renovate,24,5,29,1.2733561370194872e-05,8.7750857764634652e-06,-0.082909055750079119,0.048280250336439269,-0.37732641761209551,official,2780,2837
renovation,110,17,127,5.8362156280059824e-05,2.9835291639975781e-05,-0.13723054010122482,0.011164414851198892,-1.2987716188257408,official,3570,2046
rent,31,19,50,1.644751676983504e-05,3.3345325950561165e-05,0.20068480329182137,0.026838993743102738,1.2249866974206769,short,1617,4000
rental,251,92,343,0.00013317182932995469,0.00016146157828692776,0.049496962629818952,0.003982913433051424,0.78429259704493226,short,1930,3686
rental-purchase,21,7,28,1.1141866198920512e-05,1.2285120087048851e-05,0.024551349021027846,0.048980152938886627,0.11093415811300854,short,2426,3192
renters,14,11,25,7.4279107992803412e-06,1.9305188708219622e-05,0.2809835131297671,0.053419364520533606,1.2157141721719413,short,1626,3991
rents,37,1,38,1.963090711238376e-05,1.7550171552926931e-06,-0.29290755091125931,0.038974920078329041,-1.4836721715173897,official,3860,1761
reorganization,262,471,733,0.00013900804495796068,0.00082661308014285841,0.55185404926847337,0.0018361511899403432,12.878640323924166,short,44,5572
reorganize,188,0,188,9.9746230733193162e-05,0,-0.33214836446216545,0.0079792845405031419,-3.7183489349935392,official,5154,463
reorganizing,27,3,30,1.432525654146923e-05,5.2650514658780786e-06,-0.18552262563928679,0.047847451054511242,-0.84813986871307967,official,3152,2465
repair,232,96,328,0.00012309109324521708,0.00016848164690809852,0.08283112106943058,0.0041447660235800696,1.2865999486037232,short,1578,4038
repairing,37,4,41,1.963090711238376e-05,7.0200686211707723e-06,-0.18902612787225515,0.035043296147520414,-1.0097627919700181,official,3297,2320
repatriation,19,16,35,1.0080736084737606e-05,2.8080274484683089e-05,0.30386930997319617,0.038126922759940181,1.5562198922920085,short,1391,4224
repayment,240,80,320,0.0001273356137019487,0.00014040137242341544,0.024554276335161163,0.0042862754549177597,0.37504821296371699,short,2248,3368
repeal,1519,318,1837,0.00080592832172191704,0.0005580954553830764,-0.081996646681970375,0.00076257241113287892,-2.9693100445939531,official,4962,654
repealing,82,9,91,4.3506334681499142e-05,1.5795154397634238e-05,-0.18710490669662327,0.015780907936653335,-1.4894268670467132,official,3882,1734
repeat,30,23,53,1.5916951712743588e-05,4.036539457173194e-05,0.27292203953548189,0.02520664861636664,1.7190204943707272,short,1298,4317
replace,197,0,197,0.00010452131624701623,0,-0.33214953689356719,0.0076147743361575267,-3.8063185587216388,official,5179,438
replacement,164,53,217,8.7012669362998283e-05,9.3015909230512728e-05,0.01664736273647982,0.0063289367651938148,0.20925703354739489,short,2362,3254
replacing,75,0,75,3.9792379281858973e-05,0,-0.33213364464536888,0.020000561111889203,-2.3485065797464046,official,4679,940
report,785,63,848,0.00041649356981679058,0.00011056608078343966,-0.22268301941401969,0.0017106259943427949,-5.3840559926902332,official,5376,240
reported,88,1,89,4.6689725024047858e-05,1.7550171552926931e-06,-0.3153277888367132,0.016761389740198591,-2.4356071099594896,official,4739,878
reporting,877,320,1197,0.00046530555506920425,0.00056160548969366177,0.048302548135144896,0.0011419172301445277,1.4293965481186583,short,1475,4141
reports,495,57,552,0.0002626297032602692,0.0001000359778516835,-0.180882562732398,0.0025977071803591043,-3.5489640904089801,official,5104,512
repository,43,6,49,2.2814297454932476e-05,1.0530102931756157e-05,-0.15343510258909454,0.029051944505831685,-0.90019609587480298,official,3195,2421
represent,37,0,37,1.963090711238376e-05,0,-0.33212869491431007,0.040541101644238832,-1.6495239516689466,official,4092,1534
representation,165,86,251,8.7543234420089743e-05,0.0001509314753551716,0.15043653808690927,0.0053717663589563525,2.0525548577225528,short,1087,4529
representative,158,20,178,8.3829279020449567e-05,3.5100343105853861e-05,-0.16783278778604149,0.0080272566619121501,-1.8732391847674787,official,4333,1283
representatives,589,56,645,0.00031250281862686582,9.8280960696390808e-05,-0.20453761611646826,0.0022374675329443535,-4.3240909384233399,official,5271,345
representing,44,0,44,2.3344862512023929e-05,0,-0.33212960669568581,0.034091470196116212,-1.7988076501041976,official,4259,1365
reproductive,38,24,62,2.0161472169475213e-05,4.2120411727024629e-05,0.210205806160074,0.02162846808718057,1.4293277569116074,short,1476,4140
republic,264,19,283,0.00014006917507214359,3.3345325950561165e-05,-0.23302468304740742,0.0051399730008414805,-3.2502854749826038,official,5025,591
republics,27,5,32,1.432525654146923e-05,8.7750857764634652e-06,-0.10559758883273496,0.043976740672301576,-0.50354986346376762,official,2888,2732
request,133,2,135,7.0565152593163243e-05,3.5100343105853862e-06,-0.30999921218637283,0.011031174481509949,-2.9515470674479598,official,4954,662
requesting,32,1,33,1.6978081826926497e-05,1.7550171552926931e-06,-0.28700717751531357,0.044796941193390068,-1.3560277509913481,official,3673,1944
requests,67,2,69,3.5547858825127351e-05,3.5100343105853862e-06,-0.28895956901247644,0.021438009329432441,-1.9735350918600796,official,4414,1201
require,10319,7,10326,0.0054749008241267031,1.2285120087048851e-05,-0.33245373776768972,0.000145778524721698,-27.534959665775599,official,5604,12
required,592,1,593,0.00031409451379814016,1.7550171552926931e-06,-0.32967212456897244,0.0025279447636667161,-6.5568981361615402,official,5456,160
requirement,572,15,587,0.00030348321265631108,2.6325257329390394e-05,-0.294100149409525,0.002524503560853699,-5.8533871704081895,official,5411,205
requirements,2413,51,2464,0.001280253482761676,8.9505874919927337e-05,-0.30152677516771398,0.00060322002879633794,-12.276879874582749,official,5573,43
requires,44,7,51,2.3344862512023929e-05,1.2285120087048851e-05,-0.13241329122790191,0.027768256206928035,-0.79461594689657378,official,3106,2511
requiring,779,8,787,0.00041331017947424185,1.4040137242341545e-05,-0.31701250572343209,0.0018969925051632818,-7.2785285084058744,official,5483,133
resale,23,3,26,1.2202996313103419e-05,5.2650514658780786e-06,-0.16350286638518163,0.054891482987491726,-0.69786736363649349,official,3048,2572
rescind,102,2,104,5.4117635823328202e-05,3.5100343105853862e-06,-0.30342619405305093,0.014288892314442546,-2.5383633466692412,official,4784,832
rescission,24,23,47,1.2733561370194872e-05,4.036539457173194e-05,0.34684545355681706,0.028370782435114709,2.0592086291649081,short,1083,4533
rescissions,44,33,77,2.3344862512023929e-05,5.7915566124658867e-05,0.26572161233114855,0.017355933015002156,2.0169860582812613,short,1111,4505
rescue,92,58,150,4.8811985252413675e-05,0.0001017909950069762,0.20963666533806879,0.0089404848439683486,2.217107275822189,short,994,4622
research,4217,2224,6441,0.0022373928457546572,0.0039031581533709491,0.15441446984812668,0.00020979565598800714,10.660798847331904,short,72,5544
reservation,142,78,220,7.5340238106986324e-05,0.00013689133811283007,0.16648769143093745,0.0061186967847452547,2.1283971331052509,short,1043,4573
reservations,69,3,72,3.6608988939310257e-05,5.2650514658780786e-06,-0.27025616681964593,0.020426093026304826,-1.8909626896308094,official,4351,1266
reserve,1270,433,1703,0.00067381762250614532,0.00075992242824173602,0.030407834951106771,0.00080508685995352278,1.0716775428082173,short,1730,3886
reserved,21,11,32,1.1141866198920512e-05,1.9305188708219622e-05,0.15193351118862353,0.042124299585029258,0.74026502021709772,short,1967,3649
reserves,128,32,160,6.7912327307705986e-05,5.6160548969366179e-05,-0.044444688303878266,0.0086811166875666469,-0.47701503512302268,official,2863,2753
reservist,6,32,38,3.1833903425487179e-06,5.6160548969366179e-05,0.8253419188765907,0.037013548118700001,4.2899629760491367,short,377,5238
reservists,32,56,88,1.6978081826926497e-05,9.8280960696390808e-05,0.54336482185618173,0.015278338895617822,4.3959571319685171,short,354,5262
reservoir,57,27,84,3.0242208254212821e-05,4.7385463192902708e-05,0.12179782461609179,0.016101768705916533,0.95984860853098108,short,1804,3812
resettlement,33,31,64,1.7508646884017949e-05,5.4405531814073483e-05,0.34019827626600829,0.02083615525125021,2.3568031850418367,short,927,4689
reside,34,0,34,1.8039211941109402e-05,0,-0.33212830415240902,0.044118208161875186,-1.5812369534791584,official,4007,1629
residence,342,9,351,0.00018145324952527692,1.5795154397634238e-05,-0.2939433364269366,0.0042213403926737144,-4.5241649691813359,official,5293,323
residences,94,3,97,4.9873115366596581e-05,5.2650514658780786e-06,-0.28609088849563769,0.015236163211040925,-2.3177480181002843,official,4659,957
residency,84,20,104,4.4567464795682047e-05,3.5100343105853861e-05,-0.055139416462791857,0.013384226184467276,-0.47661261384233622,official,2862,2754
resident,147,44,191,7.7993063392443581e-05,7.722075483287849e-05,-0.0024372659728317814,0.0072144601699615256,-0.02869465484745529,official,2514,3102
residential,572,101,673,0.00030348321265631108,0.00017725673268456199,-0.11432662653279024,0.0020957637619892873,-2.497331674463632,official,4763,853
residents,462,20,482,0.00024512105637625127,3.5100343105853861e-05,-0.27055431009865494,0.0030519151071664694,-4.8974299453447845,official,5332,284
residing,136,1,137,7.2156847764437608e-05,1.7550171552926931e-06,-0.32121208918453092,0.010909941599907928,-3.0752517135292687,official,4995,621
residual,33,9,42,1.7508646884017949e-05,1.5795154397634238e-05,-0.024639596492983529,0.032941737575870267,-0.13575640844330608,official,2595,3024
resilience,18,9,27,9.5501710276461537e-06,1.5795154397634238e-05,0.13788128678364941,0.050000561102048827,0.61662040028677401,short,2041,3574
resiliency,34,23,57,1.8039211941109402e-05,4.036539457173194e-05,0.23219591419870156,0.023489572098313392,1.5150153069217269,short,1409,4208
resistance,27,15,42,1.432525654146923e-05,2.6325257329390394e-05,0.16997101418899518,0.032037174377930577,0.94961543113287106,short,1808,3808
resolution,958,599,1557,0.00050828132469361192,0.0010512552760203232,0.20713853727882015,0.00086199767175051197,7.0551761054657742,short,138,5478
resolutions,94,0,94,4.9873115366596581e-05,0,-0.33213611956673361,0.015958007924495383,-2.6292190432367524,official,4815,801
resolve,95,0,95,5.0403680423688034e-05,0,-0.33213624982678347,0.015790034800410829,-2.6431677949959806,official,4823,796
resolving,38,4,42,2.0161472169475213e-05,7.0200686211707723e-06,-0.19236515939149434,0.034239691539783519,-1.0395885676662184,official,3321,2296
resource,516,241,757,0.00027377156945918973,0.00042295913442553899,0.11768161873712302,0.0017881112349468998,2.782988217360026,short,752,4864
resources,1954,622,2576,0.0010367241215566991,0.0010916206705920549,0.012840470818376026,0.00053400767306981383,0.55565752415597935,short,2090,3526
respect,4702,53,4755,0.002494716898444012,9.3015909230512728e-05,-0.31604142120950129,0.00031429059296122228,-17.827002071307906,official,5597,19
respecting,136,9,145,7.2156847764437608e-05,1.5795154397634238e-05,-0.24039259917585021,0.010052786482200836,-2.3976062606806923,official,4713,903
respective,30,0,30,1.5916951712743588e-05,0,-0.33212778313798452,0.050000561102189471,-1.4853122665294169,official,3876,1751
respectively,27,0,27,1.432525654146923e-05,0,-0.33212739237824884,0.055556116657098385,-1.4090900724452342,official,3779,1872
respiratory,32,27,59,1.6978081826926497e-05,4.7385463192902708e-05,0.30451855971505282,0.022617479075713581,2.0248444612645073,short,1106,4510
respite,38,17,55,2.0161472169475213e-05,2.9835291639975781e-05,0.10509230575449813,0.024642138169465855,0.66947093437387561,short,2005,3612
respond,221,7,228,0.00011725487761721111,1.2285120087048851e-05,-0.2864398403550048,0.0064830517864055207,-3.5574899153121584,official,5107,509
responder,28,34,62,1.4855821598560682e-05,5.9670583279951563e-05,0.42557282813940311,0.021528338888776415,2.9004716894675107,short,712,4903
responders,79,64,143,4.1914639510224784e-05,0.00011232109793873236,0.29108200173675591,0.0093359835090464135,3.0125572915996597,short,673,4943
responding,62,7,69,3.2895033539670081e-05,1.2285120087048851e-05,-0.18344573767831385,0.020792043634091088,-1.2722106783411253,official,3544,2072
response,626,268,894,0.00033213372573924954,0.00047034459761844169,0.09248957089384291,0.0015190412383375266,2.3730559757628029,short,924,4692
responsibilities,197,16,213,0.00010452131624701623,2.8080274484683089e-05,-0.22143061854745838,0.0068063977598549572,-2.6839783638735915,official,4836,780
responsibility,417,350,767,0.00022124562880713588,0.00061425600435244254,0.30286780111006628,0.0017404110230941348,7.2598423817266271,short,131,5485
responsible,297,207,504,0.00015757782195616153,0.00036328855114558747,0.24188529897178768,0.0026554704276062976,4.693953029335483,short,308,5308
responsive,43,10,53,2.2814297454932476e-05,1.755017155292693e-05,-0.060191452435526926,0.026290243647391829,-0.37122525786444094,official,2769,2847
responsiveness,18,9,27,9.5501710276461537e-06,1.5795154397634238e-05,0.13788128678364941,0.050000561102048827,0.61662040028677401,short,2042,3575
restate,31,0,31,1.644751676983504e-05,0,-0.33212791339143699,0.048387657876598558,-1.5098648555654945,official,3915,1713
restitution,80,78,158,4.2445204567316236e-05,0.00013689133811283007,0.35260762379019717,0.0084395299420286594,3.8382439042100573,short,460,5156
restoration,472,1012,1484,0.00025042670694716578,0.0017760773611562052,0.60518596041034201,0.00091244994215707519,20.034768121693695,short,18,5598
restore,1001,57,1058,0.00053109562214854447,0.0001000359778516835,-0.25244858515617974,0.0013830949702431578,-6.7880798133975757,official,5470,146
restoring,79,127,206,4.1914639510224784e-05,0.000222887178722172,0.51672104618815951,0.0065123360800971647,6.4030626088767066,short,171,5445
restrain,41,1,42,2.1753167340749571e-05,1.7550171552926931e-06,-0.29662209662449079,0.035304567829404963,-1.578657984580391,official,3985,1632
restraint,33,16,49,1.7508646884017949e-05,2.8080274484683089e-05,0.1286939229278925,0.027580298443019333,0.77492301383376883,short,1938,3678
restraints,39,3,42,2.0692037226566665e-05,5.2650514658780786e-06,-0.22676714721379732,0.0345684623395126,-1.2196637203029173,official,3498,2122
restrict,378,0,378,0.00020055359158056922,0,-0.33217311756506263,0.0039688151454636686,-5.2727119563203493,official,5365,251
restricted,58,13,71,3.077277331130427e-05,2.281522301880501e-05,-0.067974254124347766,0.019657261001015915,-0.48482270326695093,official,2867,2749
restricting,46,3,49,2.4405992626206838e-05,5.2650514658780786e-06,-0.2416145671112524,0.029757646126696451,-1.4006312996020871,official,3731,1887
restriction,49,34,83,2.5997687797481196e-05,5.9670583279951563e-05,0.24040358395370554,0.016123327238291386,1.8932745788423646,short,1177,4439
restrictions,481,18,499,0.0002552017924609889,3.1590308795268477e-05,-0.27854129825165508,0.0029552053443658286,-5.1238424063404757,official,5356,260
restrictive,34,2,36,1.8039211941109402e-05,3.5100343105853862e-06,-0.24988934421618936,0.040602064862993684,-1.2401484562648453,official,3512,2105
restructure,79,2,81,4.1914639510224784e-05,3.5100343105853862e-06,-0.29531933084626871,0.018298753884379307,-2.1831376411358243,official,4575,1042
restructuring,54,83,137,2.8650513082938459e-05,0.00014566642388929351,0.50240615161341751,0.0097816177696161532,5.0798349799443194,short,265,5351
result,556,3,559,0.00029499417174284784,5.2650514658780786e-06,-0.32415567140732904,0.0026767816335577658,-6.2653761927822531,official,5439,177
resulting,353,5,358,0.0001872894651532829,8.7750857764634652e-06,-0.3112901209132044,0.0041618518707180413,-4.8252745478874495,official,5323,293
results,121,43,164,6.4198371908065811e-05,7.5465737677585801e-05,0.041255684225566469,0.0083402509377125764,0.45174591643664197,short,2201,3416
retail,216,27,243,0.00011460205233175384,4.7385463192902708e-05,-0.16962144893408393,0.0058829140907991993,-2.2114876353321637,official,4589,1027
retailers,78,0,78,4.1384074453133331e-05,0,-0.33213403541995312,0.019231330343305094,-2.3950176495866011,official,4711,905
retain,109,5,114,5.7831591222968371e-05,8.7750857764634652e-06,-0.26703701697379145,0.012888227397850272,-2.3522033972372065,official,4682,933
retainer,30,23,53,1.5916951712743588e-05,4.036539457173194e-05,0.27292203953548189,0.02520664861636664,1.7190204943707272,short,1299,4318
retaining,23,6,29,1.2202996313103419e-05,1.0530102931756157e-05,-0.034872762803848545,0.047802758904509059,-0.1594997015130627,official,2609,3007
retaliation,32,5,37,1.6978081826926497e-05,8.7750857764634652e-06,-0.13541559514906076,0.038302838536691614,-0.69191572834611981,official,3038,2583
retarded,39,19,58,2.0692037226566665e-05,3.3345325950561165e-05,0.130120854703069,0.023296852446821507,0.85250764596107298,short,1878,3738
retention,261,141,402,0.00013847747990086923,0.00024745741889626969,0.1613843930455463,0.0033504774424073969,2.7880989576504094,short,750,4866
retire,43,0,43,2.2814297454932476e-05,0,-0.33212947644089397,0.034884282035224132,-1.7782488084112784,official,4235,1392
retired,374,84,458,0.0001984313313522034,0.0001474214410445862,-0.067555659326796302,0.0030475027262900183,-1.22374149236867,official,3502,2114
retiree,46,93,139,2.4405992626206838e-05,0.00016321659544222045,0.58743893070871245,0.0097163113639058395,5.959530035269446,short,191,5425
retirees,89,63,152,4.7220290081139317e-05,0.00011056608078343966,0.24687995158314457,0.0088011015160883183,2.6315844310066536,short,814,4802
retirement,2314,771,3085,0.0012277275421096222,0.0013531182267306663,0.024470751917943012,0.00044511738958263625,1.159871917461637,short,1657,3959
retraining,89,43,132,4.7220290081139317e-05,7.5465737677585801e-05,0.12765351183612772,0.010239733718707511,1.2615034294491592,short,1601,4016
retroactive,46,12,58,2.4405992626206838e-05,2.1060205863512314e-05,-0.034873173502917965,0.023901660009998393,-0.22556797371863796,official,2669,2947
retrofit,28,8,36,1.4855821598560682e-05,1.4040137242341545e-05,-0.013670344712043203,0.038352833831205253,-0.069804068574152459,official,2545,3073
return,294,73,367,0.00015598612678488716,0.0001281162523363666,-0.045962650855573273,0.0037861477557550563,-0.74697538202996505,official,3074,2542
returning,55,12,67,2.9181078140029912e-05,2.1060205863512314e-05,-0.073551880964616956,0.020855510270416131,-0.5093113722038356,official,2892,2724
returns,183,6,189,9.7093405447735891e-05,1.0530102931756157e-05,-0.2848922430615719,0.0078169383080166303,-3.2222726295183897,official,5021,595
reunification,6,20,26,3.1833903425487179e-06,3.5100343105853861e-05,0.72393663416189291,0.052989691537234339,3.1448856478898679,short,632,4984
reuse,62,67,129,3.2895033539670081e-05,0.00011758614940461042,0.3868853284166569,0.010338204037863919,3.8050442435920102,short,467,5149
revenue,11570,241,11811,0.0061386377105481105,0.00042295913442553899,-0.30307956996024377,0.0001263072176330768,-26.967617407720226,official,5603,13
revenues,427,2,429,0.00022655127937805042,3.5100343105853862e-06,-0.32519374555436897,0.0034889711022328481,-5.5054585602364439,official,5388,228
reverse,62,19,81,3.2895033539670081e-05,3.3345325950561165e-05,0.0033489712532830396,0.016993568107257766,0.025690297377757,short,2483,3135
review,1552,499,2051,0.00082343696860593502,0.0008757535604910538,0.015362686523962665,0.00067026491802754478,0.59339505718657115,short,2058,3558
reviewing,31,0,31,1.644751676983504e-05,0,-0.33212791339143699,0.048387657876598558,-1.5098648555654945,official,3916,1714
reviews,67,4,71,3.5547858825127351e-05,7.0200686211707723e-06,-0.24874927023042659,0.020580271256179415,-1.7339487939886391,official,4171,1446
revise,1674,0,1674,0.00088816590557109229,0,-0.33234205914840409,0.0008966188044471201,-11.098936965755911,official,5564,52
revised,163,5,168,8.6482104305906837e-05,8.7750857764634652e-06,-0.28782255374791177,0.0088020559892805546,-3.0678403753814951,official,4990,626
revising,40,0,40,2.1222602283658118e-05,0,-0.33212908567713839,0.03750056110434493,-1.7150943922473294,official,4160,1460
revision,61,132,193,3.2364468482578628e-05,0.00023166226449863547,0.60756315067609812,0.0070144920956871065,7.2542632308855239,short,132,5484
revisions,31,7,38,1.644751676983504e-05,1.2285120087048851e-05,-0.066421731706702403,0.03671553694971802,-0.34664524883990677,official,2754,2863
revitalization,138,343,481,7.3217977878620513e-05,0.00060197088426539372,0.6472183945848613,0.0028296623370198059,12.167001026162254,short,51,5565
revitalize,90,7,97,4.775085513823077e-05,1.2285120087048851e-05,-0.22570311968266488,0.014963539315297297,-1.8451020757739391,official,4305,1311
revocation,28,7,35,1.4855821598560682e-05,1.2285120087048851e-05,-0.044442434230242966,0.039683100786200437,-0.22309767193986205,official,2667,2952
revoke,29,1,30,1.5386386655652135e-05,1.7550171552926931e-06,-0.28253028089639542,0.049207778160747596,-1.2736442028462189,official,3554,2066
revolution,29,19,48,1.5386386655652135e-05,3.3345325950561165e-05,0.22191491140680952,0.027912947228478899,1.328261663192251,short,1540,4075
revolutionary,42,24,66,2.2283732397841024e-05,4.2120411727024629e-05,0.1787066180937753,0.02037093148166896,1.2520889769391146,short,1606,4010
revolving,114,50,164,6.0484416508425642e-05,8.7750857764634649e-05,0.099384900495882889,0.0082705806323054402,1.0928294932103,short,1710,3906
reward,44,18,62,2.3344862512023929e-05,3.1590308795268477e-05,0.07961286979486637,0.021934523374249983,0.53755038622620588,short,2110,3507
rewarding,31,6,37,1.644751676983504e-05,1.0530102931756157e-05,-0.097285737213706369,0.037962257410465175,-0.49931332884184304,official,2878,2740
rewards,29,19,48,1.5386386655652135e-05,3.3345325950561165e-05,0.22191491140680952,0.027912947228478899,1.328261663192251,short,1541,4076
rhode,45,18,63,2.3875427569115385e-05,3.1590308795268477e-05,0.07334312652840147,0.021605499381919524,0.49897325153600131,short,2154,3464
ribbon,21,12,33,1.1141866198920512e-05,2.1060205863512314e-05,0.17870418310542391,0.040741301844251517,0.88535463946968185,short,1857,3761
rice,53,26,79,2.8119948025847007e-05,4.563044603761002e-05,0.13218603140328433,0.01710012821378034,1.0108480571248191,short,1765,3851
richard,123,6,129,6.5259502022248716e-05,1.0530102931756157e-05,-0.26314444050070129,0.011376222499528053,-2.4671477580703023,official,4748,868
rico,165,97,262,8.7543234420089743e-05,0.00017023666406339123,0.18758198314589869,0.0051279968526966608,2.6194930347594236,short,818,4798
ridge,24,18,42,1.2733561370194872e-05,3.1590308795268477e-05,0.26571775446449131,0.031818742923969856,1.4896322454666457,short,1428,4189
right,654,375,1029,0.00034698954733781024,0.00065813143323475987,0.17984711125901143,0.0013069891157193151,4.9747067050453264,short,279,5337
right-of-way,25,35,60,1.3264126427286324e-05,6.1425600435244251e-05,0.47226076372118797,0.02229158278245038,3.1630890016630389,short,622,4994
right-to-know,14,77,91,7.4279107992803412e-06,0.00013513632095753735,0.83105828706619178,0.015476751595858009,6.6802325066156243,short,156,5460
rights,2414,1501,3915,0.0012807840478187675,0.0026342807500943323,0.20557141023437886,0.00034320297886251922,11.096529979768368,short,67,5549
rights-of-way,57,6,63,3.0242208254212821e-05,1.0530102931756157e-05,-0.19236677252433232,0.022826648066161644,-1.27323622721832,official,3545,2071
rigorous,35,0,35,1.8569776998200855e-05,0,-0.33212843440627182,0.042857703960410054,-1.6043222548468057,official,4036,1592
rio,75,56,131,3.9792379281858973e-05,9.8280960696390808e-05,0.26427011239763409,0.010202523642035685,2.6163403826574467,short,821,4795
rising,31,1,32,1.644751676983504e-05,1.7550171552926931e-06,-0.28560746690744843,0.046176607278722956,-1.329102720500865,official,3614,2006
risk,540,223,763,0.00028650513082938459,0.00039136882563027054,0.082280833881489102,0.0017822197641006576,1.949027902998149,short,1146,4470
risk-based,28,13,41,1.4855821598560682e-05,2.281522301880501e-05,0.11590280095937722,0.033011833246998294,0.63790955907673674,short,2029,3588
risks,209,4,213,0.00011088809693211368,7.0200686211707723e-06,-0.30411015660529017,0.0069785243191831711,-3.6404001761817977,official,5132,484
rita,69,22,91,3.6608988939310257e-05,3.8610377416439245e-05,0.013237799802302774,0.0151001186386989,0.10772726378778498,short,2427,3189
river,962,623,1585,0.00051040358492197781,0.0010933756877473477,0.21833744760003526,0.00084607879053822722,7.506246545371634,short,126,5490
rivers,536,114,650,0.00028438287060101881,0.00020007195570336699,-0.078771188644763512,0.0021526320862370325,-1.697784225960641,official,4149,1467
riverside,31,1,32,1.644751676983504e-05,1.7550171552926931e-06,-0.28560746690744843,0.046176607278722956,-1.329102720500865,official,3615,2007
road,36,39,75,1.9100342055292307e-05,6.8445669056415033e-05,0.38770366640317278,0.017781499947652366,2.9074731421399052,short,709,4908
roadless,36,24,60,1.9100342055292307e-05,4.2120411727024629e-05,0.22749756377298169,0.022321989681433851,1.5226858036312352,short,1406,4210
roads,58,24,82,3.077277331130427e-05,4.2120411727024629e-05,0.082822762346282275,0.016577380521755537,0.64326771921712955,short,2026,3590
robert,163,35,198,8.6482104305906837e-05,6.1425600435244251e-05,-0.076822351492909391,0.007062489736426817,-0.9141315151419297,official,3201,2415
rock,85,56,141,4.50980298527735e-05,9.8280960696390808e-05,0.22370509127575389,0.0095014820223064435,2.2949868043174804,short,950,4666
rocky,69,62,131,3.6608988939310257e-05,0.00010881106362814697,0.32541385345314566,0.010181908277705595,3.2249385777860384,short,603,5013
rodenticide,87,17,104,4.6159159966956405e-05,2.9835291639975781e-05,-0.095463585045308719,0.013500626023254325,-0.82160067288221483,official,3134,2484
rogue,17,9,26,9.019605970554701e-06,1.5795154397634238e-05,0.15517291414480994,0.051827803626750227,0.68160774085412645,short,2002,3618
role,218,3,221,0.00011566318244593674,5.2650514658780786e-06,-0.31185716064798541,0.0067427511858344294,-3.7978442773601455,official,5177,440
rollover,37,19,56,1.963090711238376e-05,3.3345325950561165e-05,0.14591529223999977,0.024086582614238301,0.94018477862926486,short,1814,3802
ronald,31,33,64,1.644751676983504e-05,5.7915566124658867e-05,0.38186757229432544,0.020836155251362662,2.6454769863128664,short,807,4809
roosevelt,34,20,54,1.8039211941109402e-05,3.5100343105853861e-05,0.18775577219513195,0.024877710985636955,1.1903867615230557,short,1641,3976
round,27,6,33,1.432525654146923e-05,1.0530102931756157e-05,-0.069760542813128268,0.042308253410865741,-0.33915428052838847,official,2747,2873
route,68,36,104,3.6078423882218804e-05,6.3180617590536954e-05,0.15517790447340651,0.012957371751393658,1.3632371834873998,short,1522,4095
routes,28,11,39,1.4855821598560682e-05,1.9305188708219622e-05,0.068354783323192336,0.034925934239076188,0.36575889360064651,short,2255,3360
routine,25,4,29,1.3264126427286324e-05,7.0200686211707723e-06,-0.13145471301413991,0.048822109923747629,-0.59493276718791555,official,2948,2677
royalties,53,12,65,2.8119948025847007e-05,2.1060205863512314e-05,-0.065857630801314571,0.021462150368607779,-0.4495411854127902,official,2825,2792
royalty,97,63,160,5.1464810537870939e-05,0.00011056608078343966,0.21913350148854782,0.008375916650147211,2.3943774008885859,short,917,4699
ru-486,16,13,29,8.4890409134632483e-06,2.281522301880501e-05,0.29203395051876946,0.046032307134450841,1.3611374158899783,short,1526,4091
rule,527,120,647,0.00027960778508719569,0.00021060205863512315,-0.064678838945811279,0.0021561309631489538,-1.392915102197686,official,3721,1895
rulemaking,165,38,203,8.7543234420089743e-05,6.6690651901122331e-05,-0.062267819296581095,0.0068673300393268973,-0.75139741475900701,official,3077,2539
rules,1289,43,1332,0.00068389835859088285,7.5465737677585801e-05,-0.28422833364288547,0.001109367878404315,-8.5335468180524341,official,5516,100
runaway,56,39,95,2.9711643197121365e-05,6.8445669056415033e-05,0.24159277744371899,0.014085764241848644,2.0356060785943062,short,1100,4516
rural,1623,1126,2749,0.00086110708765942817,0.0019761493168595724,0.24062244678031064,0.00048735453927010081,10.899677065066776,short,71,5545
russell,117,2,119,6.20761116797e-05,3.5100343105853862e-06,-0.30703233272498665,0.01250231206699674,-2.7459267301328185,official,4867,750
russia,19,13,32,1.0080736084737606e-05,2.281522301880501e-05,0.23586328829976821,0.041830626462828577,1.1532226527196725,short,1667,3952
russian,74,25,99,3.926181422476752e-05,4.3875428882317324e-05,0.028014408743320729,0.013845424068309646,0.23808296904423198,short,2340,3276
rx,6,32,38,3.1833903425487179e-06,5.6160548969366179e-05,0.8253419188765907,0.037013548118700001,4.2899629760491367,short,378,5239
ryan,12,26,38,6.3667806850974358e-06,4.563044603761002e-05,0.6078930220437524,0.035625561105375639,3.220670546117828,short,606,5010
s,133,59,192,7.0565152593163243e-05,0.00010354601216226889,0.10265915900759559,0.0070615479623705769,1.221652661709012,short,1619,3997
saccharin,34,9,43,1.8039211941109402e-05,1.5795154397634238e-05,-0.031538949206003863,0.032218343323279802,-0.17570965140577308,official,2622,2996
sacramento,43,16,59,2.2814297454932476e-05,2.8080274484683089e-05,0.053539898024293819,0.023137816011300719,0.35197867980535169,short,2269,3346
safe,986,907,1893,0.00052313714629217262,0.0015918005598504726,0.33346226915904875,0.00070504723963261387,12.558494879582527,short,47,5569
safeguard,105,40,145,5.5709330994602561e-05,7.0200686211707722e-05,0.05992176993937548,0.0094059665346328085,0.61784981110267345,short,2039,3577
safeguarding,30,52,82,1.5916951712743588e-05,9.126089207522004e-05,0.54038273073430432,0.0163918191120574,4.2207330511435499,short,389,5227
safeguards,101,17,118,5.358707076623675e-05,2.9835291639975781e-05,-0.12277947758670926,0.011974178575183477,-1.1220259875497984,official,3393,2223
safer,39,60,99,2.0692037226566665e-05,0.00010530102931756158,0.50269459387991411,0.013536246108130928,4.3207097587119527,short,372,5244
safety,3538,2634,6172,0.0018771391719895605,0.0046227151870409534,0.26397609113480947,0.00021710812692254041,17.915401825604167,short,23,5593
said,67,0,67,3.5547858825127351e-05,0,-0.33213260258435184,0.022388620811657316,-2.2197181756182234,official,4592,1024
sailors,21,12,33,1.1141866198920512e-05,2.1060205863512314e-05,0.17870418310542391,0.040741301844251517,0.88535463946968185,short,1858,3762
saint,42,30,72,2.2283732397841024e-05,5.2650514658780788e-05,0.2498051249405826,0.018576412506118113,1.8328225554053603,short,1209,4408
salaries,92,1,93,4.8811985252413675e-05,1.7550171552926931e-06,-0.31604929043936458,0.016044264393571244,-2.4951399774317173,official,4762,854
salary,98,76,174,5.1995375594962392e-05,0.00013338130380224466,0.27670213771745722,0.0076770317257384918,3.1580270578402976,short,625,4991
sale,1087,74,1161,0.00057672421705840936,0.00012987126949165928,-0.2380564073329845,0.0012551178070847814,-6.7195103850769993,official,5463,153
sales,542,159,701,0.00028756626094356749,0.0002790477276915382,-0.00732948912770226,0.0019678571827603563,-0.16522543989386954,official,2613,3003
salmon,93,72,165,4.9342550309505128e-05,0.00012636123518107391,0.27614277008552435,0.0080959394102866119,3.0690223591503649,short,658,4958
salt,40,15,55,2.1222602283658118e-05,2.6325257329390394e-05,0.055642908123560986,0.024812591183609477,0.35324315892818353,short,2267,3349
salvador,39,16,55,2.0692037226566665e-05,2.8080274484683089e-05,0.080410213554502619,0.02472336602307168,0.51139610537648972,short,2144,3472
salvage,21,8,29,1.1141866198920512e-05,1.4040137242341545e-05,0.059918923708977445,0.047027588129450723,0.27630430450718901,short,2320,3300
samaritan,5,66,71,2.6528252854572648e-06,0.00011583113224931773,0.95029867593794215,0.020457725924572692,6.6440278794940806,short,158,5458
samoa,43,16,59,2.2814297454932476e-05,2.8080274484683089e-05,0.053539898024293819,0.023137816011300719,0.35197867980535169,short,2270,3347
samples,42,0,42,2.2283732397841024e-05,0,-0.33212934618620515,0.035714846819061744,-1.7574495006982607,official,4206,1416
san,231,125,356,0.00012256052818812563,0.00021937714441158662,0.16188952660952793,0.0037831407712747471,2.6320401038112657,short,813,4803
sanction,18,7,25,9.5501710276461537e-06,1.2285120087048851e-05,0.065559763502996304,0.054506375054993665,0.28081074914955623,short,2312,3307
sanctions,353,148,501,0.0001872894651532829,0.00025974253898331857,0.086542618315828435,0.0027123534487141416,1.6617163363153091,short,1338,4278
sanctity,10,24,34,5.3056505709145295e-06,4.2120411727024629e-05,0.6372857195251278,0.03996921314201856,3.1876555574968601,short,614,5002
sanctuaries,64,25,89,3.3956163653852993e-05,4.3875428882317324e-05,0.066786267184220094,0.01530843865329227,0.53978613060054925,short,2108,3509
sanctuary,81,49,130,4.2975769624407689e-05,8.599584060934196e-05,0.1965615390621327,0.010326489798161928,1.9342926600091928,short,1152,4464
sand,29,17,46,1.5386386655652135e-05,2.9835291639975781e-05,0.18667346501356263,0.029206910312943212,1.0922945842158935,short,1711,3905
sands,23,16,39,1.2202996313103419e-05,2.8080274484683089e-05,0.24122600299783237,0.034311411544911644,1.3022813718761783,short,1557,4060
sandy,30,15,45,1.5916951712743588e-05,2.6325257329390394e-05,0.13788230888281916,0.030000561106266015,0.79605643699705553,short,1921,3696
sanitary,24,2,26,1.2733561370194872e-05,3.5100343105853862e-06,-0.21879745461544076,0.055714846815725444,-0.92695103760376385,official,3219,2400
sanitation,102,22,124,5.4117635823328202e-05,3.8610377416439245e-05,-0.075908879709556842,0.011274654953243564,-0.71489284777983708,official,3058,2558
sanity,0,36,36,0,6.3180617590536954e-05,1.054185996221463,0.041667227772173458,5.164400796292635,short,253,5363
santa,57,40,97,3.0242208254212821e-05,7.0200686211707722e-05,0.24406143833748395,0.013793337685379612,2.0780906200463849,short,1073,4543
sarbanes-oxley,26,2,28,1.3794691484377777e-05,3.5100343105853862e-06,-0.22676588476993587,0.051852412953722671,-0.99584840755359016,official,3292,2327
satellite,113,121,234,5.9953851451334182e-05,0.00021235707579041584,0.38385373220893726,0.0056993069418226038,5.0845760109536258,short,264,5352
satisfaction,26,3,29,1.3794691484377777e-05,5.2650514658780786e-06,-0.18057607145125942,0.04943237928396077,-0.81218402534031875,official,3118,2499
satisfy,48,0,48,2.5467122740389743e-05,0,-0.33213012771588346,0.031250561106069316,-1.8787948571785984,official,4343,1281
saturday,23,4,27,1.2202996313103419e-05,7.0200686211707723e-06,-0.11701376835468302,0.052258625617896751,-0.51186799278377126,official,2898,2722
saudi,25,10,35,1.3264126427286324e-05,1.755017155292693e-05,0.073342284737375252,0.03888944999271831,0.37191058095912383,short,2251,3366
save,103,311,414,5.4648200880419655e-05,0.00054581033529602747,0.69927268410594401,0.0033141075240807265,12.146838749977155,short,52,5564
savers,11,56,67,5.8362156280059822e-06,9.8280960696390808e-05,0.81652152891580521,0.020951155234639217,5.641098106171694,short,206,5410
saving,79,107,186,4.1914639510224784e-05,0.00018778683561631815,0.46150190152206783,0.0071871153307701587,5.4437251242177833,short,220,5396
savings,1215,840,2055,0.00064463654436611531,0.0014742144104458621,0.2394222614765642,0.00065179512722309105,9.3779729117627557,short,89,5527
scale,21,6,27,1.1141866198920512e-05,1.0530102931756157e-05,-0.01367029464944558,0.051136924738243793,-0.06045198584248216,official,2536,3083
scenic,540,194,734,0.00028650513082938459,0.00034047332812678246,0.044151454455461092,0.001863076828142352,1.02289164823992,short,1761,3855
schedule,223,15,238,0.00011831600773139401,2.6325257329390394e-05,-0.23900783457310837,0.0061223277147936734,-3.0545965070874255,official,4985,631
scheduled,70,0,70,3.7139553996401709e-05,0,-0.33213299335645985,0.021429132539382861,-2.2688705819284349,official,4629,989
schedules,84,31,115,4.4567464795682047e-05,5.4405531814073483e-05,0.051327517257220734,0.011875001818888304,0.47101356550030421,short,2183,3433
scheduling,23,8,31,1.2202996313103419e-05,1.4040137242341545e-05,0.035601355554920389,0.044160105262398948,0.1694148534701814,short,2386,3228
scheme,14,11,25,7.4279107992803412e-06,1.9305188708219622e-05,0.2809835131297671,0.053419364520533606,1.2157141721719413,short,1627,3992
schip,88,47,135,4.6689725024047858e-05,8.2485806298756569e-05,0.15786700879204574,0.0099793715547062678,1.5803008868954633,short,1387,4229
scholarly,50,4,54,2.6528252854572649e-05,7.0200686211707723e-06,-0.22292937285438086,0.026857325033316948,-1.3603038170567125,official,3675,1941
scholarship,185,140,325,9.8154535561918797e-05,0.00024570240174097701,0.26868621181190022,0.0041118831217899013,4.1901059011456772,short,396,5220
scholarships,137,25,162,7.2687412821529054e-05,4.3875428882317324e-05,-0.10831872517754881,0.0086926363202875102,-1.1617904039661169,official,3430,2186
school,1645,750,2395,0.00087277951891544009,0.0013162628664695197,0.11070148285850401,0.00056605143098917776,4.6529189979213958,short,313,5303
school-age,23,15,38,1.2202996313103419e-05,2.6325257329390394e-05,0.22044482133530607,0.035261928256009885,1.1739426258703149,short,1649,3969
school-based,56,18,74,2.9711643197121365e-05,3.1590308795268477e-05,0.015277892785256597,0.018562434022384666,0.11213624171290246,short,2422,3194
schoolbus,19,22,41,1.0080736084737606e-05,3.8610377416439245e-05,0.40982047311169367,0.032540243645479923,2.2718688147135406,short,962,4654
schoolbuses,35,0,35,1.8569776998200855e-05,0,-0.33212843440627182,0.042857703960410054,-1.6043222548468057,official,4037,1593
schools,1290,438,1728,0.00068442892364797435,0.00076869751401819958,0.029331795219547985,0.00079358727192836687,1.0412171131759032,short,1749,3867
science,901,490,1391,0.00047803911643939912,0.0008599584060934196,0.16349586912025593,0.00096849370838030587,5.2536166829215922,short,243,5373
sciences,88,25,113,4.6689725024047858e-05,4.3875428882317324e-05,-0.015028608847666547,0.012222062311189627,-0.13593977111953498,official,2596,3020
scientific,335,64,399,0.00017773929412563674,0.00011232109793873236,-0.099774731884808787,0.0035227862193227565,-1.6810375905581625,official,4123,1493
scientists,33,8,41,1.7508646884017949e-05,1.4040137242341545e-05,-0.05122234162693573,0.033922237883829899,-0.27811036858788496,official,2700,2916
sclerosis,35,12,47,1.8569776998200855e-05,2.1060205863512314e-05,0.031842113015024154,0.029144835600120836,0.18651813937908349,short,2375,3241
scope,100,0,100,5.3056505709145297e-05,0,-0.33213690112857996,0.015000561117278089,-2.711835720259232,official,4850,769
score,16,27,43,8.4890409134632483e-06,4.7385463192902708e-05,0.53199065211795649,0.031235427934596771,3.0100954758879905,short,677,4940
scouts,55,27,82,2.9181078140029912e-05,4.7385463192902708e-05,0.13239473058903251,0.016474143114514332,1.0315001202992182,short,1753,3864
scrap,19,7,26,1.0080736084737606e-05,1.2285120087048851e-05,0.050868917841563999,0.052525813626973367,0.22195559883827359,short,2349,3269
screen,18,16,34,9.5501710276461537e-06,2.8080274484683089e-05,0.32180714091027873,0.039231330334720441,1.6247223667298465,short,1361,4257
screening,454,211,665,0.00024087653591951965,0.00037030861976675822,0.11623047104660778,0.0020357688115299408,2.5760587867150906,short,839,4777
screenings,33,2,35,1.7508646884017949e-05,3.5100343105853862e-06,-0.24756992417156276,0.04173347048334785,-1.2118688792457284,official,3480,2136
sea,94,55,149,4.9873115366596581e-05,9.6525943541098119e-05,0.18609330915727185,0.0090177482526953897,1.9596644092422457,short,1137,4479
seabed,38,32,70,2.0161472169475213e-05,5.6160548969366179e-05,0.30387372893828868,0.019063741940497311,2.2008430878010938,short,1005,4612
seafood,42,35,77,2.2283732397841024e-05,6.1425600435244251e-05,0.30040829254750356,0.017332493887397403,2.2818200349135589,short,956,4660
seal,12,16,28,6.3667806850974358e-06,2.8080274484683089e-05,0.45633881536820908,0.047727833829930663,2.0888225566524024,short,1069,4548
seaports,23,3,26,1.2202996313103419e-05,5.2650514658780786e-06,-0.16350286638518163,0.054891482987491726,-0.69786736363649349,official,3049,2573
search,43,35,78,2.2814297454932476e-05,6.1425600435244251e-05,0.29263005722878432,0.017114581446544964,2.2368444842125079,short,983,4633
searches,35,5,40,1.8569776998200855e-05,8.7750857764634652e-06,-0.14980472336075579,0.035556116660181603,-0.79445324943075046,official,3104,2514
seas,39,15,54,2.0692037226566665e-05,2.6325257329390394e-05,0.062531699371438876,0.025246002903437377,0.39355362533727106,short,2230,3387
seashore,22,15,37,1.1672431256011964e-05,2.6325257329390394e-05,0.2347331768831431,0.036180482877683738,1.2340629027409507,short,1612,4003
seasonal,54,27,81,2.8650513082938459e-05,4.7385463192902708e-05,0.13788435312669378,0.016667227781367241,1.0680296282621016,short,1732,3884
second,138,145,283,7.3217977878620513e-05,0.0002544774875174405,0.37755817022783944,0.0047123066751268514,5.5000558492843243,short,215,5401
secondary,1663,119,1782,0.00088232968994308633,0.00020884704147983046,-0.2336859893128409,0.00081687617563744395,-8.1762574900919898,official,5507,109
secret,57,39,96,3.0242208254212821e-05,6.8445669056415033e-05,0.23586954110198022,0.013943916238434341,1.9974663853307915,short,1118,4498
secretaries,46,0,46,2.4405992626206838e-05,0,-0.33212986720558035,0.032609256757812136,-1.8392360963251253,official,4300,1321
secretary,8195,1,8196,0.0043479806428644574,1.7550171552926931e-06,-0.33301130788093758,0.00018356781058203548,-24.578802326213903,official,5601,15
secrets,15,16,31,7.9584758563717939e-06,2.8080274484683089e-05,0.38253445003514841,0.043016287282768031,1.8443956561175796,short,1200,4417
section,2121,47,2168,0.0011253284860909718,8.2485806298756569e-05,-0.30003412868647494,0.00068518341617108058,-11.46218032982393,official,5566,50
sections,93,0,93,4.9342550309505128e-05,0,-0.33213598930678678,0.016129593373833708,-2.6151959051824574,official,4808,810
sector,494,46,540,0.00026209913820317776,8.0730789143463881e-05,-0.20689149489660608,0.0026741638447595989,-4.0008164870721483,official,5212,404
sectors,82,7,89,4.3506334681499142e-05,1.2285120087048851e-05,-0.21629972493718164,0.016265180998341462,-1.6960026126039689,official,4145,1471
secure,418,198,616,0.00022177619386422735,0.00034749339674795322,0.12182448650826672,0.0021961804565608077,2.5995643844291143,short,830,4786
secured,60,6,66,3.1833903425487176e-05,1.0530102931756157e-05,-0.19859771304195917,0.021825957935683388,-1.3442733413996053,official,3634,1983
securing,35,126,161,1.8569776998200855e-05,0.00022113216156687931,0.74244059275116747,0.0085869225113303152,8.012036827798287,short,109,5507
securities,1083,136,1219,0.00057460195683004358,0.00023868233311980625,-0.16903605746326189,0.0011729736116528491,-4.9355463400718316,official,5339,277
security,12147,3439,15586,0.0064447737484898794,0.0060355039970515709,-0.015946945365549858,8.9185214693456895e-05,-1.688616681525712,official,4127,1489
sediment,22,7,29,1.1672431256011964e-05,1.2285120087048851e-05,0.01271676112228981,0.04738618201740015,0.058418533996463573,short,2454,3163
seed,30,17,47,1.5916951712743588e-05,2.9835291639975781e-05,0.17610438341289303,0.028612574093822545,1.0410982128456612,short,1750,3866
seeds,21,10,31,1.1141866198920512e-05,1.755017155292693e-05,0.12335322631825107,0.043621574236175492,0.5906087076735369,short,2065,3552
seek,125,1,126,6.6320632136431621e-05,1.7550171552926931e-06,-0.32025839892981978,0.011858640615990287,-2.9409190755248389,official,4949,668
seeking,158,0,158,8.3829279020449567e-05,0,-0.3321444564178222,0.0094942320158566684,-3.4087652041284784,official,5079,538
segment,63,0,63,3.3425598596761534e-05,0,-0.33213208155631868,0.023810084918826378,-2.1524365355429511,official,4555,1067
segments,99,0,99,5.2525940652053844e-05,0,-0.33213677086801496,0.015152076268577683,-2.6982419196099605,official,4845,773
seizure,22,23,45,1.1672431256011964e-05,4.036539457173194e-05,0.3758454348340976,0.029631816593985338,2.1833840884365272,short,1014,4602
seizures,20,8,28,1.0611301141829059e-05,1.4040137242341545e-05,0.073342074292639836,0.04861167221331926,0.33264646170376272,short,2281,3336
select,79,19,98,4.1914639510224784e-05,3.3345325950561165e-05,-0.052954596593439263,0.014197287179048073,-0.4444275575500572,official,2822,2794
selected,166,13,179,8.8073799477181189e-05,2.281522301880501e-05,-0.22504176173200108,0.0081074451930096235,-2.4993156480437819,official,4765,850
selecting,29,0,29,1.5386386655652135e-05,0,-0.33212765288463508,0.051724699033008407,-1.4603469575681074,official,3839,1787
selection,90,27,117,4.775085513823077e-05,4.7385463192902708e-05,-0.0018822784174545859,0.011775923441301244,-0.017345482127336848,official,2507,3109
selective,53,27,80,2.8119948025847007e-05,4.7385463192902708e-05,0.14350774093384189,0.016865152499489583,1.1050455795986132,short,1700,3916
self,35,23,58,1.8569776998200855e-05,4.036539457173194e-05,0.22287831730957386,0.023098928293906643,1.4664656845841795,short,1443,4173
self-defense,11,31,42,5.8362156280059822e-06,5.4405531814073483e-05,0.68120275624508153,0.03256711577180714,3.7747374293464002,short,475,5141
self-determination,86,54,140,4.5628594909864952e-05,9.4770926385805417e-05,0.20835852959582901,0.0095799790652564554,2.1287712875359395,short,1042,4574
self-employed,108,29,137,5.7301026165876919e-05,5.0895497503488099e-05,-0.028248689814237338,0.010106290165487771,-0.28099748199520275,official,2701,2915
self-employment,106,11,117,5.6239896051694013e-05,1.9305188708219622e-05,-0.19412727022076126,0.012297366054296485,-1.7505740938799403,official,4191,1425
self-governance,26,22,48,1.3794691484377777e-05,3.8610377416439245e-05,0.30545954603638137,0.027799788906534027,1.8320315684633401,short,1212,4405
self-government,42,15,57,2.2283732397841024e-05,2.6325257329390394e-05,0.042570566050514458,0.023990460098751599,0.27484645285022996,short,2322,3294
self-help,37,11,48,1.963090711238376e-05,1.9305188708219622e-05,-0.0040905875703725059,0.028714419531413588,-0.024139911506557244,official,2509,3106
self-management,29,10,39,1.5386386655652135e-05,1.755017155292693e-05,0.033336429115811583,0.03511460672293891,0.17789968269272699,short,2381,3235
self-sufficiency,127,50,177,6.7381762250614527e-05,8.7750857764634649e-05,0.06895062189743939,0.0076953211645107667,0.78600410230470186,short,1927,3689
sell,175,2,177,9.284888499100427e-05,3.5100343105853862e-06,-0.31524399843132755,0.0084280624036690253,-3.4338629349235297,official,5086,530
sellers,71,7,78,3.7670119053493162e-05,1.2285120087048851e-05,-0.20027797652602075,0.018476676391255518,-1.4734020463879844,official,3851,1766
selling,67,2,69,3.5547858825127351e-05,3.5100343105853862e-06,-0.28895956901247644,0.021438009329432441,-1.9735350918600796,official,4415,1202
semiautomatic,27,3,30,1.432525654146923e-05,5.2650514658780786e-06,-0.18552262563928679,0.047847451054511242,-0.84813986871307967,official,3153,2466
semiconductor,17,18,35,9.019605970554701e-06,3.1590308795268477e-05,0.38007704099228512,0.038099254863350321,1.9472127086530371,short,1148,4468
semipostal,36,15,51,1.9100342055292307e-05,2.6325257329390394e-05,0.084771702056736231,0.026646329132637678,0.51931660479589303,short,2133,3483
senate,378,61,439,0.00020055359158056922,0.00010705604647285428,-0.13003064856464341,0.0032245514018705373,-2.2898713138890177,official,4644,972
senator,31,16,47,1.644751676983504e-05,2.8080274484683089e-05,0.14745206050206328,0.028694089800282027,0.87047162569788417,short,1870,3746
senior,222,271,493,0.00011778544267430255,0.00047560964908431981,0.42739641332597245,0.0027080631394095431,8.2129935234494784,short,106,5510
seniors,118,314,432,6.2606676736791446e-05,0.00055107538676190564,0.66595056527253327,0.0031592255984222743,11.84818077962894,short,57,5559
sense,187,114,301,9.9215665676101702e-05,0.00020007195570336699,0.19901118201654455,0.0044593800491049508,2.9801644922304762,short,686,4930
sensible,21,25,46,1.1141866198920512e-05,4.3875428882317324e-05,0.41901859866324109,0.029010441283625683,2.4601190988504116,short,891,4727
sensing,22,15,37,1.1672431256011964e-05,2.6325257329390394e-05,0.2347331768831431,0.036180482877683738,1.2340629027409507,short,1613,4004
sensitive,84,4,88,4.4567464795682047e-05,7.0200686211707723e-06,-0.26469181275384912,0.016684079820679695,-2.0492237413544094,official,4477,1139
sent,27,1,28,1.432525654146923e-05,1.7550171552926931e-06,-0.27901713621565527,0.052665137904322437,-1.2158199463805444,official,3489,2131
sentence,44,5,49,2.3344862512023929e-05,8.7750857764634652e-06,-0.18259571846810019,0.02927176779712751,-1.0672498789654823,official,3351,2267
sentences,69,0,69,3.6608988939310257e-05,0,-0.33213286309898749,0.021739691545378491,-2.2526056048650052,official,4617,1001
sentencing,125,131,256,6.6320632136431621e-05,0.00022990724734334278,0.37668878667473571,0.0052092124024495784,5.2191125116602199,short,250,5366
separate,154,7,161,8.1707018792083756e-05,1.2285120087048851e-05,-0.26760239816614018,0.0091275452578051253,-2.8009993214118194,official,4890,726
separated,65,9,74,3.4486728710944446e-05,1.5795154397634238e-05,-0.15461460915419067,0.019242998487580539,-1.1145874638217668,official,3390,2226
separately,44,0,44,2.3344862512023929e-05,0,-0.33212960669568581,0.034091470196116212,-1.7988076501041976,official,4260,1366
separation,137,32,169,7.2687412821529054e-05,5.6160548969366179e-05,-0.059260946432347694,0.0082436593682698196,-0.6526924124059581,official,2999,2619
september,1275,48,1323,0.0006764704477916025,8.4240823454049258e-05,-0.27832367776840794,0.0011148674565744493,-8.3356320405521931,official,5511,105
seq,72,0,72,3.8200684110584615e-05,0,-0.33213325387171366,0.020833894444575871,-2.3010556950072849,official,4648,970
sequester,20,13,33,1.0611301141829059e-05,2.281522301880501e-05,0.21937578393989021,0.040607616066651482,1.0886416318950287,short,1718,3903
sequestration,89,26,115,4.7220290081139317e-05,4.563044603761002e-05,-0.0083371888032424124,0.011994720487847327,-0.076124520584682068,official,2547,3069
sequoia,24,16,40,1.2733561370194872e-05,2.8080274484683089e-05,0.22749567993500186,0.033482703962387353,1.2432626661390067,short,1608,4008
series,42,0,42,2.2283732397841024e-05,0,-0.33212934618620515,0.035714846819061744,-1.7574495006982607,official,4207,1417
seriously,61,0,61,3.2364468482578628e-05,0,-0.33213182104291938,0.0245907250432977,-2.1179944598153466,official,4528,1088
servants,18,8,26,9.5501710276461537e-06,1.4040137242341545e-05,0.103195297945053,0.052139598534932143,0.45193509509129132,short,2198,3420
serve,271,37,308,0.00014378313047178374,6.4935634745829642e-05,-0.15675411451251442,0.0046262276055889767,-2.3046525016292052,official,4652,964
served,191,3,194,0.00010133792590446751,5.2650514658780786e-06,-0.3090398876591447,0.007674105867092231,-3.5277730989115135,official,5101,515
service,8068,1306,9374,0.0042805988806138423,0.0022920524048122572,-0.12997497770754052,0.00015152903097361369,-10.558733503092265,official,5557,59
service-connected,271,0,271,0.00014378313047178374,0,-0.3321591772017829,0.0055356165046944452,-4.4644016324967666,official,5287,329
service-connection,32,0,32,1.6978081826926497e-05,0,-0.33212804364498894,0.046875561102620561,-1.5340245419763083,official,3951,1668
servicemember,14,33,47,7.4279107992803412e-06,5.7915566124658867e-05,0.63218847012362467,0.028894003730659968,3.7191415566333914,short,490,5126
servicemembers,143,110,253,7.587080316407777e-05,0.00019305188708219624,0.27404069822918409,0.0052806346183375801,3.7711343615873951,short,476,5140
servicers,28,0,28,1.4855821598560682e-05,0,-0.33212752263139222,0.053571989673186944,-1.4349473872580845,official,3800,1819
services,8126,1639,9765,0.0043113716539251471,0.0028764731175247239,-0.089663971251295216,0.00014414585654520026,-7.4682163107451487,official,5486,130
servicing,24,22,46,1.2733561370194872e-05,3.8610377416439245e-05,0.33204212081876072,0.02899215774553059,1.9500821616943056,short,1145,4473
serving,241,22,263,0.00012786617875904018,3.8610377416439245e-05,-0.20908569685508205,0.0054934600676048136,-2.8209886487694393,official,4899,717
sesquicentennial,19,20,39,1.0080736084737606e-05,3.5100343105853861e-05,0.37812388059031932,0.034191092957971556,2.0449260831977649,short,1096,4522
set,248,2,250,0.00013158013415868032,3.5100343105853862e-06,-0.32017912803519266,0.0059768472464941328,-4.1414930730403308,official,5241,375
set-aside,26,6,32,1.3794691484377777e-05,1.0530102931756157e-05,-0.061834347288343139,0.043557729886986932,-0.29627647036143967,official,2711,2905
setting,119,4,123,6.3137241793882905e-05,7.0200686211707723e-06,-0.28374111179880934,0.012006808275451031,-2.5894556559176078,official,4798,818
settings,26,1,27,1.3794691484377777e-05,1.7550171552926931e-06,-0.27706705409365107,0.054582771344186647,-1.1859246492447608,official,3461,2162
settle,61,0,61,3.2364468482578628e-05,0,-0.33213182104291938,0.0245907250432977,-2.1179944598153466,official,4529,1089
settlement,509,377,886,0.00027005761405954955,0.00066164146754534524,0.26171489992611185,0.0015091728234765123,6.7368823105673634,short,154,5462
settlements,33,25,58,1.7508646884017949e-05,4.3875428882317324e-05,0.26901087928928824,0.023037764869725731,1.7723507497200377,short,1260,4356
seven,33,2,35,1.7508646884017949e-05,3.5100343105853862e-06,-0.24756992417156276,0.04173347048334785,-1.2118688792457284,official,3481,2137
severance,24,11,35,1.2733561370194872e-05,1.9305188708219622e-05,0.11212887087638812,0.038688844081041125,0.57006525470856395,short,2083,3536
severe,176,13,189,9.3379450048095716e-05,2.281522301880501e-05,-0.23062367557447594,0.0076907822140965436,-2.6297752445040223,official,4816,800
severely,73,1,74,3.8731249167676067e-05,1.7550171552926931e-06,-0.31193024595816077,0.020136615533498579,-2.1981850433590862,official,4582,1034
sewage,68,27,95,3.6078423882218804e-05,4.7385463192902708e-05,0.071296924817557894,0.014332251754347144,0.5955436305530375,short,2055,3560
sewer,49,13,62,2.5997687797481196e-05,2.281522301880501e-05,-0.031019564092764185,0.022342903452160258,-0.20752283230511681,official,2654,2962
sex,397,81,478,0.00021063432766530682,0.00014215638957870813,-0.087067922367149109,0.0029323271118362601,-1.6078738552797363,official,4043,1573
sexual,556,143,699,0.00029499417174284784,0.00025096745320685507,-0.038098343690400327,0.0019850224595315824,-0.8551127517512821,official,3162,2454
sexually,70,8,78,3.7139553996401709e-05,1.4040137242341545e-05,-0.18184734346852771,0.018385224846486591,-1.3411349742663048,official,3625,1990
shale,79,49,128,4.1914639510224784e-05,8.599584060934196e-05,0.20446506651199314,0.010481196514589284,1.9971638031661407,short,1120,4497
shall,1427,0,1427,0.00075711633646950336,0,-0.33230984780169592,0.0010517176753721711,-10.246926595338042,official,5550,66
share,212,73,285,0.00011247979210338803,0.0001281162523363666,0.032970104379055343,0.0048059296852571605,0.47558879705883289,short,2182,3434
shared,74,9,83,3.926181422476752e-05,1.5795154397634238e-05,-0.17343968442750857,0.017239553083103303,-1.3209472441505681,official,3598,2018
shareholder,29,37,66,1.5386386655652135e-05,6.4935634745829642e-05,0.44188756596845735,0.020235614765580875,3.1063728364301415,short,646,4970
shareholders,68,3,71,3.6078423882218804e-05,5.2650514658780786e-06,-0.26939309964727975,0.020708319229025714,-1.8720353343198988,official,4332,1284
sharing,234,111,345,0.0001241522233594,0.00019480690423748893,0.12223098465353033,0.0039206593492302089,1.9520986244065424,short,1141,4475
sheep,24,7,31,1.2733561370194872e-05,1.2285120087048851e-05,-0.0087238306193633264,0.044498168758300961,-0.0413557741979097,official,2524,3094
shelf,385,67,452,0.00020426754698020939,0.00011758614940461042,-0.11691816595009641,0.0031220866007627443,-2.0924713551068304,official,4509,1107
shellfish,21,10,31,1.1141866198920512e-05,1.755017155292693e-05,0.12335322631825107,0.043621574236175492,0.5906087076735369,short,2066,3553
shelter,41,38,79,2.1753167340749571e-05,6.6690651901122331e-05,0.33571652922245043,0.016880902995229829,2.5838951539546979,short,835,4780
shelters,36,10,46,1.9100342055292307e-05,1.755017155292693e-05,-0.020344632115543604,0.030052825914562816,-0.11735650931421011,official,2575,3040
sherman,67,0,67,3.5547858825127351e-05,0,-0.33213260258435184,0.022388620811657316,-2.2197181756182234,official,4593,1025
shield,19,25,44,1.0080736084737606e-05,4.3875428882317324e-05,0.45200337971773408,0.030366330602816981,2.5938539809385057,short,832,4784
ship,41,27,68,2.1753167340749571e-05,4.7385463192902708e-05,0.22355860709048692,0.019701188827977559,1.5927410679330041,short,1383,4233
shipbuilding,18,25,43,9.5501710276461537e-06,4.3875428882317324e-05,0.46966557276420495,0.031099886082289151,2.6632340072555718,short,803,4813
shipment,43,10,53,2.2814297454932476e-05,1.755017155292693e-05,-0.060191452435526926,0.026290243647391829,-0.37122525786444094,official,2770,2848
shipping,91,84,175,4.8281420195322223e-05,0.0001474214410445862,0.33437939792067972,0.0076209634954130931,3.8303157015407669,short,462,5154
ships,38,14,52,2.0161472169475213e-05,2.4570240174097702e-05,0.050869459020924879,0.026263187370344901,0.3138942809289807,short,2299,3317
shooting,34,17,51,1.8039211941109402e-05,2.9835291639975781e-05,0.13788264958591512,0.02647114934296587,0.84746782982103608,short,1885,3733
shoreline,47,15,62,2.493655768329829e-05,2.6325257329390394e-05,0.013481185527547623,0.022161886023548859,0.090557563062190996,short,2438,3178
short,57,38,95,3.0242208254212821e-05,6.6690651901122331e-05,0.2275008605648452,0.014098305479239103,1.9160180034995689,short,1166,4450
short-term,59,12,71,3.1303338368395723e-05,2.1060205863512314e-05,-0.087673052376702643,0.019741061575093692,-0.62399466330292319,official,2968,2649
shortage,158,61,219,8.3829279020449567e-05,0.00010705604647285428,0.063573423232410775,0.0062245096116883974,0.80579213948970474,short,1912,3704
shortages,112,11,123,5.9423286394242729e-05,1.9305188708219622e-05,-0.2007322584353588,0.011718566838954775,-1.854299666252933,official,4311,1305
shoshone,17,11,28,9.019605970554701e-06,1.9305188708219622e-05,0.2179249864106243,0.047863808965624685,0.99610105331182053,short,1777,3840
showing,26,0,26,1.3794691484377777e-05,0,-0.33212726212521027,0.057692868793634985,-1.3827493339984507,official,3708,1922
shrimp,22,12,34,1.1672431256011964e-05,2.1060205863512314e-05,0.16431531540214905,0.03959683439565178,0.82574853365064593,short,1901,3714
shutdown,43,43,86,2.2814297454932476e-05,7.5465737677585801e-05,0.3610362310350741,0.015504437085670219,2.8994978113824335,short,714,4902
shuttle,14,12,26,7.4279107992803412e-06,2.1060205863512314e-05,0.30973335726715945,0.051316350575686162,1.367288302310427,short,1518,4103
sick,48,3,51,2.5467122740389743e-05,5.2650514658780786e-06,-0.24511745817208386,0.02862008972641325,-1.4489011226443567,official,3809,1809
sierra,17,15,32,9.019605970554701e-06,2.6325257329390394e-05,0.31935485706001998,0.041685320113450865,1.5641628081979442,short,1389,4228
signals,47,0,47,2.493655768329829e-05,0,-0.33212999746068128,0.031915454722875047,-1.8591206890678307,official,4322,1298
signed,29,0,29,1.5386386655652135e-05,0,-0.33212765288463508,0.051724699033008407,-1.4603469575681074,official,3840,1788
significance,45,3,48,2.3875427569115385e-05,5.2650514658780786e-06,-0.23975512426640755,0.0303610924155359,-1.3759707478356231,official,3687,1929
significant,293,10,303,0.00015545556172779572,1.755017155292693e-05,-0.28304803051066685,0.0048733016895091148,-4.0546044099178937,official,5222,394
significantly,73,0,73,3.8731249167676067e-05,0,-0.33213338412949689,0.020548506316937543,-2.3169806212050648,official,4658,959
signing,22,6,28,1.1672431256011964e-05,1.0530102931756157e-05,-0.024639456271868809,0.049412325807978059,-0.11084432720629971,official,2567,3050
silver,52,21,73,2.7589382968755554e-05,3.685536026114655e-05,0.076006624751167706,0.018638858984979214,0.55672636120513797,short,2089,3527
similar,239,0,239,0.00012680504864485726,0,-0.3321550083505489,0.0062767117748573128,-4.1925158395489079,official,5249,367
similarly,31,0,31,1.644751676983504e-05,0,-0.33212791339143699,0.048387657876598558,-1.5098648555654945,official,3917,1715
simon,11,19,30,5.8362156280059822e-06,3.3345325950561165e-05,0.53927828978002701,0.04479896827100284,2.547879771103172,short,853,4765
simple,17,32,49,9.019605970554701e-06,5.6160548969366179e-05,0.56582929066467003,0.027497755271944851,3.4122182711119993,short,559,5056
simplification,132,445,577,7.0034587536071797e-05,0.0007809826341052484,0.72685912613783543,0.0023894720619086676,14.86959942389398,short,32,5584
simplified,81,18,99,4.2975769624407689e-05,3.1590308795268477e-05,-0.069762406284288758,0.014103125220638666,-0.58744034616012719,official,2938,2679
simplify,351,1,352,0.00018622833503909999,1.7550171552926931e-06,-0.32791082322425247,0.0042558974681475899,-5.0264361856725417,official,5349,267
simplifying,43,18,61,2.2814297454932476e-05,3.1590308795268477e-05,0.08608241281146789,0.022274173573369371,0.57678456712724335,short,2076,3540
single,211,38,249,0.00011194922704629658,6.6690651901122331e-05,-0.11073208055106676,0.0056587947525043054,-1.4720124693646655,official,3845,1771
single-employer,25,7,32,1.3264126427286324e-05,1.2285120087048851e-05,-0.018466557070226486,0.04318544639316256,-0.088862233746682839,official,2559,3060
single-family,37,0,37,1.963090711238376e-05,0,-0.33212869491431007,0.040541101644238832,-1.6495239516689466,official,4093,1535
sioux,59,36,95,3.1303338368395723e-05,6.3180617590536954e-05,0.19927585174032814,0.01412765539799043,1.6765620350244383,short,1323,4293
site,432,209,641,0.00022920410466350767,0.00036679858545617285,0.12807969931603225,0.0021089982831182358,2.7889593623678466,short,749,4867
sites,344,24,368,0.00018251437963945981,4.2120411727024629e-05,-0.23582723752143586,0.0039560759665889312,-3.749398941357271,official,5165,451
siting,53,20,73,2.8119948025847007e-05,3.5100343105853861e-05,0.057342604872632208,0.018689757221133512,0.41944554645451471,short,2226,3390
situated,31,0,31,1.644751676983504e-05,0,-0.33212791339143699,0.048387657876598558,-1.5098648555654945,official,3918,1716
situations,51,1,52,2.7058817911664101e-05,1.7550171552926931e-06,-0.30341998174834117,0.028577223499367293,-1.7948748085602848,official,4243,1373
size,133,16,149,7.0565152593163243e-05,2.8080274484683089e-05,-0.17494872244755832,0.0096072664801264227,-1.7848875362202028,official,4238,1378
ski,18,12,30,9.5501710276461537e-06,2.1060205863512314e-05,0.22749473802775988,0.044643418245721274,1.0766948500178013,short,1724,3896
skies,3,31,34,1.5916951712743589e-06,5.4405531814073483e-05,0.924505627880567,0.042412203516436979,4.4891502457466528,short,337,5280
skill,36,11,47,1.9100342055292307e-05,1.9305188708219622e-05,0.0026257580168813632,0.029290133187901381,0.015342425633272906,short,2485,3131
skilled,161,40,201,8.5420974191723932e-05,7.0200686211707722e-05,-0.045827710145047718,0.0069123696738868975,-0.55120694321646679,official,2919,2696
skills,223,101,324,0.00011831600773139401,0.00017725673268456199,0.1086781429775403,0.0041816559126168851,1.6806143282270412,short,1316,4301
skin,36,6,42,1.9100342055292307e-05,1.0530102931756157e-05,-0.12448661477829326,0.033654407258959518,-0.67858098245232412,official,3028,2591
slaughter,47,21,68,2.493655768329829e-05,3.685536026114655e-05,0.10473047241760014,0.019932168341653841,0.74181530492651526,short,1963,3655
slavery,51,15,66,2.7058817911664101e-05,2.6325257329390394e-05,-0.0067016552369967286,0.020893248670146799,-0.046363807651148871,official,2528,3088
slope,29,2,31,1.5386386655652135e-05,3.5100343105853862e-06,-0.23681661138218857,0.046970258072214423,-1.0926993614999132,official,3372,2244
sludge,91,27,118,4.8281420195322223e-05,4.7385463192902708e-05,-0.0045774245289234017,0.011681801842029469,-0.04235125408775741,official,2525,3090
small,3246,1907,5153,0.0017222141753188563,0.0033468177151431654,0.1877553883622225,0.00026126716884907381,11.615823115390162,short,59,5557
smaller,41,9,50,2.1753167340749571e-05,1.5795154397634238e-05,-0.072300220317005781,0.02793872463839029,-0.43255001562116352,official,2817,2801
smart,50,65,115,2.6528252854572649e-05,0.00011407611509402505,0.44805617545215704,0.011616722740327825,4.15710175904736,short,402,5214
smarter,1,35,36,5.3056505709145302e-07,6.1425600435244251e-05,1.0128002189531298,0.041112095174731113,4.9950401281687205,short,276,5340
smith,31,43,74,1.644751676983504e-05,7.5465737677585801e-05,0.46925137866674227,0.018071379184909378,3.4906789570629293,short,530,5086
smithsonian,83,32,115,4.4036899738590594e-05,5.6160548969366179e-05,0.063191837479859458,0.0118537872612511,0.58040670318297938,short,2074,3542
smoke,30,19,49,1.5916951712743588e-05,3.3345325950561165e-05,0.21108743632740001,0.027364671308395545,1.2760487528532685,short,1591,4026
smokeless,25,10,35,1.3264126427286324e-05,1.755017155292693e-05,0.073342284737375252,0.03888944999271831,0.37191058095912383,short,2252,3367
smoking,72,61,133,3.8200684110584615e-05,0.00010705604647285428,0.30588838939226193,0.010033249083566963,3.0538112855814381,short,663,4954
smoky,14,18,32,7.4279107992803412e-06,3.1590308795268477e-05,0.44441084571028355,0.041739691538415169,2.1752542787778482,short,1021,4595
smuggling,91,39,130,4.8281420195322223e-05,6.8445669056415033e-05,0.092764268840575426,0.010442607767079365,0.9077708713256929,short,1838,3778
snake,21,14,35,1.1141866198920512e-05,2.4570240174097702e-05,0.22749520898040032,0.038265867226503283,1.162964545161965,short,1655,3963
social,8076,1295,9371,0.0042848434010705743,0.0022727472161040373,-0.13157912470075317,0.00015163550005705813,-10.6852957982869,official,5558,58
socially,29,2,31,1.5386386655652135e-05,3.5100343105853862e-06,-0.23681661138218857,0.046970258072214423,-1.0926993614999132,official,3373,2245
society,63,32,95,3.3425598596761534e-05,5.6160548969366179e-05,0.14262093991198199,0.01420369079008162,1.1966928317872751,short,1638,3979
sodium,30,3,33,1.5916951712743588e-05,5.2650514658780786e-06,-0.19859509796536301,0.043651354753798416,-0.95053838827845882,official,3233,2385
soft,71,40,111,3.7670119053493162e-05,7.0200686211707722e-05,0.17430444112741483,0.012117583172695134,1.58343575747659,short,1386,4230
software,73,26,99,3.8731249167676067e-05,4.563044603761002e-05,0.041844259243406512,0.013814514606896458,0.35601481357768044,short,2263,3353
soil,83,29,112,4.4036899738590594e-05,5.0895497503488099e-05,0.036785320610675853,0.012220964831260726,0.3327528611633529,short,2279,3337
solar,418,258,676,0.00022177619386422735,0.00045279442606551481,0.20296048962442548,0.0019853018499927308,4.5551032788290442,short,330,5286
sold,187,1,188,9.9215665676101702e-05,1.7550171552926931e-06,-0.32417963367671376,0.0079582330939760061,-3.6339370471995114,official,5130,486
soldier,6,20,26,3.1833903425487179e-06,3.5100343105853861e-05,0.72393663416189291,0.052989691537234339,3.1448856478898679,short,633,4985
soldiers,52,57,109,2.7589382968755554e-05,0.0001000359778516835,0.39162451434048329,0.012235837632188776,3.5404055807164916,short,522,5094
sole,51,19,70,2.7058817911664101e-05,3.3345325950561165e-05,0.053870672454447543,0.019500978977976813,0.38576621480960227,short,2241,3375
solely,71,0,71,3.7670119053493162e-05,0,-0.33213312361403702,0.021127321674407271,-2.2850197995551476,official,4642,978
solicitation,57,13,70,3.0242208254212821e-05,2.281522301880501e-05,-0.064324997013208929,0.019922769630658168,-0.45572716639394339,official,2829,2787
solicitations,102,1,103,5.4117635823328202e-05,1.7550171552926931e-06,-0.31760863023003516,0.014493994513853407,-2.6381424885546174,official,4817,799
solid,623,122,745,0.0003305420305679752,0.00021411209294570856,-0.095071407829678378,0.0018849579527423631,-2.1897729746505235,official,4580,1036
solution,23,8,31,1.2202996313103419e-05,1.4040137242341545e-05,0.035601355554920389,0.044160105262398948,0.1694148534701814,short,2387,3229
solutions,41,32,73,2.1753167340749571e-05,5.6160548969366179e-05,0.27879365378892196,0.018296300461628195,2.0611103390267895,short,1082,4534
solvency,103,55,158,5.4648200880419655e-05,9.6525943541098119e-05,0.1578053447518375,0.0085268144381454632,1.7089458524059682,short,1306,4310
sought,26,0,26,1.3794691484377777e-05,0,-0.33212726212521027,0.057692868793634985,-1.3827493339984507,official,3709,1923
sound,237,100,337,0.00012574391853067436,0.0001755017155292693,0.088339320663147092,0.0040310509721898421,1.3913772891466858,short,1501,4115
soundness,51,27,78,2.7058817911664101e-05,4.7385463192902708e-05,0.15517624099480543,0.017276308622359557,1.1805917674201625,short,1645,3972
source,242,66,308,0.00012839674381613162,0.00011583113224931773,-0.024642260997469023,0.004492539775454699,-0.36765001465967184,official,2766,2850
sources,375,9,384,0.00019896189640929485,1.5795154397634238e-05,-0.29721383366025655,0.003862613497749412,-4.7822072406276979,official,5319,297
south,269,98,367,0.00014272200035760085,0.00017199168121868392,0.047869333822191606,0.0037234258587827656,0.78448750073649176,short,1928,3688
southeast,46,53,99,2.4405992626206838e-05,9.3015909230512728e-05,0.408186927400914,0.01347606021260148,3.5162327975949981,short,525,5091
southern,106,108,214,5.6239896051694013e-05,0.00018954185277161083,0.36728658244960677,0.0062311512100375298,4.652869993552847,short,314,5302
southwest,41,38,79,2.1753167340749571e-05,6.6690651901122331e-05,0.33571652922245043,0.016880902995229829,2.5838951539546979,short,836,4781
sovereign,55,4,59,2.9181078140029912e-05,7.0200686211707723e-06,-0.23204585753873985,0.024645506806242532,-1.4781038328774339,official,3854,1762
sovereignty,43,81,124,2.2814297454932476e-05,0.00014215638957870813,0.56606877097152974,0.010866633859589579,5.4302731931406489,short,223,5393
soviet,111,31,142,5.8892721337151277e-05,5.4405531814073483e-05,-0.01907569089195249,0.0097334771188443813,-0.19335093218580096,official,2643,2973
space,586,298,884,0.00031091112345559143,0.00052299511227722252,0.1430209074250488,0.0015268571005987305,3.6601622089639814,short,501,5115
special,1382,327,1709,0.00073324090890038802,0.00057389060978071059,-0.056523406076085969,0.00081524051476689204,-1.9796364748252053,official,4424,1192
specialists,56,7,63,2.9711643197121365e-05,1.2285120087048851e-05,-0.1696092242920475,0.022689636739948227,-1.125993015108071,official,3405,2211
specialized,282,0,282,0.00014961934609978973,0,-0.33216061026878485,0.0053197100926826177,-4.5541166142713836,official,5300,317
specially,42,2,44,2.2283732397841024e-05,3.5100343105853862e-06,-0.26468720368962728,0.033367598516846363,-1.4490069553952032,official,3812,1806
specialty,52,20,72,2.7589382968755554e-05,3.5100343105853861e-05,0.062532160368329315,0.018934642458790573,0.45443824985128289,short,2193,3423
species,607,218,825,0.00032205298965451196,0.00038259373985380704,0.044067279839032025,0.001657658079064482,1.0823526034804702,short,1719,3897
specific,194,1,195,0.00010292962107574188,1.7550171552926931e-06,-0.32446621904273165,0.0076732960415431895,-3.7040642484385606,official,5149,467
specifically,101,0,101,5.358707076623675e-05,0,-0.33213703138924977,0.014852046266008497,-2.7253617284605243,official,4854,761
specified,182,1,183,9.6562840390644446e-05,1.7550171552926931e-06,-0.32396156739335957,0.008175069771319099,-3.5830078326397685,official,5118,498
specify,97,0,97,5.1464810537870939e-05,0,-0.33213651034719405,0.015464478642404612,-2.6708467952922503,official,4833,784
spectrum,154,69,223,8.1707018792083756e-05,0.00012109618371519581,0.10554159047124756,0.0060777385758185795,1.3537941300879666,short,1530,4086
speculation,37,15,52,1.963090711238376e-05,2.6325257329390394e-05,0.077081198091338621,0.026161889298282989,0.47655595909472337,short,2181,3438
speech,42,56,98,2.2283732397841024e-05,9.8280960696390808e-05,0.4563521423883099,0.013636924756359258,3.9078858695873215,short,444,5172
speed,40,15,55,2.1222602283658118e-05,2.6325257329390394e-05,0.055642908123560986,0.024812591183609477,0.35324315892818353,short,2268,3350
speedy,19,21,40,1.0080736084737606e-05,3.685536026114655e-05,0.39436629835403991,0.033343156270849314,2.159714977544597,short,1025,4591
spending,585,315,900,0.00031038055839849999,0.00055283040391719833,0.16041215154031629,0.0014970072483901052,4.1459619527723328,short,404,5212
spent,179,25,204,9.4971145219370081e-05,4.3875428882317324e-05,-0.15330222534689675,0.0069783394256181675,-1.8351535760106659,official,4291,1325
spill,101,78,179,5.358707076623675e-05,0.00013689133811283007,0.27533023889384012,0.0074630402937796835,3.1871024074188945,short,615,5001
spills,56,1,57,2.9711643197121365e-05,1.7550171552926931e-06,-0.30592836651529964,0.026091497940534208,-1.8939575521654457,official,4353,1264
spirits,33,20,53,1.7508646884017949e-05,3.5100343105853861e-05,0.19713976861556404,0.025327098222002013,1.2387438894132374,short,1610,4007
spokane,31,31,62,1.644751676983504e-05,5.4405531814073483e-05,0.3610326236690895,0.021505937454915983,2.4618821429907438,short,886,4730
sponsor,51,4,55,2.7058817911664101e-05,7.0200686211707723e-06,-0.22488326472084097,0.02638367591432688,-1.3844889238001639,official,3713,1903
sponsored,30,5,35,1.5916951712743588e-05,8.7750857764634652e-06,-0.12448626411098829,0.040385176488163692,-0.6194559676914595,official,2962,2656
sponsors,73,12,85,3.8731249167676067e-05,2.1060205863512314e-05,-0.12686508782197592,0.016638953389285522,-0.98351077410162269,official,3276,2340
sport,52,14,66,2.7589382968755554e-05,2.4570240174097702e-05,-0.027635426014228415,0.020975137381922793,-0.19081554708028925,official,2639,2978
sporting,27,1,28,1.432525654146923e-05,1.7550171552926931e-06,-0.27901713621565527,0.052665137904322437,-1.2158199463805444,official,3490,2132
sports,198,155,353,0.00010505188130410769,0.00027202765907036739,0.27981094092794834,0.0037839471502120556,4.5487509665259003,short,331,5285
spousal,22,5,27,1.1672431256011964e-05,8.7750857764634652e-06,-0.065061801620785786,0.051658724367130059,-0.28625576791306351,official,2705,2914
spouse,197,47,244,0.00010452131624701623,8.2485806298756569e-05,-0.054703713408850163,0.0057045609639465276,-0.72427866984939937,official,3064,2552
spouses,388,62,450,0.00020585924215148376,0.00010881106362814697,-0.13169399948614924,0.0031470036186546022,-2.3475635949971765,official,4675,941
spread,84,1,85,4.4567464795682047e-05,1.7550171552926931e-06,-0.3145386242264685,0.017545627854158762,-2.3745948744601773,official,4696,920
sprinkler,44,16,60,2.3344862512023929e-05,2.8080274484683089e-05,0.047366908664219665,0.02277384046178221,0.31387512960500724,short,2301,3315
squad,19,11,30,1.0080736084737606e-05,1.9305188708219622e-05,0.18277733814312747,0.044798968270553054,0.86355169733099124,short,1873,3745
ssi,38,45,83,2.0161472169475213e-05,7.8975771988171179e-05,0.41727746233937602,0.016077523926061113,3.2909050059836957,short,589,5027
st,51,21,72,2.7058817911664101e-05,3.685536026114655e-05,0.081440847817559003,0.018883330585279259,0.59265641274957304,short,2061,3557
stability,279,147,426,0.00014802765092851539,0.00025798752182802588,0.15373821807151167,0.0031642016102182502,2.7330637969576439,short,776,4840
stabilization,235,270,505,0.00012468278841649145,0.00047385463192902713,0.40732188586878593,0.0026422351517757718,7.9241376825391594,short,113,5503
stabilize,136,3,139,7.2156847764437608e-05,5.2650514658780786e-06,-0.29993715749913186,0.010679178283344037,-2.9024273171559627,official,4936,680
stable,100,15,115,5.3056505709145297e-05,2.6325257329390394e-05,-0.1420868353475786,0.012344031604360203,-1.2788668470008471,official,3558,2059
staff,167,15,182,8.8604364534272648e-05,2.6325257329390394e-05,-0.21086017871972551,0.0079420327806714545,-2.3660762303693992,official,4693,923
staffing,57,41,98,3.0242208254212821e-05,7.195570336700041e-05,0.25208236200182021,0.013646418626694558,2.1579089415703483,short,1026,4590
stafford,176,7,183,9.3379450048095716e-05,1.2285120087048851e-05,-0.27529492093527708,0.0080492343506346434,-3.0684631562755715,official,4992,624
stage,30,7,37,1.5916951712743588e-05,1.2285120087048851e-05,-0.059480572099802842,0.037653206965692937,-0.30653082304301343,official,2719,2899
stalking,63,17,80,3.3425598596761534e-05,2.9835291639975781e-05,-0.027111228204873328,0.017302846457445228,-0.20610589599396728,official,2649,2967
stamp,401,279,680,0.00021275658789367263,0.00048964978632666132,0.24134055696945289,0.0019683835057979033,5.4397063015987337,short,221,5395
stamps,92,5,97,4.8811985252413675e-05,8.7750857764634652e-06,-0.25576072597875843,0.015095487976545275,-2.0816623035575148,official,4494,1122
stand,9,23,32,4.7750855138230768e-06,4.036539457173194e-05,0.65479316081826155,0.042572623188170886,3.1735031171312342,short,618,4998
standard,456,72,528,0.00024193766603370257,0.00012636123518107391,-0.1337013161612024,0.0026834880428697021,-2.5809871971243741,official,4796,820
standardization,15,31,46,7.9584758563717939e-06,5.4405531814073483e-05,0.59396626533653851,0.029381016717344954,3.4652005090614515,short,544,5072
standardized,34,5,39,1.8039211941109402e-05,8.7750857764634652e-06,-0.1452487765715933,0.036426463968669526,-0.76103385240444188,official,3083,2531
standards,2705,465,3170,0.0014351784794323804,0.00081608297721110228,-0.11922582249668157,0.00044587773567478732,-5.6462802937764565,official,5398,218
standby,25,25,50,1.3264126427286324e-05,4.3875428882317324e-05,0.36103082001342379,0.026667227774572668,2.2108299666103113,short,997,4619
standing,44,14,58,2.3344862512023929e-05,2.4570240174097702e-05,0.012716911538792175,0.023693371566528277,0.082616771129392141,short,2440,3177
star,52,58,110,2.7589382968755554e-05,0.0001017909950069762,0.39740916601263443,0.012125781581248586,3.6089678155368707,short,505,5111
star-spangled,13,17,30,6.8973457421888885e-06,2.9835291639975781e-05,0.44997642218380207,0.044532970801314471,2.1323030311675448,short,1039,4578
start,175,137,312,9.284888499100427e-05,0.00024043735027509894,0.27981830637883931,0.0042811207532382836,4.2765877223711781,short,380,5236
start-up,35,19,54,1.8569776998200855e-05,3.3345325950561165e-05,0.16285000377696157,0.024935146301596926,1.0312923889663124,short,1754,3862
startup,23,30,53,1.2202996313103419e-05,5.2650514658780788e-05,0.44914050231647451,0.025206648616760214,2.828946059622198,short,737,4879
stat,54,3,57,2.8650513082938459e-05,5.2650514658780786e-06,-0.25416807522336882,0.025676236783853605,-1.5861903889310476,official,4011,1605
state,7524,865,8389,0.0039919714895560923,0.0015180898393281795,-0.1816665614102444,0.00017146603935686117,-13.87349678196332,official,5584,32
state's,74,4,78,3.926181422476752e-05,7.0200686211707723e-06,-0.25614588399143834,0.01877463043240132,-1.8693976100494805,official,4331,1285
statement,154,27,181,8.1707018792083756e-05,4.7385463192902708e-05,-0.11557757348221109,0.0077933280708149116,-1.3092183776370607,official,3589,2027
statements,276,12,288,0.00014643595575724103,2.1060205863512314e-05,-0.27027925433114675,0.0051069441372040827,-3.78209260534185,official,5171,445
states,26413,963,27376,0.014013814852956547,0.0016900815205468634,-0.28286541947081911,5.4445337660300007e-05,-38.335356828826178,official,5610,6
states-flag,33,4,37,1.7508646884017949e-05,7.0200686211707723e-06,-0.1739024452841722,0.038676519292076487,-0.88426410785846654,official,3185,2432
states-israel,6,28,34,3.1833903425487179e-06,4.9140480348195404e-05,0.79928951824617656,0.041129593362690411,3.9411858043864276,short,439,5177
states-mexico,44,45,89,2.3344862512023929e-05,7.8975771988171179e-05,0.36852763424881374,0.014982044677082477,3.0108180800277902,short,674,4942
statewide,50,2,52,2.6528252854572649e-05,3.5100343105853862e-06,-0.27497111268380614,0.028323001194189928,-1.6338697633692534,official,4071,1546
station,364,59,423,0.00019312568078128889,0.00010354601216226889,-0.12928282436858574,0.0033458980174059321,-2.235035787815097,official,4604,1012
stations,201,4,205,0.00010664357647538204,7.0200686211707723e-06,-0.30302006157869954,0.0072483043225449158,-3.5592063911360992,official,5109,507
statistical,77,22,99,4.0853509396041878e-05,3.8610377416439245e-05,-0.013670695160499235,0.013946842110035003,-0.11575843774941111,official,2572,3044
statistics,120,68,188,6.3667806850974351e-05,0.00011934116655990313,0.17611463499861735,0.0071535643868246117,2.0822563817779174,short,1072,4544
statue,21,11,32,1.1141866198920512e-05,1.9305188708219622e-05,0.15193351118862353,0.042124299585029258,0.74026502021709772,short,1968,3650
status,758,112,870,0.00040216831327532138,0.00019656192139278162,-0.14454342594546166,0.0016331418427584161,-3.5767319245765528,official,5113,503
statute,98,12,110,5.1995375594962392e-05,2.1060205863512314e-05,-0.17250132471077428,0.01300497473927608,-1.5126473053946248,official,3925,1691
statutes,201,7,208,0.00010664357647538204,1.2285120087048851e-05,-0.28207698924652291,0.0070967117067116921,-3.3484134520979962,official,5052,567
statutory,217,6,223,0.0001151326173888453,1.0530102931756157e-05,-0.29205509989888689,0.006640100643931837,-3.584078088508833,official,5119,497
stay,74,21,95,3.926181422476752e-05,3.685536026114655e-05,-0.015285809630944058,0.014538410535867033,-0.12677393839021825,official,2584,3032
steam,50,14,64,2.6528252854572649e-05,2.4570240174097702e-05,-0.018466797419367964,0.02159300375537947,-0.12567099535943677,official,2583,3035
steel,161,116,277,8.5420974191723932e-05,0.0002035819900139524,0.25264301758833518,0.0048281954468750513,3.6359246871011237,short,503,5113
steelhead,21,8,29,1.1141866198920512e-05,1.4040137242341545e-05,0.059918923708977445,0.047027588129450723,0.27630430450718901,short,2321,3301
stem,169,142,311,8.9665494648455554e-05,0.00024921243605156238,0.30316849940621182,0.0042914000228470488,4.6279064833793466,short,321,5295
step,15,27,42,7.9584758563717939e-06,4.7385463192902708e-05,0.55208822098589572,0.032037174378605267,3.0844758824962333,short,654,4962
stephanie,10,18,28,5.3056505709145295e-06,3.1590308795268477e-05,0.55208499453202187,0.048055481011237196,2.5184566454516482,short,864,4752
steps,67,10,77,3.5547858825127351e-05,1.755017155292693e-05,-0.14288629439711187,0.018439258430890202,-1.0522497902779808,official,3333,2284
stevenson-wydler,35,0,35,1.8569776998200855e-05,0,-0.33212843440627182,0.042857703960410054,-1.6043222548468057,official,4038,1594
stewardship,83,106,189,4.4036899738590594e-05,0.00018603181846102546,0.44223145665287333,0.0070668622391336904,5.260612575153969,short,242,5374
stewart,40,20,60,2.1222602283658118e-05,3.5100343105853861e-05,0.13788316064372275,0.022500561109780381,0.91920960930734286,short,1833,3783
stimulate,239,3,242,0.00012680504864485726,5.2650514658780786e-06,-0.3136155947330348,0.0061611958801209791,-3.9954448643817009,official,5211,405
stimulus,33,68,101,1.7508646884017949e-05,0.00011934116655990313,0.59310722026241969,0.013380407451794838,5.1274158523402606,short,260,5356
stock,294,103,397,0.00015598612678488716,0.00018076676699514739,0.037497664107165818,0.003447739189992801,0.63861190698519066,short,2027,3589
stockpile,45,11,56,2.3875427569115385e-05,1.9305188708219622e-05,-0.049405714462444905,0.024826924341750427,-0.31355643905922137,official,2720,2895
stocks,67,7,74,3.5547858825127351e-05,1.2285120087048851e-05,-0.19329314175007184,0.019438438705973168,-1.386391079496704,official,3717,1902
stockyards,33,3,36,1.7508646884017949e-05,5.2650514658780786e-06,-0.20952455925720592,0.040134340367865458,-1.0458679898033263,official,3326,2292
stolen,91,20,111,4.8281420195322223e-05,3.5100343105853861e-05,-0.072050305237487677,0.012584643956538214,-0.64226663054715127,official,2992,2625
stop,63,432,495,3.3425598596761534e-05,0.00075816741108644334,0.86879586632792893,0.0028714245736427861,16.213211181001814,short,26,5590
stopping,2,37,39,1.061130114182906e-06,6.4935634745829642e-05,0.97820025961048174,0.037548699745490792,5.0481275827853596,short,270,5346
stops,15,11,26,7.9584758563717939e-06,1.9305188708219622e-05,0.25837193649265267,0.051417832031411786,1.1394321247672381,short,1678,3940
storage,346,112,458,0.00018357550975364273,0.00019656192139278162,0.0170635853035499,0.0029987282601968328,0.31160307276163107,short,2302,3314
store,55,11,66,2.9181078140029912e-05,1.9305188708219622e-05,-0.090964243297460001,0.021252036907498023,-0.62397965605978012,official,2966,2650
stored,39,5,44,2.0692037226566665e-05,8.7750857764634652e-06,-0.16599993029497284,0.032456917141878698,-0.92141286622449203,official,3215,2401
stores,24,5,29,1.2733561370194872e-05,8.7750857764634652e-06,-0.082909055750079119,0.048280250336439269,-0.37732641761209551,official,2781,2838
storm,68,38,106,3.6078423882218804e-05,6.6690651901122331e-05,0.17178882077358537,0.012692132001934047,1.5248517004735795,short,1405,4211
storms,23,5,28,1.2202996313103419e-05,8.7750857764634652e-06,-0.074295607819795606,0.04991143454232469,-0.33255471817857624,official,2738,2882
stormwater,26,16,42,1.3794691484377777e-05,2.8080274484683089e-05,0.20196211742766579,0.031947822768961597,1.1299241268149443,short,1688,3930
straits,31,8,39,1.644751676983504e-05,1.4040137242341545e-05,-0.037324926367279687,0.035562871134974298,-0.19792495351317399,official,2647,2970
strategic,295,130,425,0.00015651669184197863,0.00022815223018805009,0.10075779585061717,0.0031912518853448369,1.7836026799704623,short,1250,4366
strategies,126,8,134,6.6851197193523067e-05,1.4040137242341545e-05,-0.24384423390483434,0.01088896849233755,-2.3367869567332265,official,4668,948
strategy,202,72,274,0.0001071741415324735,0.00012636123518107391,0.042048936639709211,0.0049915749053753939,0.59516340700279613,short,2057,3559
streamline,150,4,154,7.9584758563717946e-05,7.0200686211707723e-06,-0.29342717865544188,0.0096191487374045082,-2.9917962795794244,official,4968,649
streamlined,10,19,29,5.3056505709145295e-06,3.3345325950561165e-05,0.56866955340120739,0.046474920077401123,2.63785337070671,short,809,4807
streamlining,29,57,86,1.5386386655652135e-05,0.0001000359778516835,0.57895658857073329,0.015689220284385196,4.622163675479416,short,323,5293
street,88,81,169,4.6689725024047858e-05,0.00014215638957870813,0.33343157605909646,0.0078916117203640876,3.7533915390871089,short,485,5131
streets,372,41,413,0.00019737020123802051,7.195570336700041e-05,-0.18659400831214157,0.0034770897091861517,-3.164388126331505,official,5012,604
strength,72,10,82,3.8200684110584615e-05,1.755017155292693e-05,-0.15414579012202445,0.017363632824858109,-1.1697993384200112,official,3435,2181
strengthen,1697,47,1744,0.00090036890188419571,8.2485806298756569e-05,-0.2921656229523224,0.00084952196038413387,-10.02401734055934,official,5547,69
strengthened,32,8,40,1.6978081826926497e-05,1.4040137242341545e-05,-0.044442524388797366,0.034722783327016928,-0.23850168643595571,official,2682,2935
strengthening,244,167,411,0.00012945787393031451,0.00029308786493387971,0.23600211499578982,0.0032573825571968799,4.1350571076624796,short,407,5209
strengths,139,0,139,7.3748542935711959e-05,0,-0.33214198137107331,0.010791928032159788,-3.1972327421887394,official,5018,598
stress,53,9,62,2.8119948025847007e-05,1.5795154397634238e-05,-0.12123197207749747,0.022780720325759587,-0.80321802093694583,official,3111,2505
strict,27,2,29,1.432525654146923e-05,3.5100343105853862e-06,-0.23034383637063449,0.050115768475358251,-1.0289384549959946,official,3312,2307
strike,44,21,65,2.3344862512023929e-05,3.685536026114655e-05,0.12402603583098504,0.020802780014264059,0.85990836675092719,short,1875,3742
striking,25,2,27,1.3264126427286324e-05,3.5100343105853862e-06,-0.22292697821005802,0.053714088953114164,-0.96187474524804439,official,3257,2367
strip,12,24,36,6.3667806850974358e-06,4.2120411727024629e-05,0.58417563371369319,0.037500561104832096,3.0166474321894734,short,671,4945
striped,21,16,37,1.1141866198920512e-05,2.8080274484683089e-05,0.27087636631770806,0.036109864943244571,1.4254703320963715,short,1486,4133
stroke,35,8,43,1.8569776998200855e-05,1.4040137242341545e-05,-0.063861001004482887,0.032428917063209078,-0.35462512240126687,official,2760,2858
strong,48,25,73,2.5467122740389743e-05,4.3875428882317324e-05,0.15020475730830007,0.018469105555434105,1.1052505920761628,short,1699,3918
stronger,37,28,65,1.963090711238376e-05,4.9140480348195404e-05,0.26865722945338355,0.020557170851978401,1.8737724923871439,short,1184,4433
structural,47,4,51,2.493655768329829e-05,7.0200686211707723e-06,-0.2166153869329559,0.028386460921412098,-1.2856823374676454,official,3563,2055
structure,437,20,457,0.00023185692994896496,3.5100343105853861e-05,-0.26721429056973456,0.0032155654867300804,-4.7122790571092157,official,5312,304
structured,18,9,27,9.5501710276461537e-06,1.5795154397634238e-05,0.13788128678364941,0.050000561102048827,0.61662040028677401,short,2043,3576
structures,167,11,178,8.8604364534272648e-05,1.9305188708219622e-05,-0.24079111070376413,0.0081901171503535562,-2.6606968353498712,official,4831,786
struggling,24,5,29,1.2733561370194872e-05,8.7750857764634652e-06,-0.082909055750079119,0.048280250336439269,-0.37732641761209551,official,2782,2839
student,790,655,1445,0.00041914639510224786,0.001149536236716714,0.2988988361402134,0.0009241792134801369,9.8320963521029157,short,81,5535
students,1099,194,1293,0.00058309099774350682,0.00034047332812678246,-0.11440545578371974,0.0010911165424308451,-3.4634678895250874,official,5090,526
studies,212,41,253,0.00011247979210338803,7.195570336700041e-05,-0.097444282690762662,0.0055524593311920729,-1.3077167000664007,official,3585,2031
study,1790,748,2538,0.00094971145219370078,0.0013127528321589344,0.085678000330183579,0.00053593665323473029,3.7009446657816625,short,493,5123
sub-saharan,55,6,61,2.9181078140029912e-05,1.0530102931756157e-05,-0.18787884554413203,0.023546623898709575,-1.2243724797827642,official,3503,2113
subchapter,61,9,70,3.2364468482578628e-05,1.5795154397634238e-05,-0.14473023353106562,0.020292376745678249,-1.0159978864071113,official,3306,2311
subcontracting,30,3,33,1.5916951712743588e-05,5.2650514658780786e-06,-0.19859509796536301,0.043651354753798416,-0.95053838827845882,official,3234,2386
subcontractors,33,2,35,1.7508646884017949e-05,3.5100343105853862e-06,-0.24756992417156276,0.04173347048334785,-1.2118688792457284,official,3482,2138
subdivisions,83,0,83,4.4036899738590594e-05,0,-0.33213468671298507,0.018072850270240137,-2.4705913043904104,official,4750,866
subject,678,10,688,0.00035972310870800511,1.755017155292693e-05,-0.3104836565658502,0.0021652904227339085,-6.6723783873757139,official,5460,156
subjects,59,6,65,3.1303338368395723e-05,1.0530102931756157e-05,-0.19658348341449283,0.022149584281356789,-1.3208826529180495,official,3597,2019
submerged,33,2,35,1.7508646884017949e-05,3.5100343105853862e-06,-0.24756992417156276,0.04173347048334785,-1.2118688792457284,official,3483,2139
submission,59,0,59,3.1303338368395723e-05,0,-0.33213156052993575,0.025424289921999691,-2.0829830209257625,official,4501,1120
submit,288,1,289,0.00015280273644233846,1.7550171552926931e-06,-0.32697512403659701,0.0051819392731796516,-4.5422240619811696,official,5296,320
submitted,112,0,112,5.9423286394242729e-05,0,-0.3321384642634122,0.013393418262721935,-2.8699442301529952,official,4922,695
submitting,25,0,25,1.3264126427286324e-05,0,-0.33212713187227472,0.060000561101111738,-1.3558969980891018,official,3667,1971
subscribers,30,0,30,1.5916951712743588e-05,0,-0.33212778313798452,0.050000561102189471,-1.4853122665294169,official,3877,1752
subsequent,78,0,78,4.1384074453133331e-05,0,-0.33213403541995312,0.019231330343305094,-2.3950176495866011,official,4712,906
subsequently,28,0,28,1.4855821598560682e-05,0,-0.33212752263139222,0.053571989673186944,-1.4349473872580845,official,3801,1820
subsidiaries,35,0,35,1.8569776998200855e-05,0,-0.33212843440627182,0.042857703960410054,-1.6043222548468057,official,4039,1595
subsidies,161,53,214,8.5420974191723932e-05,9.3015909230512728e-05,0.021347802077949396,0.0064125461635594688,0.2665863542202157,short,2331,3285
subsidized,43,1,44,2.2814297454932476e-05,1.7550171552926931e-06,-0.29822749391476933,0.033717036201048795,-1.6241382066426302,official,4053,1565
subsidy,89,71,160,4.7220290081139317e-05,0.00012460621802578119,0.28600711805256829,0.008345629720236487,3.1307420458004103,short,639,4977
subsistence,31,7,38,1.644751676983504e-05,1.2285120087048851e-05,-0.066421731706702403,0.03671553694971802,-0.34664524883990677,official,2755,2864
substance,312,90,402,0.00016553629781253332,0.00015795154397634236,-0.011382803182659273,0.003433641736738274,-0.19425479018441486,official,2645,2971
substances,861,98,959,0.00045681651415574101,0.00017199168121868392,-0.18244843877890471,0.0014960856512237245,-4.716957058370653,official,5313,303
substantial,214,9,223,0.00011354092221757093,1.5795154397634238e-05,-0.27219651653745558,0.0065992354913360163,-3.3507015752832601,official,5053,563
substantially,92,0,92,4.8811985252413675e-05,0,-0.33213585904694121,0.016304908941640588,-2.6010971777303338,official,4803,815
substantive,37,2,39,1.963090711238376e-05,3.5100343105853862e-06,-0.25614192623646481,0.037548699743522956,-1.3218531791136914,official,3602,2017
substitute,41,12,53,2.1753167340749571e-05,2.1060205863512314e-05,-0.0078843775180601483,0.026023474364777546,-0.04887477507630953,official,2531,3087
subtitle,108,2,110,5.7301026165876919e-05,3.5100343105853862e-06,-0.30498609243497832,0.013516288511420302,-2.6233202336744776,official,4812,804
success,40,123,163,2.1222602283658118e-05,0.00021586711010100124,0.7038569241068533,0.0084231730086626599,7.6691375436084552,short,124,5492
successful,81,11,92,4.2975769624407689e-05,1.9305188708219622e-05,-0.15754511248064773,0.015489645801059009,-1.2658556697362096,official,3540,2076
successor,58,0,58,3.077277331130427e-05,0,-0.33213143027359493,0.025862630073742055,-2.0652547597847382,official,4486,1132
sudan,54,29,83,2.8650513082938459e-05,5.0895497503488099e-05,0.15954671163236611,0.016228402616808264,1.2524199318095715,short,1605,4011
sudden,33,16,49,1.7508646884017949e-05,2.8080274484683089e-05,0.1286939229278925,0.027580298443019333,0.77492301383376883,short,1939,3679
suffer,79,0,79,4.1914639510224784e-05,0,-0.33213416567835452,0.018987902884903315,-2.4103219269288849,official,4725,892
suffered,85,0,85,4.50980298527735e-05,0,-0.33213494723092118,0.017647619937574154,-2.5001813046994785,official,4769,849
suffering,90,1,91,4.775085513823077e-05,1.7550171552926931e-06,-0.31569644132867403,0.016394988211238644,-2.4655518041077928,official,4747,869
sufficient,137,0,137,7.2687412821529054e-05,0,-0.332141720842003,0.01094946623474289,-3.1741464249162674,official,5015,601
sugar,121,79,200,6.4198371908065811e-05,0.00013864635526812275,0.22081224168880809,0.0067000553314656187,2.6976397483107672,short,792,4824
suicide,76,52,128,4.0322944338950426e-05,9.126089207522004e-05,0.23587266762798542,0.010458077466106823,2.3064906135263401,short,942,4674
suit,35,6,41,1.8569776998200855e-05,1.0530102931756157e-05,-0.1195644073195723,0.034435051586420767,-0.64431990232931247,official,2994,2622
suitability,199,1,200,0.00010558244636119913,1.7550171552926931e-06,-0.32465869483786847,0.0074819511811607857,-3.7533546587745557,official,5167,449
suitable,76,0,76,4.0322944338950426e-05,0,-0.33213377490346119,0.019737403217367912,-2.364111931290569,official,4691,929
suits,43,0,43,2.2814297454932476e-05,0,-0.33212947644089397,0.034884282035224132,-1.7782488084112784,official,4236,1393
sulfur,50,8,58,2.6528252854572649e-05,1.4040137242341545e-05,-0.13145624594384664,0.024411335519449007,-0.84136696448764492,official,3146,2470
sum,37,0,37,1.963090711238376e-05,0,-0.33212869491431007,0.040541101644238832,-1.6495239516689466,official,4094,1536
summer,113,62,175,5.9953851451334182e-05,0.00010881106362814697,0.16613496097592417,0.0076921926418541701,1.8942441632857527,short,1175,4441
summit,21,15,36,1.1141866198920512e-05,2.6325257329390394e-05,0.24980139734804929,0.037152263890703793,1.295991705466099,short,1568,4053
sums,31,0,31,1.644751676983504e-05,0,-0.33212791339143699,0.048387657876598558,-1.5098648555654945,official,3919,1717
sunday,44,0,44,2.3344862512023929e-05,0,-0.33212960669568581,0.034091470196116212,-1.7988076501041976,official,4261,1367
sundry,42,0,42,2.2283732397841024e-05,0,-0.33212934618620515,0.035714846819061744,-1.7574495006982607,official,4208,1418
sunset,80,142,222,4.2445204567316236e-05,0.00024921243605156238,0.54780092008543768,0.0060590721769609116,7.0375208475556006,short,141,5475
sunshine,6,131,137,3.1833903425487179e-06,0.00022990724734334278,0.98922131785961298,0.010724911409209106,9.5520505072573432,short,85,5531
super,23,20,43,1.2202996313103419e-05,3.5100343105853861e-05,0.31450891059523478,0.031025092130647056,1.7855680832130221,short,1248,4367
superfund,70,98,168,3.7139553996401709e-05,0.00017199168121868392,0.47228204778098615,0.0079616403059564085,5.2929788809836378,short,236,5380
superior,36,19,55,1.9100342055292307e-05,3.3345325950561165e-05,0.15423238879619916,0.02450308561117091,0.9852925441082524,short,1782,3834
supervision,175,21,196,9.284888499100427e-05,3.685536026114655e-05,-0.17529515122020989,0.0073042738597861546,-2.0510742363146401,official,4479,1138
supervisory,40,11,51,2.1222602283658118e-05,1.9305188708219622e-05,-0.022702287216651129,0.027118604354409923,-0.1378592610645136,official,2597,3019
supplement,112,176,288,5.9423286394242729e-05,0.00030888301933151396,0.50950455837605091,0.0046557335814965996,7.467135181403675,short,128,5488
supplemental,809,312,1121,0.00042922713118698544,0.00054756535245132026,0.063302515527636771,0.0012165327762416857,1.8149265810191635,short,1228,4388
supplementary,107,17,124,5.6770461108785466e-05,2.9835291639975781e-05,-0.13264112790697347,0.011421764033971951,-1.2411138279981568,official,3513,2103
supplementation,27,0,27,1.432525654146923e-05,0,-0.33212739237824884,0.055556116657098385,-1.4090900724452342,official,3780,1873
supplements,218,7,225,0.00011566318244593674,1.2285120087048851e-05,-0.28583447431927667,0.0065682423153190436,-3.5268746491639775,official,5098,518
suppliers,95,2,97,5.0403680423688034e-05,3.5100343105853862e-06,-0.3013637294470648,0.015309904551087298,-2.4355931287810919,official,4737,879
supplies,355,22,377,0.0001883505952674658,3.8610377416439245e-05,-0.24583255787985259,0.0038729470609708077,-3.9501957704064177,official,5201,415
supply,573,247,820,0.00030401377771340253,0.00043348923735729518,0.094446378603903369,0.0016556434989265093,2.3211429949709141,short,937,4679
support,2317,670,2987,0.0012293192372808965,0.0011758614940461042,-0.01080794824486464,0.00046254691285226468,-0.50253389908937696,official,2882,2734
supported,63,3,66,3.3425598596761534e-05,5.2650514658780786e-06,-0.26468950820155612,0.022245252717802422,-1.7746718275874593,official,4220,1397
supporting,136,73,209,7.2156847764437608e-05,0.0001281162523363666,0.15939969774465723,0.0064452111602974474,1.9854955513450723,short,1124,4492
supportive,68,19,87,3.6078423882218804e-05,3.3345325950561165e-05,-0.018963388811313209,0.015886136282920856,-0.1504550632624409,official,2601,3015
supports,69,8,77,3.6608988939310257e-05,1.4040137242341545e-05,-0.17993760091936828,0.018614582063616183,-1.3188496270919066,official,3593,2022
suppression,65,17,82,3.4486728710944446e-05,2.9835291639975781e-05,-0.034290573602483221,0.016904292303799355,-0.26374015253426453,official,2692,2924
supreme,74,19,93,3.926181422476752e-05,3.3345325950561165e-05,-0.038473088658738774,0.014917156497504681,-0.31500252158608971,official,2722,2894
surcharge,27,5,32,1.432525654146923e-05,8.7750857764634652e-06,-0.10559758883273496,0.043976740672301576,-0.50354986346376762,official,2889,2733
surety,41,17,58,2.1753167340749571e-05,2.9835291639975781e-05,0.083393552536016102,0.023434904543524045,0.54475456788947552,short,2103,3513
surface,349,222,571,0.00018516720492491709,0.00038961380847497785,0.21252305879803579,0.0023485518009694431,4.3853674236231912,short,357,5259
surgery,66,18,84,3.5017293768035899e-05,3.1590308795268477e-05,-0.02464001716590758,0.016471149350135331,-0.19199019667017228,official,2642,2975
surgical,63,17,80,3.3425598596761534e-05,2.9835291639975781e-05,-0.027111228204873328,0.017302846457445228,-0.20610589599396728,official,2650,2968
surplus,209,91,300,0.00011088809693211368,0.00015970656113163507,0.097294834508945272,0.0045227424647830998,1.4467345540026246,short,1456,4160
surpluses,42,0,42,2.2283732397841024e-05,0,-0.33212934618620515,0.035714846819061744,-1.7574495006982607,official,4209,1419
surrounding,67,0,67,3.5547858825127351e-05,0,-0.33213260258435184,0.022388620811657316,-2.2197181756182234,official,4594,1026
surtax,28,7,35,1.4855821598560682e-05,1.2285120087048851e-05,-0.044442434230242966,0.039683100786200437,-0.22309767193986205,official,2668,2953
surveillance,267,126,393,0.00014166087024341793,0.00022113216156687931,0.12070686597169633,0.0034424949762841481,2.0572890592081694,short,1084,4532
survey,161,40,201,8.5420974191723932e-05,7.0200686211707722e-05,-0.045827710145047718,0.0069123696738868975,-0.55120694321646679,official,2920,2697
survival,32,42,74,1.6978081826926497e-05,7.3710720522293099e-05,0.45118832990674207,0.018055213033358438,3.3578133347669361,short,572,5044
surviving,287,41,328,0.00015227217138524701,7.195570336700041e-05,-0.14982203856480858,0.0043366045291687192,-2.2751015824213017,official,4633,983
survivor,99,68,167,5.2525940652053844e-05,0.00011934116655990313,0.2371289141880375,0.0080152787807211134,2.6486538017103514,short,806,4810
survivors,561,164,725,0.00029764699702830512,0.00028782281346800164,-0.0081737767919829452,0.0019030256305069722,-0.1873701718610318,official,2630,2986
survivorship,16,11,27,8.4890409134632483e-06,1.9305188708219622e-05,0.2374120043348924,0.049572164529333856,1.0663106168028817,short,1739,3882
suspected,28,0,28,1.4855821598560682e-05,0,-0.33212752263139222,0.053571989673186944,-1.4349473872580845,official,3802,1821
suspend,207,2,209,0.00010982696681793077,3.5100343105853862e-06,-0.31782992409201682,0.0071437437876244875,-3.7603809954626293,official,5168,448
suspending,25,0,25,1.3264126427286324e-05,0,-0.33212713187227472,0.060000561101111738,-1.3558969980891018,official,3668,1972
suspension,105,52,157,5.5709330994602561e-05,9.126089207522004e-05,0.13502178142578991,0.0086020440208340408,1.4558043181939184,short,1448,4168
sustain,38,4,42,2.0161472169475213e-05,7.0200686211707723e-06,-0.19236515939149434,0.034239691539783519,-1.0395885676662184,official,3322,2297
sustainability,38,51,89,2.0161472169475213e-05,8.9505874919927337e-05,0.45849566537600595,0.015017434008663101,3.741427793415165,short,488,5128
sustainable,159,62,221,8.4359844077541027e-05,0.00010881106362814697,0.066304953061115057,0.0061657089988100744,0.8444121238044473,short,1888,3728
sustained,88,4,92,4.6689725024047858e-05,7.0200686211707723e-06,-0.2675950934467064,0.01597278333800075,-2.117326561459282,official,4525,1093
swap,14,15,29,7.4279107992803412e-06,2.6325257329390394e-05,0.38401746243594204,0.045983647783578357,1.7908089801851073,short,1246,4373
swaps,25,5,30,1.3264126427286324e-05,8.7750857764634652e-06,-0.090962920809445791,0.046753807855717332,-0.42068391139536504,official,2797,2821
swine,34,7,41,1.8039211941109402e-05,1.2285120087048851e-05,-0.0852652102667939,0.034167227771620706,-0.46128251823670552,official,2838,2778
syndrome,147,70,217,7.7993063392443581e-05,0.0001228512008704885,0.12336266646896554,0.0062321344511795914,1.5626630420648147,short,1390,4226
synthetic,100,45,145,5.3056505709145297e-05,7.8975771988171179e-05,0.10679552998589692,0.0093453516773066118,1.1047277181140414,short,1701,3915
syria,76,30,106,4.0322944338950426e-05,5.2650514658780788e-05,0.069674530107505461,0.012848007791234264,0.61469000693502829,short,2046,3570
systematic,34,7,41,1.8039211941109402e-05,1.2285120087048851e-05,-0.0852652102667939,0.034167227771620706,-0.46128251823670552,official,2839,2779
systemic,28,11,39,1.4855821598560682e-05,1.9305188708219622e-05,0.068354783323192336,0.034925934239076188,0.36575889360064651,short,2256,3361
systems,1136,211,1347,0.00060272190485589059,0.00037030861976675822,-0.10509834110244665,0.0010451485444646321,-3.2509242571001646,official,5026,590
t,166,13,179,8.8073799477181189e-05,2.281522301880501e-05,-0.22504176173200108,0.0081074451930096235,-2.4993156480437819,official,4766,851
tahoe,22,12,34,1.1672431256011964e-05,2.1060205863512314e-05,0.16431531540214905,0.03959683439565178,0.82574853365064593,short,1902,3715
tailings,23,12,35,1.2202996313103419e-05,2.1060205863512314e-05,0.15073007056056653,0.038518536158967547,0.76800671176503366,short,1947,3673
taiwan,22,14,36,1.1672431256011964e-05,2.4570240174097702e-05,0.21260646623570167,0.037241940414614691,1.1016923115582051,short,1706,3914
taken,189,2,191,0.00010027679579028461,3.5100343105853862e-06,-0.31648151625340404,0.0078134872346344812,-3.5803534098248715,official,5117,499
takeovers,27,2,29,1.432525654146923e-05,3.5100343105853862e-06,-0.23034383637063449,0.050115768475358251,-1.0289384549959946,official,3313,2308
takes,30,5,35,1.5916951712743588e-05,8.7750857764634652e-06,-0.12448626411098829,0.040385176488163692,-0.6194559676914595,official,2963,2657
taking,200,24,224,0.00010611301141829059,4.2120411727024629e-05,-0.17529711527251735,0.0063913097759118681,-2.192703124842617,official,4581,1035
talent,22,18,40,1.1672431256011964e-05,3.1590308795268477e-05,0.29433682027145203,0.033370972673766278,1.6112397263176164,short,1368,4250
talented,46,35,81,2.4405992626206838e-05,6.1425600435244251e-05,0.27043549800808009,0.016495266518354288,2.1056395487850148,short,1056,4560
talkers,17,17,34,9.019605970554701e-06,2.9835291639975781e-05,0.36102841516754047,0.039216247378517241,1.8230910884510836,short,1224,4396
tanf,31,28,59,1.644751676983504e-05,4.9140480348195404e-05,0.32712977941269905,0.022605925094688957,2.1757497319406052,short,1020,4596
tank,30,28,58,1.5916951712743588e-05,4.9140480348195404e-05,0.33804194311398561,0.022992104450179626,2.2293652512008411,short,988,4628
tanker,7,26,33,3.7139553996401706e-06,4.563044603761002e-05,0.7496915851458219,0.041949713646670786,3.6603122546272555,short,499,5117
tanks,38,0,38,2.0161472169475213e-05,0,-0.33212882516848197,0.039474245314440153,-1.6716665464481066,official,4118,1508
tape,15,21,36,7.9584758563717939e-06,3.685536026114655e-05,0.4722560341954658,0.037152263891041135,2.4501060028823689,short,896,4720
tar,31,12,43,1.644751676983504e-05,2.1060205863512314e-05,0.064292529411298815,0.031695892800997945,0.36112621624704055,short,2259,3359
target,79,17,96,4.1914639510224784e-05,2.9835291639975781e-05,-0.076377815750969802,0.014564404353781273,-0.63287926972501252,official,2974,2643
targeted,91,64,155,4.8281420195322223e-05,0.00011232109793873236,0.24477922120532014,0.0086318118288011888,2.6346538644307804,short,812,4804
targeting,65,21,86,3.4486728710944446e-05,3.685536026114655e-05,0.016572884128747134,0.015968872064255756,0.13114778896960169,short,2404,3212
targets,45,0,45,2.3875427569115385e-05,0,-0.33212973695058068,0.033333894438756007,-1.8191341786345503,official,4283,1344
tariff,233,49,282,0.00012362165830230855,8.599584060934196e-05,-0.081034458258903541,0.0049634567683369771,-1.1502112507119429,official,3419,2197
tariffs,32,4,36,1.6978081826926497e-05,7.0200686211707723e-06,-0.16960739074808373,0.039706443456648817,-0.85116602224459548,official,3157,2460
tarp,15,23,38,7.9584758563717939e-06,4.036539457173194e-05,0.501613211417542,0.035261928256459671,2.6712586261362241,short,799,4818
task,219,56,275,0.0001161937475030282,9.8280960696390808e-05,-0.039398234798175835,0.005046000692381653,-0.55462968621229713,official,2924,2692
tax,6798,4431,11229,0.0036067812581076974,0.0077764810151019223,0.22129079485350278,0.00011989308549240815,20.209998449617579,short,17,5599
tax-exempt,231,43,274,0.00012256052818812563,7.5465737677585801e-05,-0.10464491316728086,0.0051353333094996565,-1.4602721535006673,official,3826,1790
tax-free,70,8,78,3.7139553996401709e-05,1.4040137242341545e-05,-0.18184734346852771,0.018385224846486591,-1.3411349742663048,official,3626,1991
taxable,123,4,127,6.5259502022248716e-05,7.0200686211707723e-06,-0.28525458781114033,0.011634148909582646,-2.6446324890944903,official,4825,792
taxation,252,88,340,0.00013370239438704613,0.00015444150966575698,0.03664495770232179,0.0040261989612853741,0.57751944109682651,short,2075,3541
taxes,1124,59,1183,0.00059635512417079313,0.00010354601216226889,-0.25832272919601884,0.0012391777055568121,-7.3383061232666345,official,5484,132
taxing,32,7,39,1.6978081826926497e-05,1.2285120087048851e-05,-0.073016327684751303,0.035824198581559073,-0.38577292570843619,official,2787,2830
taxpayer,445,360,805,0.00023610145040569658,0.00063180617590536943,0.29069801635692549,0.0016589303882535696,7.1372019746198045,short,134,5482
taxpayer's,39,6,45,2.0692037226566665e-05,1.0530102931756157e-05,-0.13797035587607454,0.031513166147776814,-0.77721247870835586,official,3096,2521
taxpayers,550,146,696,0.00029181078140029911,0.00025623250467273319,-0.030899116835962914,0.0019907779283479189,-0.69252372753863545,official,3039,2577
tay-sachs,23,24,47,1.2202996313103419e-05,4.2120411727024629e-05,0.37521528464790421,0.028370782435170931,2.2276392670495193,short,989,4627
teach,48,35,83,2.5467122740389743e-05,6.1425600435244251e-05,0.25651943412238687,0.016108725173027472,2.0211087725057419,short,1108,4508
teacher,199,223,422,0.00010558244636119913,0.00039136882563027054,0.39901271106034564,0.0031612547542696156,7.0967087676766454,short,136,5480
teachers,444,186,630,0.00023557088534860511,0.0003264331908844409,0.086314696755158238,0.0021571501345493196,1.8584229622844168,short,1192,4424
teaching,204,103,307,0.0001082352716466564,0.00018076676699514739,0.14082868274314286,0.0043965327203646931,2.1239092788522811,short,1046,4570
team,52,36,88,2.7589382968755554e-05,6.3180617590536954e-05,0.23967118571240498,0.015207934388604898,1.94348283540505,short,1149,4467
teams,91,3,94,4.8281420195322223e-05,5.2650514658780786e-06,-0.2846321022335232,0.015715244872074288,-2.2705093996215182,official,4630,986
technical,846,466,1312,0.00044885803829936921,0.00081783799436639497,0.16742120661438609,0.0010263831308278588,5.2258352596091466,short,249,5367
technician,12,17,29,6.3667806850974358e-06,2.9835291639975781e-05,0.47609839620177574,0.046129935440151336,2.2166916997649935,short,995,4621
technicians,40,3,43,2.1222602283658118e-05,5.2650514658780786e-06,-0.22917982387322411,0.033787884311027187,-1.2467973831451589,official,3529,2088
techniques,66,2,68,3.5017293768035899e-05,3.5100343105853862e-06,-0.28832898796235185,0.021748961963371241,-1.9551002926729071,official,4402,1214
technological,106,24,130,5.6239896051694013e-05,4.2120411727024629e-05,-0.065859364059466685,0.010731355754194011,-0.63575566197907674,official,2984,2632
technologies,662,85,747,0.00035123406779454186,0.00014917645819987891,-0.16582938482330611,0.0019122075464321263,-3.7922239416132162,official,5174,442
technology,1489,868,2357,0.00079001137000917344,0.0015233548907940574,0.18510281511372373,0.00057064957290563526,7.7486898021915831,short,121,5495
teen,17,32,49,9.019605970554701e-06,5.6160548969366179e-05,0.56582929066467003,0.027497755271944851,3.4122182711119993,short,560,5057
teenage,20,15,35,1.0611301141829059e-05,2.6325257329390394e-05,0.26571698290468149,0.038182379285928721,1.3598400218665745,short,1529,4089
telecommunications,542,174,716,0.00028756626094356749,0.00030537298502092858,0.014970703156743426,0.0019190693251171481,0.34174082798492456,short,2278,3338
telehealth,68,37,105,3.6078423882218804e-05,6.4935634745829642e-05,0.16356585264812296,0.012823161462372218,1.4444252993435382,short,1457,4159
telemarketing,48,27,75,2.5467122740389743e-05,4.7385463192902708e-05,0.17381714386793057,0.017934563982847707,1.2979178284135067,short,1562,4054
telemedicine,26,19,45,1.3794691484377777e-05,3.3345325950561165e-05,0.25723131094090057,0.029710068148744429,1.4923545260416424,short,1422,4195
telephone,569,158,727,0.00030189151748503674,0.00027729271053624551,-0.020432967561383464,0.0019021097024494726,-0.46850439044622993,official,2858,2758
television,326,155,481,0.00017296420861181367,0.00027202765907036739,0.12292252430666117,0.002812045625146586,2.3180365999564247,short,938,4678
telework,15,17,32,7.9584758563717939e-06,2.9835291639975781e-05,0.40270137206819712,0.041685320113563316,1.972384308782015,short,1132,4485
teller,26,6,32,1.3794691484377777e-05,1.0530102931756157e-05,-0.061834347288343139,0.043557729886986932,-0.29627647036143967,official,2712,2906
temporarily,282,1,283,0.00014961934609978973,1.7550171552926931e-06,-0.32686449181675492,0.0052915994217723802,-4.4933915512375373,official,5288,328
temporary,875,148,1023,0.00046424442495502136,0.00025974253898331857,-0.12196953519852549,0.0013814026795069248,-3.2816421542218719,official,5033,583
tenant,28,34,62,1.4855821598560682e-05,5.9670583279951563e-05,0.42557282813940311,0.021528338888776415,2.9004716894675107,short,713,4904
tenants,49,38,87,2.5997687797481196e-05,6.6690651901122331e-05,0.27669214676760134,0.015353502293082981,2.2330225245435713,short,987,4630
tender,37,11,48,1.963090711238376e-05,1.9305188708219622e-05,-0.0040905875703725059,0.028714419531413588,-0.024139911506557244,official,2510,3107
tennessee,87,21,108,4.6159159966956405e-05,3.685536026114655e-05,-0.052166133347496313,0.01288070423288452,-0.45964108712662261,official,2831,2786
tenure,26,16,42,1.3794691484377777e-05,2.8080274484683089e-05,0.20196211742766579,0.031947822768961597,1.1299241268149443,short,1689,3931
term,180,98,278,9.550171027646154e-05,0.00017199168121868392,0.16376204420731,0.0048435417427830224,2.3530530981779041,short,929,4687
terminal,238,17,255,0.00012627448358776581,2.9835291639975781e-05,-0.23370748037983091,0.0057054293058056574,-3.0940579889770419,official,4998,618
terminally,21,19,40,1.1141866198920512e-05,3.3345325950561165e-05,0.32769233560791733,0.033343156270736869,1.7945804400477192,short,1240,4377
terminate,332,0,332,0.00017614759895436238,0,-0.33216712436698614,0.0045186334564486777,-4.941435033726802,official,5340,276
terminated,71,11,82,3.7670119053493162e-05,1.9305188708219622e-05,-0.13681963188262714,0.017289196998477849,-1.0405453342350051,official,3323,2293
terminating,29,5,34,1.5386386655652135e-05,8.7750857764634652e-06,-0.11855139833838813,0.041514602617374274,-0.58184356879183674,official,2935,2681
termination,284,177,461,0.00015068047621397265,0.00031063803648680665,0.2060166460085977,0.0029102412033769074,3.8188958989316157,short,465,5151
terminations,28,1,29,1.4855821598560682e-05,1.7550171552926931e-06,-0.28083379739508274,0.050877754084486283,-1.2450460263550298,official,3527,2101
terms,256,2,258,0.00013582465461541197,3.5100343105853862e-06,-0.32055081517013484,0.0057922402894334205,-4.2118568339162907,official,5251,365
territorial,86,23,109,4.5628594909864952e-05,4.036539457173194e-05,-0.029175623138854689,0.012704523824473983,-0.2588456939110646,official,2690,2926
territories,87,34,121,4.6159159966956405e-05,5.9670583279951563e-05,0.066913659327456187,0.011259866334634612,0.63059157401572929,short,2034,3582
territory,60,8,68,3.1833903425487176e-05,1.4040137242341545e-05,-0.16027798703011698,0.02097095584767222,-1.1067888273644533,official,3385,2231
terror,19,16,35,1.0080736084737606e-05,2.8080274484683089e-05,0.30386930997319617,0.038126922759940181,1.5562198922920085,short,1392,4225
terrorism,450,222,672,0.00023875427569115384,0.00038961380847497785,0.133898039377355,0.0020103950829019794,2.986300528657595,short,680,4936
terrorist,353,160,513,0.0001872894651532829,0.00028080274484683089,0.10890668781417823,0.0026411797274419934,2.1191201079251396,short,1048,4568
terrorists,96,61,157,5.0934245480779486e-05,0.00010705604647285428,0.2121426574783225,0.0085402862662582579,2.2955766086883278,short,949,4667
tertiary,42,13,55,2.2283732397841024e-05,2.281522301880501e-05,0.0058201621307354401,0.025015721811765701,0.036798368447283347,short,2472,3145
test,325,77,402,0.0001724336435547222,0.00013513632095753735,-0.056211732890025345,0.0034637596773800195,-0.95510935267040376,official,3243,2373
testimony,25,3,28,1.3264126427286324e-05,5.2650514658780786e-06,-0.17528336783289333,0.051126550146357953,-0.77520660529561014,official,3092,2526
testing,477,199,676,0.00025307953223262307,0.00034924841390324591,0.085148286461175005,0.002010721084156045,1.8988908273133236,short,1173,4443
tests,127,13,140,6.7381762250614527e-05,2.281522301880501e-05,-0.19579837344217488,0.010281827191109679,-1.9309628992887102,official,4379,1237
teton,18,8,26,9.5501710276461537e-06,1.4040137242341545e-05,0.103195297945053,0.052139598534932143,0.45193509509129132,short,2199,3421
texas,158,60,218,8.3829279020449567e-05,0.00010530102931756158,0.059060546925485014,0.0062572579163321911,0.746630000097947,short,1959,3657
textile,54,36,90,2.8650513082938459e-05,6.3180617590536954e-05,0.22750038958870356,0.01488151349809899,1.8649130732071015,short,1189,4428
theft,185,179,364,9.8154535561918797e-05,0.00031414807079739203,0.3500872165403468,0.0036636754351811827,5.7838597906852591,short,197,5419
therapeutic,51,13,64,2.7058817911664101e-05,2.281522301880501e-05,-0.040104443334307405,0.021683226271175051,-0.27235198293424329,official,2698,2919
therapies,13,24,37,6.8973457421888885e-06,4.2120411727024629e-05,0.55988281089575231,0.036394003727998461,2.9348250458686986,short,697,4919
therapist,24,14,38,1.2733561370194872e-05,2.4570240174097702e-05,0.18513554438810154,0.0353603625935347,0.98453566372084078,short,1786,3833
therapists,38,12,50,2.0161472169475213e-05,2.1060205863512314e-05,0.010821096182281664,0.027493229728875967,0.065261699132588002,short,2450,3168
therapy,183,104,287,9.7093405447735891e-05,0.00018252178415044008,0.17701914486769965,0.0046857654949398753,2.5860085918483344,short,834,4782
therefor,46,0,46,2.4405992626206838e-05,0,-0.33212986720558035,0.032609256757812136,-1.8392360963251253,official,4301,1322
thereof,227,0,227,0.00012043826795975982,0,-0.33215344505856237,0.0066084906600737897,-4.0858989431104238,official,5233,383
thereto,98,0,98,5.1995375594962392e-05,0,-0.33213664060755299,0.015306683565826564,-2.6845792966788662,official,4837,779
thereunder,154,0,154,8.1707018792083756e-05,0,-0.33214393535225462,0.009740820869178192,-3.3653369087812153,official,5059,559
thermal,33,21,54,1.7508646884017949e-05,3.685536026114655e-05,0.21260804945941025,0.024828147315439853,1.3492969738611931,short,1533,4083
third-party,42,0,42,2.2283732397841024e-05,0,-0.33212934618620515,0.035714846819061744,-1.7574495006982607,official,4210,1420
thomas,39,53,92,2.0692037226566665e-05,9.3015909230512728e-05,0.46257747993573695,0.014530700628931061,3.8374365542041979,short,461,5155
threat,168,55,223,8.9134929591364094e-05,9.6525943541098119e-05,0.019938673294340958,0.0061552282060770725,0.25414067421012715,short,2332,3284
threaten,31,0,31,1.644751676983504e-05,0,-0.33212791339143699,0.048387657876598558,-1.5098648555654945,official,3920,1718
threatened,168,3,171,8.9134929591364094e-05,5.2650514658780786e-06,-0.30594209410028306,0.008697540076908027,-3.2805073543500232,official,5032,584
threatening,30,0,30,1.5916951712743588e-05,0,-0.33212778313798452,0.050000561102189471,-1.4853122665294169,official,3878,1753
threats,76,20,96,4.0322944338950426e-05,3.5100343105853861e-05,-0.032882262894519343,0.014435204261084847,-0.27368451788050807,official,2699,2917
threshold,106,7,113,5.6239896051694013e-05,1.2285120087048851e-05,-0.2405674731578884,0.012900104499469354,-2.1180699188000895,official,4530,1086
thrift,114,56,170,6.0484416508425642e-05,9.8280960696390808e-05,0.13259334554734714,0.0079464666571416129,1.4874236962422263,short,1435,4181
tick-borne,27,14,41,1.432525654146923e-05,2.4570240174097702e-05,0.14885130015404613,0.032888261640106956,0.82079021992366286,short,1905,3710
ticket,22,19,41,1.1672431256011964e-05,3.3345325950561165e-05,0.31223846145569034,0.032540243645311252,1.7309160226942224,short,1284,4335
tier,26,2,28,1.3794691484377777e-05,3.5100343105853862e-06,-0.22676588476993587,0.051852412953722671,-0.99584840755359016,official,3293,2328
tiger,17,13,30,9.019605970554701e-06,2.281522301880501e-05,0.27207920573867916,0.044532970801089582,1.289301586736765,short,1577,4040
timber,165,83,248,8.7543234420089743e-05,0.00014566642388929351,0.13970835772251888,0.0054430166961566811,1.8936623923654528,short,1176,4440
time,614,106,720,0.00032576694505415213,0.00018603181846102546,-0.11835346201149299,0.0019608401973512431,-2.672759399253299,official,4835,781
timely,221,60,281,0.00011725487761721111,0.00010530102931756158,-0.025697272358696566,0.0049251443518286897,-0.36616560353807148,official,2765,2851
times,64,7,71,3.3956163653852993e-05,1.2285120087048851e-05,-0.18754796702436316,0.020228481339340777,-1.3186535894142246,official,3592,2024
timing,23,6,29,1.2202996313103419e-05,1.0530102931756157e-05,-0.034872762803848545,0.047802758904509059,-0.1594997015130627,official,2610,3008
timor,15,11,26,7.9584758563717939e-06,1.9305188708219622e-05,0.25837193649265267,0.051417832031411786,1.1394321247672381,short,1679,3941
tip,34,10,44,1.8039211941109402e-05,1.755017155292693e-05,-0.0067015952061755257,0.031339592444800689,-0.037855720773744758,official,2521,3097
tire,16,22,38,8.4890409134632483e-06,3.8610377416439245e-05,0.46639121534899886,0.035185746290335926,2.4863769917827825,short,878,4739
tires,34,1,35,1.8039211941109402e-05,1.7550171552926931e-06,-0.28956825888418081,0.042271092504289599,-1.4084103846848972,official,3741,1882
tissue,56,19,75,2.9711643197121365e-05,3.3345325950561165e-05,0.029121656119471595,0.018272446771557413,0.21543572200027325,short,2360,3256
title,16976,74,17050,0.0090068724091845048,0.00012987126949165928,-0.32781470599491769,8.8351660996738838e-05,-34.875550627528995,official,5608,8
titles,788,0,788,0.00041808526498806492,0,-0.33222654484354841,0.0019041145651144536,-7.6135603048896776,official,5489,127
tobacco,475,194,669,0.00025201840211844017,0.00034047332812678246,0.079173545198523598,0.0020334356765598556,1.7557588757124041,short,1263,4353
today,6,31,37,3.1833903425487179e-06,5.4405531814073483e-05,0.81934346936984248,0.037962257411870759,4.2052322042811063,short,392,5224
toddlers,25,3,28,1.3264126427286324e-05,5.2650514658780786e-06,-0.17528336783289333,0.051126550146357953,-0.77520660529561014,official,3093,2527
toll,43,17,60,2.2814297454932476e-05,2.9835291639975781e-05,0.070101462252891267,0.022696311960702365,0.46531754804692621,short,2187,3429
toll-free,44,2,46,2.3344862512023929e-05,3.5100343105853862e-06,-0.26759022385661879,0.03194500555019511,-1.49716187350286,official,3889,1727
tomorrow,1,26,27,5.3056505709145302e-07,4.563044603761002e-05,0.99912178021773101,0.054582771345592217,4.2765212580697405,short,381,5235
tomorrow's,1,27,28,5.3056505709145302e-07,4.7385463192902708e-05,1.0010721629425205,0.052665137905784233,4.3621819074016006,short,363,5254
tongass,19,9,28,1.0080736084737606e-05,1.5795154397634238e-05,0.12179501878082277,0.048304183873972256,0.55416252350008866,short,2095,3524
tools,84,26,110,4.4567464795682047e-05,4.563044603761002e-05,0.005820292617038092,0.012508141472623836,0.052041334797137268,short,2460,3156
tornado,11,16,27,5.8362156280059822e-06,2.8080274484683089e-05,0.48464272178075518,0.049572164529614972,2.1767209330351802,short,1018,4600
torpedoes,31,0,31,1.644751676983504e-05,0,-0.33212791339143699,0.048387657876598558,-1.5098648555654945,official,3921,1719
tort,68,28,96,3.6078423882218804e-05,4.9140480348195404e-05,0.081441649535531013,0.014162638222632159,0.68434402634017222,short,1989,3627
torture,95,51,146,5.0403680423688034e-05,8.9505874919927337e-05,0.15943970014121867,0.0092260808554021773,1.6599226107168952,short,1339,4277
total,225,20,245,0.00011937713784557692,3.5100343105853861e-05,-0.21200025517808641,0.0059018056297887546,-2.759585996835384,official,4870,746
totally,52,0,52,2.7589382968755554e-05,0,-0.33213064873773135,0.028846714953085367,-1.9555132917433848,official,4405,1213
totals,36,1,37,1.9100342055292307e-05,1.7550171552926931e-06,-0.29185423467264293,0.040014980714425025,-1.4589979885363076,official,3825,1796
tourism,85,74,159,4.50980298527735e-05,0.00012987126949165928,0.3149143459216468,0.0083907672834571088,3.4378870754829634,short,551,5065
town,46,21,67,2.4405992626206838e-05,3.685536026114655e-05,0.11097535706731598,0.020213754997105728,0.78055417735013222,short,1931,3685
towns,20,6,26,1.0611301141829059e-05,1.0530102931756157e-05,-0.0018822086456573572,0.052989691536447225,-0.0081765871165766692,official,2503,3114
toxic,237,88,325,0.00012574391853067436,0.00015444150966575698,0.05297609405619319,0.0042012281073896054,0.81731939205160786,short,1908,3708
toy,7,18,25,3.7139553996401706e-06,3.1590308795268477e-05,0.65649436141062623,0.054506375055612115,2.8119484206300736,short,741,4876
trace,19,18,37,1.0080736084737606e-05,3.1590308795268477e-05,0.34301008001863487,0.036039522143671329,1.8068303246016413,short,1236,4383
track,48,35,83,2.5467122740389743e-05,6.1425600435244251e-05,0.25651943412238687,0.016108725173027472,2.0211087725057419,short,1109,4509
tracked,35,0,35,1.8569776998200855e-05,0,-0.33212843440627182,0.042857703960410054,-1.6043222548468057,official,4040,1596
tracking,66,37,103,3.5017293768035899e-05,6.4935634745829642e-05,0.1727743577369818,0.013060578026175843,1.5118130441572781,short,1413,4203
trade,2357,1238,3595,0.0012505418395645546,0.002172711238252354,0.15299012360715647,0.00037548351559726938,7.8952876582299281,short,116,5500
traded,39,2,41,2.0692037226566665e-05,3.5100343105853862e-06,-0.25980743214276103,0.035756375058161295,-1.3739623383961705,official,3684,1935
trademark,84,57,141,4.4567464795682047e-05,0.0001000359778516835,0.23320355142945992,0.0094955106242705263,2.3931834891954309,short,918,4698
trademarked,47,0,47,2.493655768329829e-05,0,-0.33212999746068128,0.031915454722875047,-1.8591206890678307,official,4323,1299
trademarks,34,5,39,1.8039211941109402e-05,8.7750857764634652e-06,-0.1452487765715933,0.036426463968669526,-0.76103385240444188,official,3084,2532
trades,30,8,38,1.5916951712743588e-05,1.4040137242341545e-05,-0.029843464462439684,0.036445573892087406,-0.15632442553288972,official,2605,3013
trading,185,85,270,9.8154535561918797e-05,0.00014917645819987891,0.11285620244761319,0.0050152647649579149,1.593596986465516,short,1382,4234
traditional,52,14,66,2.7589382968755554e-05,2.4570240174097702e-05,-0.027635426014228415,0.020975137381922793,-0.19081554708028925,official,2640,2979
traffic,294,97,391,0.00015598612678488716,0.00017023666406339123,0.021923371542127867,0.0035095955279347384,0.37006567972537358,short,2254,3362
traffickers,36,10,46,1.9100342055292307e-05,1.755017155292693e-05,-0.020344632115543604,0.030052825914562816,-0.11735650931421011,official,2576,3041
trafficking,405,228,633,0.00021487884812203845,0.00040014391140673399,0.17411223897694583,0.0021253925676507318,3.7766759401724457,short,474,5142
trail,238,150,388,0.00012627448358776581,0.00026325257329390395,0.20956512669604699,0.0034567413367377611,3.5643929230388545,short,513,5103
trails,261,66,327,0.00013847747990086923,0.00011583113224931773,-0.041899591322383856,0.0042457707041207169,-0.64303042039309133,official,2993,2623
train,121,10,131,6.4198371908065811e-05,1.755017155292693e-05,-0.21965734458815689,0.011061013674336954,-2.0885662921554897,official,4504,1112
trained,38,8,46,2.0161472169475213e-05,1.4040137242341545e-05,-0.080810950077767174,0.030423841529368424,-0.46330094663426108,official,2847,2771
training,2059,797,2856,0.0010924334525513016,0.0013987486727682762,0.064355585711120433,0.00047776816119580854,2.9442700750442032,short,692,4924
trains,20,9,29,1.0611301141829059e-05,1.5795154397634238e-05,0.10679043921111031,0.046724513841470257,0.49403757013922672,short,2165,3458
trans-alaska,26,3,29,1.3794691484377777e-05,5.2650514658780786e-06,-0.18057607145125942,0.04943237928396077,-0.81218402534031875,official,3119,2500
transaction,91,27,118,4.8281420195322223e-05,4.7385463192902708e-05,-0.0045774245289234017,0.011681801842029469,-0.04235125408775741,official,2526,3091
transactions,446,20,466,0.00023663201546278803,3.5100343105853861e-05,-0.26845754510068787,0.0031546655941027107,-4.7796814123328026,official,5318,298
transfer,1198,317,1515,0.00063561693839556067,0.00055634043822778371,-0.031642936303563296,0.00091500861925641614,-1.0460782791726422,official,3327,2289
transferred,76,0,76,4.0322944338950426e-05,0,-0.33213377490346119,0.019737403217367912,-2.364111931290569,official,4692,930
transferring,26,2,28,1.3794691484377777e-05,3.5100343105853862e-06,-0.22676588476993587,0.051852412953722671,-0.99584840755359016,official,3294,2329
transfers,189,29,218,0.00010027679579028461,5.0895497503488099e-05,-0.13841366769161034,0.0065061465972995475,-1.7159990948679569,official,4165,1451
transform,11,15,26,5.8362156280059822e-06,2.6325257329390394e-05,0.46368248902105336,0.051417832031636669,2.044861105480352,short,1097,4519
transient,25,0,25,1.3264126427286324e-05,0,-0.33212713187227472,0.060000561101111738,-1.3558969980891018,official,3669,1973
transit,232,97,329,0.00012309109324521708,0.00017023666406339123,0.085753321221929468,0.0041305102067713722,1.3342865228962739,short,1537,4079
transition,437,193,630,0.00023185692994896496,0.00033871831097148972,0.10139949493061806,0.0021528351938525517,2.1853972866496072,short,1013,4603
transitional,93,40,133,4.9342550309505128e-05,7.0200686211707722e-05,0.093785021020984516,0.010205686708511815,0.92835132995714398,short,1823,3793
transmission,173,37,210,9.1787754876821364e-05,6.4935634745829642e-05,-0.077629940157924793,0.0066601101964635532,-0.95123658238447084,official,3237,2379
transmissions,29,2,31,1.5386386655652135e-05,3.5100343105853862e-06,-0.23681661138218857,0.046970258072214423,-1.0926993614999132,official,3374,2246
transmit,39,0,39,2.0692037226566665e-05,0,-0.33212895542275866,0.038462099565667845,-1.6935196716434358,official,4143,1482
transmitted,101,3,104,5.358707076623675e-05,5.2650514658780786e-06,-0.28916970293375854,0.014224404291320158,-2.4245756827450853,official,4732,884
transparency,350,625,975,0.00018569776998200854,0.0010968857220579331,0.54983825892436755,0.0013802783222595159,14.799656040433137,short,33,5583
transparent,37,29,66,1.963090711238376e-05,5.0895497503488099e-05,0.28017888381583056,0.020235614765131072,1.9695962074176401,short,1134,4482
transplant,41,53,94,2.1753167340749571e-05,9.3015909230512728e-05,0.44619860855967808,0.014210689614807485,3.7430069603699159,short,487,5129
transplantation,48,20,68,2.5467122740389743e-05,3.5100343105853861e-05,0.084772293309020696,0.019984887130313576,0.59965724091539196,short,2054,3563
transport,137,49,186,7.2687412821529054e-05,8.599584060934196e-05,0.042959763280975949,0.0073518555197061427,0.50102961591708728,short,2150,3466
transportation,2684,1138,3822,0.0014240366132334597,0.0019972095227230847,0.089845149137501856,0.00035587916111308866,4.7625917446773895,short,299,5317
transportational,30,0,30,1.5916951712743588e-05,0,-0.33212778313798452,0.050000561102189471,-1.4853122665294169,official,3879,1754
transported,49,4,53,2.5997687797481196e-05,7.0200686211707723e-06,-0.22090289945418817,0.027348342325122212,-1.3357830013955108,official,3623,1997
transporting,60,0,60,3.1833903425487176e-05,0,-0.33213169078637605,0.025000561108655915,-2.100561679280875,official,4512,1106
trapping,15,18,33,7.9584758563717939e-06,3.1590308795268477e-05,0.4216537283378905,0.040441737574436344,2.0967229141227177,short,1061,4559
trauma,108,58,166,5.7301026165876919e-05,0.0001017909950069762,0.15955217319488746,0.0081144818855485284,1.7712192614387883,short,1261,4355
traumatic,83,44,127,4.4036899738590594e-05,7.722075483287849e-05,0.15558747761305192,0.010610419103851181,1.5104570159579707,short,1415,4202
travel,454,240,694,0.00024087653591951965,0.0004212041172702463,0.15476744828271549,0.0019423052097850657,3.5117281160627098,short,527,5089
travelers,14,23,37,7.4279107992803412e-06,4.036539457173194e-05,0.52355032054334316,0.036275070908912986,2.7488705898706081,short,770,4848
traveling,48,7,55,2.5467122740389743e-05,1.2285120087048851e-05,-0.14657453437537526,0.025838331230113906,-0.9118560681988076,official,3198,2419
treasury,1013,57,1070,0.00053746240283364182,0.0001000359778516835,-0.25333405341713888,0.0013679495882629429,-6.8494945664701108,official,5474,142
treat,269,12,281,0.00014272200035760085,2.1060205863512314e-05,-0.2687522347593454,0.0052317122584298213,-3.715610309637924,official,5152,464
treated,178,1,179,9.4440580162278635e-05,1.7550171552926931e-06,-0.32377838123426628,0.0083572371380987286,-3.5417384367249598,official,5103,513
treaties,30,6,36,1.5916951712743588e-05,1.0530102931756157e-05,-0.090963141221442001,0.038961600064859041,-0.46083669928457871,official,2835,2783
treating,46,3,49,2.4405992626206838e-05,5.2650514658780786e-06,-0.2416145671112524,0.029757646126696451,-1.4006312996020871,official,3732,1888
treatment,2570,805,3375,0.0013635521967250341,0.0014127888100106179,0.0087961252988986161,0.00040800489789457668,0.43547047879487433,short,2213,3403
treatments,94,23,117,4.9873115366596581e-05,4.036539457173194e-05,-0.049194740084239186,0.011882754757983902,-0.45129456505601984,official,2827,2789
treaty,190,65,255,0.00010080736084737607,0.00011407611509402505,0.031273276338247058,0.0053727521655824772,0.42665317166883948,short,2218,3398
tree,28,12,40,1.4855821598560682e-05,2.1060205863512314e-05,0.092760841544315298,0.033937212688730019,0.50353144257911964,short,2148,3469
trees,38,9,47,2.0161472169475213e-05,1.5795154397634238e-05,-0.056277332700940264,0.029622409845855568,-0.32698159833403528,official,2731,2887
trends,19,14,33,1.0080736084737606e-05,2.4570240174097702e-05,0.25993074523514359,0.040507926079073303,1.2914798885295655,short,1570,4047
trial,91,30,121,4.8281420195322223e-05,5.2650514658780788e-05,0.021717939758023164,0.011340058811858454,0.20394401771064516,short,2365,3251
trials,52,33,85,2.7589382968755554e-05,5.7915566124658867e-05,0.21173444876065339,0.015774407460079288,1.6858347250963772,short,1312,4304
tribal,381,266,647,0.00020214528675184358,0.00046683456330785632,0.24245373658091296,0.0020686141480069612,5.3307600740671273,short,234,5382
tribe,477,141,618,0.00025307953223262307,0.00024745741889626969,-0.005485940417464974,0.0022313263026758593,-0.11613671671637667,official,2574,3042
tribes,347,57,404,0.00018410607481073417,0.0001000359778516835,-0.12700494581709876,0.003501316505753538,-2.1463717715609203,official,4545,1071
tribunal,22,19,41,1.1672431256011964e-05,3.3345325950561165e-05,0.31223846145569034,0.032540243645311252,1.7309160226942224,short,1285,4336
tribunals,21,5,26,1.1141866198920512e-05,8.7750857764634652e-06,-0.055137673282837696,0.053535221362418284,-0.23830251962993382,official,2678,2942
tributaries,44,0,44,2.3344862512023929e-05,0,-0.33212960669568581,0.034091470196116212,-1.7988076501041976,official,4262,1368
tricare,80,32,112,4.2445204567316236e-05,5.6160548969366179e-05,0.073344599709210812,0.012153338899441771,0.66530431231511356,short,2007,3609
trigger,20,11,31,1.0611301141829059e-05,1.9305188708219622e-05,0.16686942485740985,0.043417928049802171,0.8008334811351957,short,1916,3699
troops,7,48,55,3.7139553996401706e-06,8.4240823454049258e-05,0.86863767746781129,0.025838331232419128,5.4038891585445725,short,224,5392
tropical,67,19,86,3.5547858825127351e-05,3.3345325950561165e-05,-0.015454806983916214,0.016060318351556375,-0.12195132145086895,official,2579,3037
troubled,74,13,87,3.926181422476752e-05,2.281522301880501e-05,-0.11521491169275677,0.016211741239430363,-0.90488598049543845,official,3196,2420
truck,30,47,77,1.5916951712743588e-05,8.2485806298756569e-05,0.5084923788825737,0.017410871636518502,3.8536670655545979,short,458,5159
trucking,12,25,37,6.3667806850974358e-06,4.3875428882317324e-05,0.59634660019012742,0.036537756628474506,3.1198075755912584,short,641,4975
trucks,60,9,69,3.1833903425487176e-05,1.5795154397634238e-05,-0.1420842102134845,0.020573011916110832,-0.99059670426588609,official,3283,2334
true,19,26,45,1.0080736084737606e-05,4.563044603761002e-05,0.46482882605100073,0.029710068149138,2.6967533612057677,short,795,4822
truman,17,17,34,9.019605970554701e-06,2.9835291639975781e-05,0.36102841516754047,0.039216247378517241,1.8230910884510836,short,1225,4397
trust,1250,448,1698,0.00066320632136431619,0.00078624768557112646,0.043532201713511576,0.00080575773755528718,1.5335869015339336,short,1404,4212
trustee,35,4,39,1.8569776998200855e-05,7.0200686211707723e-06,-0.18184450795645368,0.036769888571356164,-0.94831808347681756,official,3228,2390
trustees,85,6,91,4.50980298527735e-05,1.0530102931756157e-05,-0.23475819806898457,0.015991657648009062,-1.8564105397806359,official,4313,1303
trusts,139,11,150,7.3748542935711959e-05,1.9305188708219622e-05,-0.22401238444434313,0.0096719488653550078,-2.2777970854730198,official,4635,981
truth,311,367,678,0.00016500573275544188,0.00064409129599241836,0.41621878390778289,0.0019686214073911645,9.3808150642610517,short,88,5528
tsunami,26,18,44,1.3794691484377777e-05,3.1590308795268477e-05,0.23966681676282775,0.030415307649997933,1.3742375172978742,short,1511,4107
tubbs,10,16,26,5.3056505709145295e-06,2.8080274484683089e-05,0.51517957589042673,0.051587862689528433,2.2682184025083183,short,964,4652
tuberculosis,50,38,88,2.6528252854572649e-05,6.6690651901122331e-05,0.27006138674448898,0.015183445864930088,2.1916808891319879,short,1012,4604
tubman,24,19,43,1.2733561370194872e-05,3.3345325950561165e-05,0.28347013077816463,0.031054966498452685,1.6085766919028215,short,1370,4246
tuition,255,135,390,0.0001352940895583205,0.00023692731596451356,0.15519620509689069,0.0034557106890500322,2.6400515642345947,short,808,4808
tule,13,14,27,6.8973457421888885e-06,2.4570240174097702e-05,0.3857202561991766,0.049390805004768966,1.7355990119891382,short,1277,4340
tumor,19,8,27,1.0080736084737606e-05,1.4040137242341545e-05,0.087730941996156275,0.050311120108203787,0.39112970402606018,short,2234,3383
tuna,27,14,41,1.432525654146923e-05,2.4570240174097702e-05,0.14885130015404613,0.032888261640106956,0.82079021992366286,short,1906,3711
tunnel,19,24,43,1.0080736084737606e-05,4.2120411727024629e-05,0.43858940500091492,0.031054966498733804,2.488814931788748,short,876,4741
turkey,21,4,25,1.1141866198920512e-05,7.0200686211707723e-06,-0.1003232734100532,0.056222450156808892,-0.42310368722471836,official,2805,2812
twenty-first,8,18,26,4.2445204567316241e-06,3.1590308795268477e-05,0.6188591275698343,0.052139598535494373,2.7102413020193836,short,787,4830
two-thirds,37,0,37,1.963090711238376e-05,0,-0.33212869491431007,0.040541101644238832,-1.6495239516689466,official,4095,1537
two-year,54,1,55,2.8650513082938459e-05,1.7550171552926931e-06,-0.30497948933164132,0.027032015891382748,-1.8549466176899887,official,4312,1304
type,47,0,47,2.493655768329829e-05,0,-0.33212999746068128,0.031915454722875047,-1.8591206890678307,official,4324,1300
types,114,0,114,6.0484416508425642e-05,0,-0.33213872478732931,0.013158455857138016,-2.8954565352488126,official,4934,683
u,32,0,32,1.6978081826926497e-05,0,-0.33212804364498894,0.046875561102620561,-1.5340245419763083,official,3952,1669
u.s.,645,102,747,0.00034221446182398717,0.00017901174983985467,-0.13345442687420217,0.0018968083686452693,-3.0642292649970111,official,4989,627
u.s.c.,148,0,148,7.852362844953504e-05,0,-0.33214315375699854,0.010135696262760188,-3.2991230288232627,official,5038,579
udall,14,25,39,7.4279107992803412e-06,4.3875428882317324e-05,0.54962342256554209,0.034493485633836841,2.9593524454867817,short,688,4928
ukraine,28,19,47,1.4855821598560682e-05,3.3345325950561165e-05,0.23319447261074977,0.028485409591770493,1.3816785579089146,short,1504,4112
ultimately,31,0,31,1.644751676983504e-05,0,-0.33212791339143699,0.048387657876598558,-1.5098648555654945,official,3922,1720
ultrasound,26,5,31,1.3794691484377777e-05,8.7750857764634652e-06,-0.09851025669720137,0.045322198529586702,-0.46272819878141747,official,2844,2775
unable,112,0,112,5.9423286394242729e-05,0,-0.3321384642634122,0.013393418262721935,-2.8699442301529952,official,4923,696
unaccompanied,49,17,66,2.5997687797481196e-05,2.9835291639975781e-05,0.034932726543365433,0.020744406055902401,0.24253922291679655,short,2336,3279
unauthorized,170,5,175,9.0196059705547e-05,8.7750857764634652e-06,-0.28958425087816408,0.0084546674139197552,-3.1493916727901081,official,5008,608
unborn,50,39,89,2.6528252854572649e-05,6.8445669056415033e-05,0.2785899266049725,0.015007305721416279,2.2741234891985682,short,958,4658
unclaimed,19,7,26,1.0080736084737606e-05,1.2285120087048851e-05,0.050868917841563999,0.052525813626973367,0.22195559883827359,short,2350,3270
undelivered,28,0,28,1.4855821598560682e-05,0,-0.33212752263139222,0.053571989673186944,-1.4349473872580845,official,3803,1822
underage,37,21,58,1.963090711238376e-05,3.685536026114655e-05,0.17659849443794684,0.023185104746980455,1.1597982940057985,short,1660,3958
underemployed,80,0,80,4.2445204567316236e-05,0,-0.33213429593685539,0.018750561112966972,-2.425529653783939,official,4736,883
undergraduate,54,5,59,2.8650513082938459e-05,8.7750857764634652e-06,-0.20748630977975324,0.024475118630845373,-1.326255029652138,official,3607,2009
underground,77,33,110,4.0853509396041878e-05,5.7915566124658867e-05,0.092763507197281214,0.012341161697183793,0.83502434751260235,short,1895,3722
underrepresented,29,4,33,1.5386386655652135e-05,7.0200686211707723e-06,-0.15519522132777652,0.043156620388152531,-0.74705853324460703,official,3076,2541
underserved,154,23,177,8.1707018792083756e-05,4.036539457173194e-05,-0.14278785367684499,0.0080217091714235127,-1.5942550791127899,official,4013,1603
understand,36,3,39,1.9100342055292307e-05,5.2650514658780786e-06,-0.21879858680311415,0.037143418247155197,-1.1352815455590943,official,3412,2207
understanding,108,24,132,5.7301026165876919e-05,4.2120411727024629e-05,-0.06976333805721957,0.010577484202448501,-0.67832224557478205,official,3024,2592
undertake,127,6,133,6.7381762250614527e-05,1.0530102931756157e-05,-0.26519835036262585,0.011040959575199323,-2.5238724811820723,official,4775,841
undertaken,44,0,44,2.3344862512023929e-05,0,-0.33212960669568581,0.034091470196116212,-1.7988076501041976,official,4263,1369
underutilized,27,4,31,1.432525654146923e-05,7.0200686211707723e-06,-0.1440734374784256,0.045813368984403302,-0.67311272889117468,official,3019,2598
underwriting,39,3,42,2.0692037226566665e-05,5.2650514658780786e-06,-0.22676714721379732,0.0345684623395126,-1.2196637203029173,official,3499,2123
undocumented,32,6,38,1.6978081826926497e-05,1.0530102931756157e-05,-0.10328388611513972,0.037013548117238185,-0.53684907712948315,official,2913,2705
undue,32,2,34,1.6978081826926497e-05,3.5100343105853862e-06,-0.24511580495656204,0.04292985403245702,-1.1830186993838383,official,3452,2165
unemployed,328,40,368,0.00017402533872599657,7.0200686211707722e-05,-0.1730846730005311,0.0038883231786551804,-2.7757313775963302,official,4876,740
unemployment,748,321,1069,0.00039686266270440681,0.00056336050684895446,0.093181154813565925,0.0012703435372511266,2.6143726840241484,short,825,4791
unfair,355,53,408,0.0001883505952674658,9.3015909230512728e-05,-0.14286009120404408,0.0034803745731364706,-2.4215750284668278,official,4731,885
unfunded,25,20,45,1.3264126427286324e-05,3.5100343105853861e-05,0.28692069357534145,0.029670890776876804,1.6656992091977398,short,1336,4280
unified,91,12,103,4.8281420195322223e-05,2.1060205863512314e-05,-0.1619094086318853,0.013850852467770222,-1.3757319860670072,official,3686,1931
uniform,597,169,766,0.00031674733908359744,0.00029659789924446514,-0.015878545530052079,0.0018037557022943594,-0.37387106933468228,official,2772,2844
uniformed,420,145,565,0.00022283732397841024,0.0002544774875174405,0.033654403091077256,0.0024242403563070635,0.68352444952374236,short,1991,3625
uniformity,20,22,42,1.0611301141829059e-05,3.8610377416439245e-05,0.39277887700699843,0.031754593364077446,2.2041687776137286,short,1000,4616
uninsured,85,34,119,4.50980298527735e-05,5.9670583279951563e-05,0.073344810168446628,0.0114384696200174,0.68578096652550902,short,1987,3629
unintended,37,5,42,1.963090711238376e-05,8.7750857764634652e-06,-0.1582796108586404,0.033935384697839258,-0.85920854090676491,official,3169,2450
union,361,125,486,0.00019153398561001453,0.00021937714441158662,0.03442640617120496,0.0028178599629290232,0.6485328588153414,short,2021,3595
unions,91,2,93,4.8281420195322223e-05,3.5100343105853862e-06,-0.30004655252363399,0.015961659514050975,-2.3749234730858033,official,4698,917
unique,43,8,51,2.2814297454932476e-05,1.4040137242341545e-05,-0.1047361874309285,0.027588011521879049,-0.63057472835897499,official,2972,2644
unit,400,57,457,0.00021222602283658119,0.0001000359778516835,-0.15021889516007825,0.0031129476328010976,-2.69239426025135,official,4840,776
united,22322,1108,23430,0.011843273204395413,0.0019445590080643038,-0.26444221937819634,6.317634158289304e-05,-33.2700579109502,official,5606,10
uniting,0,29,29,0,5.0895497503488099e-05,1.0541829802161402,0.051724699034638867,4.6351843771021217,short,320,5297
units,669,3,672,0.00035494802319418204,5.2650514658780786e-06,-0.32552075520085033,0.002227754877363253,-6.8967579284841012,official,5475,141
unity,19,29,48,1.0080736084737606e-05,5.0895497503488099e-05,0.50014612740643116,0.027912947229041144,2.9936020198458553,short,679,4937
universal,215,138,353,0.00011407148727466239,0.00024219236743039163,0.21537747151475983,0.0037977844376622665,3.4949029382758519,short,529,5087
universities,95,25,120,5.0403680423688034e-05,4.3875428882317324e-05,-0.032882583451391056,0.011548275637830504,-0.30599008929924559,official,2716,2900
university,147,80,227,7.7993063392443581e-05,0.00014040137242341544,0.16363057742640308,0.0059316869308255532,2.1245910727812416,short,1045,4571
unjust,26,4,30,1.3794691484377777e-05,7.0200686211707723e-06,-0.13796952428782028,0.04726946866543956,-0.63458938986527802,official,2983,2640
unjustified,46,1,47,2.4405992626206838e-05,1.7550171552926931e-06,-0.30038073804021792,0.031586582611286329,-1.6901325242006373,official,4131,1488
unlawful,202,16,218,0.0001071741415324735,2.8080274484683089e-05,-0.22392970966844672,0.0066550177980713617,-2.7449668650798227,official,4864,752
unlawfully,55,0,55,2.9181078140029912e-05,0,-0.33213103950519951,0.027273288380305436,-2.0111326303701875,official,4446,1174
unless,353,0,353,0.0001872894651532829,0,-0.3321698603651182,0.0042498529565221784,-5.0953412112629701,official,5354,262
unlimited,23,8,31,1.2202996313103419e-05,1.4040137242341545e-05,0.035601355554920389,0.044160105262398948,0.1694148534701814,short,2388,3230
unmanned,31,2,33,1.644751676983504e-05,3.5100343105853862e-06,-0.2425148930031753,0.044196989674377123,-1.1535649956619483,official,3423,2194
unmarried,28,2,30,1.4855821598560682e-05,3.5100343105853862e-06,-0.23368658812023924,0.04849194041264674,-1.0612043130292073,official,3346,2280
unnecessary,144,27,171,7.6401368221169229e-05,4.7385463192902708e-05,-0.10328942686322407,0.0082256693592094449,-1.138859747660393,official,3414,2202
unobligated,31,0,31,1.644751676983504e-05,0,-0.33212791339143699,0.048387657876598558,-1.5098648555654945,official,3923,1721
unpaid,50,2,52,2.6528252854572649e-05,3.5100343105853862e-06,-0.27497111268380614,0.028323001194189928,-1.6338697633692534,official,4072,1547
unreasonable,85,14,99,4.50980298527735e-05,2.4570240174097702e-05,-0.12652967356032896,0.014284901248669211,-1.0586533261649897,official,3335,2281
unregulated,23,5,28,1.2202996313103419e-05,8.7750857764634652e-06,-0.074295607819795606,0.04991143454232469,-0.33255471817857624,official,2739,2883
unsafe,55,9,64,2.9181078140029912e-05,1.5795154397634238e-05,-0.12764403322842455,0.022102552591548242,-0.85857710248415742,official,3165,2451
unsolicited,57,10,67,3.0242208254212821e-05,1.755017155292693e-05,-0.11545595467130276,0.021052090226772253,-0.79573548488191803,official,3108,2509
unused,38,2,40,2.0161472169475213e-05,3.5100343105853862e-06,-0.25801999131461351,0.036630597734494008,-1.3481286973324731,official,3637,1981
unwanted,18,7,25,9.5501710276461537e-06,1.2285120087048851e-05,0.065559763502996304,0.054506375054993665,0.28081074914955623,short,2313,3308
unwarranted,88,4,92,4.6689725024047858e-05,7.0200686211707723e-06,-0.2675950934467064,0.01597278333800075,-2.117326561459282,official,4526,1094
update,136,20,156,7.2156847764437608e-05,3.5100343105853861e-05,-0.14525559995677995,0.0091070368465388518,-1.5221040363799712,official,3935,1681
upgrade,18,26,44,9.5501710276461537e-06,4.563044603761002e-05,0.48239301962291492,0.030415307650447729,2.7660174011471104,short,761,4856
upland,27,4,31,1.432525654146923e-05,7.0200686211707723e-06,-0.1440734374784256,0.045813368984403302,-0.67311272889117468,official,3020,2599
upper,95,70,165,5.0403680423688034e-05,0.0001228512008704885,0.25994497473007705,0.0081020341303156811,2.8879149027728297,short,719,4897
uranium,153,59,212,8.117645373499231e-05,0.00010354601216226889,0.063250264334431705,0.0064303240725053718,0.78876188174535189,short,1926,3690
urban,1125,300,1425,0.00059688568922788463,0.00052650514658780789,-0.029860291689531415,0.00097242842759475508,-0.95755829468220299,official,3245,2371
urgent,67,51,118,3.5547858825127351e-05,8.9505874919927337e-05,0.27057944182048388,0.011323126292744699,2.5427965932692937,short,856,4760
urgently,41,0,41,2.1753167340749571e-05,0,-0.33212921593162115,0.036585926958219016,-1.7364010857917151,official,4182,1440
usa,46,63,109,2.4405992626206838e-05,0.00011056608078343966,0.46511381759815862,0.012266127514358283,4.1995765707547612,short,393,5223
usage,21,4,25,1.1141866198920512e-05,7.0200686211707723e-06,-0.1003232734100532,0.056222450156808892,-0.42310368722471836,official,2806,2813
use,5022,280,5302,0.0026644977167132769,0.00049140480348195401,-0.2544354514174243,0.00027657119726326305,-15.299391151599297,official,5589,27
used,1514,27,1541,0.00080327549643645975,4.7385463192902708e-05,-0.30614104535096143,0.00096564877385918327,-9.8517178234156013,official,5546,70
useful,83,5,88,4.4036899738590594e-05,8.7750857764634652e-06,-0.24804941522389612,0.016601202503389804,-1.9251671120170954,official,4376,1240
user,103,62,165,5.4648200880419655e-05,0.00010881106362814697,0.19499963949198573,0.0081371907619702411,2.1617056604714922,short,1024,4592
users,133,19,152,7.0565152593163243e-05,3.3345325950561165e-05,-0.14981145657472794,0.0093572862757544291,-1.5487098778577968,official,3961,1655
uses,231,3,234,0.00012256052818812563,5.2650514658780786e-06,-0.31298275743061765,0.006370508063442048,-3.9213298701471282,official,5196,420
using,397,35,432,0.00021063432766530682,6.1425600435244251e-05,-0.21290422859911828,0.0033481614315586813,-3.6794346391984778,official,5141,475
usury,22,12,34,1.1672431256011964e-05,2.1060205863512314e-05,0.16431531540214905,0.03959683439565178,0.82574853365064593,short,1903,3716
utah,238,81,319,0.00012627448358776581,0.00014215638957870813,0.029926511572094583,0.0042958933054893563,0.45659310859786123,short,2190,3426
ute,38,20,58,2.0161472169475213e-05,3.5100343105853861e-05,0.15338760768384496,0.023237740596528767,1.0062208782377828,short,1771,3845
utilities,103,17,120,5.4648200880419655e-05,2.9835291639975781e-05,-0.1261736323584568,0.011784136128273219,-1.162303995110594,official,3432,2184
utility,320,113,433,0.00016978081826926495,0.0001983169385480743,0.039584059596837307,0.0031600842752647581,0.7041594295607746,short,1980,3636
utilization,328,112,440,0.00017402533872599657,0.00019656192139278162,0.030787151687649228,0.0031142387331079182,0.55168802917664383,short,2101,3515
utilize,101,0,101,5.358707076623675e-05,0,-0.33213703138924977,0.014852046266008497,-2.7253617284605243,official,4855,762
utilized,40,2,42,2.1222602283658118e-05,3.5100343105853862e-06,-0.26151065676258867,0.03492295578338072,-1.3993743021918656,official,3727,1891
utilizing,59,8,67,3.1303338368395723e-05,1.4040137242341545e-05,-0.15777472655645752,0.021270402380455831,-1.0818064919116526,official,3367,2250
v,283,13,296,0.0001501499111568812,2.281522301880501e-05,-0.26696915922694586,0.0049639228317072117,-3.7892091997629871,official,5173,443
va,24,74,98,1.2733561370194872e-05,0.00012987126949165928,0.70452549483321114,0.014011235920855255,5.9519392628773726,short,192,5424
vaccine,84,73,157,4.4567464795682047e-05,0.0001281162523363666,0.31432619244928262,0.0084977648139873199,3.4097945961090197,short,562,5054
vaccines,89,22,111,4.7220290081139317e-05,3.8610377416439245e-05,-0.046947047122056773,0.012519358113367376,-0.41958238758316857,official,2794,2822
valid,44,2,46,2.3344862512023929e-05,3.5100343105853862e-06,-0.26759022385661879,0.03194500555019511,-1.49716187350286,official,3890,1728
validity,31,1,32,1.644751676983504e-05,1.7550171552926931e-06,-0.28560746690744843,0.046176607278722956,-1.329102720500865,official,3616,2008
valley,305,214,519,0.00016182234241289315,0.00037557367123263629,0.24405096287390293,0.0025784099328757665,4.8062299196844096,short,293,5323
valor,16,17,33,8.4890409134632483e-06,2.9835291639975781e-05,0.38123125273515512,0.040408724369098009,1.8964916103373721,short,1174,4442
valuable,22,9,31,1.1672431256011964e-05,1.5795154397634238e-05,0.079611857654246165,0.043868485631212893,0.38010312184910217,short,2247,3372
valuation,30,5,35,1.5916951712743588e-05,8.7750857764634652e-06,-0.12448626411098829,0.040385176488163692,-0.6194559676914595,official,2964,2658
value,373,58,431,0.00019790076629511196,0.0001017909950069762,-0.13623707315076494,0.0032893320614770507,-2.3754256724322538,official,4700,916
value-added,27,18,45,1.432525654146923e-05,3.1590308795268477e-05,0.22749615089155917,0.029762465868339444,1.3186805417513006,short,1548,4068
values,69,8,77,3.6608988939310257e-05,1.4040137242341545e-05,-0.17993760091936828,0.018614582063616183,-1.3188496270919066,official,3594,2023
variety,22,4,26,1.1672431256011964e-05,7.0200686211707723e-06,-0.10898146640524153,0.054167227768218841,-0.46825706924064459,official,2857,2767
various,397,8,405,0.00021063432766530682,1.4040137242341545e-05,-0.30268598029289606,0.0036687514825516688,-4.9972739592206592,official,5344,272
vegetable,23,18,41,1.2202996313103419e-05,3.1590308795268477e-05,0.27968242506556962,0.032574713647945369,1.5496187881973011,short,1398,4219
vegetables,37,4,41,1.963090711238376e-05,7.0200686211707723e-06,-0.18902612787225515,0.035043296147520414,-1.0097627919700181,official,3298,2321
vehicle,722,361,1083,0.00038306797122002905,0.00063356119306066212,0.13794127561945579,0.0012470987456866215,3.906104129781216,short,445,5171
vehicles,786,43,829,0.00041702413487388203,7.5465737677585801e-05,-0.25536138485920379,0.0017665453141486158,-6.0756512079550387,official,5428,188
vendors,28,0,28,1.4855821598560682e-05,0,-0.33212752263139222,0.053571989673186944,-1.4349473872580845,official,3804,1823
venture,43,38,81,2.2814297454932476e-05,6.6690651901122331e-05,0.31987600421250306,0.01646843858888913,2.4926164108078996,short,873,4743
ventures,34,12,46,1.8039211941109402e-05,2.1060205863512314e-05,0.039440422498611127,0.02974194041665772,0.22869512602421366,short,2343,3273
verification,85,100,185,4.50980298527735e-05,0.0001755017155292693,0.41512254201791876,0.0072130367747523742,4.8878429574386022,short,284,5332
verify,36,5,41,1.9100342055292307e-05,8.7750857764634652e-06,-0.15414325521275885,0.034726704526637189,-0.82716612476272522,official,3139,2478
vermont,30,3,33,1.5916951712743588e-05,5.2650514658780786e-06,-0.19859509796536301,0.043651354753798416,-0.95053838827845882,official,3235,2387
vessel,113,99,212,5.9953851451334182e-05,0.00017374669837397661,0.31701897272126978,0.0062929183075128093,3.9963103461142668,short,426,5190
vessels,335,19,354,0.00017773929412563674,3.3345325950561165e-05,-0.25267499918295933,0.0041329051304260607,-3.9303801232880944,official,5198,418
vest,23,20,43,1.2202996313103419e-05,3.5100343105853861e-05,0.31450891059523478,0.031025092130647056,1.7855680832130221,short,1249,4368
vesting,44,2,46,2.3344862512023929e-05,3.5100343105853862e-06,-0.26759022385661879,0.03194500555019511,-1.49716187350286,official,3891,1729
vet,11,18,29,5.8362156280059822e-06,3.1590308795268477e-05,0.52229777511606912,0.046277156847666777,2.4279226199057979,short,904,4713
veteran,134,128,262,7.1095717650254702e-05,0.00022464219587746472,0.34579353166978777,0.0050899162487536027,4.8468719591514002,short,286,5330
veteran's,23,13,36,1.2202996313103419e-05,2.281522301880501e-05,0.17530876445463939,0.037357876911892636,0.90701096115164703,short,1842,3777
veterans,5376,2756,8132,0.002852317746923651,0.0048368272799866616,0.14589129286905589,0.00016643744649102082,11.308470016818978,short,64,5552
veterinary,32,22,54,1.6978081826926497e-05,3.8610377416439245e-05,0.23741465971907871,0.024786362822185819,1.5079992678099425,short,1416,4200
veto,22,49,71,1.1672431256011964e-05,8.599584060934196e-05,0.61593380108251772,0.019086582619158354,4.4583067823251907,short,341,5275
vets,0,27,27,0,4.7385463192902708e-05,1.0541821185037925,0.0555561166586164,4.4724933618873868,short,340,5276
vi,114,16,130,6.0484416508425642e-05,2.8080274484683089e-05,-0.15254625403130539,0.010948236848875345,-1.4579057719808612,official,3819,1798
viability,49,8,57,2.5997687797481196e-05,1.4040137242341545e-05,-0.12803145480797262,0.024819138757225377,-0.81268702643395929,official,3124,2494
viable,50,0,50,2.6528252854572649e-05,0,-0.33213038822660224,0.030000561106500415,-1.9175377581890043,official,4373,1248
vice,62,2,64,3.2895033539670081e-05,3.5100343105853862e-06,-0.28561107395913155,0.023088584197653656,-1.879647411523188,official,4345,1272
vicinity,47,0,47,2.493655768329829e-05,0,-0.33212999746068128,0.031915454722875047,-1.8591206890678307,official,4325,1301
victim,87,91,178,4.6159159966956405e-05,0.00015970656113163507,0.3760327358403508,0.0074916181638284684,4.3444803520524333,short,367,5249
victims,857,478,1335,0.00045469425392737517,0.00083889820022990723,0.17128623938247411,0.0010083377702267016,5.394105755062208,short,226,5390
video,131,54,185,6.9504022478980338e-05,9.4770926385805417e-05,0.081750846655427978,0.007349218519072765,0.95361193697908242,short,1806,3810
vietnam,269,157,426,0.00014272200035760085,0.00027553769338095282,0.18533125691581276,0.0031546759834609412,3.2996759499521571,short,586,5030
vietnam-era,32,0,32,1.6978081826926497e-05,0,-0.33212804364498894,0.046875561102620561,-1.5340245419763083,official,3953,1670
view,19,8,27,1.0080736084737606e-05,1.4040137242341545e-05,0.087730941996156275,0.050311120108203787,0.39112970402606018,short,2235,3384
viewer,8,17,25,4.2445204567316241e-06,2.9835291639975781e-05,0.60219164423158311,0.054113115214621636,2.5887103313031301,short,833,4783
viewing,20,16,36,1.0611301141829059e-05,2.8080274484683089e-05,0.28691962140890404,0.037088473192294392,1.4898439149599592,short,1426,4193
vii,274,2,276,0.00014537482564305811,3.5100343105853862e-06,-0.32130869025971265,0.0054158652756714229,-4.3660483986531728,official,5274,342
viii,96,3,99,5.0934245480779486e-05,5.2650514658780786e-06,-0.28701465223610434,0.01493268781406378,-2.34874071016359,official,4680,936
violate,41,0,41,2.1753167340749571e-05,0,-0.33212921593162115,0.036585926958219016,-1.7364010857917151,official,4183,1441
violated,29,0,29,1.5386386655652135e-05,0,-0.33212765288463508,0.051724699033008407,-1.4603469575681074,official,3841,1789
violation,134,6,140,7.1095717650254702e-05,1.0530102931756157e-05,-0.26851304899913764,0.010499511231227379,-2.620480032664382,official,4811,805
violations,350,7,357,0.00018569776998200854,1.2285120087048851e-05,-0.30289607100251459,0.004162241077329802,-4.6949397619624387,official,5309,307
violence,638,379,1017,0.000338500506424347,0.00066515150185593062,0.19091352501948666,0.0013211233218139945,5.2524873712708322,short,244,5372
violent,382,139,521,0.00020267585180893503,0.00024394738458568432,0.047550720636907684,0.0026231324430826754,0.92842535775721802,short,1822,3794
virgin,85,32,117,4.50980298527735e-05,5.6160548969366179e-05,0.056704629429175313,0.011662465568219904,0.52507740392048474,short,2129,3487
virginia,123,48,171,6.5259502022248716e-05,8.4240823454049258e-05,0.066519927574216098,0.0079681317251618037,0.74520114786725122,short,1960,3656
virus,76,6,82,4.0322944338950426e-05,1.0530102931756157e-05,-0.22424222776158764,0.017693311401422412,-1.685826354041156,official,4126,1490
visa,162,120,282,8.5951539248815378e-05,0.00021060205863512315,0.26168143566430935,0.004740375604567376,3.8007257792737148,short,468,5148
visas,109,5,114,5.7831591222968371e-05,8.7750857764634652e-06,-0.26703701697379145,0.012888227397850272,-2.3522033972372065,official,4683,934
viscera,26,0,26,1.3794691484377777e-05,0,-0.33212726212521027,0.057692868793634985,-1.3827493339984507,official,3710,1924
vision,53,49,102,2.8119948025847007e-05,8.599584060934196e-05,0.33489223364085063,0.013074690579981459,2.9287976417378085,short,698,4918
visit,22,3,25,1.1672431256011964e-05,5.2650514658780786e-06,-0.15692135954359543,0.056991442560246977,-0.65732059118661734,official,3009,2611
visitation,30,6,36,1.5916951712743588e-05,1.0530102931756157e-05,-0.090963141221442001,0.038961600064859041,-0.46083669928457871,official,2836,2784
visitor,91,52,143,4.8281420195322223e-05,9.126089207522004e-05,0.17871229999200899,0.0094022705311804181,1.8430540541874718,short,1201,4415
visitors,25,12,37,1.3264126427286324e-05,2.1060205863512314e-05,0.12571113195959782,0.036537756627743598,0.65766207387212205,short,2014,3605
visual,49,17,66,2.5997687797481196e-05,2.9835291639975781e-05,0.034932726543365433,0.020744406055902401,0.24253922291679655,short,2337,3280
vital,52,24,76,2.7589382968755554e-05,4.2120411727024629e-05,0.11416679443166622,0.017813061113454126,0.85540252559090291,short,1877,3739
vitality,25,0,25,1.3264126427286324e-05,0,-0.33212713187227472,0.060000561101111738,-1.3558969980891018,official,3670,1974
vocational,333,103,436,0.00017667816401145385,0.00018076676699514739,0.0056489102850427741,0.0031562388821157845,0.1005494604658687,short,2433,3183
voice,38,14,52,2.0161472169475213e-05,2.4570240174097702e-05,0.050869459020924879,0.026263187370344901,0.3138942809289807,short,2300,3318
volcanic,20,11,31,1.0611301141829059e-05,1.9305188708219622e-05,0.16686942485740985,0.043417928049802171,0.8008334811351957,short,1917,3700
volume,43,2,45,2.2814297454932476e-05,3.5100343105853862e-06,-0.26617064694782577,0.032640793213852333,-1.4732613925296341,official,3849,1769
voluntarily,87,0,87,4.6159159966956405e-05,0,-0.33213520774926764,0.017241940424820679,-2.5294252234061254,official,4783,839
voluntary,551,182,733,0.00029234134645739061,0.00031941312226327015,0.022218533939092566,0.0018722736382374625,0.51348851929322425,short,2143,3473
volunteer,345,222,567,0.00018304494469655128,0.00038961380847497785,0.21620035902228985,0.0023644795814590546,4.4461962372998896,short,345,5271
volunteers,122,32,154,6.4728936965157256e-05,5.6160548969366179e-05,-0.03363299064208114,0.0090000936225362906,-0.35452100589204988,official,2757,2859
vote,355,63,418,0.0001883505952674658,0.00011056608078343966,-0.11340757232163767,0.0033732243291809088,-1.9526276812189054,official,4400,1216
voter,242,195,437,0.00012839674381613162,0.00034222834528207515,0.28934407544127794,0.0030555937319838894,5.2343985744571047,short,248,5368
voters,95,36,131,5.0403680423688034e-05,6.3180617590536954e-05,0.058485254946161191,0.010413363839142339,0.57312699668397105,short,2079,3537
votes,27,6,33,1.432525654146923e-05,1.0530102931756157e-05,-0.069760542813128268,0.042308253410865741,-0.33915428052838847,official,2748,2874
voting,377,241,618,0.00020002302652347777,0.00042295913442553899,0.21410423323342442,0.0021697307220433521,4.5964478277163794,short,327,5289
voucher,55,23,78,2.9181078140029912e-05,4.036539457173194e-05,0.08579743936269324,0.01742034820532011,0.65004872476523401,short,2016,3601
vouchers,40,0,40,2.1222602283658118e-05,0,-0.33212908567713839,0.03750056110434493,-1.7150943922473294,official,4161,1461
vulnerabilities,25,3,28,1.3264126427286324e-05,5.2650514658780786e-06,-0.17528336783289333,0.051126550146357953,-0.77520660529561014,official,3094,2528
vulnerable,54,32,86,2.8650513082938459e-05,5.6160548969366179e-05,0.1900722606113785,0.015617994530103062,1.5209190752055761,short,1407,4209
wage,436,195,631,0.00023132636489187349,0.00034222834528207515,0.10503905998616148,0.00214842211853177,2.2661623456367774,short,965,4651
wagering,29,1,30,1.5386386655652135e-05,1.7550171552926931e-06,-0.28253028089639542,0.049207778160747596,-1.2736442028462189,official,3555,2067
wages,260,17,277,0.00013794691484377778,2.9835291639975781e-05,-0.24142156583287289,0.0052641190935316792,-3.3274628035600986,official,5044,572
waiting,168,26,194,8.9134929591364094e-05,4.563044603761002e-05,-0.13700404140055689,0.0073084466236842194,-1.6025841332393265,official,4019,1597
waive,186,1,187,9.8685100619010256e-05,1.7550171552926931e-06,-0.32413694931038606,0.0080006752197117736,-3.6238083374375774,official,5127,489
waiver,157,57,214,8.3298713963358121e-05,0.0001000359778516835,0.046944172500159809,0.0063860158351842179,0.58744429767698902,short,2068,3548
waivers,83,0,83,4.4036899738590594e-05,0,-0.33213468671298507,0.018072850270240137,-2.4705913043904104,official,4751,867
wall,68,27,95,3.6078423882218804e-05,4.7385463192902708e-05,0.071296924817557894,0.014332251754347144,0.5955436305530375,short,2056,3561
war,1051,595,1646,0.00055762387500311709,0.0010442352073991522,0.17592499702675823,0.00081757319687737859,6.1526786069295119,short,181,5435
warehouse,24,5,29,1.2733561370194872e-05,8.7750857764634652e-06,-0.082909055750079119,0.048280250336439269,-0.37732641761209551,official,2783,2840
warfare,14,14,28,7.4279107992803412e-06,2.4570240174097702e-05,0.36102751335868177,0.047619608721593105,1.6544261607778865,short,1346,4273
warming,26,20,46,1.3794691484377777e-05,3.5100343105853861e-05,0.2740171584887463,0.029040965147166722,1.6079488730883351,short,1373,4244
warning,94,67,161,4.9873115366596581e-05,0.00011758614940461042,0.24912201300271875,0.0083080946739263733,2.7331369030579689,short,775,4842
warnings,21,5,26,1.1141866198920512e-05,8.7750857764634652e-06,-0.055137673282837696,0.053535221362418284,-0.23830251962993382,official,2679,2943
warrior,9,34,43,4.7750855138230768e-06,5.9670583279951563e-05,0.75359848499351756,0.0322183433246854,4.1984444767118099,short,394,5222
warriors,6,33,39,3.1833903425487179e-06,5.7915566124658867e-05,0.83104037084980575,0.036111672217095866,4.3731897538522544,short,360,5256
wartime,22,36,58,1.1672431256011964e-05,6.3180617590536954e-05,0.52230409781499709,0.023138858982589307,3.4336218465453947,short,552,5064
washington,328,83,411,0.00017402533872599657,0.00014566642388929351,-0.041746061875381102,0.0033780326599043308,-0.71826315757321835,official,3060,2556
waste,1307,551,1858,0.00069344852961852898,0.00096701445256627383,0.088149182965390871,0.00073162729785187662,3.2589173074488111,short,593,5023
wasteful,50,17,67,2.6528252854572649e-05,2.9835291639975781e-05,0.029666980902076645,0.020452331562891026,0.20744450710839132,short,2363,3253
wastes,91,2,93,4.8281420195322223e-05,3.5100343105853862e-06,-0.30004655252363399,0.015961659514050975,-2.3749234730858033,official,4699,918
wastewater,137,36,173,7.2687412821529054e-05,6.3180617590536954e-05,-0.033217074557880366,0.0080110565818666251,-0.37112181350585444,official,2767,2849
wasting,12,16,28,6.3667806850974358e-06,2.8080274484683089e-05,0.45633881536820908,0.047727833829930663,2.0888225566524024,short,1070,4549
water,2854,1371,4225,0.0015142326729390067,0.0024061285199062821,0.12616204350599425,0.00032052404621322453,7.0469048347508041,short,139,5477
waters,298,47,345,0.00015810838701325297,8.2485806298756569e-05,-0.1338781469054009,0.0041067915342446609,-2.0890958354947502,official,4506,1110
watershed,128,76,204,6.7912327307705986e-05,0.00013338130380224466,0.19069401280163589,0.0065840379081700913,2.3501246427840958,short,931,4685
watersheds,23,8,31,1.2202996313103419e-05,1.4040137242341545e-05,0.035601355554920389,0.044160105262398948,0.1694148534701814,short,2389,3231
waterway,34,15,49,1.8039211941109402e-05,2.6325257329390394e-05,0.10106781475242776,0.027673753878212547,0.60754554215544865,short,2049,3567
waterways,80,25,105,4.2445204567316236e-05,4.3875428882317324e-05,0.0082022814807132249,0.013098274217474589,0.071668386956496952,short,2442,3174
way,56,18,74,2.9711643197121365e-05,3.1590308795268477e-05,0.015277892785256597,0.018562434022384666,0.11213624171290246,short,2423,3195
ways,65,5,70,3.4486728710944446e-05,8.7750857764634652e-06,-0.22676967214387389,0.020741301851833292,-1.5745881047011021,official,3982,1634
weapon,40,33,73,2.1222602283658118e-05,5.7915566124658867e-05,0.29708358853890537,0.018284080899588329,2.1970608943637004,short,1006,4610
weapons,347,123,470,0.00018410607481073417,0.00021586711010100124,0.040586407743735009,0.0029108920528511106,0.75225929719735496,short,1952,3664
weather,152,59,211,8.0645888677900851e-05,0.00010354601216226889,0.065048052030142856,0.0064590857848663523,0.80937310539848883,short,1911,3705
weatherization,30,18,48,1.5916951712743588e-05,3.1590308795268477e-05,0.19397306809925041,0.027972589079109305,1.159778630458393,short,1662,3955
web,25,6,31,1.3264126427286324e-05,1.0530102931756157e-05,-0.053411144306974023,0.04488473098691223,-0.25210564444956463,official,2688,2929
website,55,2,57,2.9181078140029912e-05,3.5100343105853862e-06,-0.27994442463065994,0.025878285079066018,-1.7402196814494049,official,4188,1430
websites,27,3,30,1.432525654146923e-05,5.2650514658780786e-06,-0.18552262563928679,0.047847451054511242,-0.84813986871307967,official,3154,2467
weed,18,23,41,9.5501710276461537e-06,4.036539457173194e-05,0.44237650950203999,0.032574713648226485,2.4510476495540647,short,895,4722
weeds,27,0,27,1.432525654146923e-05,0,-0.33212739237824884,0.055556116657098385,-1.4090900724452342,official,3781,1874
weeks,46,0,46,2.4405992626206838e-05,0,-0.33212986720558035,0.032609256757812136,-1.8392360963251253,official,4302,1323
weight,103,6,109,5.4648200880419655e-05,1.0530102931756157e-05,-0.2506416725108096,0.01341319442554397,-2.1641490583073959,official,4558,1058
welfare,857,326,1183,0.00045469425392737517,0.00057213559262541791,0.059549521976275166,0.001153447971125968,1.7533930261162647,short,1265,4351
well-being,83,11,94,4.4036899738590594e-05,1.9305188708219622e-05,-0.16117214914386047,0.015174088154537023,-1.3083944572023027,official,3588,2030
wellness,40,27,67,2.1222602283658118e-05,4.7385463192902708e-05,0.23149567577863195,0.019984653376546611,1.6375500137398604,short,1354,4263
west,97,54,151,5.1464810537870939e-05,9.4770926385805417e-05,0.17061516998786175,0.0089108679763119439,1.8074139859953469,short,1232,4384
western,181,110,291,9.6032275333552986e-05,0.00019305188708219624,0.19802956726352328,0.0046129708184698614,2.915678838398712,short,702,4914
wetland,43,11,54,2.2814297454932476e-05,1.9305188708219622e-05,-0.039301265112683836,0.025694454843111916,-0.24518100829579709,official,2684,2932
wetlands,155,110,265,8.2237583849175216e-05,0.00019305188708219624,0.24772182687222255,0.0050481802066520316,3.4865576393173643,short,533,5083
whaling,20,11,31,1.0611301141829059e-05,1.9305188708219622e-05,0.16686942485740985,0.043417928049802171,0.8008334811351957,short,1918,3701
wheat,157,33,190,8.3298713963358121e-05,5.7915566124658867e-05,-0.081135935387528946,0.0073667104516733414,-0.94531477800206454,official,3224,2392
whistleblower,44,71,115,2.3344862512023929e-05,0.00012460621802578119,0.51789063670150526,0.011666213386625724,4.794828756049113,short,294,5322
whistleblowers,27,8,35,1.432525654146923e-05,1.4040137242341545e-05,-0.0049110343699201309,0.039385407315269863,-0.024746016772726261,official,2512,3105
white,167,146,313,8.8604364534272648e-05,0.00025623250467273319,0.31632856816516686,0.0042625437422121812,4.8451139020016472,short,288,5328
wholesale,32,8,40,1.6978081826926497e-05,1.4040137242341545e-05,-0.044442524388797366,0.034722783327016928,-0.23850168643595571,official,2683,2936
wholesomeness,31,0,31,1.644751676983504e-05,0,-0.33212791339143699,0.048387657876598558,-1.5098648555654945,official,3924,1722
wic,22,22,44,1.1672431256011964e-05,3.8610377416439245e-05,0.36102991819242192,0.030303591409474334,2.0739397813536491,short,1077,4541
widow's,24,5,29,1.2733561370194872e-05,8.7750857764634652e-06,-0.082909055750079119,0.048280250336439269,-0.37732641761209551,official,2784,2841
widower's,31,3,34,1.644751676983504e-05,5.2650514658780786e-06,-0.20244879753446732,0.042412203514862724,-0.98303681644785201,official,3274,2348
widowers,34,6,40,1.8039211941109402e-05,1.0530102931756157e-05,-0.114402235205187,0.035253205052978388,-0.60930565140036208,official,2956,2661
widows,65,27,92,3.4486728710944446e-05,4.7385463192902708e-05,0.083904159416665181,0.014773349213201862,0.69030975233344982,short,1985,3631
wild,488,194,682,0.00025891574786062903,0.00034047332812678246,0.07165039558359787,0.0019968146197896332,1.6034289429275319,short,1375,4241
wilderness,904,531,1435,0.00047963081161067346,0.00093191410946041994,0.18741193779148801,0.00093674156788467629,6.1233256260478433,short,182,5434
wildfire,63,57,120,3.3425598596761534e-05,0.0001000359778516835,0.32770323795273093,0.011114759513235416,3.1083556036099891,short,645,4971
wildfires,41,0,41,2.1753167340749571e-05,0,-0.33212921593162115,0.036585926958219016,-1.7364010857917151,official,4184,1442
wildland,40,17,57,2.1222602283658118e-05,2.9835291639975781e-05,0.090379534087652758,0.023823352972994035,0.58555629672183496,short,2072,3545
wildlife,723,273,996,0.0003835985362771205,0.00047911968339490519,0.057533226704238771,0.0013703169564889474,1.554204692539886,short,1394,4222
william,30,27,57,1.5916951712743588e-05,4.7385463192902708e-05,0.32593971066805771,0.023399575887852422,2.1307538542683879,short,1041,4576
williams,19,9,28,1.0080736084737606e-05,1.5795154397634238e-05,0.12179501878082277,0.048304183873972256,0.55416252350008866,short,2096,3525
willing,60,20,80,3.1833903425487176e-05,3.5100343105853861e-05,0.024551870272460974,0.017143418256948584,0.18751493781510178,short,2374,3243
wilson,24,12,36,1.2733561370194872e-05,2.1060205863512314e-05,0.13788179783133714,0.037500561104157414,0.71201321550013008,short,1977,3641
wind,93,56,149,4.9342550309505128e-05,9.8280960696390808e-05,0.19510757276628787,0.0090108413164358171,2.055376824288655,short,1086,4530
windfall,92,27,119,4.8811985252413675e-05,4.7385463192902708e-05,-0.0072285570091210616,0.011589212684275934,-0.067146695411792912,official,2542,3074
winter,28,20,48,1.4855821598560682e-05,3.5100343105853861e-05,0.24980263986646811,0.027864338196977059,1.4964859966428248,short,1419,4198
wire,40,16,56,2.1222602283658118e-05,2.8080274484683089e-05,0.073342916078832587,0.024306116664248836,0.47043582196223044,short,2185,3431
wireless,110,74,184,5.8362156280059824e-05,0.00012987126949165928,0.2304206789311376,0.007277890676012211,2.700963331036411,short,791,4825
wisconsin,45,11,56,2.3875427569115385e-05,1.9305188708219622e-05,-0.049405714462444905,0.024826924341750427,-0.31355643905922137,official,2721,2896
wish,43,3,46,2.2814297454932476e-05,5.2650514658780786e-06,-0.23579707494997848,0.031644679427292786,-1.3255254273740089,official,3606,2012
withdraw,109,0,109,5.7831591222968371e-05,0,-0.33213807347831192,0.013762029009126372,-2.8312448396119541,official,4908,713
withdrawal,79,56,135,4.1914639510224784e-05,9.8280960696390808e-05,0.24733455634961388,0.0099090604184739282,2.484669104675298,short,879,4737
withdrawals,81,1,82,4.2975769624407689e-05,1.7550171552926931e-06,-0.31389640779096517,0.018183723209692013,-2.3277961185548182,official,4660,956
withdrawn,30,1,31,1.5916951712743588e-05,1.7550171552926931e-06,-0.28411813310264122,0.047644003725412061,-1.3016518122380256,official,3579,2041
withhold,44,0,44,2.3344862512023929e-05,0,-0.33212960669568581,0.034091470196116212,-1.7988076501041976,official,4264,1370
withholding,103,19,122,5.4648200880419655e-05,3.3345325950561165e-05,-0.10632243682488607,0.011537204149093394,-0.98986195585918557,official,3281,2335
witness,36,37,73,1.9100342055292307e-05,6.4935634745829642e-05,0.37016704115615617,0.018265782131052993,2.7389153559543136,short,773,4843
witnesses,76,5,81,4.0322944338950426e-05,8.7750857764634652e-06,-0.24088294916370323,0.017997894841800182,-1.7955404967056663,official,4245,1371
wives,32,0,32,1.6978081826926497e-05,0,-0.33212804364498894,0.046875561102620561,-1.5340245419763083,official,3954,1671
wolf,20,20,40,1.0611301141829059e-05,3.5100343105853861e-05,0.3610293169809502,0.033333894438802726,1.9774223652439653,short,1130,4487
women,878,319,1197,0.0004658361201262957,0.00055985047253836909,0.0471605297417792,0.0011421196894991666,1.3954775865709133,short,1499,4117
women's,214,324,538,0.00011354092221757093,0.00056862555831483253,0.49765399764820728,0.0024904412714005448,9.9721624497552597,short,79,5537
wood,54,23,77,2.8650513082938459e-05,4.036539457173194e-05,0.090999043783469347,0.017634148899872994,0.68526661931437283,short,1988,3628
wool,20,10,30,1.0611301141829059e-05,1.755017155292693e-05,0.13788145713245648,0.045000561102751691,0.64997537001237282,short,2020,3599
work,935,344,1279,0.0004960783283805085,0.00060372590142068641,0.050525199849665192,0.0010683755194367212,1.5457742768847582,short,1401,4215
worker,210,223,433,0.00011141866198920512,0.00039136882563027054,0.38110810819510732,0.0030801613988562914,6.8669115218321108,short,149,5467
workers,1047,400,1447,0.00055550161477475131,0.00070200686211707719,0.060734146362680264,0.00094294225635457776,1.977836478282508,short,1128,4488
workforce,400,285,685,0.00021222602283658119,0.00050017988925841745,0.24905482150106195,0.0019531480806665659,5.6354340037470285,short,207,5409
working,307,219,526,0.00016288347252707607,0.00038434875700909979,0.2494282614095944,0.0025433232927099519,4.9458948068026398,short,281,5335
workplace,126,105,231,6.6851197193523067e-05,0.00018427680130573277,0.30042751317858318,0.0057778720757916437,3.9523531421352405,short,436,5180
works,493,164,657,0.00026156857314608631,0.00028782281346800164,0.024035640049048013,0.0020881532605749966,0.52598638920400886,short,2127,3489
world,725,287,1012,0.00038465966639130339,0.00050368992356900294,0.070487788698007314,0.0013460895097249773,1.9212191924682267,short,1164,4452
world's,21,6,27,1.1141866198920512e-05,1.0530102931756157e-05,-0.01367029464944558,0.051136924738243793,-0.06045198584248216,official,2537,3084
worldwide,31,3,34,1.644751676983504e-05,5.2650514658780786e-06,-0.20244879753446732,0.042412203514862724,-0.98303681644785201,official,3275,2349
worth,20,6,26,1.0611301141829059e-05,1.0530102931756157e-05,-0.0018822086456573572,0.052989691536447225,-0.0081765871165766692,official,2504,3115
wounded,55,73,128,2.9181078140029912e-05,0.0001281162523363666,0.45486634946303361,0.010440166379844762,4.4517431533041281,short,343,5273
writing,27,7,34,1.432525654146923e-05,1.2285120087048851e-05,-0.036278993338727972,0.040784247628835056,-0.17964246278519796,official,2628,2992
written,88,0,88,4.6689725024047858e-05,0,-0.33213533800859629,0.017046015660145953,-2.5439211374458308,official,4786,830
wrongful,20,14,34,1.0611301141829059e-05,2.4570240174097702e-05,0.24324369619938579,0.039352412955690613,1.2261847502405736,short,1615,4001
wyoming,71,6,77,3.7670119053493162e-05,1.0530102931756157e-05,-0.21735502389429229,0.018805510640498738,-1.5849921568413086,official,4009,1608
x,110,27,137,5.8362156280059824e-05,4.7385463192902708e-05,-0.048501298683488514,0.010146705098333098,-0.48149396532628141,official,2865,2751
xi,202,1,203,0.0001071741415324735,1.7550171552926931e-06,-0.32476965008200764,0.0073716577263205196,-3.7826212346910757,official,5172,444
xii,39,0,39,2.0692037226566665e-05,0,-0.33212895542275866,0.038462099565667845,-1.6935196716434358,official,4144,1483
xiv,45,0,45,2.3875427569115385e-05,0,-0.33212973695058068,0.033333894438756007,-1.8191341786345503,official,4284,1345
xix,1116,0,1116,0.00059211060371406157,0,-0.33226929915598191,0.0013446473578779576,-9.0612062108719957,official,5535,81
xv,30,0,30,1.5916951712743588e-05,0,-0.33212778313798452,0.050000561102189471,-1.4853122665294169,official,3880,1755
xvi,177,0,177,9.3910015105187175e-05,0,-0.33214693150179642,0.0084751374050629751,-3.6079197626727666,official,5123,493
xviii,3082,0,3082,0.0016352015059558581,0,-0.33252579728537501,0.00048725871086128928,-15.064181426447346,official,5588,28
xx,32,1,33,1.6978081826926497e-05,1.7550171552926931e-06,-0.28700717751531357,0.044796941193390068,-1.3560277509913481,official,3674,1945
xxi,200,0,200,0.00010611301141829059,0,-0.33214992770588836,0.007500561138834707,-3.8351935343942887,official,5185,431
xxvii,79,0,79,4.1914639510224784e-05,0,-0.33213416567835452,0.018987902884903315,-2.4103219269288849,official,4726,893
year,3455,537,3992,0.0018331022722509699,0.00094244421239217618,-0.13650579989842271,0.00035564354253008607,-7.238417692258837,official,5482,134
year-round,34,5,39,1.8039211941109402e-05,8.7750857764634652e-06,-0.1452487765715933,0.036426463968669526,-0.76103385240444188,official,3085,2533
years,1952,130,2082,0.0010356629914425161,0.00022815223018805009,-0.24003645436597321,0.00070053402843025701,-9.0690664720444865,official,5536,80
yellowstone,25,21,46,1.3264126427286324e-05,3.685536026114655e-05,0.30304183893481706,0.029010441283400783,1.779202684786662,short,1253,4364
yield,49,5,54,2.5997687797481196e-05,8.7750857764634652e-06,-0.19617246747572992,0.026658451514094277,-1.2014912021303312,official,3468,2148
york,312,45,357,0.00016553629781253332,7.8975771988171179e-05,-0.14832991963441522,0.003982891675178981,-2.3503336258413907,official,4681,935
young,220,132,352,0.00011672431256011965,0.00023166226449863547,0.19399744095995253,0.0038149286297581987,3.1408904740396411,short,635,4981
younger,21,4,25,1.1141866198920512e-05,7.0200686211707723e-06,-0.1003232734100532,0.056222450156808892,-0.42310368722471836,official,2807,2814
youth,700,559,1259,0.00037139553996401708,0.00098105458980861544,0.28647590795252231,0.0010610809268990836,8.794554619930766,short,96,5520
youths,80,1,81,4.2445204567316236e-05,1.7550171552926931e-06,-0.31367180224251712,0.018406863188681861,-2.3119880608016135,official,4655,961
zero,14,39,53,7.4279107992803412e-06,6.8445669056415033e-05,0.67813424244606324,0.025795499461059464,4.2222476635503137,short,388,5228
zero-base,61,2,63,3.2364468482578628e-05,3.5100343105853862e-06,-0.2848780744870556,0.023449692623062658,-1.8603319636854048,official,4328,1290
zika,14,14,28,7.4279107992803412e-06,2.4570240174097702e-05,0.36102751335868177,0.047619608721593105,1.6544261607778865,short,1347,4274
zone,303,201,504,0.00016076121229871026,0.00035275844821383128,0.22594458348411983,0.0026581583049804266,4.3823949433266609,short,358,5258
zones,179,23,202,9.4971145219370081e-05,4.036539457173194e-05,-0.16568907439230252,0.007069677501014014,-1.9705799983500483,official,4412,1204
