token,official_count,short_count,pooled_count,official_normalized_rate,short_normalized_rate,log_odds_delta,variance,z_score,direction,short_rank,official_rank
1-year,26,0,26,1.4339803710148445e-05,0,-0.33119363782827449,0.057692891578830292,-1.3788620927062918,official,3640,1861
10-percent,27,0,27,1.4891334622077231e-05,0,-0.33119377297485109,0.055556139442311518,-1.4051287926382199,official,3685,1814
10-year,63,0,63,3.474644745151354e-05,0,-0.33119863832576613,0.023810107704681244,-2.1463861762620318,official,4485,1038
100-visit,29,0,29,1.5994396445934803e-05,0,-0.33119404326834001,0.051724721818257192,-1.456241606872426,official,3767,1736
100th,26,6,32,1.4339803710148445e-05,1.0987964516199922e-05,-0.060900615640861133,0.043557752672318067,-0.29180246120268305,official,2663,2862
11th,29,23,52,1.5994396445934803e-05,4.2120530645433034e-05,0.28500241729407705,0.025679596239673141,1.7785023691358175,short,1214,4310
15-year,26,0,26,1.4339803710148445e-05,0,-0.33119363782827449,0.057692891578830292,-1.3788620927062918,official,3641,1862
2-year,58,0,58,3.1988792891869606e-05,0,-0.33119796257395784,0.025862652859507791,-2.0594493774876743,official,4428,1093
21st,154,276,430,8.4935760437033098e-05,0.00050544636774519638,0.55177437014901365,0.0031293433596966541,9.8635878017049681,short,79,5447
24-month,42,0,42,2.3164298301009027e-05,0,-0.33119580018686889,0.03571486960454226,-1.7525091193635514,official,4136,1375
3-year,41,0,41,2.2612767389080238e-05,0,-0.33119566503862252,0.036585949743681713,-1.7315198594889014,official,4118,1400
400th,20,14,34,1.1030618238575727e-05,2.5638583871133151e-05,0.2441776003429883,0.039352435741095912,1.2308921788701945,short,1580,3946
5-month,34,0,34,1.8752051005578734e-05,0,-0.3311947190040101,0.044118230947213094,-1.576791820221908,official,3931,1579
5-year,135,0,135,7.4456673110386148e-05,0,-0.33120836946036469,0.011111695023072231,-3.1420359236444542,official,4929,597
50th,35,22,57,1.9303581917507522e-05,4.028920322606638e-05,0.20962147423142596,0.023528376960592543,1.3665948701793973,short,1486,4039
abandoned,163,64,227,8.9899538644392166e-05,0.00011720495483946583,0.069140275944842955,0.0060011126182817542,0.89251437580690274,short,1810,3716
abandonment,45,10,55,2.4818891036795385e-05,1.8313274193666537e-05,-0.068827453720761156,0.025385199278516162,-0.431987733069156,official,2769,2757
abatement,59,54,113,3.2540323803798394e-05,9.8891680645799297e-05,0.33247265122396996,0.011802561350590594,3.0603267138623735,short,636,4890
abduction,42,20,62,2.3164298301009027e-05,3.6626548387333073e-05,0.12428870341833154,0.021811090462748914,0.84157527556588307,short,1845,3681
ability,475,3,478,0.00026197718316617352,5.493982258099961e-06,-0.32185343644009734,0.0031289040145477025,-5.7538962960217761,official,5322,204
able,123,14,137,6.7838302167240715e-05,2.5638583871133151e-05,-0.18145507863858334,0.010469254315727672,-1.7734185753078515,official,4170,1356
aboard,39,0,39,2.1509705565222665e-05,0,-0.33119539474246373,0.038462122351094884,-1.6887589620191619,official,4072,1445
abolish,161,6,167,8.8796476820534603e-05,1.0987964516199922e-05,-0.27778402440304717,0.0088297112284101004,-2.9562013791353152,official,4882,643
abolishing,31,5,36,1.7097458269792376e-05,9.1566370968332683e-06,-0.12916544198072621,0.039316200925928871,-0.65141920985745039,official,2937,2584
abolishment,14,12,26,7.7214327670030089e-06,2.1975929032399844e-05,0.31066725498678593,0.051316373360939228,1.371410600070974,short,1482,4042
abolition,48,65,113,2.6473483772581743e-05,0.00011903628225883249,0.46235892394333256,0.011829741563107657,4.2510050005047573,short,367,5159
abortion,181,100,281,9.9827095059110328e-05,0.00018313274193666537,0.16921195570355252,0.0047897580326556263,2.4449740707231129,short,863,4663
abortions,120,1,121,6.6183709431454364e-05,1.8313274193666537e-06,-0.3188346015388408,0.012346682813591102,-2.8693947639881308,official,4852,674
above-the-line,29,0,29,1.5994396445934803e-05,0,-0.33119404326834001,0.051724721818257192,-1.456241606872426,official,3768,1737
abraham,25,18,43,1.3788272798219658e-05,3.2963893548599766e-05,0.25332791426062862,0.031099908867480562,1.4364929179881796,short,1435,4091
abroad,246,33,279,0.00013567660433448143,6.0433804839099571e-05,-0.15845645744591508,0.0051104740574759938,-2.2165592682830453,official,4528,998
absence,74,0,74,4.0813287482730191e-05,0,-0.33120012498954132,0.020270854167994873,-2.3262397223788542,official,4595,928
absent,41,0,41,2.2612767389080238e-05,0,-0.33119566503862252,0.036585949743681713,-1.7315198594889014,official,4119,1401
absentee,72,12,84,3.9710225658872614e-05,2.1975929032399844e-05,-0.12355510493041066,0.016827506977713923,-0.95246890045871069,official,3181,2344
abundance,27,1,28,1.4891334622077231e-05,1.8313274193666537e-06,-0.27808349892057116,0.052665160689558212,-1.2117513504523192,official,3435,2083
abuse,1101,576,1677,0.00060723553403359374,0.0010548445935551925,0.15259823199770572,0.00080440815050490558,5.3803592002884155,short,218,5308
abusers,41,7,48,2.2612767389080238e-05,1.2819291935566576e-05,-0.11934852777531901,0.029418357130081996,-0.69583754519122543,official,2987,2535
abuses,97,4,101,5.3498498457092274e-05,7.3253096774666146e-06,-0.27236093849092669,0.014574898478584643,-2.2560153631277728,official,4555,971
abusive,71,15,86,3.9158694746943826e-05,2.7469911290499805e-05,-0.079171096252288464,0.016271000752042981,-0.62066824442533319,official,2917,2609
academic,192,55,247,0.00010589393509032697,0.00010072300806516596,-0.012116606380292438,0.005589746547623454,-0.16206339832933375,official,2561,2965
academies,28,8,36,1.5442865534006018e-05,1.4650619354933229e-05,-0.012736587067719185,0.038352856616617317,-0.065036058102891037,official,2486,3037
academy,174,59,233,9.5966378675608823e-05,0.00010804831774263257,0.029900634104034651,0.0058822439296849702,0.38986018398836192,short,2184,3342
accelerate,158,6,164,8.7141884084748238e-05,1.0987964516199922e-05,-0.27681471352888032,0.0089885269223840547,-2.9197449010233831,official,4867,659
accelerated,110,35,145,6.0668400312166495e-05,6.4096459677832885e-05,0.013651202276966146,0.0094777080994379592,0.14022299452479536,short,2342,3184
accelerating,21,32,53,1.1582149150504513e-05,5.8602477419732917e-05,0.50055474162276781,0.025278803290643304,3.1482798117558506,short,610,4916
acceleration,33,57,90,1.8200520093649949e-05,0.00010438566290389926,0.54022640701494673,0.014933386294186314,4.4207571655023923,short,338,5188
accept,124,1,125,6.8389833079169504e-05,1.8313274193666537e-06,-0.31923024292301427,0.0119531561032243,-2.9198647342325401,official,4868,657
acceptance,69,4,73,3.8055632923086256e-05,7.3253096774666146e-06,-0.25007210943491032,0.020029850405875113,-1.7669587244398131,official,4155,1371
accepted,32,0,32,1.7648989181721161e-05,0,-0.3311944487094074,0.046875583887922824,-1.5297121057037018,official,3876,1639
accepting,30,0,30,1.6545927357863591e-05,0,-0.33119417841525234,0.050000583887456082,-1.4811367452309805,official,3806,1703
access,2355,2096,4451,0.0012988552975922918,0.0038384622709925062,0.32378291011816973,0.0003002559433794313,18.685645951951511,short,20,5506
accessibility,60,108,168,3.3091854715727182e-05,0.00019778336129159859,0.5530526512456948,0.008009737244333695,6.1795570192294473,short,176,5350
accessible,84,20,104,4.6328596602018054e-05,3.6626548387333073e-05,-0.054205718153802707,0.013384248971149298,-0.46854153851550634,official,2799,2727
accessing,27,7,34,1.4891334622077231e-05,1.2819291935566576e-05,-0.035345248692845388,0.040784270414206659,-0.17501879641426113,official,2571,2949
accessories,31,0,31,1.7097458269792376e-05,0,-0.3311943135622748,0.048387680661882995,-1.5056203243148938,official,3841,1662
accident,55,18,73,3.0334200156083247e-05,3.2963893548599766e-05,0.020786943484175424,0.01880209488760087,0.15159592078335546,short,2335,3189
accidental,21,4,25,1.1582149150504513e-05,7.3253096774666146e-06,-0.099389553078838233,0.056222472942005629,-0.41916572724057177,official,2756,2763
accidents,65,1,66,3.584950927537111e-05,1.8313274193666537e-06,-0.30855598313254085,0.022559544816506502,-2.0543233656859314,official,4416,1108
accommodation,29,3,32,1.5994396445934803e-05,5.493982258099961e-06,-0.19357131916931714,0.044965455082485319,-0.91285439989954598,official,3143,2375
accommodations,28,2,30,1.5442865534006018e-05,3.6626548387333073e-06,-0.23275293782696416,0.048491963197922976,-1.0569642248172721,official,3288,2233
accordance,209,0,209,0.00011526996059311635,0,-0.3312183715055923,0.0071776174220555761,-3.9095274295774809,official,5119,407
according,36,0,36,1.9855112829436307e-05,0,-0.33119498929905689,0.041667250555522978,-1.6225060899795725,official,3991,1525
accordingly,90,0,90,4.963778207359077e-05,0,-0.33120228743361935,0.016667250568125371,-2.5654369484347184,official,4722,803
account,696,219,915,0.00038386551470243529,0.00040106070484129716,0.010857372650775687,0.0015031507869144904,0.28004219292954846,short,2261,3265
accountability,605,1482,2087,0.00033367620171691572,0.0027140272355013809,0.64454190226635344,0.00065224601338080221,25.237448158006156,short,11,5515
accountable,115,30,145,6.3426054871810423e-05,5.493982258099961e-05,-0.033940680128225154,0.0095610234765657765,-0.34711097741502178,official,2703,2823
accounting,261,129,390,0.00014394956801341323,0.00023624123709829834,0.13537391580958236,0.0034634645632526861,2.3002742467236788,short,926,4600
accounts,875,74,949,0.00048258954793768802,0.00013551822903313238,-0.21642042590381294,0.0015263468271083701,-5.5395136040016304,official,5309,217
accreditation,35,13,48,1.9303581917507522e-05,2.3807256451766497e-05,0.053991416454666208,0.028442219286485413,0.32014224125101026,short,2225,3298
accredited,47,5,52,2.5921952860652958e-05,9.1566370968332683e-06,-0.19011563395184083,0.027645453643028374,-1.1434204931422567,official,3362,2164
accrual,45,0,45,2.4818891036795385e-05,0,-0.33119620563227947,0.033333917224290008,-1.8140204400668125,official,4204,1310
accrue,47,0,47,2.5921952860652958e-05,0,-0.33119647592977408,0.031915477508444694,-1.8538945757924572,official,4245,1268
accuracy,69,54,123,3.8055632923086256e-05,9.8891680645799297e-05,0.28062632472512483,0.010858634759914216,2.6930275464199247,short,770,4756
accurate,148,31,179,8.1626574965460382e-05,5.6771150000366263e-05,-0.080901674550283076,0.0078205926615626999,-0.91482427033438629,official,3152,2374
accurately,32,0,32,1.7648989181721161e-05,0,-0.3311944487094074,0.046875583887922824,-1.5297121057037018,official,3877,1640
achieve,304,7,311,0.00016766539722635104,1.2819291935566576e-05,-0.29765177590137171,0.0047712543016811895,-4.3091557927060506,official,5187,339
achieved,28,2,30,1.5442865534006018e-05,3.6626548387333073e-06,-0.23275293782696416,0.048491963197922976,-1.0569642248172721,official,3289,2234
achievement,187,74,261,0.00010313628053068304,0.00013551822903313238,0.071302291464029111,0.0052178014298957884,0.98709673047000079,short,1744,3782
achievements,40,3,43,2.2061236477151454e-05,5.493982258099961e-06,-0.22824621441104043,0.033787907096539976,-1.2417178880590105,official,3474,2050
achieving,65,7,72,3.584950927537111e-05,1.2819291935566576e-05,-0.18858166020489264,0.019958081818779057,-1.3348733276882867,official,3566,1958
acid,98,82,180,5.4050029369021062e-05,0.00015016884838806561,0.30270400076513937,0.0074145001227574883,3.51542002760484,short,519,5007
acquire,217,0,217,0.00011968220788854664,0,-0.33121945284429444,0.0069130263274132233,-3.9836550934863348,official,5139,387
acquired,160,18,178,8.8244945908605814e-05,3.2963893548599766e-05,-0.18298772647214356,0.0080612046210791696,-2.0380835735966176,official,4396,1130
acquiring,116,5,121,6.3977585783739211e-05,9.1566370968332683e-06,-0.26983461132958908,0.012156501128207202,-2.4473346433922134,official,4678,848
acquisition,568,145,713,0.00031326955797555061,0.0002655424758081648,-0.038846844169150074,0.0019467253461507399,-0.88044737255362682,official,3123,2403
acquisitions,98,10,108,5.4050029369021062e-05,1.8313274193666537e-05,-0.19524324492159018,0.013329529109495268,-1.6910973666389109,official,4083,1443
acreage,86,11,97,4.7431658425875623e-05,2.014460161303319e-05,-0.16540455573141166,0.014724324037339989,-1.3631064849568548,official,3618,1908
acres,44,0,44,2.42673601248666e-05,0,-0.33119607048369737,0.034091492981632388,-1.7937510362478384,official,4179,1331
act,41255,111702,152957,0.022753407771622079,0.20456293539809395,0.71930010112770271,9.5575397339191947e-06,232.66821888506715,short,1,5525
acting,175,0,175,9.6517909587537612e-05,0,-0.33121377589560019,0.0085720124927255014,-3.5773958107483979,official,5040,486
action,661,112,773,0.00036456193278492776,0.00020510867096906521,-0.12071740373088868,0.001827877640302483,-2.8235554847556648,official,4837,689
actions,932,15,947,0.00051402680991762884,2.7469911290499805e-05,-0.30764276165615545,0.0015722831196027917,-7.7585636150347961,official,5410,116
active,498,13,511,0.00027466239414053559,2.3807256451766497e-05,-0.29332776045543163,0.0029000612245908301,-5.4469022704483994,official,5305,221
actively,28,2,30,1.5442865534006018e-05,3.6626548387333073e-06,-0.23275293782696416,0.048491963197922976,-1.0569642248172721,official,3290,2235
activities,2910,111,3021,0.0016049549537127683,0.00020327734354969856,-0.27690788618219297,0.00048847502658398722,-12.528934586261128,official,5488,38
activity,363,41,404,0.00020020572103014944,7.5084424194032807e-05,-0.18248612679137288,0.0035515559532871255,-3.062108132590319,official,4916,610
acts,497,10,507,0.0002741108632286068,1.8313274193666537e-05,-0.30181006137555677,0.0029308359124506165,-5.5749112940149761,official,5311,215
actual,61,2,63,3.3643385627655964e-05,3.6626548387333073e-06,-0.2839445856847842,0.023449715408927152,-1.8542351248942903,official,4259,1264
actuarial,28,1,29,1.5442865534006018e-05,1.8313274193666537e-06,-0.27990016499353665,0.050877776869739884,-1.2409065910146566,official,3465,2053
adams,15,10,25,8.2729636789317955e-06,1.8313274193666537e-05,0.22842812411955826,0.053572012458328148,0.9869169154630365,short,1745,3776
adaptation,20,13,33,1.1030618238575727e-05,2.3807256451766497e-05,0.22030967019145287,0.040607638852034146,1.0932756901612612,short,1664,3859
add,162,0,162,8.9348007732463391e-05,0,-0.33121201878461193,0.0092598431775220164,-3.4419477393136404,official,5008,518
added,58,1,59,3.1988792891869606e-05,1.8313274193666537e-06,-0.30587970584555357,0.025214259107960175,-1.9263161164136087,official,4314,1210
addiction,49,39,88,2.7025014684510531e-05,7.1421769355299499e-05,0.28617409624896339,0.015173869724396619,2.3231761708480376,short,909,4617
adding,76,6,82,4.1916349306587761e-05,1.0987964516199922e-05,-0.22330874079818486,0.01769333418764486,-1.6788074292372475,official,4063,1462
addition,133,38,171,7.3353611286528585e-05,6.9590441935932839e-05,-0.012737315107649749,0.0080747466021087021,-0.14174685824510236,official,2539,2986
additional,2226,24,2250,0.0012277078099534784,4.3951858064799688e-05,-0.31552266800598261,0.00066375190767396753,-12.246942377046977,official,5485,41
additions,17,16,33,9.376025502789367e-06,2.9301238709866458e-05,0.34175923160408317,0.04040874715443888,1.7001316867583987,short,1266,4256
additive,11,24,35,6.06684003121665e-06,4.3951858064799688e-05,0.61086238716961994,0.038688866867243293,3.1056347670742865,short,627,4899
additives,66,18,84,3.6401040187299898e-05,3.2963893548599766e-05,-0.023706266554849975,0.016471172136451186,-0.18471446668799291,official,2587,2939
address,587,12,599,0.00032374864530219759,2.1975929032399844e-05,-0.30136152663983751,0.0024804155525419967,-6.0509781453377638,official,5342,184
addressing,43,1,44,2.3715829212937812e-05,1.8313274193666537e-06,-0.29729393491726341,0.033717058986569771,-1.6190535245880329,official,3989,1536
adequate,623,9,632,0.00034360375813163386,1.6481946774299883e-05,-0.30998451489360512,0.0023574591800298761,-6.3843679487332912,official,5364,162
adequately,35,0,35,1.9303581917507522e-05,0,-0.33119485415147842,0.042857726745765795,-1.5998122380313102,official,3962,1547
adherence,27,0,27,1.4891334622077231e-05,0,-0.33119377297485109,0.055556139442311518,-1.4051287926382199,official,3686,1815
adjacent,116,3,119,6.3977585783739211e-05,5.493982258099961e-06,-0.29362174406214514,0.012452624368821575,-2.6312236863918419,official,4750,776
adjudication,62,29,91,3.4194916539584752e-05,5.3108495161632956e-05,0.11901551253697029,0.01486986494921381,0.97600054263707969,short,1753,3773
adjust,254,1,255,0.00014008885162991174,1.8313274193666537e-06,-0.32534739687144132,0.0058714704822701944,-4.2459404157333074,official,5179,347
adjusted,86,1,87,4.7431658425875623e-05,1.8313274193666537e-06,-0.31400889753202144,0.017144567085265201,-2.3981629683495549,official,4643,881
adjusting,31,4,35,1.7097458269792376e-05,7.3253096774666146e-06,-0.16413843393333316,0.040793124681407868,-0.81267481123816721,official,3068,2454
adjustment,685,627,1312,0.00037779867467121862,0.0011482422919428918,0.3326722711763086,0.001017065109404099,10.431391018664483,short,74,5452
adjustments,341,10,351,0.00018807204096771613,1.8313274193666537e-05,-0.28879254342478156,0.0042157537706839594,-4.4478318157682546,official,5204,322
administer,200,0,200,0.00011030618238575726,0,-0.33121715500807092,0.0075005839271319666,-3.8244173962415582,official,5105,421
administered,460,0,460,0.00025370421948724169,0,-0.33125230190279531,0.0032614535530408459,-5.8003380558189672,official,5327,199
administering,69,0,69,3.8055632923086256e-05,0,-0.33119944923160993,0.021739714331340317,-2.2462737885154294,official,4545,975
administration,3292,708,4000,0.0018156397620695645,0.0012965798129115909,-0.075685012623682546,0.00035012586482127445,-4.0448068748313339,official,5147,379
administration's,38,0,38,2.095817465329388e-05,0,-0.33119525959454954,0.039474268099849372,-1.6669672550603276,official,4044,1472
administrative,699,275,974,0.00038552010743822166,0.00050361504032582982,0.069710814900673768,0.0013989532682508589,1.8637967750970894,short,1160,4366
administrator,878,0,878,0.00048424414067347438,0,-0.33130882307634835,0.0017090123314375428,-8.0142041919604061,official,5418,108
administrators,43,1,44,2.3715829212937812e-05,1.8313274193666537e-06,-0.29729393491726341,0.033717058986569771,-1.6190535245880329,official,3990,1537
admission,196,28,224,0.00010810005873804212,5.1277167742266302e-05,-0.14888249208707549,0.0063497902836492145,-1.8683745317768241,official,4270,1256
admissions,31,3,34,1.7097458269792376e-05,5.493982258099961e-06,-0.20151514403003468,0.042412226300215079,-0.97850298373477296,official,3201,2320
admitted,75,0,75,4.1364818394658973e-05,0,-0.3312002601414612,0.020000583897957981,-2.341905313174014,official,4610,912
adolescent,44,41,85,2.42673601248666e-05,7.5084424194032807e-05,0.33843901144623167,0.015689029823798412,2.7019815149168442,short,763,4763
adolescents,63,1,64,3.474644745151354e-05,1.8313274193666537e-06,-0.30785082558405108,0.023259215028098731,-2.0185652650612051,official,4387,1139
adopt,138,8,146,7.6111265846172513e-05,1.4650619354933229e-05,-0.25007964008175065,0.010015217169086616,-2.4988958175707761,official,4696,830
adopted,73,6,79,4.0261756570801403e-05,1.0987964516199922e-05,-0.21927938115182322,0.018344237150031712,-1.6190041752739281,official,3988,1538
adopting,24,12,36,1.3236741886290871e-05,2.1975929032399844e-05,0.13881564661734913,0.037500583889588726,0.71683533604187211,short,1932,3590
adoption,459,202,661,0.0002531526885753129,0.00036992813871206408,0.10131640530439867,0.0020521897415075449,2.236510886540453,short,956,4570
adoptive,50,12,62,2.7576545596439316e-05,2.1975929032399844e-05,-0.052478093962680106,0.022442668837741431,-0.35030053633854585,official,2706,2819
adult,220,101,321,0.00012133680062433299,0.00018496406935603204,0.11355868465792796,0.0042186810434763841,1.748364612948758,short,1231,4295
adulterated,41,0,41,2.2612767389080238e-05,0,-0.33119566503862252,0.036585949743681713,-1.7315198594889014,official,4120,1402
adults,130,19,149,7.169901855074222e-05,3.4795220967966419e-05,-0.14529978915023811,0.0095371942594503073,-1.4878346534449183,official,3829,1696
advance,306,46,352,0.00016876845905020862,8.4241061290866068e-05,-0.14081658464574609,0.0040329036183957886,-2.2174042993982912,official,4529,997
advanced,313,120,433,0.00017262917543371011,0.00021975929032399844,0.062601008417797033,0.0031493848265874819,1.1154971467733119,short,1645,3881
advancement,59,120,179,3.2540323803798394e-05,0.00021975929032399844,0.59017583483740843,0.0075467462071759977,6.7936246840037384,short,144,5382
advances,40,2,42,2.2061236477151454e-05,3.6626548387333073e-06,-0.26057706519228141,0.03492297856887086,-1.3943780889413113,official,3672,1850
advancing,22,52,74,1.21336800624333e-05,9.522902580706599e-05,0.6339111338182466,0.018353758504073201,4.6791382077222909,short,303,5223
advantage,76,17,93,4.1916349306587761e-05,3.1132566129233112e-05,-0.067463935120247953,0.015008652757419182,-0.5506819159470987,official,2875,2651
adverse,211,0,211,0.00011637302241697391,0,-0.33121864183959993,0.0071095886690359144,-3.9281904413182764,official,5126,399
adversely,128,1,129,7.0595956726884643e-05,1.8313274193666537e-06,-0.31960142847954209,0.011583942186587093,-2.9694807965632437,official,4886,638
advertisements,78,2,80,4.3019411130445331e-05,3.6626548387333073e-06,-0.29392837330712851,0.018524819774517101,-2.1595562240872161,official,4495,1031
advertising,289,132,421,0.00015939243354741925,0.00024173521935639828,0.11207026838094691,0.0032173529550175882,1.9757912527471577,short,1100,4426
advice,80,13,93,4.4122472954302907e-05,2.3807256451766497e-05,-0.12790042198760077,0.01521489298791252,-1.036901556246953,official,3273,2253
advise,36,2,38,1.9855112829436307e-05,3.6626548387333073e-06,-0.25323255034606795,0.038514097402958643,-1.2903563597528465,official,3517,2007
advisers,68,14,82,3.7504102011157468e-05,2.5638583871133151e-05,-0.084332953676227618,0.017083917233779489,-0.64521370243473208,official,2932,2592
advising,25,0,25,1.3788272798219658e-05,0,-0.33119350268180803,0.060000583886289226,-1.3520852339749585,official,3589,1914
advisory,515,193,708,0.00028403841964332494,0.00035344619193776418,0.056417190795373884,0.0019281234590844583,1.2848251761981464,short,1551,3975
advocacy,70,52,122,3.8607163835015045e-05,9.522902580706599e-05,0.26353085868616155,0.010956043682216055,2.5177035923152662,short,836,4689
advocate,32,13,45,1.7648989181721161e-05,2.3807256451766497e-05,0.078596154207996705,0.030228976189107949,0.45205323012367304,short,2133,3392
aerial,20,10,30,1.1030618238575727e-05,1.8313274193666537e-05,0.13881528970809676,0.04500058388806643,0.6543773058791309,short,1972,3550
aeronautics,260,97,357,0.00014339803710148444,0.00017763875967856542,0.055193622044647839,0.0038239726844563559,0.89254784266176812,short,1809,3717
afdc,76,8,84,4.1916349306587761e-05,1.4650619354933229e-05,-0.19143486293617151,0.017120149117938004,-1.4630772593936805,official,3792,1734
affairs,1851,247,2098,0.0010208837179801835,0.00045233787258356349,-0.15935935902131071,0.00068025228346486454,-6.1100191317168209,official,5348,178
affect,102,0,102,5.6256153016736209e-05,0,-0.33120390928537802,0.014706466257200485,-2.7311231834487839,official,4795,729
affected,512,8,520,0.00028238382690753857,1.4650619354933229e-05,-0.30826622355234257,0.0028635156443208164,-5.7607119772065625,official,5323,203
affecting,204,5,209,0.00011251230603347242,9.1566370968332683e-06,-0.29553984923790289,0.0070947886318527571,-3.5087006450509426,official,5025,501
affectional,35,0,35,1.9303581917507522e-05,0,-0.33119485415147842,0.042857726745765795,-1.5998122380313102,official,3963,1548
affiliated,57,7,64,3.1437261979940824e-05,1.2819291935566576e-05,-0.17115817420271107,0.022349553747988943,-1.1448885632998147,official,3363,2163
affiliates,37,5,42,2.0406643741365096e-05,9.1566370968332683e-06,-0.15734595093184112,0.033935407483343838,-0.85413995395559283,official,3108,2417
affiliation,18,11,29,9.9275564147181536e-06,2.014460161303319e-05,0.20069141245862632,0.046277179632574945,0.93292202875464714,short,1779,3744
affirm,49,3,52,2.7025014684510531e-05,5.493982258099961e-06,-0.24583555104625887,0.028083392173601479,-1.4669655173615903,official,3793,1730
affirmative,31,1,32,1.7097458269792376e-05,1.8313274193666537e-06,-0.2846738491865608,0.046176630064030035,-1.3247577108447939,official,3557,1968
afford,50,7,57,2.7576545596439316e-05,1.2819291935566576e-05,-0.15199231070842423,0.024971378286707785,-0.96183452205745645,official,3193,2333
affordability,88,242,330,4.85347202497332e-05,0.00044318123548673022,0.67571133139732531,0.0041411802181109481,10.50023784452347,short,72,5454
affordable,753,286,1039,0.00041530277668237612,0.00052375964193886301,0.060063788742224844,0.0013133368359110789,1.6573897962069397,short,1305,4221
afforded,62,0,62,3.4194916539584752e-05,0,-0.33119850317518207,0.024194132282020834,-2.129282770545442,official,4467,1049
afghan,6,26,32,3.3091854715727179e-06,4.7614512903532995e-05,0.78482476377719479,0.043557752673538792,3.760451274094089,short,467,5059
afghanistan,127,39,166,7.0044425814955869e-05,7.1421769355299499e-05,0.0047947641442203093,0.0082916019853411689,0.052656019470401001,short,2405,3121
africa,127,52,179,7.0044425814955869e-05,9.522902580706599e-05,0.080795836618952066,0.0075975621106181505,0.92694048913543403,short,1785,3741
african,150,111,261,8.2729636789317945e-05,0.00020327734354969856,0.26228723787047592,0.0051218460154877875,3.6649149516143353,short,479,5047
african-american,35,13,48,1.9303581917507522e-05,2.3807256451766497e-05,0.053991416454666208,0.028442219286485413,0.32014224125101026,short,2226,3299
african-americans,18,10,28,9.9275564147181536e-06,1.8313274193666537e-05,0.17090387454864064,0.048055503796066504,0.77961527811124665,short,1883,3636
after-school,20,9,29,1.1030618238575727e-05,1.6481946774299883e-05,0.10772425389484042,0.046724536626762347,0.49835749394842821,short,2098,3424
afterschool,16,10,26,8.8244945908605804e-06,1.8313274193666537e-05,0.20780870177268973,0.051587885474434526,0.91493420843654538,short,1791,3732
age,971,95,1066,0.00053553651548285148,0.0001739761048398321,-0.20032801183587079,0.0013528285945460232,-5.446534936281707,official,5304,222
aged,81,19,100,4.4674003866231695e-05,3.4795220967966419e-05,-0.057418902386913828,0.0139288071279431,-0.48651689227904488,official,2807,2719
agencies,3319,331,3650,0.0018305310966916419,0.00060616937581036237,-0.19828210854409356,0.0003952705314347233,-9.9732409083119844,official,5459,67
agency,2002,315,2317,0.0011041648856814302,0.00057686813710049591,-0.13345215497718232,0.00061205872821908937,-5.3942248248602178,official,5295,231
agenda,11,19,30,6.06684003121665e-06,3.4795220967966419e-05,0.54021232742369385,0.044798991056360898,2.5522920859250302,short,826,4700
agent,51,68,119,2.8128076508368104e-05,0.00012453026451693245,0.45729085932867974,0.011230530436441807,4.3151151142324933,short,353,5173
agents,198,52,250,0.00010920312056189969,9.522902580706599e-05,-0.032412583021665498,0.0055439850772651938,-0.43531398123637327,official,2770,2756
ages,62,1,63,3.4194916539584752e-05,1.8313274193666537e-06,-0.30748152781326255,0.023625583895218471,-2.0004502489358322,official,4372,1153
aggravated,35,0,35,1.9303581917507522e-05,0,-0.33119485415147842,0.042857726745765795,-1.5998122380313102,official,3964,1549
aggregate,45,2,47,2.4818891036795385e-05,3.6626548387333073e-06,-0.26801640652527325,0.031278312374242917,-1.5154434107898607,official,3868,1656
aggression,18,7,25,9.9275564147181536e-06,1.2819291935566576e-05,0.066493552189822225,0.054506397840204841,0.28481036696314938,short,2243,3274
aging,83,48,131,4.5777065690089265e-05,8.7903716129599375e-05,0.18337717035185008,0.010260073288990096,1.8103812184846007,short,1187,4339
agree,25,2,27,1.3788272798219658e-05,3.6626548387333073e-06,-0.22199331323622573,0.053714111738336921,-0.95784600877510939,official,3185,2336
agreement,471,147,618,0.00025977105951845836,0.00026920513064689809,0.0088200796681867644,0.002226047221717104,0.18694132713287981,short,2311,3215
agreements,627,68,695,0.00034580988177934901,0.00012453026451693245,-0.18774016928856696,0.0020676296883996035,-4.1287712831803498,official,5160,366
agricultural,1594,705,2299,0.00087914027361448539,0.0012910858306534908,0.10282276167252125,0.00059034524873569224,4.2319081007962733,short,374,5152
agriculture,1376,249,1625,0.00075890653481400997,0.00045600052742229678,-0.10898759896596566,0.00086742446394812449,-3.7005071854945717,official,5077,449
aid,538,265,803,0.00029672363061768707,0.00048530176613216324,0.13437541665390906,0.0016826258272158677,3.2758653960969095,short,579,4947
aids,199,138,337,0.00010975465147382848,0.00025272318387259819,0.24117273668242056,0.0039715187672207915,3.8269245677267318,short,458,5068
aimed,28,0,28,1.5442865534006018e-05,0,-0.33119390812154137,0.053572012458417903,-1.430913428383751,official,3728,1781
air,1316,448,1764,0.00072581468009828278,0.00082043468387626084,0.030947745659347881,0.00077733921046421999,1.1100019239689516,short,1654,3872
aircraft,472,99,571,0.00026032259043038715,0.00018130141451729872,-0.08064105361266094,0.0024518941040685078,-1.6285659065038911,official,4008,1518
airline,87,118,205,4.7983189337804412e-05,0.00021609663548526514,0.46289677463967038,0.0065212167019470767,5.732180252461232,short,193,5333
airlines,24,1,25,1.3236741886290871e-05,1.8313274193666537e-06,-0.27176949832468722,0.05887028561319485,-1.1200892813165559,official,3343,2174
airplane,12,13,25,6.6183709431454357e-06,2.3807256451766497e-05,0.38862951548721547,0.053343400387793914,1.6826563660431537,short,1277,4243
airport,364,215,579,0.00020075725194207823,0.00039373539516383057,0.19002153306277414,0.0023204752596251441,3.9447033269048126,short,423,5103
airports,161,22,183,8.8796476820534603e-05,4.028920322606638e-05,-0.15568650855468391,0.0077856094491808529,-1.7644309698088441,official,4154,1372
airspace,34,13,47,1.8752051005578734e-05,2.3807256451766497e-05,0.061853702773495556,0.029012929571229227,0.36313650651297463,short,2200,3326
airway,129,55,184,7.1147487638813432e-05,0.00010072300806516596,0.092224665462417477,0.0073795725240785922,1.0735727659681695,short,1686,3840
alabama,80,16,96,4.4122472954302907e-05,2.9301238709866458e-05,-0.090031699087049333,0.014610973514225203,-0.74482778561351748,official,3012,2514
alaska,468,192,660,0.000258116466782672,0.0003516148645183975,0.081365067985954553,0.0020608177891246965,1.7923309092245734,short,1201,4325
alaskan,40,40,80,2.2061236477151454e-05,7.3253096774666146e-05,0.36196960067103845,0.016667250568233066,2.8037553573803669,short,730,4796
alcohol,365,163,528,0.00020130878285400702,0.00029850636935676455,0.10553412145569752,0.0025675828452127358,2.0827189397474171,short,1037,4489
alcohol-blended,27,0,27,1.4891334622077231e-05,0,-0.33119377297485109,0.055556139442311518,-1.4051287926382199,official,3687,1816
alcoholic,37,10,47,2.0406643741365096e-05,1.8313274193666537e-05,-0.025808987461305222,0.029449205445918482,-0.15039526931336067,official,2544,2981
alcoholism,77,28,105,4.2467880218516549e-05,5.1277167742266302e-05,0.04830165631687322,0.013013886393655224,0.42340747197195716,short,2154,3372
alert,64,60,124,3.5297978363442322e-05,0.00010987964516199922,0.34046912729058043,0.010754515457922102,3.2830864104499979,short,577,4949
algal,16,10,26,8.8244945908605804e-06,1.8313274193666537e-05,0.20780870177268973,0.051587885474434526,0.91493420843654538,short,1792,3733
alien,317,178,495,0.00017483529908142526,0.00032597628064726434,0.17423908850681258,0.0027179952014986831,3.3421139077229673,short,567,4959
aliens,606,26,632,0.00033422773262884451,4.7614512903532995e-05,-0.27016071367378736,0.002328095311122891,-5.5991463192869206,official,5315,211
alleged,46,0,46,2.537042194872417e-05,0,-0.33119634078096993,0.032609279543363956,-1.8340658647799333,official,4225,1293
allegiance,24,4,28,1.3236741886290871e-05,7.3253096774666146e-06,-0.12355220779484988,0.050481353118002704,-0.54990164224923399,official,2869,2652
alleviate,72,1,73,3.9710225658872614e-05,1.8313274193666537e-06,-0.31072087459667053,0.020410649135203702,-2.1749136656760459,official,4505,1020
alleviating,20,5,25,1.1030618238575727e-05,9.1566370968332683e-06,-0.043508510797819255,0.055556139442149953,-0.18459000813266455,official,2580,2940
alliance,18,21,39,9.9275564147181536e-06,3.8457875806699727e-05,0.41325734189917718,0.034211110206627648,2.2342768925692376,short,957,4569
allied,51,29,80,2.8128076508368104e-05,5.3108495161632956e-05,0.1781137367854928,0.016808483613760011,1.3738304803896997,short,1475,4050
allies,32,9,41,1.7648989181721161e-05,1.6481946774299883e-05,-0.016479665186240666,0.033699214027558794,-0.089771503336694827,official,2505,3020
allocate,74,0,74,4.0813287482730191e-05,0,-0.33120012498954132,0.020270854167994873,-2.3262397223788542,official,4596,929
allocated,34,0,34,1.8752051005578734e-05,0,-0.3311947190040101,0.044118230947213094,-1.576791820221908,official,3932,1580
allocation,161,96,257,8.8796476820534603e-05,0.00017580743225919875,0.1929650038869859,0.0052257896337060405,2.6693319889680636,short,777,4749
allotment,44,20,64,2.42673601248666e-05,3.6626548387333073e-05,0.11064565672259974,0.021164605060632703,0.76055265445919706,short,1905,3621
allotments,53,0,53,2.9231138332225674e-05,0,-0.3311972868249331,0.028302470685276498,-1.9686775815294346,official,4348,1172
allow,2957,12,2969,0.0016308769065734212,2.1975929032399844e-05,-0.32552829563953445,0.00050479036558152856,-14.488826626896362,official,5497,29
allowable,103,4,107,5.680768392866499e-05,7.3253096774666146e-06,-0.2756323982846709,0.013771497676584154,-2.3487655985104134,official,4616,909
allowance,219,46,265,0.0001207852697124042,8.4241061290866068e-05,-0.080343893593031623,0.005282133731192234,-1.1054730979525107,official,3327,2199
allowances,167,14,181,9.2105662292107319e-05,2.5638583871133151e-05,-0.21726215260328452,0.0080023522701478094,-2.428707676002277,official,4667,859
allowed,157,0,157,8.659035317281945e-05,0,-0.33121134297770283,0.0095547240444843126,-3.3884113468020973,official,4997,528
allowing,165,6,171,9.1002600468249742e-05,1.0987964516199922e-05,-0.27902397855021377,0.0086264919110443355,-3.0041693936776377,official,4899,627
allows,25,0,25,1.3788272798219658e-05,0,-0.33119350268180803,0.060000583886289226,-1.3520852339749585,official,3590,1915
als,15,10,25,8.2729636789317955e-06,1.8313274193666537e-05,0.22842812411955826,0.053572012458328148,0.9869169154630365,short,1746,3777
alter,34,0,34,1.8752051005578734e-05,0,-0.3311947190040101,0.044118230947213094,-1.576791820221908,official,3933,1581
alteration,44,3,47,2.42673601248666e-05,5.493982258099961e-06,-0.23688404478398795,0.030989594880617515,-1.3456368155809892,official,3582,1944
altered,23,4,27,1.2685210974362085e-05,7.3253096774666146e-06,-0.11608005781039488,0.052258648403129139,-0.50778343502461765,official,2835,2686
alternate,67,5,72,3.6952571099228687e-05,9.1566370968332683e-06,-0.22871826591604538,0.020181841488892557,-1.6099799006351592,official,3983,1542
alternative,670,176,846,0.00036952571099228685,0.00032231362580853104,-0.032368311622184009,0.0016386882767719113,-0.79959832039337209,official,3057,2469
alternatives,92,23,115,5.074084389744834e-05,4.2120530645433034e-05,-0.043510163973866867,0.012077878594687541,-0.39590901423931435,official,2741,2784
alzheimer's,111,80,191,6.1219931224095283e-05,0.00014650619354933229,0.25366975974305106,0.0070018791084294841,3.031526671316541,short,648,4878
amateur,85,61,146,4.6880127513946835e-05,0.00011171097258136588,0.25227402599102078,0.0091605061216523936,2.6358021229140949,short,786,4739
ambient,41,3,44,2.2612767389080238e-05,5.493982258099961e-06,-0.23055079303156489,0.033041885517940191,-1.2683356783172826,official,3497,2026
ambulance,83,44,127,4.5777065690089265e-05,8.0578406452132761e-05,0.15652161025366595,0.01061044189105876,1.5195240267031709,short,1378,4148
ambulatory,41,21,62,2.2612767389080238e-05,3.8457875806699727e-05,0.14607255875858804,0.02175751453136783,0.99029365342352105,short,1737,3787
amend,50847,2,50849,0.028043692278842999,3.6626548387333073e-06,-0.33814884630748843,3.0094525353027404e-05,-61.640217291203648,official,5524,2
amended,441,3,444,0.00024322513216059477,5.493982258099961e-06,-0.32113025668148865,0.0033676639524205993,-5.5337158176819505,official,5308,218
amending,241,0,241,0.00013291894977483752,0,-0.3312226969031471,0.0062246503267431802,-4.1981950200562563,official,5168,358
amendment,370,619,989,0.00020406643741365093,0.0011335916725879586,0.53042695721557109,0.0013583098693492443,14.392165996347501,short,35,5491
amendments,634,5027,5661,0.00034967059816285053,0.0092060829371561678,0.89349876914760173,0.00025300462293424258,56.173273119990846,short,2,5524
america,497,626,1123,0.0002741108632286068,0.0011464109645235253,0.43878895205326884,0.0011896234202462476,12.721869358031425,short,44,5482
america's,183,552,735,0.0001009301568829679,0.0010108927354903928,0.70005191886592488,0.0018669094814856037,16.201999695592118,short,26,5500
american,1680,1855,3535,0.00092657193204036107,0.0033971123629251425,0.39556965985330184,0.00037786813130942753,20.349457741301421,short,15,5511
american-made,26,11,37,1.4339803710148445e-05,2.014460161303319e-05,0.090024763413236286,0.036706933096110277,0.46988105868565605,short,2122,3402
americans,1097,637,1734,0.00060502941038587858,0.0011665555661365583,0.18477655315842778,0.00077557936701271295,6.634890167276275,short,152,5374
americas,36,26,62,1.9855112829436307e-05,4.7614512903532995e-05,0.25433319448105429,0.021568301892800436,1.7317893688656147,short,1252,4274
ammunition,205,45,250,0.00011306383694540119,8.2409733871499421e-05,-0.071372518185022216,0.0055882166478260966,-0.95476041050925631,official,3184,2342
amnesty,70,55,125,3.8607163835015045e-05,0.00010072300806516596,0.28192957012884179,0.010684344596745098,2.7275120994419031,short,747,4779
amortization,75,5,80,4.1364818394658973e-05,9.1566370968332683e-06,-0.23882469627532998,0.01821690268500881,-1.7694649520229899,official,4158,1368
amounts,883,0,883,0.00048700179523311832,0,-0.33130949928474873,0.001699338333477165,-8.0369998640379894,official,5419,107
amt,6,23,29,3.3091854715727179e-06,4.2120530645433034e-05,0.75786222380588342,0.047802781690824331,3.4662802702246984,short,535,4991
amtrak,61,44,105,3.3643385627655964e-05,8.0578406452132761e-05,0.25392707527533886,0.012736089689160495,2.2500437162292126,short,950,4576
amusement,16,16,32,8.8244945908605804e-06,2.9301238709866458e-05,0.36196207406511505,0.041667250555566047,1.7732323509933461,short,1222,4302
analyses,76,0,76,4.1916349306587761e-05,0,-0.33120039529349299,0.019737426003454517,-2.3574668201706119,official,4622,902
analysis,278,49,327,0.0001533255935162026,8.9735043548966036e-05,-0.11369784209968969,0.0043130509898355856,-1.7312505561809564,official,4117,1409
analyze,60,0,60,3.3091854715727182e-05,0,-0.33119823287434791,0.025000583894457303,-2.0946570847811805,official,4445,1078
ancient,29,9,38,1.5994396445934803e-05,1.6481946774299883e-05,0.0074121582908670547,0.036202552768881582,0.038956065531920332,short,2415,3108
anesthesia,22,5,27,1.21336800624333e-05,9.1566370968332683e-06,-0.064128068291262608,0.051658747152367263,-0.28214751094817486,official,2651,2871
angeles,51,17,68,2.8128076508368104e-05,3.1132566129233112e-05,0.02548555610470693,0.020168651124252698,0.179455051431297,short,2316,3210
animal,328,225,553,0.00018090213911264191,0.00041204866935749709,0.23768260698862953,0.0024210048467715973,4.8305832695846611,short,279,5247
animals,218,19,237,0.00012023373880047541,3.4795220967966419e-05,-0.21318385534305051,0.0061046361347300172,-2.7285029047176703,official,4794,732
anniversary,163,57,220,8.9899538644392166e-05,0.00010438566290389926,0.037943123430261849,0.0062216582959698603,0.48103868207511624,short,2114,3412
annual,778,26,804,0.00042909104948059577,4.7614512903532995e-05,-0.28315589670236996,0.0018375145984190675,-6.6055686611341562,official,5374,152
annually,42,0,42,2.3164298301009027e-05,0,-0.33119580018686889,0.03571486960454226,-1.7525091193635514,official,4137,1376
annuitants,40,1,41,2.2061236477151454e-05,1.8313274193666537e-06,-0.29482743697769287,0.0361557867119537,-1.5505257715870182,official,3899,1626
annuities,101,22,123,5.5704622104807421e-05,4.028920322606638e-05,-0.072959030422746096,0.011361421348926919,-0.6844830856482309,official,2975,2551
annuity,123,30,153,6.7838302167240715e-05,5.493982258099961e-05,-0.048960817137631452,0.0090882531981074186,-0.51358040855404385,official,2842,2684
antarctic,28,22,50,1.5442865534006018e-05,4.028920322606638e-05,0.28192043715104553,0.026709985602868049,1.7250025173642631,short,1257,4267
anthony,3,24,27,1.6545927357863589e-06,4.3951858064799688e-05,0.89259567194698519,0.052941760358809063,3.8793198418370864,short,437,5089
anthrax,18,12,30,9.9275564147181536e-06,2.1975929032399844e-05,0.22842861617403898,0.044643441031045637,1.0811144644464188,short,1671,3849
anti,2,43,45,1.1030618238575726e-06,7.8747079032766114e-05,0.98916529506338158,0.032640816001898484,5.475053496898493,short,205,5321
anti-discrimination,7,20,27,3.8607163835015045e-06,3.6626548387333073e-05,0.68575216242631676,0.050688944338539876,3.0458643829318803,short,641,4882
anti-drug,21,26,47,1.1582149150504513e-05,4.7614512903532995e-05,0.43291762180009563,0.028405096382937839,2.5686630022242447,short,813,4713
anti-fraud,11,42,53,6.06684003121665e-06,7.6915751613399453e-05,0.75696822552831122,0.026151899684860921,4.6808640646197857,short,302,5224
anti-inflation,0,57,57,0,0.00010438566290389926,1.0551298157392743,0.026316373370920562,6.5041848537578586,short,161,5365
anti-terrorism,19,52,71,1.047908732664694e-05,9.522902580706599e-05,0.67435250879544206,0.01924177631212258,4.8614340302250607,short,275,5251
antibiotics,26,16,42,1.4339803710148445e-05,2.9301238709866458e-05,0.20289602799530648,0.031947845554519121,1.1351487023033131,short,1635,3888
anticompetitive,85,3,88,4.6880127513946835e-05,5.493982258099961e-06,-0.28048517284428343,0.016769941710995283,-2.1659285789330531,official,4500,1025
antidiscrimination,18,11,29,9.9275564147181536e-06,2.014460161303319e-05,0.20069141245862632,0.046277179632574945,0.93292202875464714,short,1780,3745
antidumping,59,5,64,3.2540323803798394e-05,9.1566370968332683e-06,-0.2161265242139585,0.022623418819697406,-1.4369079623713623,official,3747,1779
antimicrobial,20,15,35,1.1030618238575727e-05,2.7469911290499805e-05,0.26665090494035404,0.038182402071356654,1.3646190779720324,short,1490,4033
antiterrorism,10,50,60,5.5153091192878634e-06,9.1566370968332683e-05,0.81396326622781601,0.023377207274132578,5.3236377018709078,short,223,5303
antitrust,383,209,592,0.00021123633926872516,0.00038274743064763063,0.16542256926805088,0.0022746645077303799,3.4684551747675703,short,533,4993
apache,19,14,33,1.047908732664694e-05,2.5638583871133151e-05,0.26086465427209049,0.040507948864460769,1.2961197012830836,short,1536,3987
appalachian,70,39,109,3.8607163835015045e-05,7.1421769355299499e-05,0.17179156548657915,0.012343932843801224,1.5462334426061641,short,1367,4159
apparel,41,13,54,2.2612767389080238e-05,2.3807256451766497e-05,0.012773076990754362,0.025452272817652551,0.080063071118522164,short,2381,3144
appeal,44,11,55,2.42673601248666e-05,2.014460161303319e-05,-0.043509061842541996,0.025253109146487068,-0.27379296888652527,official,2647,2878
appeals,152,99,251,8.3832698613175522e-05,0.00018130141451729872,0.22097753474714921,0.0053391163803859663,3.0242203429977614,short,650,4876
appear,27,0,27,1.4891334622077231e-05,0,-0.33119377297485109,0.055556139442311518,-1.4051287926382199,official,3688,1817
appearance,27,0,27,1.4891334622077231e-05,0,-0.33119377297485109,0.055556139442311518,-1.4051287926382199,official,3689,1818
appellate,25,12,37,1.3788272798219658e-05,2.1975929032399844e-05,0.12664497585220325,0.036537779413192743,0.66254730345562585,short,1969,3556
appliance,8,49,57,4.4122472954302902e-06,8.9735043548966036e-05,0.85102978821982056,0.024819161545514359,5.4019580697451746,short,216,5310
appliances,47,2,49,2.5921952860652958e-05,3.6626548387333073e-06,-0.27057095662737751,0.03002509369593381,-1.5614892240140208,official,3923,1600
applicability,93,0,93,5.1292374809377128e-05,0,-0.33120269289505622,0.016129616160223369,-2.6078454076533366,official,4738,784
applicable,646,0,646,0.00035628896910599599,0,-0.33127745006949283,0.0023225654553977741,-6.8739741321310897,official,5387,139
applicant,49,5,54,2.7025014684510531e-05,9.1566370968332683e-06,-0.19523886627243847,0.026658474299812773,-1.1957726938376345,official,3421,2104
applicants,85,4,89,4.6880127513946835e-05,7.3253096774666146e-06,-0.26450844217596803,0.016500398510294084,-2.0591705630212798,official,4426,1099
application,776,34,810,0.00042798798765673819,6.2265132258466224e-05,-0.26895049555776041,0.0018159352188023442,-6.3113486649309962,official,5358,168
applications,226,34,260,0.00012464598609590572,6.2265132258466224e-05,-0.14068708712982847,0.0054595576561539518,-1.9040375521660509,official,4294,1231
applied,98,4,102,5.4050029369021062e-05,7.3253096774666146e-06,-0.27293266554387863,0.014434546168654397,-2.2717155442508745,official,4569,956
applies,77,0,77,4.2467880218516549e-05,0,-0.33120053044563491,0.019481103378944223,-2.3729262910952897,official,4630,893
apply,514,0,514,0.00028348688873139615,0,-0.33125960258651688,0.0029188719381734265,-6.1314184427762033,official,5350,176
applying,66,0,66,3.6401040187299898e-05,0,-0.33119904377818798,0.022727856623130299,-2.1968976977465036,official,4516,1007
appoint,32,0,32,1.7648989181721161e-05,0,-0.3311944487094074,0.046875583887922824,-1.5297121057037018,official,3878,1641
appointed,82,0,82,4.5225534778160477e-05,0,-0.33120120620801785,0.018293266826420913,-2.4487602972326772,official,4679,845
appointment,212,17,229,0.0001169245533289027,3.1132566129233112e-05,-0.22177730693510966,0.0063331982814900786,-2.7867984663744925,official,4819,707
appointments,36,5,41,1.9855112829436307e-05,9.1566370968332683e-06,-0.1532095903923878,0.034726727312123944,-0.82215560720049319,official,3075,2448
apportionment,52,1,53,2.8679607420296889e-05,1.8313274193666537e-06,-0.3030258259653813,0.028042911935212748,-1.8095395914270715,official,4200,1323
appraisal,17,8,25,9.376025502789367e-06,1.4650619354933229e-05,0.12079629215351595,0.054113137999331616,0.51928077488736624,short,2080,3439
apprenticeship,72,42,114,3.9710225658872614e-05,7.6915751613399453e-05,0.18607550709346832,0.011787184405901496,1.7138948438365393,short,1263,4262
approach,40,7,47,2.2061236477151454e-05,1.2819291935566576e-05,-0.1149692802186788,0.0300133552839324,-0.66362774964709303,official,2960,2565
approaches,34,2,36,1.8752051005578734e-05,3.6626548387333073e-06,-0.24895572328425075,0.040602087648376875,-1.2355147445225048,official,3461,2063
appropriate,643,16,659,0.00035463437637020962,2.9301238709866458e-05,-0.29506681466080131,0.0022501146718887882,-6.2203961316181458,official,5354,172
appropriated,128,1,129,7.0595956726884643e-05,1.8313274193666537e-06,-0.31960142847954209,0.011583942186587093,-2.9694807965632437,official,4887,639
appropriately,37,0,37,2.0406643741365096e-05,0,-0.33119512444674726,0.040541124429630225,-1.6448868926211853,official,4015,1496
appropriation,149,182,331,8.2178105877389157e-05,0.00033330159032473098,0.42850834044800834,0.0040332350409458019,6.7473387361684907,short,148,5378
appropriations,3098,847,3945,0.00170864276515538,0.0015511343242035557,-0.023167957825548591,0.0003512509392203347,-1.2361722974303979,official,3464,2062
approval,330,34,364,0.00018200520093649948,6.2265132258466224e-05,-0.19409224351441168,0.0039540689717603951,-3.0866405675936095,official,4923,603
approve,116,1,117,6.3977585783739211e-05,1.8313274193666537e-06,-0.31841200125491653,0.012767005672569815,-2.8180253962102553,official,4829,696
approved,279,2,281,0.00015387712442813139,3.6626548387333073e-06,-0.32056964144422295,0.0053198671364683165,-4.3951327651949557,official,5196,329
approving,35,0,35,1.9303581917507522e-05,0,-0.33119485415147842,0.042857726745765795,-1.5998122380313102,official,3965,1550
april,33,0,33,1.8200520093649949e-05,0,-0.33119458385665368,0.045455129342701649,-1.5534303183962435,official,3902,1607
aquaculture,60,47,107,3.3091854715727182e-05,8.6072388710232728e-05,0.28092882911759354,0.012482114353897374,2.5145034196821143,short,839,4687
aquatic,66,20,86,3.6401040187299898e-05,3.6626548387333073e-05,0.0015156850285169554,0.01601349353431791,0.01197749274355773,short,2434,3092
aquifer,16,22,38,8.8244945908605804e-06,4.028920322606638e-05,0.46732528220310066,0.035185769075851026,2.4913557864791418,short,848,4676
arab,25,8,33,1.3788272798219658e-05,1.4650619354933229e-05,0.015086323968382942,0.041632207101428328,0.073938172485181239,short,2385,3138
arabia,20,19,39,1.1030618238575727e-05,3.4795220967966419e-05,0.34486844637077141,0.034191115743433823,1.8650772470822754,short,1157,4367
arapaho,28,6,34,1.5442865534006018e-05,1.0987964516199922e-05,-0.076298966043783167,0.041129616146820293,-0.37621951959389655,official,2726,2798
arbitration,137,56,193,7.5559734934243724e-05,0.0001025543354845326,0.080323913638169486,0.0070469512162476275,0.95685080817423418,short,1766,3760
archaeological,45,7,52,2.4818891036795385e-05,1.2819291935566576e-05,-0.1352194184635529,0.027259014785905887,-0.81900015930054448,official,3074,2452
archeological,27,2,29,1.4891334622077231e-05,3.6626548387333073e-06,-0.22941018118383205,0.05011579126061666,-1.0247676145661024,official,3250,2264
architect,43,5,48,2.3715829212937812e-05,9.1566370968332683e-06,-0.17861410402442601,0.029857519409274846,-1.0336866031598477,official,3267,2256
architectural,63,11,74,3.474644745151354e-05,2.014460161303319e-05,-0.11537619088874251,0.019064559853741638,-0.83560841558625742,official,3089,2437
archives,29,9,38,1.5994396445934803e-05,1.6481946774299883e-05,0.0074121582908670547,0.036202552768881582,0.038956065531920332,short,2416,3109
arctic,86,78,164,4.7431658425875623e-05,0.000142843538710599,0.32945724559282041,0.0081328153284495244,3.6532433949748815,short,485,5041
area,1124,587,1711,0.00061992074500795587,0.0010749891951682257,0.15206588787405018,0.00078847901153700673,5.4154772201228978,short,212,5314
areas,1996,117,2113,0.0011008557002098575,0.0002142653080658985,-0.24943848291591042,0.00069238309051747251,-9.4796047523250451,official,5453,73
arising,168,3,171,9.2657193204036107e-05,5.493982258099961e-06,-0.30500911108867257,0.0086975628647026904,-3.2704990277182975,official,4958,568
arizona,241,67,308,0.00013291894977483752,0.0001226989370975658,-0.019217863608849584,0.0044887442478697285,-0.28684195645713761,official,2660,2866
arkansas,50,14,64,2.7576545596439316e-05,2.5638583871133151e-05,-0.017533040079968032,0.021593026541319543,-0.11931648926057666,official,2523,3003
arlington,25,7,32,1.3788272798219658e-05,1.2819291935566576e-05,-0.017532802637411748,0.043185469178498512,-0.084368926446948711,official,2496,3027
armed,1753,130,1883,0.0009668336886111624,0.00023807256451766499,-0.22947968392925056,0.00077238281948876673,-8.2571075342616425,official,5423,103
armor,62,12,74,3.4194916539584752e-05,2.1975929032399844e-05,-0.096353527135049077,0.018981432051671809,-0.69936376931064892,official,2992,2534
arms,223,89,312,0.00012299139336011935,0.00016298814032363217,0.073661538767636259,0.0043635084232471503,1.1151232673103408,short,1646,3880
army,358,35,393,0.0001974480664705055,6.4096459677832885e-05,-0.20035808065708771,0.0036685904952195752,-3.3079371115333354,official,4975,551
arrangement,28,4,32,1.5442865534006018e-05,7.3253096774666146e-06,-0.14887055636327418,0.044445028332611401,-0.70615041346207053,official,2993,2532
arrangements,201,10,211,0.00011085771329768605,1.8313274193666537e-05,-0.26092626981138167,0.0069526552741572909,-3.1292658256874448,official,4928,598
arrest,45,12,57,2.4818891036795385e-05,2.1975929032399844e-05,-0.028909948821516096,0.024297259086305461,-0.18546786836030205,official,2588,2938
arson,47,34,81,2.5921952860652958e-05,6.2265132258466224e-05,0.25486782656171769,0.016508736075346586,1.9836182858916951,short,1094,4432
art,50,38,88,2.7576545596439316e-05,6.9590441935932839e-05,0.27099557350942938,0.015183468651413521,2.1992606236198156,short,974,4552
arthritis,132,51,183,7.2802080374599797e-05,9.3397698387699343e-05,0.064710580048746635,0.0074486913743846824,0.74978250495488863,short,1909,3617
article,137,6,143,7.5559734934243724e-05,1.0987964516199922e-05,-0.26890206391294136,0.01028342188159621,-2.6517056193410591,official,4760,766
articles,179,4,183,9.8724033235252751e-05,7.3253096774666146e-06,-0.29860093592211356,0.0081106084455225026,-3.3156176805846584,official,4978,548
artificial,30,8,38,1.6545927357863591e-05,1.4650619354933229e-05,-0.028909716605078017,0.036445596677535122,-0.1514332705435254,official,2547,2977
artistic,61,2,63,3.3643385627655964e-05,3.6626548387333073e-06,-0.2839445856847842,0.023449715408927152,-1.8542351248942903,official,4260,1265
artists,19,30,49,1.047908732664694e-05,5.493982258099961e-05,0.51190809840731788,0.027364694094763706,3.0945442796010618,short,629,4897
arts,178,109,287,9.8172502323323963e-05,0.00019961468871096527,0.20135872199867855,0.0046763741137541013,2.9445289070384102,short,681,4845
asbestos,102,59,161,5.6256153016736209e-05,0.00010804831774263257,0.18344326238150721,0.008348319835906625,2.0077157492724043,short,1084,4442
ash,12,17,29,6.6183709431454357e-06,3.1132566129233112e-05,0.47703239316799717,0.046129958225481937,2.2210397971033933,short,963,4561
asia,34,18,52,1.8752051005578734e-05,3.2963893548599766e-05,0.15610848475684769,0.02591420515614741,0.96974502892696968,short,1762,3764
asian,63,45,108,3.474644745151354e-05,8.2409733871499421e-05,0.25074310104893627,0.012384484837198943,2.2531495570131033,short,944,4582
aside,30,2,32,1.6545927357863591e-05,3.6626548387333073e-06,-0.23881996080242551,0.045541380851991761,-1.1190964688922045,official,3338,2184
aspects,55,5,60,3.0334200156083247e-05,9.1566370968332683e-06,-0.2085929913089668,0.024080851453290909,-1.344199695755288,official,3580,1945
assault,207,92,299,0.00011416689876925877,0.00016848212258173214,0.10414125796146223,0.0045344132978696614,1.5465439567375729,short,1365,4161
assaults,20,5,25,1.1030618238575727e-05,9.1566370968332683e-06,-0.043508510797819255,0.055556139442149953,-0.18459000813266455,official,2581,2941
assess,198,1,199,0.00010920312056189969,1.8313274193666537e-06,-0.32368816949451507,0.007519475614617032,-3.7327856251123652,official,5087,439
assessed,29,1,30,1.5994396445934803e-05,1.8313274193666537e-06,-0.28159665338839446,0.049207800946019023,-1.269435123751002,official,3501,2018
assessing,37,7,44,2.0406643741365096e-05,1.2819291935566576e-05,-0.10066832463530595,0.031954106040751121,-0.56315702358514064,official,2884,2642
assessment,318,203,521,0.00017538682999335405,0.0003717594661314307,0.21458587116033101,0.0025736945973026657,4.2298271273378578,short,375,5151
assessments,148,3,151,8.1626574965460382e-05,5.493982258099961e-06,-0.30155257068283703,0.0098385720147361848,-3.0401639206391562,official,4905,621
asset,110,102,212,6.0668400312166495e-05,0.00018679539677539869,0.33682940508771431,0.0062908873740673788,4.246724064991076,short,368,5158
assets,365,42,407,0.00020130878285400702,7.6915751613399453e-05,-0.18003509143249374,0.0035230922577843046,-3.0331588513080483,official,4903,623
assign,27,0,27,1.4891334622077231e-05,0,-0.33119377297485109,0.055556139442311518,-1.4051287926382199,official,3690,1819
assigned,47,0,47,2.5921952860652958e-05,0,-0.33119647592977408,0.031915477508444694,-1.8538945757924572,official,4246,1269
assignment,67,10,77,3.6952571099228687e-05,1.8313274193666537e-05,-0.14195269181980663,0.018439281217042764,-1.0453738655339224,official,3282,2242
assist,1830,11,1841,0.0010093015688296789,2.014460161303319e-05,-0.32248347254288046,0.00081294645367836326,-11.310361637300314,official,5477,49
assistance,7321,2974,10295,0.0040377578062306451,0.0054463677451964286,0.078926644456438488,0.00013271668132335871,6.851109086981884,short,141,5385
assistant,127,31,158,7.0044425814955869e-05,5.6771150000366263e-05,-0.048788361321390639,0.0088003611400512497,-0.52007500770025084,official,2844,2682
assistants,67,11,78,3.6952571099228687e-05,2.014460161303319e-05,-0.12614443483744608,0.018133090679647228,-0.93676828437617154,official,3167,2359
assisted,161,19,180,8.8796476820534603e-05,3.4795220967966419e-05,-0.17663382917377568,0.0079582608714124734,-1.9799982131609382,official,4359,1167
assisting,113,12,125,6.232299304795286e-05,2.1975929032399844e-05,-0.19034257824286982,0.011501534655621273,-1.7748352738057112,official,4172,1354
associated,392,12,404,0.00021620011747608425,2.1975929032399844e-05,-0.28700446848815098,0.0036607115363642161,-4.7435764528444846,official,5233,293
association,198,75,273,0.00010920312056189969,0.00013734955645249903,0.05930833988780293,0.0049972894176709233,0.83897402795825915,short,1846,3680
associations,170,7,177,9.376025502789367e-05,1.2819291935566576e-05,-0.27245180054612383,0.0083172109112901096,-2.9874512359376886,official,4893,633
assurance,66,189,255,3.6401040187299898e-05,0.00034612088226029753,0.68641639630629214,0.0053681010012680943,9.368656364086938,short,85,5441
assure,856,9,865,0.00047211046061104109,1.6481946774299883e-05,-0.31573504819963993,0.0017258063673578092,-7.600230433525109,official,5403,123
assured,23,12,35,1.2685210974362085e-05,2.1975929032399844e-05,0.15166392423997621,0.03851855894438104,0.77276469694830652,short,1896,3628
assuring,118,19,137,6.5080647607596788e-05,3.4795220967966419e-05,-0.12945790277969316,0.010332408951295021,-1.2735845257104226,official,3510,2016
asthma,40,41,81,2.2061236477151454e-05,7.5084424194032807e-05,0.37020054856613172,0.016461768023253588,2.8853521100500648,short,698,4828
asylum,44,17,61,2.42673601248666e-05,3.1132566129233112e-05,0.064707215285865871,0.022344906240050644,0.4328759341357738,short,2145,3380
at-risk,63,15,78,3.474644745151354e-05,2.7469911290499805e-05,-0.054205123776117858,0.017845470653176966,-0.40576663858046597,official,2744,2781
athletes,56,9,65,3.0885731068012036e-05,1.6481946774299883e-05,-0.12977192539680615,0.021778560219604386,-0.87935890442447373,official,3120,2406
athletic,97,40,137,5.3498498457092274e-05,7.3253096774666146e-05,0.082790514544122118,0.0099238057024980501,0.83107736743536675,short,1850,3676
athletics,13,19,32,7.1699018550742223e-06,3.4795220967966419e-05,0.48712696868609306,0.041830649248559622,2.3817428565851095,short,884,4641
atlantic,105,49,154,5.7910745752522567e-05,8.9735043548966036e-05,0.11834277238396318,0.0087876961547746681,1.2624210370555948,short,1558,3968
atmosphere,30,2,32,1.6545927357863591e-05,3.6626548387333073e-06,-0.23881996080242551,0.045541380851991761,-1.1190964688922045,official,3339,2185
atmospheric,213,68,281,0.00011747608424083149,0.00012453026451693245,0.014495190235779276,0.004890204961059047,0.20728142635901445,short,2301,3225
atomic,170,42,212,9.376025502789367e-05,7.6915751613399453e-05,-0.046133412923847317,0.0065553928536327384,-0.56979183682280521,official,2888,2638
attack,190,6,196,0.00010479087326646941,1.0987964516199922e-05,-0.28563560229079243,0.0075417525511990713,-3.2890933413373462,official,4966,560
attacks,171,8,179,9.4311785939822458e-05,1.4650619354933229e-05,-0.26488700223804962,0.0082053203627493951,-2.9242390839718859,official,4870,656
attain,74,0,74,4.0813287482730191e-05,0,-0.33120012498954132,0.020270854167994873,-2.3262397223788542,official,4597,930
attained,109,0,109,6.0116869400237707e-05,0,-0.33120485537297384,0.013762051795801266,-2.823287470438296,official,4832,690
attend,76,0,76,4.1916349306587761e-05,0,-0.33120039529349299,0.019737426003454517,-2.3574668201706119,official,4623,903
attendance,53,5,58,2.9231138332225674e-05,9.1566370968332683e-06,-0.20444333746409882,0.024882608776320609,-1.296059698879461,official,3528,1998
attendant,16,19,35,8.8244945908605804e-06,3.4795220967966419e-05,0.41912183414326876,0.03812694554555604,2.1464673110489247,short,996,4530
attending,56,0,56,3.0885731068012036e-05,0,-0.33119769227401363,0.026786298179238079,-2.0236292703388661,official,4388,1135
attorney,429,33,462,0.00023660676121744934,6.0433804839099571e-05,-0.22587278498805041,0.0031431204661747452,-4.0288712918624565,official,5142,384
attorneys,140,17,157,7.7214327670030089e-05,3.1132566129233112e-05,-0.17273107540647992,0.0091147137219184122,-1.8092515798936739,official,4199,1327
attract,27,3,30,1.4891334622077231e-05,5.493982258099961e-06,-0.18458895256073227,0.047847473839792293,-0.84387126462052398,official,3092,2431
attributable,105,0,105,5.7910745752522567e-05,0,-0.33120431475082235,0.014286298190673752,-2.7709974782839271,official,4809,715
auction,24,7,31,1.3236741886290871e-05,1.2819291935566576e-05,-0.0077900712930922822,0.044498191543619087,-0.036929229940049754,official,2465,3057
audio,37,10,47,2.0406643741365096e-05,1.8313274193666537e-05,-0.025808987461305222,0.029449205445918482,-0.15039526931336067,official,2545,2982
audit,116,103,219,6.3977585783739211e-05,0.00018862672419476533,0.32240861637437668,0.0060912486268317901,4.1309836545960685,short,397,5129
auditing,36,17,53,1.9855112829436307e-05,3.1132566129233112e-05,0.12181869223905473,0.025522253235755341,0.76252559558073452,short,1903,3623
audits,68,2,70,3.7504102011157468e-05,3.6626548387333073e-06,-0.28863880217047289,0.021135849597396249,-1.9853855590227667,official,4362,1164
augment,26,0,26,1.4339803710148445e-05,0,-0.33119363782827449,0.057692891578830292,-1.3788620927062918,official,3642,1863
august,95,1,96,5.2395436633234704e-05,1.8313274193666537e-06,-0.31561778343790792,0.015545464347676339,-2.5313932396967989,official,4706,820
authorities,474,33,507,0.00026142565225424473,6.0433804839099571e-05,-0.23509552363685771,0.0028718038445075126,-4.3869933258180733,official,5194,332
authority,2692,204,2896,0.0014847212149122929,0.00037359079355079737,-0.22753486571034287,0.0005021201180809002,-10.154163287133182,official,5464,62
authorization,607,1374,1981,0.0003347792635407733,0.0025162438742097823,0.6220584573620016,0.00068504578383270741,23.766837682653914,short,13,5513
authorizations,303,13,316,0.00016711386631442225,2.3807256451766497e-05,-0.27012558494980787,0.0046556065181120806,-3.9589278463634638,official,5133,393
authorize,8573,5,8578,0.004728274507965485,9.1566370968332683e-06,-0.33147636372750089,0.0001754009068096342,-25.028605260353643,official,5512,14
authorized,449,5,454,0.00024763737945602507,9.1566370968332683e-06,-0.31477373359937921,0.0032866529362716077,-5.4906222087633969,official,5306,220
authorizing,485,3,488,0.00026749249228546134,5.493982258099961e-06,-0.32204710925014979,0.0030649931015318595,-5.817074883373019,official,5328,198
autism,62,39,101,3.4194916539584752e-05,7.1421769355299499e-05,0.2098584005354649,0.013278410374416939,1.8211818574258902,short,1183,4343
autistic,14,13,27,7.7214327670030089e-06,2.3807256451766497e-05,0.33726838552770744,0.049390827789988448,1.5175830988082315,short,1380,4142
auto,29,44,73,1.5994396445934803e-05,8.0578406452132761e-05,0.49917400378439503,0.018351514015812892,3.6848177275642064,short,475,5051
autoimmune,16,10,26,8.8244945908605804e-06,1.8313274193666537e-05,0.20780870177268973,0.051587885474434526,0.91493420843654538,short,1793,3734
automated,68,14,82,3.7504102011157468e-05,2.5638583871133151e-05,-0.084332953676227618,0.017083917233779489,-0.64521370243473208,official,2933,2593
automatic,275,32,307,0.00015167100078041624,5.8602477419732917e-05,-0.17853609168801121,0.0046686495198545461,-2.6129457159446203,official,4747,779
automatically,34,0,34,1.8752051005578734e-05,0,-0.3311947190040101,0.044118230947213094,-1.576791820221908,official,3934,1582
automobile,167,123,290,9.2105662292107319e-05,0.00022525327258209841,0.26075388832057023,0.0046100752691410939,3.8404028664063721,short,453,5073
automobiles,115,6,121,6.3426054871810423e-05,1.0987964516199922e-05,-0.25770051180392528,0.012111887792684597,-2.3415819499894721,official,4609,917
automotive,43,48,91,2.3715829212937812e-05,8.7903716129599375e-05,0.39860691850394048,0.014657515076102667,3.2924156515230747,short,574,4952
autonomy,20,35,55,1.1030618238575727e-05,6.4096459677832885e-05,0.54429161653223979,0.024445028339871163,3.4812592990007807,short,526,5000
availability,704,136,840,0.0003882777619978656,0.0002490605290338649,-0.096746212619773786,0.0016728426425711466,-2.3654099926501493,official,4628,898
available,1474,15,1489,0.00081295656418303101,2.7469911290499805e-05,-0.3163095754502967,0.0010029736273890607,-9.9877481438698066,official,5460,66
average,107,1,108,5.9013807576380137e-05,1.8313274193666537e-06,-0.31734710165015301,0.013826058623023838,-2.6988909637434495,official,4778,747
averaging,34,10,44,1.8752051005578734e-05,1.8313274193666537e-05,-0.0057678311387849845,0.031339615230364985,-0.032581097331032968,official,2460,3064
aviation,606,259,865,0.00033422773262884451,0.0004743138016159633,0.092942704851259883,0.0015700734668048311,2.345607384021831,short,899,4627
avoid,109,0,109,6.0116869400237707e-05,0,-0.33120485537297384,0.013762051795801266,-2.823287470438296,official,4833,691
avoidance,38,14,52,2.095817465329388e-05,2.5638583871133151e-05,0.0518032750828894,0.026263210156071061,0.31965633291633927,short,2233,3293
award,623,58,681,0.00034360375813163386,0.00010621699032326591,-0.20599494927148143,0.0021206351815431681,-4.4732543311658297,official,5207,319
awarded,151,0,151,8.3281167701246733e-05,0,-0.33121053201308648,0.0099343587501324934,-3.3230296678802365,official,4981,545
awarding,106,0,106,5.8462276664451348e-05,0,-0.33120444990619369,0.014151527301419267,-2.7841620301307564,official,4816,708
awards,173,21,194,9.5414847763680035e-05,3.8457875806699727e-05,-0.17278072092787333,0.0073765423580380348,-2.0117261510043747,official,4381,1145
awareness,244,197,441,0.00013457354251062385,0.00036077150161523076,0.29093193833367437,0.0030278361291367134,5.2871936472449832,short,231,5295
away,31,3,34,1.7097458269792376e-05,5.493982258099961e-06,-0.20151514403003468,0.042412226300215079,-0.97850298373477296,official,3202,2321
b,788,57,845,0.00043460635859988365,0.00010438566290389926,-0.23168345998959072,0.0017216014027109233,-5.5837854981310295,official,5313,213
babies,7,28,35,3.8607163835015045e-06,5.1277167742266302e-05,0.76743378342199975,0.039683123572871633,3.8524586751017154,short,449,5076
baby,22,46,68,1.21336800624333e-05,8.4241061290866068e-05,0.59836350383931247,0.019883624834804589,4.2434326779467355,short,370,5156
background,214,40,254,0.00011802761515276027,7.3253096774666146e-05,-0.10294244450921219,0.0055386966231475813,-1.3832181791671803,official,3667,1859
backlog,62,25,87,3.4194916539584752e-05,4.5783185484166341e-05,0.076512461474434801,0.015640564726829068,0.61179505011265534,short,2011,3514
bad,22,4,26,1.21336800624333e-05,7.3253096774666146e-06,-0.10804775096748642,0.054167250553433403,-0.4642451072996992,official,2793,2729
baggage,32,8,40,1.7648989181721161e-05,1.4650619354933229e-05,-0.043508786318433579,0.034722806112500303,-0.23349068599756723,official,2615,2910
bail,33,22,55,1.8200520093649949e-05,4.028920322606638e-05,0.22843107647837435,0.024351233245282572,1.4638436936981705,short,1412,4114
bailout,9,39,48,4.9637782073590768e-06,7.1421769355299499e-05,0.78483019212232463,0.029038696416723263,4.6056098324397619,short,313,5213
balance,117,25,142,6.4529116695667999e-05,4.5783185484166341e-05,-0.076881786437565935,0.0098496117282205042,-0.77466495721487749,official,3040,2485
balanced,348,98,446,0.00019193275735121765,0.00017947008709793207,-0.016180212237641101,0.0030982651284844629,-0.29068654128582261,official,2662,2864
ballast,28,6,34,1.5442865534006018e-05,1.0987964516199922e-05,-0.076298966043783167,0.041129616146820293,-0.37621951959389655,official,2727,2799
ballistic,50,15,65,2.7576545596439316e-05,2.7469911290499805e-05,-0.00094846331546349916,0.021196236070452779,-0.0065146511386180604,official,2446,3079
ballistics,20,5,25,1.1030618238575727e-05,9.1566370968332683e-06,-0.043508510797819255,0.055556139442149953,-0.18459000813266455,official,2582,2942
ballot,35,25,60,1.9303581917507522e-05,4.5783185484166341e-05,0.25073790995587864,0.022291605567809843,1.6793813521481151,short,1289,4234
ballots,43,2,45,2.3715829212937812e-05,3.6626548387333073e-06,-0.26523707005844521,0.032640815999395958,-1.4680935079644291,official,3797,1727
ban,186,101,287,0.00010258474961875426,0.00018496406935603204,0.16388719583210509,0.0046920684460959976,2.3925600950318153,short,879,4647
band,123,92,215,6.7838302167240715e-05,0.00016848212258173214,0.26578357203174541,0.0062164928081339449,3.3709741028003388,short,561,4965
bands,26,5,31,1.4339803710148445e-05,9.1566370968332683e-06,-0.097576542941558486,0.045322221314895203,-0.45834218814117572,official,2783,2736
bank,759,431,1190,0.00041861196215394885,0.0007893021177470277,0.17777475686947408,0.0011305709634632072,5.2871444964027807,short,232,5294
banking,204,127,331,0.00011251230603347242,0.00023257858225956502,0.20658891820455061,0.0040531489575045768,3.2449703960560461,short,585,4941
bankruptcies,26,12,38,1.4339803710148445e-05,2.1975929032399844e-05,0.11509884971014195,0.035625583890055483,0.60980360551974722,short,2013,3513
bankruptcy,166,183,349,9.1554131380178531e-05,0.00033513291774409765,0.39449333932827102,0.0038220307940197828,6.381056411604952,short,167,5359
banks,407,19,426,0.00022447308115501605,3.4795220967966419e-05,-0.26504878915440955,0.0034482551843587977,-4.5136317694292734,official,5212,314
banner,15,18,33,8.2729636789317955e-06,3.2963893548599766e-05,0.4225877285164259,0.040441760359843065,2.1013667482422926,short,1020,4503
bar,25,1,26,1.3788272798219658e-05,1.8313274193666537e-06,-0.27403464010177281,0.056645464060875568,-1.1513911711087681,official,3372,2148
bargaining,88,41,129,4.85347202497332e-05,7.5084424194032807e-05,0.11786464594359991,0.010491231785115433,1.1507217315873226,short,1624,3901
barrier,24,23,47,1.3236741886290871e-05,4.2120530645433034e-05,0.34777949915709705,0.028370805220795058,2.0647531942049984,short,1053,4471
barriers,191,41,232,0.00010534240417839818,7.5084424194032807e-05,-0.07595074230498966,0.0060276537939608025,-0.97826805663763883,official,3200,2326
base,330,52,382,0.00018200520093649948,9.522902580706599e-05,-0.13309758729317167,0.0037092258202493303,-2.1853879585651494,official,4513,1013
baseball,58,40,98,3.1988792891869606e-05,7.3253096774666146e-05,0.23936484598312902,0.013657217127617921,2.0482325408609201,short,1064,4462
based,648,44,692,0.00035739203092985356,8.0578406452132761e-05,-0.23730556585238283,0.002105548353566607,-5.1716046199910588,official,5276,250
baseline,21,7,28,1.1582149150504513e-05,1.2819291935566576e-05,0.025485123027612744,0.048980175724151268,0.11515334686751032,short,2358,3164
bases,27,2,29,1.4891334622077231e-05,3.6626548387333073e-06,-0.22941018118383205,0.05011579126061666,-1.0247676145661024,official,3251,2265
basic,374,56,430,0.00020627256106136609,0.0001025543354845326,-0.14145900780460252,0.0033019782474902654,-2.4617474892193081,official,4685,841
basin,300,176,476,0.00016545927357863589,0.00032231362580853104,0.18788754072881275,0.0028229861274073472,3.5362552886177503,short,512,5014
basis,1071,5,1076,0.0005906896066757302,9.1566370968332683e-06,-0.32437048207857178,0.0013914196975511259,-8.6958542641511212,official,5437,89
bass,18,12,30,9.9275564147181536e-06,2.1975929032399844e-05,0.22842861617403898,0.044643441031045637,1.0811144644464188,short,1672,3850
batteries,28,1,29,1.5442865534006018e-05,1.8313274193666537e-06,-0.27990016499353665,0.050877776869739884,-1.2409065910146566,official,3466,2054
battery,16,24,40,8.8244945908605804e-06,4.3951858064799688e-05,0.49549705666651356,0.033482726748397522,2.7078878258112549,short,757,4769
battle,33,14,47,1.8200520093649949e-05,2.5638583871133151e-05,0.090806108615510084,0.028894026515228738,0.53420879208079775,short,2064,3460
battlefield,66,74,140,3.6401040187299898e-05,0.00013551822903313238,0.40008119127579356,0.0095278500459456596,4.0987429058619842,short,403,5123
battlefields,22,16,38,1.21336800624333e-05,2.9301238709866458e-05,0.25660074754455131,0.035185769075484805,1.3679631330869964,short,1485,4041
bay,197,139,336,0.00010865158964997091,0.00025455451129196486,0.24678619270358482,0.0039820197331372955,3.9108319452397602,short,431,5095
bayou,13,12,25,7.1699018550742223e-06,2.1975929032399844e-05,0.33529243743584125,0.05334340038773288,1.4517218375206666,short,1418,4105
beach,17,18,35,9.376025502789367e-06,3.2963893548599766e-05,0.3810110313842614,0.038099277648792694,1.9519971494734856,short,1116,4410
beaches,12,20,32,6.6183709431454357e-06,3.6626548387333073e-05,0.52901849428436698,0.041958625847185488,2.5826183164496053,short,805,4721
bear,126,48,174,6.949289490302708e-05,8.7903716129599375e-05,0.060856475324841952,0.0078384217618313306,0.6873730195875013,short,1951,3574
bearing,27,4,31,1.4891334622077231e-05,7.3253096774666146e-06,-0.14313974650808881,0.045813391769706988,-0.6687503478191662,official,2964,2561
beds,33,9,42,1.8200520093649949e-05,1.6481946774299883e-05,-0.023705845424128569,0.032941760361394103,-0.1306116892701889,official,2532,2993
beef,82,31,113,4.5225534778160477e-05,5.6771150000366263e-05,0.058773626716247307,0.012073233481368318,0.53489765091598795,short,2063,3463
begin,69,0,69,3.8055632923086256e-05,0,-0.33119944923160993,0.021739714331340317,-2.2462737885154294,official,4546,976
beginning,186,21,207,0.00010258474961875426,3.8457875806699727e-05,-0.18252264100936522,0.0069310781044148598,-2.1923826058081279,official,4515,1011
behalf,211,0,211,0.00011637302241697391,0,-0.33121864183959993,0.0071095886690359144,-3.9281904413182764,official,5127,400
behavior,61,5,66,3.3643385627655964e-05,9.1566370968332683e-06,-0.21955615315546773,0.021959106686447766,-1.4816249356619762,official,3824,1702
behavioral,72,27,99,3.9710225658872614e-05,4.9445840322899649e-05,0.056577792606171684,0.013785045058089376,0.48188333171873698,short,2113,3413
beings,25,2,27,1.3788272798219658e-05,3.6626548387333073e-06,-0.22199331323622573,0.053714111738336921,-0.95784600877510939,official,3186,2337
bend,11,14,25,6.06684003121665e-06,2.5638583871133151e-05,0.44200455996570298,0.053419387305947134,1.9123936743801768,short,1135,4388
beneficial,55,2,57,3.0334200156083247e-05,3.6626548387333073e-06,-0.27901090646572513,0.025878307864823553,-1.7344158850564717,official,4127,1399
beneficiaries,847,39,886,0.000467146682403682,7.1421769355299499e-05,-0.26595549720353073,0.0016586992157632005,-6.5301799898206179,official,5369,157
beneficiary,170,106,276,9.376025502789367e-05,0.0001941207064528653,0.20708330770849592,0.0048605374648303008,2.9703179913427609,short,668,4858
benefit,1417,302,1719,0.00078151930220309019,0.00055306088064872947,-0.077454628100261047,0.00081426640356699678,-2.7143391758103133,official,4787,739
benefits,4036,1011,5047,0.0022259787605445817,0.001851472020979687,-0.043159728141894504,0.000275751886447057,-2.5990788450753004,official,4736,790
benjamin,14,13,27,7.7214327670030089e-06,2.3807256451766497e-05,0.33726838552770744,0.049390827789988448,1.5175830988082315,short,1381,4143
best,166,33,199,9.1554131380178531e-05,6.0433804839099571e-05,-0.091210551577582066,0.0070506547838963731,-1.0862514182003173,official,3308,2218
better,380,138,518,0.00020958174653293882,0.00025272318387259819,0.047958350580598719,0.0026385599997945587,0.93364279688986684,short,1777,3749
beverage,101,83,184,5.5704622104807421e-05,0.00015200017580743226,0.29674013217572259,0.0072546742103485893,3.4839132201123406,short,525,5001
beverages,41,3,44,2.2612767389080238e-05,5.493982258099961e-06,-0.23055079303156489,0.033041885517940191,-1.2683356783172826,official,3498,2027
bicentennial,79,73,152,4.3570942042374119e-05,0.00013368690161376571,0.33566183109443948,0.0087740326938336149,3.5834581365464122,short,499,5027
bicycle,29,24,53,1.5994396445934803e-05,4.3951858064799688e-05,0.29905008176979031,0.025182718832521041,1.8844847061674197,short,1145,4380
bidding,18,10,28,9.9275564147181536e-06,1.8313274193666537e-05,0.17090387454864064,0.048055503796066504,0.77961527811124665,short,1884,3637
biennial,84,58,142,4.6328596602018054e-05,0.00010621699032326591,0.23975409935319369,0.0094253626781971647,2.4695453529257758,short,854,4672
big,63,74,137,3.474644745151354e-05,0.00013551822903313238,0.41552251739686952,0.009739920409835956,4.2103370074124609,short,382,5144
bilateral,66,8,74,3.6401040187299898e-05,1.4650619354933229e-05,-0.17297144859089819,0.019338562992289546,-1.2438337101751322,official,3478,2047
bilingual,70,59,129,3.8607163835015045e-05,0.00010804831774263257,0.3051112109842844,0.010344858478473069,2.9998247832392559,short,659,4866
bill,63408,461,63869,0.034971472063580485,0.00084424194032802738,-0.32897112433711095,2.4000942023397582e-05,-67.149631729976889,official,5525,1
billing,36,23,59,1.9855112829436307e-05,4.2120530645433034e-05,0.21480486808285448,0.022722021636320963,1.4250189345440689,short,1448,4078
billion,25,0,25,1.3788272798219658e-05,0,-0.33119350268180803,0.060000583886289226,-1.3520852339749585,official,3591,1916
bills,112,16,128,6.1771462136024071e-05,2.9301238709866458e-05,-0.14887652398550522,0.011111695022415102,-1.4123296078711638,official,3715,1811
biodiesel,28,20,48,1.5442865534006018e-05,3.6626548387333073e-05,0.25073661221637522,0.027864360982660794,1.5020805056785833,short,1391,4135
biodiversity,21,6,27,1.1582149150504513e-05,1.0987964516199922e-05,-0.01273653853468204,0.051136947523485805,-0.056322771044133239,official,2478,3044
biofuel,32,6,38,1.7648989181721161e-05,1.0987964516199922e-05,-0.10235018382866556,0.037013570902676284,-0.53199571478863428,official,2852,2669
biofuels,31,24,55,1.7097458269792376e-05,4.3951858064799688e-05,0.27706419310579911,0.024286718719600746,1.7778535410230987,short,1217,4308
biological,194,65,259,0.00010699699691418455,0.00011903628225883249,0.026811397167525897,0.005294509216721208,0.36847378181659002,short,2195,3331
biomass,51,23,74,2.8128076508368104e-05,4.2120530645433034e-05,0.10835772643529573,0.018309862249643913,0.8007876110685922,short,1868,3658
biomedical,87,50,137,4.7983189337804412e-05,9.1566370968332683e-05,0.18143030147929018,0.0098124632126533173,1.8315585288993841,short,1176,4350
biotechnology,32,23,55,1.7648989181721161e-05,4.2120530645433034e-05,0.25276376103256837,0.024315349588770296,1.6209684050456847,short,1322,4204
bioterrorism,29,13,42,1.5994396445934803e-05,2.3807256451766497e-05,0.10661227914272331,0.032266909115121707,0.59351068888476644,short,2023,3501
bipartisan,98,70,168,5.4050029369021062e-05,0.00012819291935566577,0.25074959021911525,0.0079616630924455832,2.8102071472362198,short,728,4798
bird,63,46,109,3.474644745151354e-05,8.4241061290866068e-05,0.25789982502842079,0.012266150300298704,2.328610795553498,short,906,4620
birds,69,5,74,3.8055632923086256e-05,9.1566370968332683e-06,-0.23144680273309604,0.01965181873913804,-1.6510104071367526,official,4034,1492
birth,123,40,163,6.7838302167240715e-05,7.3253096774666146e-05,0.019172551624230039,0.0084231957918254937,0.20890145650119132,short,2300,3226
black,174,152,326,9.5966378675608823e-05,0.00027836176774373136,0.3170043899348638,0.0040926341750270852,4.9552299531379447,short,270,5256
blackstone,21,17,38,1.1582149150504513e-05,3.1132566129233112e-05,0.29175758841945765,0.035131554614551724,1.556587277270294,short,1358,4167
blind,75,38,113,4.1364818394658973e-05,6.9590441935932839e-05,0.14280184705149246,0.011942249401607631,1.3067447274004418,short,1529,3997
bloc,25,2,27,1.3788272798219658e-05,3.6626548387333073e-06,-0.22199331323622573,0.053714111738336921,-0.95784600877510939,official,3187,2338
block,387,92,479,0.00021344246291644031,0.00016848212258173214,-0.054549661425133067,0.0029066318940751206,-1.0118055144641964,official,3241,2285
blood,101,25,126,5.5704622104807421e-05,4.5783185484166341e-05,-0.045715555377928041,0.01102838681129029,-0.4353193831280367,official,2771,2755
blue,35,45,80,1.9303581917507522e-05,8.2409733871499421e-05,0.44535412911868377,0.016696236075784646,3.4466421502335227,short,539,4987
board,1080,231,1311,0.00059565338488308918,0.00042303663387369703,-0.076716677099727626,0.0010673276793784028,-2.3482314345648407,official,4615,911
boards,113,2,115,6.232299304795286e-05,3.6626548387333073e-06,-0.30522901209156927,0.012933557366704655,-2.6839029901304845,official,4773,753
boating,28,37,65,1.5442865534006018e-05,6.7759114516566192e-05,0.45434319624356689,0.020557193638553035,3.1688531632886177,short,601,4924
bodies,39,0,39,2.1509705565222665e-05,0,-0.33119539474246373,0.038462122351094884,-1.6887589620191619,official,4073,1446
body,64,8,72,3.5297978363442322e-05,1.4650619354933229e-05,-0.16867625400824338,0.019853525074216716,-1.1971129619086045,official,3423,2103
bona,27,0,27,1.4891334622077231e-05,0,-0.33119377297485109,0.055556139442311518,-1.4051287926382199,official,3691,1820
bond,134,196,330,7.3905142198457373e-05,0.00035894017419586414,0.4874435703947757,0.0040568970676462439,7.6529231428646032,short,121,5405
bonding,22,6,28,1.21336800624333e-05,1.0987964516199922e-05,-0.023705705050545589,0.049412348593237898,-0.10664368127485746,official,2513,3012
bonds,506,43,549,0.0002790746414359659,7.8747079032766114e-05,-0.21588145272451342,0.0026376404989941582,-4.2034659197842474,official,5169,357
bone,85,32,117,4.6880127513946835e-05,5.8602477419732917e-05,0.057638537561155445,0.011662488355191443,0.53372474886819798,short,2068,3458
bonneville,23,19,42,1.2685210974362085e-05,3.4795220967966419e-05,0.298449068576641,0.031778641898982427,1.6741815874777772,short,1293,4232
bonus,69,65,134,3.8055632923086256e-05,0.00011903628225883249,0.34207574633213156,0.0099518179182203157,3.4290283241903019,short,546,4980
bonuses,52,21,73,2.8679607420296889e-05,3.8457875806699727e-05,0.076940497550690878,0.018638881771113419,0.56356636264331783,short,2038,3487
book,5,26,31,2.7576545596439317e-06,4.7614512903532995e-05,0.82150037747666715,0.045322221316176962,3.8587991459345639,short,444,5082
books,31,5,36,1.7097458269792376e-05,9.1566370968332683e-06,-0.12916544198072621,0.039316200925928871,-0.65141920985745039,official,2938,2585
border,463,304,767,0.00025535881222302806,0.00055672353548746271,0.22360954758459606,0.0017472990242093007,5.3494203530803457,short,221,5305
borders,96,21,117,5.2946967545163486e-05,3.8457875806699727e-05,-0.07208497453847329,0.011941796401387279,-0.65964445810388717,official,2959,2567
born,124,3,127,6.8389833079169504e-05,5.493982258099961e-06,-0.29597684458039097,0.011676955347604719,-2.7390056373077711,official,4798,728
borrower,22,19,41,1.21336800624333e-05,3.4795220967966419e-05,0.31317244527334864,0.03254026643086539,1.7360930202993992,short,1244,4279
borrowers,146,14,160,8.0523513141602805e-05,2.5638583871133151e-05,-0.2025861957842956,0.0090156842116412665,-2.1335877220190729,official,4479,1047
borrowing,56,14,70,3.0885731068012036e-05,2.5638583871133151e-05,-0.043509337370135626,0.019841853738915432,-0.30888110851846995,official,2671,2855
bosnia,15,11,26,8.2729636789317955e-06,2.014460161303319e-05,0.25930581142702813,0.05141785481666003,1.1435503028092306,short,1630,3893
boundaries,218,1,219,0.00012023373880047541,1.8313274193666537e-06,-0.32437760743176902,0.0068343679965330601,-3.923753231121212,official,5124,402
boundary,264,246,510,0.00014560416074919959,0.00045050654516419681,0.33850128708930427,0.0026153250013512949,6.61907788889265,short,153,5373
bovine,34,14,48,1.8752051005578734e-05,2.5638583871133151e-05,0.082373881751271583,0.028324738101795321,0.48944802510890578,short,2104,3420
box,17,16,33,9.376025502789367e-06,2.9301238709866458e-05,0.34175923160408317,0.04040874715443888,1.7001316867583987,short,1267,4257
boxing,73,46,119,4.0261756570801403e-05,8.4241061290866068e-05,0.21041793533961872,0.011269523304974084,1.9821201745037531,short,1097,4429
boy,18,10,28,9.9275564147181536e-06,1.8313274193666537e-05,0.17090387454864064,0.048055503796066504,0.77961527811124665,short,1885,3638
brain,88,49,137,4.85347202497332e-05,8.9735043548966036e-05,0.17161342407307423,0.0098213724458848101,1.7316701318164414,short,1253,4273
branch,489,90,579,0.0002696986159331765,0.00016481946774299884,-0.1058276080574565,0.0024316819200274477,-2.1460784685574459,official,4484,1042
branches,62,0,62,3.4194916539584752e-05,0,-0.33119850317518207,0.024194132282020834,-2.129282770545442,official,4468,1050
brand,45,0,45,2.4818891036795385e-05,0,-0.33119620563227947,0.033333917224290008,-1.8140204400668125,official,4205,1311
breach,42,23,65,2.3164298301009027e-05,4.2120530645433034e-05,0.16646968156447706,0.020710014653187763,1.1567644830208834,short,1622,3904
breaches,43,0,43,2.3715829212937812e-05,0,-0.33119593533522895,0.034884304820722481,-1.7732499726578297,official,4160,1357
breakfast,64,7,71,3.5297978363442322e-05,1.2819291935566576e-05,-0.18661440344267533,0.02022850412537194,-1.3120889458003973,official,3546,1979
breakthrough,8,19,27,4.4122472954302902e-06,3.4795220967966419e-05,0.63525783644415412,0.050311142894126817,2.8321610098963159,short,719,4807
breast,239,154,393,0.00013181588795097994,0.00028202442258246465,0.21755327717662709,0.0034110160274966736,3.7249783229835702,short,471,5055
breastfeeding,27,15,42,1.4891334622077231e-05,2.7469911290499805e-05,0.17090490197108288,0.032037197163483293,0.95483265325481559,short,1767,3758
bribery,14,11,25,7.7214327670030089e-06,2.014460161303319e-05,0.28191739295747453,0.053419387305764031,1.2197544727420522,short,1588,3933
bridge,58,82,140,3.1988792891869606e-05,0.00015016884838806561,0.47639636756438009,0.009555593473143064,4.8734847210724492,short,271,5255
bridges,67,15,82,3.6952571099228687e-05,2.7469911290499805e-05,-0.067280594589409048,0.017021271646995812,-0.51569606727967277,official,2843,2683
bring,141,33,174,7.7765858581958878e-05,6.0433804839099571e-05,-0.057901036304533804,0.0080061049720771636,-0.64710640240344797,official,2935,2591
bringing,27,22,49,1.4891334622077231e-05,4.028920322606638e-05,0.29390981672356986,0.027242985672328589,1.7806835264660117,short,1209,4316
broadband,133,98,231,7.3353611286528585e-05,0.00017947008709793207,0.26088694434556281,0.005787350365414297,3.4293551082634073,short,545,4981
broadcast,155,122,277,8.5487291348961886e-05,0.00022342194516273176,0.28252668785109769,0.0048216644315276606,4.0687498243473019,short,408,5118
broadcasters,40,7,47,2.2061236477151454e-05,1.2819291935566576e-05,-0.1149692802186788,0.0300133552839324,-0.66362774964709303,official,2961,2566
broadcasting,301,115,416,0.00016601080449056468,0.00021060265322716518,0.061654165586753962,0.0032785232954173123,1.0767708440339574,short,1683,3843
broaden,80,0,80,4.4122472954302907e-05,0,-0.33120093590273036,0.018750583899124887,-2.4187119882014847,official,4659,863
broker,20,15,35,1.1030618238575727e-05,2.7469911290499805e-05,0.26665090494035404,0.038182402071356654,1.3646190779720324,short,1491,4034
brokerage,25,3,28,1.3788272798219658e-05,5.493982258099961e-06,-0.1743496849673285,0.051126572931603352,-0.77107713624863894,official,3030,2488
brokers,60,9,69,3.3091854715727182e-05,1.6481946774299883e-05,-0.14115059127225393,0.020573034702115973,-0.98408706271834179,official,3210,2313
brought,114,0,114,6.2874523959881648e-05,0,-0.33120553115316653,0.013158478643902047,-2.8873188152055298,official,4861,665
brown,9,25,34,4.9637782073590768e-06,4.5783185484166341e-05,0.67830438699690454,0.040205550385776723,3.3828412685617959,short,559,4967
brownfield,22,27,49,1.21336800624333e-05,4.9445840322899649e-05,0.43001966268052882,0.027242985672633776,2.6053193388487212,short,797,4729
brownfields,34,48,82,1.8752051005578734e-05,8.7903716129599375e-05,0.4759182609518593,0.016313581250001593,3.726127520509035,short,470,5056
budget,1948,405,2353,0.0010743822164372757,0.00074168760484349472,-0.082466320091918455,0.00059567010452507346,-3.3788873527235586,official,4992,534
budgetary,80,18,98,4.4122472954302907e-05,3.2963893548599766e-05,-0.066239037022368663,0.014239251087686741,-0.55509898851907558,official,2878,2648
budgeting,61,121,182,3.3643385627655964e-05,0.00022159061774336511,0.58267447581017073,0.0074161403007690424,6.7660783957739978,short,147,5379
budgets,36,1,37,1.9855112829436307e-05,1.8313274193666537e-06,-0.29092064141968699,0.040015003499821226,-1.4543304820808742,official,3758,1760
buffalo,18,24,42,9.9275564147181536e-06,4.3951858064799688e-05,0.45727557356113557,0.031818765709903232,2.5635178082637271,short,816,4708
build,77,32,109,4.2467880218516549e-05,5.8602477419732917e-05,0.084974226871766589,0.012469126575428023,0.76097292507713055,short,1904,3622
building,216,147,363,0.00011913067697661785,0.00026920513064689809,0.23510208371907204,0.0036884840046323966,3.8710833828081728,short,439,5087
buildings,481,108,589,0.00026528636863774624,0.00019778336129159859,-0.066688004805609324,0.0023698836933421113,-1.3698853080161153,official,3625,1901
built,26,1,27,1.4339803710148445e-05,1.8313274193666537e-06,-0.27613341190503782,0.054582794129404595,-1.1819281522976162,official,3404,2113
bulk,59,17,76,3.2540323803798394e-05,3.1132566129233112e-05,-0.010718573740648552,0.018160679478679404,-0.079537319990299948,official,2495,3031
bulletproof,20,18,38,1.1030618238575727e-05,3.2963893548599766e-05,0.32687111117182965,0.035099106057909384,1.7447311367332046,short,1233,4290
bullion,20,16,36,1.1030618238575727e-05,2.9301238709866458e-05,0.28785356133667861,0.03708849597774496,1.4946929837569991,short,1395,4129
bullying,26,10,36,1.4339803710148445e-05,1.8313274193666537e-05,0.063465041596506566,0.037868746582313789,0.32613251810548971,short,2216,3309
burden,170,39,209,9.376025502789367e-05,7.1421769355299499e-05,-0.062155876576598601,0.0066713644235699828,-0.76098283942802081,official,3021,2505
burdens,90,10,100,4.963778207359077e-05,1.8313274193666537e-05,-0.18459432574278622,0.01435465089004884,-1.5407140028889206,official,3895,1631
burdensome,21,5,26,1.1582149150504513e-05,9.1566370968332683e-06,-0.054203935059865316,0.053535244147637655,-0.23426689558634547,official,2617,2903
bureau,793,132,925,0.00043736401315952754,0.00024173521935639828,-0.12381701440248882,0.0015287300751666646,-3.1667583389090725,official,4934,592
burial,75,52,127,4.1364818394658973e-05,9.522902580706599e-05,0.24108836421221547,0.010537671141543968,2.348572275263936,short,896,4629
burma,22,10,32,1.21336800624333e-05,1.8313274193666537e-05,0.11064414245191223,0.042328626216575502,0.5377882885597981,short,2059,3465
burn,21,30,51,1.1582149150504513e-05,5.493982258099961e-05,0.47975071648840206,0.02623515179542258,2.9619235264615051,short,675,4851
burt,13,18,31,7.1699018550742223e-06,3.2963893548599766e-05,0.46959404117833436,0.043136019881366935,2.2610103065852192,short,941,4585
bus,31,48,79,1.7097458269792376e-05,8.7903716129599375e-05,0.5056811276929718,0.016965508740761928,3.8823376370734324,short,436,5090
buses,40,5,45,2.2061236477151454e-05,9.1566370968332683e-06,-0.16867435667895592,0.031765289773614785,-0.94639546752863246,official,3178,2348
business,3074,1825,4899,0.0016954060232690891,0.0033421725403441432,0.19198380603247234,0.0002747294408790096,11.582758357169928,short,58,5468
businesses,1127,107,1234,0.00062157533774374223,0.00019595203387223195,-0.20381694293359143,0.0011698456737154886,-5.9590358287560772,official,5339,187
buy,70,52,122,3.8607163835015045e-05,9.522902580706599e-05,0.26353085868616155,0.010956043682216055,2.5177035923152662,short,837,4690
buyback,12,19,31,6.6183709431454357e-06,3.4795220967966419e-05,0.51278685060937157,0.0432563978423375,2.4655380233649744,short,857,4667
buyers,32,4,36,1.7648989181721161e-05,7.3253096774666146e-06,-0.16867372424536775,0.039706466242041626,-0.84648022174345205,official,3096,2428
byrne,23,5,28,1.2685210974362085e-05,9.1566370968332683e-06,-0.073361879383730511,0.04991145732757972,-0.32837517951179263,official,2682,2839
c,189,49,238,0.00010423934235454062,8.9735043548966036e-05,-0.03534829536399009,0.0058268248711910902,-0.46307623386238506,official,2792,2734
cabin,12,19,31,6.6183709431454357e-06,3.4795220967966419e-05,0.51278685060937157,0.0432563978423375,2.4655380233649744,short,858,4668
cable,90,58,148,4.963778207359077e-05,0.00010621699032326591,0.21757641631816327,0.0090566335228433291,2.2862747611913417,short,930,4596
cadet,18,20,38,9.9275564147181536e-06,3.6626548387333073e-05,0.39705491857533382,0.035099106058031453,2.1193493574477449,short,1014,4510
cafeteria,29,3,32,1.5994396445934803e-05,5.493982258099961e-06,-0.19357131916931714,0.044965455082485319,-0.91285439989954598,official,3144,2376
calculating,35,0,35,1.9303581917507522e-05,0,-0.33119485415147842,0.042857726745765795,-1.5998122380313102,official,3966,1551
calculation,90,6,96,4.963778207359077e-05,1.0987964516199922e-05,-0.23882627480822727,0.015180849557874177,-1.9383583364040322,official,4326,1200
calendar,54,0,54,2.9782669244154463e-05,0,-0.33119742197451529,0.02777836167083482,-1.9871636467178257,official,4363,1157
caliber,37,3,40,2.0406643741365096e-05,5.493982258099961e-06,-0.22065190382101996,0.036243410830474262,-1.1590259187480021,official,3380,2141
california,605,157,762,0.00033367620171691572,0.00028751840484056462,-0.035141971720552334,0.0018202522451414701,-0.82368344486843825,official,3079,2447
called,105,1,106,5.7910745752522567e-05,1.8313274193666537e-06,-0.31708598445518454,0.014085714790668245,-2.6716994491525163,official,4768,758
caller,17,8,25,9.376025502789367e-06,1.4650619354933229e-05,0.12079629215351595,0.054113137999331616,0.51928077488736624,short,2081,3440
calling,61,12,73,3.3643385627655964e-05,2.1975929032399844e-05,-0.093234345964093635,0.019227976347740778,-0.67237125599960224,official,2968,2558
calls,83,11,94,4.5777065690089265e-05,2.014460161303319e-05,-0.16023860697544379,0.015174110940997456,-1.3008149912617706,official,3538,1988
cameras,17,8,25,9.376025502789367e-06,1.4650619354933229e-05,0.12079629215351595,0.054113137999331616,0.51928077488736624,short,2082,3441
camino,14,14,28,7.7214327670030089e-06,2.5638583871133151e-05,0.36196144686223697,0.047619631506891448,1.658705559703975,short,1300,4222
camp,91,84,175,5.0189312985519558e-05,0.00015383150322679891,0.33531420718647986,0.0076209862836689925,3.8410181981223941,short,452,5074
campaign,839,426,1265,0.00046273443510825175,0.00078014548065019444,0.14351465019737297,0.0010672354285314774,4.3930497327003346,short,342,5184
campaigns,295,22,317,0.00016270161901899198,4.028920322606638e-05,-0.22880511773869827,0.0045844233912636896,-3.3792737465040372,official,4993,533
campus,86,100,186,4.7431658425875623e-05,0.00018313274193666537,0.41218005507892919,0.0071735580147075243,4.8665329193183648,short,273,5253
campuses,23,15,38,1.2685210974362085e-05,2.7469911290499805e-05,0.22137872869091879,0.035261951041491289,1.1789156149407185,short,1608,3914
canada,87,3,90,4.7983189337804412e-05,5.493982258099961e-06,-0.28160359458959583,0.016402989587809117,-2.1987542379655447,official,4520,1005
canadian,26,8,34,1.4339803710148445e-05,1.4650619354933229e-05,0.0052821887262730627,0.040476774365068316,0.026254936125408669,short,2420,3104
canal,128,88,216,7.0595956726884643e-05,0.00016115681290426552,0.23836529306880649,0.0061970343646349131,3.0279665168524432,short,649,4877
cancel,27,2,29,1.4891334622077231e-05,3.6626548387333073e-06,-0.22941018118383205,0.05011579126061666,-1.0247676145661024,official,3252,2266
cancellation,84,18,102,4.6328596602018054e-05,3.2963893548599766e-05,-0.076301149370033627,0.01371026132471282,-0.65164071821158487,official,2944,2582
cancer,621,467,1088,0.00034250069630777633,0.00085522990484422732,0.26764989328801736,0.0012288084870327959,7.6352800943622334,short,122,5404
cancers,30,0,30,1.6545927357863591e-05,0,-0.33119417841525234,0.050000583887456082,-1.4811367452309805,official,3807,1704
candidate,93,12,105,5.1292374809377128e-05,2.1975929032399844e-05,-0.16414322322374808,0.013598097503205508,-1.4076149858809424,official,3714,1812
candidates,257,1,258,0.00014174344436569808,1.8313274193666537e-06,-0.32541606928052147,0.0058033353745501493,-4.2716942517504926,official,5184,342
canyon,102,96,198,5.6256153016736209e-05,0.00017580743225919875,0.34178364580705178,0.006735277810076417,4.1646021711476324,short,390,5136
canyons,19,9,28,1.047908732664694e-05,1.6481946774299883e-05,0.12272883835794701,0.048304206659246528,0.55841123397970827,short,2043,3478
cap,85,30,115,4.6880127513946835e-05,5.493982258099961e-05,0.040375407369209526,0.011897135633262411,0.37016530516957558,short,2194,3332
capabilities,147,6,153,8.1075044053531594e-05,1.0987964516199922e-05,-0.27293839071213277,0.0096232254259623878,-2.7823021854374654,official,4815,711
capability,149,5,154,8.2178105877389157e-05,9.1566370968332683e-06,-0.28288944064134469,0.0095902221258047128,-2.888699749686932,official,4862,664
capable,49,1,50,2.7025014684510531e-05,1.8313274193666537e-06,-0.30134333433501759,0.02970943713044958,-1.748293639183967,official,4132,1392
capacity,335,62,397,0.00018476285549614343,0.00011354230000073253,-0.1047907017391605,0.0035453534329532004,-1.7599202184381255,official,4153,1373
cape,17,16,33,9.376025502789367e-06,2.9301238709866458e-05,0.34175923160408317,0.04040874715443888,1.7001316867583987,short,1268,4258
capital,991,467,1458,0.00054656713372142724,0.00085522990484422732,0.12127892631965231,0.00092839469950294616,3.9803294266990301,short,417,5109
capitol,118,41,159,6.5080647607596788e-05,7.5084424194032807e-05,0.036259368291879923,0.0086106922233143094,0.39075199178942815,short,2183,3343
caps,58,1,59,3.1988792891869606e-05,1.8313274193666537e-06,-0.30587970584555357,0.025214259107960175,-1.9263161164136087,official,4315,1211
captive,33,44,77,1.8200520093649949e-05,8.0578406452132761e-05,0.45728252150840731,0.01735595580193686,3.471045719666181,short,531,4995
capture,33,27,60,1.8200520093649949e-05,4.9445840322899649e-05,0.29527333835952163,0.022247524941711522,1.9796270663387447,short,1099,4427
car,34,44,78,1.8752051005578734e-05,8.0578406452132761e-05,0.44749438000025776,0.017125876641390637,3.4194887537692868,short,547,4979
carbon,182,72,254,0.00010037862597103912,0.00013185557419439906,0.071219908268369991,0.0053616465883593086,0.97264042963653574,short,1757,3769
card,211,193,404,0.00011637302241697391,0.00035344619193776418,0.33231000324352067,0.0033016421227434417,5.78333588906575,short,191,5335
cardiac,17,16,33,9.376025502789367e-06,2.9301238709866458e-05,0.34175923160408317,0.04040874715443888,1.7001316867583987,short,1269,4259
cards,134,9,143,7.3905142198457373e-05,1.6481946774299883e-05,-0.23819400028735416,0.010189639586047749,-2.3596707362986056,official,4627,899
care,6397,3122,9519,0.003528143243608446,0.0057174042032626929,0.13211630526320395,0.00014252382473524917,11.066561084978492,short,64,5462
care-related,28,0,28,1.5442865534006018e-05,0,-0.33119390812154137,0.053572012458417903,-1.430913428383751,official,3729,1782
career,205,125,330,0.00011306383694540119,0.00022891592742083173,0.20001612026175408,0.0040675450414141123,3.136164349084567,short,617,4909
careers,74,33,107,4.0813287482730191e-05,6.0433804839099571e-05,0.10510725575404933,0.01266830292875068,0.93384216059676961,short,1776,3750
caregiver,24,63,87,1.3236741886290871e-05,0.00011537362742009919,0.66308717723960164,0.015676259580279708,5.2960174388069943,short,229,5297
caregivers,100,25,125,5.5153091192878632e-05,4.5783185484166341e-05,-0.043510347667849558,0.011111695022264285,-0.41276455558884445,official,2748,2778
cargo,85,52,137,4.6880127513946835e-05,9.522902580706599e-05,0.2010385374981869,0.0097960937111117845,2.031200761649762,short,1072,4454
caribbean,90,60,150,4.963778207359077e-05,0.00010987964516199922,0.22844042612030968,0.008929155347695894,2.4175071777184987,short,874,4652
caring,6,33,39,3.3091854715727179e-06,6.0433804839099571e-05,0.83197468345181491,0.036111695002681743,4.3781050125764205,short,346,5180
carl,36,14,50,1.9855112829436307e-05,2.5638583871133151e-05,0.066494260784967452,0.027253490869722227,0.40278481854904535,short,2167,3355
carolina,142,24,166,7.8317389493887652e-05,4.3951858064799688e-05,-0.12112707560699398,0.0085104950621513794,-1.312997260818443,official,3548,1978
carp,19,26,45,1.047908732664694e-05,4.7614512903532995e-05,0.46576294979481503,0.029710090934797134,2.7021717422359499,short,761,4764
carriage,40,8,48,2.2061236477151454e-05,1.4650619354933229e-05,-0.09002988312659177,0.029221363112924295,-0.52666741689389329,official,2848,2677
carried,204,3,207,0.00011251230603347242,5.493982258099961e-06,-0.30955485260427906,0.0071955787151845793,-3.6492595413630609,official,5058,468
carrier,375,60,435,0.00020682409197329488,0.00010987964516199922,-0.13054318757533423,0.0032553539070866661,-2.2879951947418067,official,4576,950
carriers,700,15,715,0.00038607163835015045,2.7469911290499805e-05,-0.29997111486567807,0.0020771608428935529,-6.5817953377101963,official,5372,154
carry,1025,12,1037,0.00056531918472700594,2.1975929032399844e-05,-0.31401519401322364,0.0014388390221877678,-8.2783647664345086,official,5424,102
carrying,333,0,333,0.00018365979367228585,0,-0.33123513305617003,0.0045050884626808814,-4.934972457178282,official,5255,271
carryover,26,4,30,1.4339803710148445e-05,7.3253096774666146e-06,-0.13703582842398276,0.047269491450725419,-0.63029471355461941,official,2923,2600
cars,33,16,49,1.8200520093649949e-05,2.9301238709866458e-05,0.12962779924166945,0.027580321228701635,0.78054597361892253,short,1881,3644
carson,21,19,40,1.1582149150504513e-05,3.4795220967966419e-05,0.32862632431888983,0.033343179056273181,1.7996947383818593,short,1193,4329
case,399,15,414,0.00022006083385958574,2.7469911290499805e-05,-0.2773643334546918,0.0035615986091257997,-4.6475934124155751,official,5222,304
cases,591,10,601,0.00032595476894991274,1.8313274193666537e-05,-0.30640923316554947,0.0024761714069787793,-6.1576003148713889,official,5351,175
cash,136,29,165,7.5008204022314936e-05,5.3108495161632956e-05,-0.077300415720102933,0.0084774822322034541,-0.83955351730572469,official,3090,2436
cast,25,0,25,1.3788272798219658e-05,0,-0.33119350268180803,0.060000583886289226,-1.3520852339749585,official,3592,1917
casualty,33,8,41,1.8200520093649949e-05,1.4650619354933229e-05,-0.05028860845008154,0.033922260669331093,-0.27304059694451888,official,2646,2880
cat,26,16,42,1.4339803710148445e-05,2.9301238709866458e-05,0.20289602799530648,0.031947845554519121,1.1351487023033131,short,1636,3889
catastrophe,28,13,41,1.5442865534006018e-05,2.3807256451766497e-05,0.11683664806379745,0.033011856032523559,0.64304907484452301,short,1983,3543
catastrophes,42,5,47,2.3164298301009027e-05,9.1566370968332683e-06,-0.17543902706266046,0.030467308178677602,-1.0050997557351422,official,3228,2295
catastrophic,308,126,434,0.0001698715208740662,0.00023074725484019837,0.080559516432741063,0.003134007170039269,1.4390200922437348,short,1433,4093
categories,55,0,55,3.0334200156083247e-05,0,-0.3311975571242094,0.027273311166017691,-2.0054793342462425,official,4375,1147
category,52,3,55,2.8679607420296889e-05,5.493982258099961e-06,-0.25043444879960397,0.026587757596341723,-1.5358655998476087,official,3889,1635
cats,31,12,43,1.7097458269792376e-05,2.1975929032399844e-05,0.06522634394329252,0.031695915586554047,0.36637124930320369,short,2197,3327
cattle,74,11,85,4.0813287482730191e-05,2.014460161303319e-05,-0.14260401895233166,0.016706558743730487,-1.1032863985695391,official,3324,2202
cause,107,0,107,5.9013807576380137e-05,0,-0.33120458506167516,0.014019275494211281,-2.7972646385037225,official,4821,703
caused,321,2,323,0.00017704142272914042,3.6626548387333073e-06,-0.32195897655762096,0.0046303020639431548,-4.7314676635946356,official,5229,297
causes,116,2,118,6.3977585783739211e-05,3.6626548387333073e-06,-0.30588709597892638,0.012607421514953176,-2.724256650639695,official,4791,734
cease,28,4,32,1.5442865534006018e-05,7.3253096774666146e-06,-0.14887055636327418,0.044445028332611401,-0.70615041346207053,official,2994,2533
ceiling,97,10,107,5.3498498457092274e-05,1.8313274193666537e-05,-0.19399762449087632,0.01344955323735888,-1.6727940799732024,official,4061,1465
celebration,25,3,28,1.3788272798219658e-05,5.493982258099961e-06,-0.1743496849673285,0.051126572931603352,-0.77107713624863894,official,3031,2489
cell,150,122,272,8.2729636789317945e-05,0.00022342194516273176,0.29333713019580188,0.0049083232638206832,4.186975888663464,short,385,5141
cells,49,4,53,2.7025014684510531e-05,7.3253096774666146e-06,-0.21996931614292414,0.027348365110818066,-1.3301371401342013,official,3561,1963
cellulosic,26,3,29,1.4339803710148445e-05,5.493982258099961e-06,-0.17964239347919531,0.049432402069223995,-0.80798439936737965,official,3065,2459
cemeteries,41,20,61,2.2612767389080238e-05,3.6626548387333073e-05,0.13143683182942389,0.022150184476884535,0.88313766714931086,short,1818,3707
cemetery,65,29,94,3.584950927537111e-05,5.3108495161632956e-05,0.10524143885808002,0.014419973381075967,0.8764043969683224,short,1823,3703
census,174,62,236,9.5966378675608823e-05,0.00011354230000073253,0.042897690435200531,0.005795313027549793,0.56350199952894087,short,2040,3486
centennial,76,74,150,4.1916349306587761e-05,0.00013551822903313238,0.35309104620131038,0.0088896483953267574,3.7449361085469834,short,469,5057
center,838,419,1257,0.00046218290419632296,0.00076732618871462794,0.1388883159204104,0.0010745698797345955,4.2369016248817761,short,373,5153
centers,921,197,1118,0.00050795996988641217,0.00036077150161523076,-0.076701852568409556,0.0012514769157481315,-2.1681754963421214,official,4502,1024
central,358,120,478,0.0001974480664705055,0.00021975929032399844,0.026924665480564158,0.0028689970508314088,0.50267266045376136,short,2097,3429
cents,29,9,38,1.5994396445934803e-05,1.6481946774299883e-05,0.0074121582908670547,0.036202552768881582,0.038956065531920332,short,2417,3110
centum,52,0,52,2.8679607420296889e-05,0,-0.33119715167546104,0.028846737738744143,-1.9500162931698077,official,4334,1189
century,181,298,479,9.9827095059110328e-05,0.00054573557097126277,0.52526685768654424,0.0028027368126085674,9.9217628074700652,short,77,5449
certain,17642,27,17669,0.0097301083482476489,4.9445840322899649e-05,-0.33128832589300838,8.5417768385911836e-05,-35.845283684651157,official,5519,7
certainty,56,51,107,3.0885731068012036e-05,9.3397698387699343e-05,0.3308172069745936,0.012464667157743246,2.9631098188900578,short,674,4852
certificate,42,9,51,2.3164298301009027e-05,1.6481946774299883e-05,-0.076299511863625824,0.027419938731615915,-0.46077458801427068,official,2791,2735
certificates,127,3,130,7.0044425814955869e-05,5.493982258099961e-06,-0.29678571804934784,0.011410431487116068,-2.7783820475654246,official,4813,713
certification,265,47,312,0.00014615569166112838,8.6072388710232728e-05,-0.11257754587461832,0.0045192015295106832,-1.6746379264933182,official,4062,1464
certifications,43,0,43,2.3715829212937812e-05,0,-0.33119593533522895,0.034884304820722481,-1.7732499726578297,official,4161,1358
certified,176,25,201,9.70694404994664e-05,4.5783185484166341e-05,-0.14976569958658814,0.0070778825838525294,-1.7801667402275938,official,4174,1351
certifies,50,0,50,2.7576545596439316e-05,0,-0.33119688137685088,0.030000583892123546,-1.912147478136577,official,4299,1220
certify,39,3,42,2.1509705565222665e-05,5.493982258099961e-06,-0.22583353285799923,0.034568485125007556,-1.2146418890998463,official,3445,2078
cervical,42,24,66,2.3164298301009027e-05,4.3951858064799688e-05,0.17964059350596173,0.020370954267692819,1.2586320727391607,short,1564,3962
cessation,24,12,36,1.3236741886290871e-05,2.1975929032399844e-05,0.13881564661734913,0.037500583889588726,0.71683533604187211,short,1933,3591
chafee,23,11,34,1.2685210974362085e-05,2.014460161303319e-05,0.12557010626768239,0.039766665760405981,0.62968982000962226,short,1989,3536
chain,18,8,26,9.9275564147181536e-06,1.4650619354933229e-05,0.10412910452370561,0.052139621320165946,0.45602452252356601,short,2130,3395
chairman,25,0,25,1.3788272798219658e-05,0,-0.33119350268180803,0.060000583886289226,-1.3520852339749585,official,3593,1918
challenge,67,43,110,3.6952571099228687e-05,7.8747079032766114e-05,0.21625548686962759,0.012186249135293661,1.9589895033971056,short,1109,4417
challenges,36,3,39,1.9855112829436307e-05,5.493982258099961e-06,-0.21786495776651549,0.037143441032596675,-1.1304368722216545,official,3356,2167
champlain,18,11,29,9.9275564147181536e-06,2.014460161303319e-05,0.20069141245862632,0.046277179632574945,0.93292202875464714,short,1781,3746
chance,15,55,70,8.2729636789317955e-06,0.00010072300806516596,0.74764219140478438,0.019765289782501142,5.3179250085347469,short,225,5301
change,428,70,498,0.00023605523030552055,0.00012819291935566577,-0.12682219483398782,0.0028410609881615182,-2.3793316773749549,official,4636,890
changes,499,2,501,0.00027521392505246438,3.6626548387333073e-06,-0.32527460531237118,0.0029886555680938534,-5.9499350512906206,official,5337,189
changing,49,6,55,2.7025014684510531e-05,1.0987964516199922e-05,-0.1715639081714837,0.02600941113199207,-1.0638016778298824,official,3297,2228
channels,30,1,31,1.6545927357863591e-05,1.8313274193666537e-06,-0.28318451048819249,0.0476440265107013,-1.2973742263751389,official,3529,1990
chapter,1096,12,1108,0.0006044778794739498,2.1975929032399844e-05,-0.31513094729561608,0.0013471617908986328,-8.5858080855576997,official,5431,95
chapters,54,0,54,2.9782669244154463e-05,0,-0.33119742197451529,0.02777836167083482,-1.9871636467178257,official,4364,1158
character,36,14,50,1.9855112829436307e-05,2.5638583871133151e-05,0.066494260784967452,0.027253490869722227,0.40278481854904535,short,2168,3356
characteristics,26,1,27,1.4339803710148445e-05,1.8313274193666537e-06,-0.27613341190503782,0.054582794129404595,-1.1819281522976162,official,3405,2114
characterization,24,1,25,1.3236741886290871e-05,1.8313274193666537e-06,-0.27176949832468722,0.05887028561319485,-1.1200892813165559,official,3344,2175
charge,93,16,109,5.1292374809377128e-05,2.9301238709866458e-05,-0.11800229240983207,0.012951078956374557,-1.036901419020444,official,3272,2254
chargeable,40,0,40,2.2061236477151454e-05,0,-0.33119552989048628,0.037500583889789808,-1.7102730473778192,official,4094,1417
charged,108,1,109,5.9565338488308925e-05,1.8313274193666537e-06,-0.3174740786551471,0.013699787927738712,-2.7123850958277647,official,4784,741
charges,146,1,147,8.0523513141602805e-05,1.8313274193666537e-06,-0.32102256215044989,0.010170309954856077,-3.183233247514178,official,4940,586
charging,35,4,39,1.9303581917507522e-05,7.3253096774666146e-06,-0.18091085613441038,0.036769911356802451,-0.94344880217359728,official,3169,2354
charitable,328,101,429,0.00018090213911264191,0.00018496406935603204,0.0054718051030064885,0.0032083804025946614,0.096602350272737517,short,2372,3154
charities,22,12,34,1.21336800624333e-05,2.1975929032399844e-05,0.16524917397494931,0.039596857181047447,0.83044129819905244,short,1851,3674
charity,24,19,43,1.3236741886290871e-05,3.4795220967966419e-05,0.28440410480916789,0.031054989284042475,1.6138760192791517,short,1331,4193
charles,15,19,34,8.2729636789317955e-06,3.4795220967966419e-05,0.44043517088784867,0.039276671683157252,2.2223612350063462,short,959,4565
charter,130,81,211,7.169901855074222e-05,0.00014833752096869894,0.2068471622110124,0.006357792788538626,2.5941577529816384,short,801,4725
chartered,36,1,37,1.9855112829436307e-05,1.8313274193666537e-06,-0.29092064141968699,0.040015003499821226,-1.4543304820808742,official,3759,1761
check,149,80,229,8.2178105877389157e-05,0.00014650619354933229,0.16041990187979493,0.0058823325389794874,2.0916232476227181,short,1033,4493
checking,7,25,32,3.8607163835015045e-06,4.5783185484166341e-05,0.74145695077258544,0.043185469179597168,3.5679365265329954,short,505,5021
checkoff,15,25,40,8.2729636789317955e-06,4.5783185484166341e-05,0.52902033259644377,0.033567017457749274,2.8874600687517784,short,696,4829
checks,231,21,252,0.00012740364065554963,3.8457875806699727e-05,-0.20860959895444076,0.0057339809782959621,-2.7549020627073815,official,4804,722
cheese,15,11,26,8.2729636789317955e-06,2.014460161303319e-05,0.25930581142702813,0.05141785481666003,1.1435503028092306,short,1631,3894
chemical,215,107,322,0.00011857914606468906,0.00019595203387223195,0.13743484250345439,0.0041937836860667845,2.1222367760657761,short,1013,4513
chemicals,129,24,153,7.1147487638813432e-05,4.3951858064799688e-05,-0.10380694613304797,0.009196400722531568,-1.0824739939970263,official,3307,2219
cherokee,20,8,28,1.1030618238575727e-05,1.4650619354933229e-05,0.07427587108449174,0.048611694998588723,0.33688166245696732,short,2211,3313
chesapeake,86,73,159,4.7431658425875623e-05,0.00013368690161376571,0.30745735452610568,0.0083925614026660548,3.3561210932273999,short,566,4960
cheyenne,18,12,30,9.9275564147181536e-06,2.1975929032399844e-05,0.22842861617403898,0.044643441031045637,1.0811144644464188,short,1673,3851
chicago,22,10,32,1.21336800624333e-05,1.8313274193666537e-05,0.11064414245191223,0.042328626216575502,0.5377882885597981,short,2060,3466
chickahominy,28,0,28,1.5442865534006018e-05,0,-0.33119390812154137,0.053572012458417903,-1.430913428383751,official,3730,1783
chief,149,14,163,8.2178105877389157e-05,2.5638583871133151e-05,-0.2049102537571077,0.0088554296386031944,-2.1775035554365307,official,4507,1019
child,2251,1439,3690,0.001241496082751698,0.0026352801564686148,0.21533236501578035,0.00036387644198823807,11.288398713431683,short,61,5465
child's,67,5,72,3.6952571099228687e-05,9.1566370968332683e-06,-0.22871826591604538,0.020181841488892557,-1.6099799006351592,official,3984,1543
childhood,146,106,252,8.0523513141602805e-05,0.0001941207064528653,0.25606587579680529,0.0053064428491959408,3.5151993653966129,short,520,5006
children,2736,677,3413,0.0015089885750371593,0.0012398086629112246,-0.045853493715539706,0.00040771156656674431,-2.2708890453579329,official,4567,959
children's,396,483,879,0.00021840624112379938,0.00088453114355409377,0.42812837185560504,0.0015191122312528996,10.984469290156923,short,65,5461
china,143,57,200,7.8868920405816441e-05,0.00010438566290389926,0.073308947226838228,0.0068070864093126831,0.88853870583733918,short,1817,3709
chinese,24,28,52,1.3236741886290871e-05,5.1277167742266302e-05,0.41325967228848981,0.025658478631141422,2.579927940213536,short,807,4718
chip,26,24,50,1.4339803710148445e-05,4.3951858064799688e-05,0.33529606552947477,0.026671992143944032,2.053055690357271,short,1059,4466
chippewa,46,42,88,2.537042194872417e-05,7.6915751613399453e-05,0.33166433783356197,0.015155578163027414,2.6940926199531066,short,769,4757
chiropractic,31,29,60,1.7097458269792376e-05,5.3108495161632956e-05,0.33974274386581449,0.022225549941418135,2.2788929877174544,short,937,4589
chlorine,18,12,30,9.9275564147181536e-06,2.1975929032399844e-05,0.22842861617403898,0.044643441031045637,1.0811144644464188,short,1674,3852
choctaw,27,25,52,1.4891334622077231e-05,4.5783185484166341e-05,0.33632219560497845,0.025645824729230458,2.1001349122779112,short,1024,4502
choice,438,447,885,0.0002415705394248084,0.00081860335645689416,0.36887819079314266,0.0015071927638278416,9.501640158060022,short,84,5442
choices,60,60,120,3.3091854715727182e-05,0.00010987964516199922,0.36197587308436141,0.011111695023233788,3.4339144224175939,short,542,4984
choose,83,13,96,4.5777065690089265e-05,2.3807256451766497e-05,-0.13408625066683655,0.014761488009028937,-1.1036190238827133,official,3325,2200
christopher,15,35,50,8.2729636789317955e-06,6.4096459677832885e-05,0.63023472203948039,0.027149905161228161,3.8248831146689688,short,459,5067
chronic,118,44,162,6.5080647607596788e-05,8.0578406452132761e-05,0.055047419858311741,0.0084263814244159383,0.59967564504913151,short,2015,3511
chronically,48,5,53,2.6473483772581743e-05,9.1566370968332683e-06,-0.19272469309494511,0.027142953302483577,-1.1697924471692078,official,3387,2138
church,35,40,75,1.9303581917507522e-05,7.3253096774666146e-05,0.40642203895646567,0.017787145165221625,3.047362546557792,short,640,4886
cigarette,65,60,125,3.584950927537111e-05,0.00010987964516199922,0.33530695028590074,0.010669147213431877,3.2462181516946789,short,584,4942
cigarettes,108,5,113,5.9565338488308925e-05,9.1566370968332683e-06,-0.26553337295415069,0.013000047056146236,-2.3288775265115023,official,4599,926
cigars,31,5,36,1.7097458269792376e-05,9.1566370968332683e-06,-0.12916544198072621,0.039316200925928871,-0.65141920985745039,official,2939,2586
circuit,90,41,131,4.963778207359077e-05,7.5084424194032807e-05,0.11129506743244022,0.010339424279730317,1.0945301733359376,short,1663,3863
circuits,38,1,39,2.095817465329388e-05,1.8313274193666537e-06,-0.29297359803267753,0.037987596876630447,-1.5031681821227003,official,3838,1688
circulating,36,8,44,1.9855112829436307e-05,1.4650619354933229e-05,-0.068827134888467256,0.031731353121980811,-0.38638067352910799,official,2734,2791
circulation,33,0,33,1.8200520093649949e-05,0,-0.33119458385665368,0.045455129342701649,-1.5534303183962435,official,3903,1608
circumstances,321,0,321,0.00017704142272914042,0,-0.33123351089581021,0.0046734811516369211,-4.8452257895209607,official,5246,279
circumvention,27,3,30,1.4891334622077231e-05,5.493982258099961e-06,-0.18458895256073227,0.047847473839792293,-0.84387126462052398,official,3093,2432
cities,133,49,182,7.3353611286528585e-05,8.9735043548966036e-05,0.051806142512912601,0.0075041914295292476,0.59803872070756858,short,2018,3508
citizen,107,122,229,5.9013807576380137e-05,0.00022342194516273176,0.40567240958708517,0.0058257772665417417,5.3149420468756992,short,226,5300
citizens,858,242,1100,0.00047321352243489867,0.00044318123548673022,-0.015812811403792537,0.0012564658647412864,-0.44610156216657937,official,2775,2751
citizenship,122,92,214,6.7286771255311927e-05,0.00016848212258173214,0.26845579706277434,0.0062447482684153451,3.3971546546818239,short,557,4969
citrus,17,10,27,9.376025502789367e-06,1.8313274193666537e-05,0.18868752518166865,0.049754883641666067,0.84591228246067873,short,1840,3685
city,236,49,285,0.00013016129521519358,8.9735043548966036e-05,-0.082661899252743254,0.0049139817225561473,-1.1792030968732194,official,3403,2123
civic,30,20,50,1.6545927357863591e-05,3.6626548387333073e-05,0.22843058441324793,0.026786298179058553,1.3957187131556608,short,1464,4061
civics,17,11,28,9.376025502789367e-06,2.014460161303319e-05,0.21885885155830564,0.047863831750908588,1.0003693668378271,short,1728,3797
civil,1475,498,1973,0.0008135080950949598,0.00091200105484459356,0.028809785049851655,0.00069530202923509727,1.0925800584085301,short,1670,3856
civilian,448,137,585,0.00024708584854409629,0.00025089185645323157,0.0037606591081740248,0.0023536797876537825,0.077515808095276875,short,2384,3142
civilians,60,3,63,3.3091854715727182e-05,5.493982258099961e-06,-0.26057931942606771,0.023282180347668706,-1.707765048542264,official,4091,1435
claim,126,24,150,6.949289490302708e-05,4.3951858064799688e-05,-0.099394768806714495,0.0093708987595056588,-1.0267693708370622,official,3264,2262
claimants,49,8,57,2.7025014684510531e-05,1.4650619354933229e-05,-0.12709779992840531,0.024819161543011788,-0.80676022803020719,official,3062,2462
claiming,26,0,26,1.4339803710148445e-05,0,-0.33119363782827449,0.057692891578830292,-1.3788620927062918,official,3643,1864
claims,1218,263,1481,0.00067176465072926175,0.00048163911129342994,-0.07478956826815164,0.00094448633316423591,-2.4335663255746716,official,4670,856
clarification,51,335,386,2.8128076508368104e-05,0.00061349468548782895,0.86280645851947924,0.0036758760624661223,14.230919346450326,short,38,5488
clarify,1599,1,1600,0.00088189792817412933,1.8313274193666537e-06,-0.33046855855631652,0.00093779155991173904,-10.791380012364952,official,5473,53
clarifying,64,4,68,3.5297978363442322e-05,7.3253096774666146e-06,-0.24418560150494173,0.021465230361214935,-1.6666801967260332,official,4042,1483
clarity,14,11,25,7.7214327670030089e-06,2.014460161303319e-05,0.28191739295747453,0.053419387305764031,1.2197544727420522,short,1589,3934
clark,83,41,124,4.5777065690089265e-05,7.5084424194032807e-05,0.13519091880970713,0.010892107846898627,1.2953631948507927,short,1540,3985
class,223,123,346,0.00012299139336011935,0.00022525327258209841,0.16870445215598551,0.0038902493750552001,2.7048165997612545,short,758,4768
classes,33,0,33,1.8200520093649949e-05,0,-0.33119458385665368,0.045455129342701649,-1.5534303183962435,official,3904,1609
classification,94,15,109,5.1843905721305916e-05,2.7469911290499805e-05,-0.13097332965451791,0.012991208410225061,-1.1491007112979326,official,3368,2158
classified,77,23,100,4.2467880218516549e-05,4.2120530645433034e-05,-0.0020084058137328498,0.013780382720133705,-0.017108850453180755,official,2452,3074
classify,35,0,35,1.9303581917507522e-05,0,-0.33119485415147842,0.042857726745765795,-1.5998122380313102,official,3967,1552
classroom,39,46,85,2.1509705565222665e-05,8.4241061290866068e-05,0.41688818596727728,0.015698687818391358,3.3272689819913737,short,568,4958
classrooms,15,25,40,8.2729636789317955e-06,4.5783185484166341e-05,0.52902033259644377,0.033567017457749274,2.8874600687517784,short,697,4830
clause,31,4,35,1.7097458269792376e-05,7.3253096774666146e-06,-0.16413843393333316,0.040793124681407868,-0.81267481123816721,official,3069,2455
clay,15,16,31,8.2729636789317955e-06,2.9301238709866458e-05,0.38346841442947799,0.043016310068129476,1.84889828994573,short,1167,4357
clayton,170,8,178,9.376025502789367e-05,1.4650619354933229e-05,-0.26451813550882086,0.0082504912268977493,-2.9121621264991537,official,4866,660
clean,705,579,1284,0.00038882929290979439,0.0010603385758132925,0.29667778264477551,0.0010401180769892089,9.1990653114905054,short,91,5435
clean-up,21,18,39,1.1582149150504513e-05,3.2963893548599766e-05,0.31066900145183673,0.034211110206444538,1.6796327634333976,short,1284,4238
cleaner,14,13,27,7.7214327670030089e-06,2.3807256451766497e-05,0.33726838552770744,0.049390827789988448,1.5175830988082315,short,1382,4144
cleanup,138,77,215,7.6111265846172513e-05,0.00014101221129123232,0.17225870622568351,0.006258102659381674,2.1775084023333497,short,982,4544
clear,75,49,124,4.1364818394658973e-05,8.9735043548966036e-05,0.22195567924490511,0.010806056361334719,2.1351709288613834,short,1011,4515
clearance,21,18,39,1.1582149150504513e-05,3.2963893548599766e-05,0.31066900145183673,0.034211110206444538,1.6796327634333976,short,1285,4239
clearinghouse,97,56,153,5.3498498457092274e-05,0.0001025543354845326,0.18284241172912274,0.0087852729147957897,1.9507396545633311,short,1120,4406
clearly,33,0,33,1.8200520093649949e-05,0,-0.33119458385665368,0.045455129342701649,-1.5534303183962435,official,3905,1610
climate,156,127,283,8.6038822260890661e-05,0.00023257858225956502,0.29365071472113513,0.0047175126725203789,4.2753780624032203,short,364,5162
clinic,24,34,58,1.3236741886290871e-05,6.2265132258466224e-05,0.4770384002017316,0.023065271064676627,3.1410442777130574,short,614,4912
clinical,324,121,445,0.00017869601546492678,0.00022159061774336511,0.055470677814595248,0.0030677585610408968,1.0015044522724006,short,1727,3799
clinics,55,9,64,3.0334200156083247e-05,1.6481946774299883e-05,-0.12671038981866545,0.02210257537746425,-0.85229666061553921,official,3105,2421
cloning,48,49,97,2.6473483772581743e-05,8.9735043548966036e-05,0.36884543766064581,0.013746450698714371,3.1459305186550508,short,611,4914
close,78,24,102,4.3019411130445331e-05,4.3951858064799688e-05,0.0052823410556364081,0.013492647397787704,0.045475538716064016,short,2413,3113
closed,77,1,78,4.2467880218516549e-05,1.8313274193666537e-06,-0.31203016559148011,0.01911042465004623,-2.257155153134363,official,4556,970
closing,93,45,138,5.1292374809377128e-05,8.2409733871499421e-05,0.12903312407430256,0.0097940691187293535,1.3038259783656638,short,1530,3996
closings,26,4,30,1.4339803710148445e-05,7.3253096774666146e-06,-0.13703582842398276,0.047269491450725419,-0.63029471355461941,official,2924,2601
closure,121,53,174,6.6735240343383152e-05,9.706035322643265e-05,0.099939148871078132,0.0077957007763856234,1.1319000155313095,short,1641,3885
closures,49,3,52,2.7025014684510531e-05,5.493982258099961e-06,-0.24583555104625887,0.028083392173601479,-1.4669655173615903,official,3794,1731
clothing,22,3,25,1.21336800624333e-05,5.493982258099961e-06,-0.15598766199757463,0.056991465345438898,-0.65340933830646286,official,2945,2571
clubs,52,3,55,2.8679607420296889e-05,5.493982258099961e-06,-0.25043444879960397,0.026587757596341723,-1.5358655998476087,official,3890,1636
coal,504,245,749,0.00027797157961210832,0.00044867521774483014,0.1304401498388863,0.0018047048845320787,3.0704935691186606,short,635,4891
coast,330,216,546,0.00018200520093649948,0.00039556672258319719,0.22258986337031672,0.002454472490510898,4.4928953029415331,short,330,5196
coastal,483,250,733,0.00026638943046160382,0.00045783185484166345,0.14929103873566696,0.0018402464858481946,3.4801321952783413,short,527,4999
cobra,48,25,73,2.6473483772581743e-05,4.5783185484166341e-05,0.1511387212523978,0.018469128341587565,1.1121222862532327,short,1652,3873
cocaine,86,28,114,4.7431658425875623e-05,5.1277167742266302e-05,0.019467689881608408,0.012042837429895772,0.17739852621774199,short,2317,3208
code,20443,123,20566,0.01127494643256018,0.00022525327258209841,-0.32496303121644576,7.3308483380866404e-05,-37.953937641255671,official,5521,5
codes,31,3,34,1.7097458269792376e-05,5.493982258099961e-06,-0.20151514403003468,0.042412226300215079,-0.97850298373477296,official,3203,2322
codify,96,0,96,5.2946967545163486e-05,0,-0.33120309835749495,0.015625583902858998,-2.6495752802958665,official,4757,767
cohort,18,7,25,9.9275564147181536e-06,1.2819291935566576e-05,0.066493552189822225,0.054506397840204841,0.28481036696314938,short,2244,3275
coin,102,454,556,5.6256153016736209e-05,0.00083142264839246077,0.79064772488965929,0.002510439886769876,15.780040456762093,short,28,5498
coinage,26,15,41,1.4339803710148445e-05,2.7469911290499805e-05,0.1826193452227205,0.032783099882409919,1.0086065236545385,short,1721,3802
coins,478,20,498,0.00026363177590195988,3.6626548387333073e-05,-0.27158592303467266,0.0029556760923521502,-4.9954985389005619,official,5261,265
coinsurance,41,7,48,2.2612767389080238e-05,1.2819291935566576e-05,-0.11934852777531901,0.029418357130081996,-0.69583754519122543,official,2988,2536
cola,10,47,57,5.5153091192878634e-06,8.6072388710232728e-05,0.8016750759604232,0.024541341646338921,5.1173984223906288,short,254,5272
cold,37,27,64,2.0406643741365096e-05,4.9445840322899649e-05,0.25770316195687393,0.020890584985059697,1.7829716861486511,short,1208,4318
collaboration,28,24,52,1.5442865534006018e-05,4.3951858064799688e-05,0.3106707479366797,0.02565847863089727,1.9394782422737111,short,1126,4399
collaborative,49,21,70,2.7025014684510531e-05,3.8457875806699727e-05,0.093695871428364441,0.019392956231621659,0.67281930819819191,short,1967,3559
collateral,45,6,51,2.4818891036795385e-05,1.0987964516199922e-05,-0.15934325624420076,0.027961110208512604,-0.95292008820281471,official,3183,2343
collect,138,0,138,7.6111265846172513e-05,0,-0.33120877493683132,0.0108701491300526,-3.176757640771223,official,4938,588
collected,156,0,156,8.6038822260890661e-05,0,-0.33121120781665425,0.0096159685322469973,-3.3776022686886646,official,4990,535
collecting,59,0,59,3.2540323803798394e-05,0,-0.33119809772409781,0.02542431270778325,-2.0771278221171716,official,4437,1087
collection,604,151,755,0.00033312467080498693,0.00027653044032436474,-0.043521923517099381,0.0018401719982241633,-1.0145626554104701,official,3246,2280
collections,26,16,42,1.4339803710148445e-05,2.9301238709866458e-05,0.20289602799530648,0.031947845554519121,1.1351487023033131,short,1637,3890
collective,102,27,129,5.6256153016736209e-05,4.9445840322899649e-05,-0.030606315615363755,0.010739844651469556,-0.2953330514756039,official,2665,2861
collectively,33,0,33,1.8200520093649949e-05,0,-0.33119458385665368,0.045455129342701649,-1.5534303183962435,official,3906,1611
collectors,26,0,26,1.4339803710148445e-05,0,-0.33119363782827449,0.057692891578830292,-1.3788620927062918,official,3644,1865
college,309,332,641,0.00017042305178599498,0.00060800070322972904,0.38598640551067476,0.0020809648584919948,8.4613495337612505,short,100,5426
colleges,117,24,141,6.4529116695667999e-05,4.3951858064799688e-05,-0.085062096937132736,0.0099371589676805223,-0.85330632731130229,official,3106,2420
collegiate,31,40,71,1.7097458269792376e-05,7.3253096774666146e-05,0.44652820498336787,0.01881351447710243,3.2554717450428967,short,581,4945
color,120,6,126,6.6183709431454364e-05,1.0987964516199922e-05,-0.26058608236276726,0.011641382136390909,-2.4151768878227142,official,4655,871
colorado,326,102,428,0.00017979907728878433,0.00018679539677539869,0.009443409686802795,0.0032136363863599807,0.16658291721683602,short,2330,3196
colorectal,59,33,92,3.2540323803798394e-05,6.0433804839099571e-05,0.17299779210296329,0.014623100460231108,1.4306085907957822,short,1441,4085
columbia,1022,454,1476,0.00056366459199121968,0.00083142264839246077,0.10405229890828682,0.00091903922408065471,3.4322953839506027,short,544,4982
combat,573,96,669,0.00031602721253519455,0.00017580743225919875,-0.12267974036686802,0.0021129265640305915,-2.668889829030046,official,4766,760
combat-related,43,5,48,2.3715829212937812e-05,9.1566370968332683e-06,-0.17861410402442601,0.029857519409274846,-1.0336866031598477,official,3268,2257
combating,56,43,99,3.0885731068012036e-05,7.8747079032766114e-05,0.27437072533049722,0.013494450330536381,2.3618927431453467,short,894,4632
combine,43,0,43,2.3715829212937812e-05,0,-0.33119593533522895,0.034884304820722481,-1.7732499726578297,official,4162,1359
combined,125,33,158,6.8941363991098292e-05,6.0433804839099571e-05,-0.031218497870426631,0.0087697549181779584,-0.33336367421801638,official,2690,2836
combustion,26,5,31,1.4339803710148445e-05,9.1566370968332683e-06,-0.097576542941558486,0.045322221314895203,-0.45834218814117572,official,2784,2737
command,23,7,30,1.2685210974362085e-05,1.2819291935566576e-05,0.0025830884504838281,0.045895535443212239,0.012057410783526906,short,2428,3093
commemorate,102,0,102,5.6256153016736209e-05,0,-0.33120390928537802,0.014706466257200485,-2.7311231834487839,official,4796,730
commemorating,27,5,32,1.4891334622077231e-05,9.1566370968332683e-06,-0.10466387997058213,0.04397676345762791,-0.49909727483303673,official,2822,2700
commemoration,344,50,394,0.00018972663370350249,9.1566370968332683e-05,-0.14618626219710684,0.0036078497778560203,-2.4337857207589852,official,4673,853
commemorative,102,398,500,5.6256153016736209e-05,0.00072886831290792822,0.76203452947440731,0.0027752993356758289,14.465043192051045,short,34,5492
commence,25,0,25,1.3788272798219658e-05,0,-0.33119350268180803,0.060000583886289226,-1.3520852339749585,official,3594,1919
commencing,25,0,25,1.3788272798219658e-05,0,-0.33119350268180803,0.060000583886289226,-1.3520852339749585,official,3595,1920
comment,27,2,29,1.4891334622077231e-05,3.6626548387333073e-06,-0.22941018118383205,0.05011579126061666,-1.0247676145661024,official,3253,2267
commerce,1944,160,2104,0.0010721760927895605,0.00029301238709866458,-0.21932380361483705,0.00068931606785322351,-8.3536556307220753,official,5425,101
commercial,1105,210,1315,0.00060944165768130889,0.00038457875806699731,-0.099871203037822376,0.0010695450457372246,-3.0538010577902361,official,4912,614
commercialization,70,59,129,3.8607163835015045e-05,0.00010804831774263257,0.3051112109842844,0.010344858478473069,2.9998247832392559,short,660,4867
commercially,42,0,42,2.3164298301009027e-05,0,-0.33119580018686889,0.03571486960454226,-1.7525091193635514,official,4138,1377
commissary,21,10,31,1.1582149150504513e-05,1.8313274193666537e-05,0.12428705400049722,0.043621597021508057,0.59507966968927262,short,2019,3504
commission,4220,1293,5513,0.0023274604483394783,0.0023679063532410834,0.0042493929677567266,0.00025025767388326629,0.26861681360103373,short,2274,3252
commission's,29,0,29,1.5994396445934803e-05,0,-0.33119404326834001,0.051724721818257192,-1.456241606872426,official,3769,1738
commissioned,28,8,36,1.5442865534006018e-05,1.4650619354933229e-05,-0.012736587067719185,0.038352856616617317,-0.065036058102891037,official,2487,3038
commissioner,185,0,185,0.00010203321870682547,0,-0.33121512753223925,0.0081086920317390392,-3.6781950950392281,official,5067,458
commissioners,35,3,38,1.9303581917507522e-05,5.493982258099961e-06,-0.21493370181044291,0.038089457928931487,-1.1012910824665918,official,3321,2203
commissions,107,19,126,5.9013807576380137e-05,3.4795220967966419e-05,-0.11235358932379569,0.011188981128720491,-1.0621642514162539,official,3295,2230
commit,46,0,46,2.537042194872417e-05,0,-0.33119634078096993,0.032609279543363956,-1.8340658647799333,official,4226,1294
commitment,84,48,132,4.6328596602018054e-05,8.7903716129599375e-05,0.17964568759193078,0.010185769099376041,1.7799995106609718,short,1213,4313
commitments,45,4,49,2.4818891036795385e-05,7.3253096774666146e-06,-0.21105009881760317,0.029506806292776622,-1.2286394533718421,official,3457,2067
committed,155,5,160,8.5487291348961886e-05,9.1566370968332683e-06,-0.28468881323687789,0.0092357931533103912,-2.9623290883143527,official,4884,642
committee,574,129,703,0.00031657874344712334,0.00023624123709829834,-0.066499049932447818,0.0019855924856619412,-1.4923489360967923,official,3837,1689
committees,262,7,269,0.00014450109892534202,1.2819291935566576e-05,-0.29243636908021386,0.0055070115208364443,-3.9407001507265322,official,5128,398
commodities,551,33,584,0.00030389353247276126,6.0433804839099571e-05,-0.24762151978254465,0.0025023868304600966,-4.9500679647889827,official,5258,268
commodity,336,111,447,0.00018531438640807221,0.00020327734354969856,0.023187725258793535,0.0030698378950794868,0.41850478176534478,short,2160,3366
common,400,134,534,0.00022061236477151453,0.0002453978741951316,0.026774866473356695,0.0025682538128680619,0.52833373608966916,short,2075,3451
commonly,267,0,267,0.00014725875348498596,0,-0.33122621137260566,0.005618561470860344,-4.4188791941761894,official,5200,326
commonsense,1,33,34,5.5153091192878628e-07,6.0433804839099571e-05,1.0113162878075759,0.04349738559616069,4.8490361807091551,short,276,5249
commonwealth,153,13,166,8.438422952510431e-05,2.3807256451766497e-05,-0.2158630848615779,0.008721972337005314,-2.3113782738284767,official,4588,938
communication,121,36,157,6.6735240343383152e-05,6.5927787097199531e-05,-0.0029740661485089248,0.0087790533717105497,-0.031741451241599272,official,2459,3067
communications,1762,398,2160,0.00097179746681852149,0.00072886831290792822,-0.065478548161424399,0.00064648677676640591,-2.5752489467614939,official,4729,797
communist,23,5,28,1.2685210974362085e-05,9.1566370968332683e-06,-0.073361879383730511,0.04991145732757972,-0.32837517951179263,official,2683,2840
communities,1083,315,1398,0.00059730797761887555,0.00057686813710049591,-0.0084634402800283226,0.00098741866876987986,-0.26933715419047433,official,2642,2884
community,1839,1323,3162,0.0010142653470370381,0.0024228461758220828,0.25340328318636285,0.00042351014862580165,12.313466311716629,short,48,5478
community-based,169,42,211,9.3208724115964895e-05,7.6915751613399453e-05,-0.044828700171352764,0.0065847320495920599,-0.55244251401737132,official,2877,2649
commuter,37,60,97,2.0406643741365096e-05,0.00010987964516199922,0.52038498674088984,0.013832697225511292,4.4245725740713553,short,337,5189
compact,85,70,155,4.6880127513946835e-05,0.00012819291935566577,0.2974384610802332,0.0086116950320130059,3.2051828080495195,short,595,4931
compacts,46,4,50,2.537042194872417e-05,7.3253096774666146e-06,-0.21341151015148618,0.02893576907755287,-1.2545856739798651,official,3485,2040
companies,674,11,685,0.00037173183464000201,2.014460161303319e-05,-0.30728387237004995,0.002173200823143645,-6.5915846954396002,official,5373,153
company,306,126,432,0.00016876845905020862,0.00023074725484019837,0.08238738397660228,0.0031477122344553765,1.4684636548803096,short,1409,4117
comparability,32,27,59,1.7648989181721161e-05,4.9445840322899649e-05,0.30545263773879938,0.022617501861627091,2.0310544314047356,short,1073,4452
comparable,72,1,73,3.9710225658872614e-05,1.8313274193666537e-06,-0.31072087459667053,0.020410649135203702,-2.1749136656760459,official,4506,1021
comparative,35,9,44,1.9303581917507522e-05,1.6481946774299883e-05,-0.037199573819670206,0.031526736267675763,-0.2095069611230885,official,2604,2922
compassionate,13,52,65,7.1699018550742223e-06,9.522902580706599e-05,0.76744374269581961,0.021368105266319548,5.2500512412298441,short,238,5288
compensate,107,0,107,5.9013807576380137e-05,0,-0.33120458506167516,0.014019275494211281,-2.7972646385037225,official,4822,704
compensation,2042,906,2948,0.0011262261221585818,0.0016591826419461882,0.10376347393006835,0.00046045610607922769,4.8356001786384866,short,278,5248
compensatory,38,3,41,2.095817465329388e-05,5.493982258099961e-06,-0.22330495135709327,0.035386084465580274,-1.1870857670701209,official,3414,2110
compete,41,19,60,2.2612767389080238e-05,3.4795220967966419e-05,0.11628737731706629,0.022559801842728159,0.77422097950379565,short,1895,3631
competition,642,510,1152,0.00035408284545828083,0.00093397698387699343,0.28567315410101823,0.0011596824986763561,8.3888007326939356,short,102,5424
competitive,513,150,663,0.00028293535781946736,0.00027469911290499806,-0.0071879811311870156,0.0020809364805548479,-0.15757144455774239,official,2559,2967
competitiveness,307,239,546,0.00016931998996213741,0.00043768725322863026,0.27894700141201767,0.0024468023153689585,5.6392617855361067,short,200,5326
complaints,67,0,67,3.6952571099228687e-05,0,-0.33119917892921791,0.022388643597583486,-2.2134787653827841,official,4523,1001
complement,29,0,29,1.5994396445934803e-05,0,-0.33119404326834001,0.051724721818257192,-1.456241606872426,official,3770,1739
complete,195,25,220,0.00010754852782611334,4.5783185484166341e-05,-0.16507838916009199,0.0064918551406041962,-2.0488294692654079,official,4411,1115
completed,31,0,31,1.7097458269792376e-05,0,-0.3311943135622748,0.048387680661882995,-1.5056203243148938,official,3842,1663
completing,29,0,29,1.5994396445934803e-05,0,-0.33119404326834001,0.051724721818257192,-1.456241606872426,official,3771,1740
completion,73,43,116,4.0261756570801403e-05,7.8747079032766114e-05,0.18912367433459032,0.011580897377257317,1.7574168669315913,short,1228,4298
complex,70,29,99,3.8607163835015045e-05,5.3108495161632956e-05,0.08409215896443456,0.013730243668642861,0.71765609936338437,short,1930,3596
compliance,465,206,671,0.00025646187404688563,0.00037725344838953067,0.10322505609319776,0.0020211165949943588,2.2960928360104584,short,927,4599
comply,192,0,192,0.00010589393509032697,0,-0.33121607368450867,0.0078130839252647417,-3.7471420752019244,official,5093,433
complying,61,0,61,3.3643385627655964e-05,0,-0.33119836802470992,0.02459074782911691,-2.1120408799705559,official,4457,1065
component,220,12,232,0.00012133680062433299,2.1975929032399844e-05,-0.25458124713303931,0.0063113339716021526,-3.2045409719699078,official,4945,581
components,308,2,310,0.0001698715208740662,3.6626548387333073e-06,-0.32156894511209089,0.0048238351354041196,-4.6299667561731415,official,5220,306
composed,37,0,37,2.0406643741365096e-05,0,-0.33119512444674726,0.040541124429630225,-1.6448868926211853,official,4016,1497
composition,36,0,36,1.9855112829436307e-05,0,-0.33119498929905689,0.041667250555522978,-1.6225060899795725,official,3992,1526
compositions,29,0,29,1.5994396445934803e-05,0,-0.33119404326834001,0.051724721818257192,-1.456241606872426,official,3772,1741
compounds,27,2,29,1.4891334622077231e-05,3.6626548387333073e-06,-0.22941018118383205,0.05011579126061666,-1.0247676145661024,official,3254,2268
comprehensive,1681,849,2530,0.00092712346295228986,0.0015547969790422891,0.14199068341977483,0.00053400335367296929,6.144518515698123,short,177,5349
compressed,19,18,37,1.047908732664694e-05,3.2963893548599766e-05,0.34394406062402005,0.036039544929149354,1.811749562046125,short,1185,4340
comptroller,231,2,233,0.00012740364065554963,3.6626548387333073e-06,-0.31837230519543169,0.0064110754976857516,-3.9762147898274556,official,5138,388
compulsory,58,18,76,3.1988792891869606e-05,3.2963893548599766e-05,0.0074122777628780057,0.018101568338794626,0.055092639918012054,short,2404,3122
computation,193,5,198,0.00010644546600225576,9.1566370968332683e-06,-0.29356836542605613,0.0074842370583878392,-3.3934033730287898,official,4999,527
compute,43,0,43,2.3715829212937812e-05,0,-0.33119593533522895,0.034884304820722481,-1.7732499726578297,official,4163,1360
computer,286,123,409,0.00015773784081163288,0.00022525327258209841,0.094705246725673931,0.0033191321524104708,1.6438484166123866,short,1312,4214
computers,76,3,79,4.1916349306587761e-05,5.493982258099961e-06,-0.27475773814835414,0.01864731875351993,-2.0120637429608332,official,4382,1143
computing,98,15,113,5.4050029369021062e-05,2.7469911290499805e-05,-0.13787732638414418,0.012552420400633113,-1.2306345827583349,official,3460,2066
concealed,64,14,78,3.5297978363442322e-05,2.5638583871133151e-05,-0.072083791002969022,0.017912402638030695,-0.53859299100246405,official,2862,2663
concentrated,25,13,38,1.3788272798219658e-05,2.3807256451766497e-05,0.15065041786454714,0.035481442900387287,0.79977846174898337,short,1869,3655
concentration,47,3,50,2.5921952860652958e-05,5.493982258099961e-06,-0.24246701409152394,0.029177786771123995,-1.4194708919738479,official,3720,1805
concern,41,3,44,2.2612767389080238e-05,5.493982258099961e-06,-0.23055079303156489,0.033041885517940191,-1.2683356783172826,official,3499,2028
concerned,25,0,25,1.3788272798219658e-05,0,-0.33119350268180803,0.060000583886289226,-1.3520852339749585,official,3596,1921
concerning,604,4,608,0.00033312467080498693,7.3253096774666146e-06,-0.32141767942579769,0.0024596534589763084,-6.4808623810448811,official,5368,158
concerns,624,1,625,0.00034415528904356264,1.8313274193666537e-06,-0.32887498500654644,0.002398668628273779,-6.7149953109092406,official,5382,144
concessions,17,11,28,9.376025502789367e-06,2.014460161303319e-05,0.21885885155830564,0.047863831750908588,1.0003693668378271,short,1729,3798
concrete,18,10,28,9.9275564147181536e-06,1.8313274193666537e-05,0.17090387454864064,0.048055503796066504,0.77961527811124665,short,1886,3639
concurrent,188,7,195,0.00010368781144261183,1.2819291935566576e-05,-0.27783250291625627,0.0075620450333384283,-3.1949452604087893,official,4942,584
condition,411,8,419,0.00022667920480273117,1.4650619354933229e-05,-0.30273659418206478,0.0035473236305560685,-5.0829345171653646,official,5271,255
conditional,27,0,27,1.4891334622077231e-05,0,-0.33119377297485109,0.055556139442311518,-1.4051287926382199,official,3692,1821
conditions,727,23,750,0.00040096297297222768,4.2120530645433034e-05,-0.28562013318028878,0.0019712931881524331,-6.432994894470216,official,5365,161
condominium,122,44,166,6.7286771255311927e-05,8.0578406452132761e-05,0.046107364213051838,0.0082347109060091107,0.50809639946850227,short,2096,3430
conduct,1641,26,1667,0.00090506222647513833,4.7614512903532995e-05,-0.30809486565060773,0.00089354918625456797,-10.306832758191957,official,5466,60
conducted,272,0,272,0.00015001640804462987,0,-0.33122688724074401,0.0055152898262904836,-4.4600673158717612,official,5205,321
conducting,119,0,119,6.5632178519525576e-05,0,-0.331206206936141,0.012605625925033604,-2.9499608982922916,official,4880,646
conduit,20,22,42,1.1030618238575727e-05,4.028920322606638e-05,0.39371292428807081,0.03175461614966385,2.2094096055322394,short,969,4557
confederated,23,5,28,1.2685210974362085e-05,9.1566370968332683e-06,-0.073361879383730511,0.04991145732757972,-0.32837517951179263,official,2684,2841
confer,33,0,33,1.8200520093649949e-05,0,-0.33119458385665368,0.045455129342701649,-1.5534303183962435,official,3907,1612
conference,154,91,245,8.4935760437033098e-05,0.00016665079516236549,0.19012682462499342,0.0054830400835413151,2.5676314381655265,short,814,4712
confidence,52,43,95,2.8679607420296889e-05,7.8747079032766114e-05,0.29879042360450647,0.014049681805279849,2.5207712080167841,short,835,4691
confidential,51,14,65,2.8128076508368104e-05,2.5638583871133151e-05,-0.022185892161946441,0.021279501399752373,-0.15208842898048341,official,2550,2975
confidentiality,66,29,95,3.6401040187299898e-05,5.3108495161632956e-05,0.1008383511790889,0.014276280157651571,0.8439528903417256,short,1842,3684
confinement,21,9,30,1.1582149150504513e-05,1.6481946774299883e-05,0.093694270539590008,0.045249452666285939,0.44045989319246137,short,2138,3384
confirm,44,1,45,2.42673601248666e-05,1.8313274193666537e-06,-0.29804341442438975,0.032975669381980093,-1.6412801610639409,official,4012,1514
confirmation,24,9,33,1.3236741886290871e-05,1.6481946774299883e-05,0.056576202147988752,0.041353967347352125,0.27821157860501305,short,2263,3261
conflict,181,68,249,9.9827095059110328e-05,0.00012453026451693245,0.057079675443089783,0.0054807394705609263,0.77101338209313819,short,1899,3627
conflicts,61,17,78,3.3643385627655964e-05,3.1132566129233112e-05,-0.018640600282086695,0.017721144293485976,-0.14002771852379906,official,2538,2988
conform,47,0,47,2.5921952860652958e-05,0,-0.33119647592977408,0.031915477508444694,-1.8538945757924572,official,4247,1270
conforming,51,19,70,2.8128076508368104e-05,3.4795220967966419e-05,0.054804514362418288,0.019501001764047912,0.39245319846985138,short,2182,3344
congenital,30,8,38,1.6545927357863591e-05,1.4650619354933229e-05,-0.028909716605078017,0.036445596677535122,-0.1514332705435254,official,2548,2978
congestion,33,14,47,1.8200520093649949e-05,2.5638583871133151e-05,0.090806108615510084,0.028894026515228738,0.53420879208079775,short,2065,3461
congregate,41,7,48,2.2612767389080238e-05,1.2819291935566576e-05,-0.11934852777531901,0.029418357130081996,-0.69583754519122543,official,2989,2537
congress,2609,150,2759,0.0014389441492222035,0.00027469911290499806,-0.25097456957030495,0.0005306343974467902,-10.895120015856648,official,5474,52
congressional,1624,851,2475,0.00089568620097234904,0.0015584596338810224,0.15314697045944836,0.00054520790779602978,6.5588445351153783,short,157,5369
conjunction,27,0,27,1.4891334622077231e-05,0,-0.33119377297485109,0.055556139442311518,-1.4051287926382199,official,3693,1822
connect,22,8,30,1.21336800624333e-05,1.4650619354933229e-05,0.048300114391253146,0.045547142592397796,0.22631721543222574,short,2291,3233
connected,40,2,42,2.2061236477151454e-05,3.6626548387333073e-06,-0.26057706519228141,0.03492297856887086,-1.3943780889413113,official,3673,1851
connecticut,80,15,95,4.4122472954302907e-05,2.7469911290499805e-05,-0.10235263222813984,0.014805778708735978,-0.84116925169185819,official,3091,2435
connecting,23,7,30,1.2685210974362085e-05,1.2819291935566576e-05,0.0025830884504838281,0.045895535443212239,0.012057410783526906,short,2429,3094
connection,919,10,929,0.00050685690806255459,1.8313274193666537e-05,-0.31520647198974583,0.0016066723653750644,-7.8637819755754421,official,5414,112
conscience,32,36,68,1.7648989181721161e-05,6.5927787097199531e-05,0.40118959994009629,0.01961596851390629,2.8644733651345482,short,708,4818
conscientiously,37,0,37,2.0406643741365096e-05,0,-0.33119512444674726,0.040541124429630225,-1.6448868926211853,official,4017,1498
consecutive,26,0,26,1.4339803710148445e-05,0,-0.33119363782827449,0.057692891578830292,-1.3788620927062918,official,3645,1866
consensus,37,12,49,2.0406643741365096e-05,2.1975929032399844e-05,0.018484008959109843,0.028021933492317599,0.11041984199683785,short,2365,3161
consent,244,56,300,0.00013457354251062385,0.0001025543354845326,-0.06206930627550733,0.0046478080120544033,-0.91044308423893983,official,3139,2387
consequences,108,29,137,5.9565338488308925e-05,5.3108495161632956e-05,-0.027314947920059396,0.010106312952801426,-0.27170898840639768,official,2643,2881
conservancy,14,21,35,7.7214327670030089e-06,3.8457875806699727e-05,0.4954959807075312,0.038265890012353664,2.5329943819485257,short,829,4697
conservation,2197,1413,3610,0.0012117134135075436,0.0025876656435650817,0.21725801637829889,0.00037187498158882504,11.266196693926942,short,62,5464
conserve,151,1,152,8.3281167701246733e-05,1.8313274193666537e-06,-0.32135778681460536,0.0098368616614114418,-3.2401159037575349,official,4952,574
conserving,33,3,36,1.8200520093649949e-05,5.493982258099961e-06,-0.20859091553988129,0.040134363153253465,-1.0412072950922806,official,3275,2249
consider,110,0,110,6.0668400312166495e-05,0,-0.33120499052878927,0.013636947542490032,-2.8362093674203441,official,4839,686
consideration,409,13,422,0.0002255761429788736,2.3807256451766497e-05,-0.28537615605456423,0.0035028039888749525,-4.8218063662399961,official,5244,282
considered,117,0,117,6.4529116695667999e-05,0,-0.33120593662261832,0.012821096728272929,-2.925065019759137,official,4872,653
consistency,21,29,50,1.1582149150504513e-05,5.3108495161632956e-05,0.46873520750604847,0.02674331878424839,2.8662886552242983,short,707,4819
consistent,220,2,222,0.00012133680062433299,3.6626548387333073e-06,-0.31773561048265897,0.0067273130855887188,-3.873870258477643,official,5113,413
consisting,37,0,37,2.0406643741365096e-05,0,-0.33119512444674726,0.040541124429630225,-1.6448868926211853,official,4018,1499
consolidate,283,2,285,0.00015608324807584654,3.6626548387333073e-06,-0.32071949901845187,0.0052454678848670496,-4.4282613928450019,official,5202,324
consolidated,231,36,267,0.00012740364065554963,6.5927787097199531e-05,-0.13492528034865181,0.0053089461064853485,-1.8517790686496709,official,4244,1282
consolidating,44,2,46,2.42673601248666e-05,3.6626548387333073e-06,-0.26665665186089704,0.031945028335756562,-1.4919380250468064,official,3833,1690
consolidation,141,146,287,7.7765858581958878e-05,0.00026737380322753142,0.37361805509547885,0.0046465013766537567,5.4810633323829636,short,204,5322
consortia,35,6,41,1.9303581917507522e-05,1.0987964516199922e-05,-0.1186307197137122,0.034435074371912344,-0.6392881474017269,official,2931,2595
consortium,32,21,53,1.7648989181721161e-05,3.8457875806699727e-05,0.22337599221162208,0.025278803289971886,1.4049414943912577,short,1455,4070
constituted,21,5,26,1.1582149150504513e-05,9.1566370968332683e-06,-0.054203935059865316,0.053535244147637655,-0.23426689558634547,official,2618,2904
constitution,423,39,462,0.00023329757574587661,7.1421769355299499e-05,-0.20706416006606787,0.0031265354775280294,-3.7031666319580272,official,5078,448
constitutional,282,69,351,0.00015553171716391776,0.0001263615919362991,-0.048265803084177605,0.0039613151785064067,-0.76686662599360633,official,3024,2502
construct,168,0,168,9.2657193204036107e-05,0,-0.33121282975657707,0.008929155348234569,-3.5051125007231811,official,5023,502
constructed,58,0,58,3.1988792891869606e-05,0,-0.33119796257395784,0.025862652859507791,-2.0594493774876743,official,4429,1094
constructing,34,5,39,1.8752051005578734e-05,9.1566370968332683e-06,-0.1443151019641018,0.036426486754120628,-0.75614160924646767,official,3016,2508
construction,1654,375,2029,0.00091223212833021258,0.00068674778226249515,-0.064691862822442658,0.00068807553938279344,-2.4662187618577183,official,4690,836
consular,18,7,25,9.9275564147181536e-06,1.2819291935566576e-05,0.066493552189822225,0.054506397840204841,0.28481036696314938,short,2245,3276
consultants,26,0,26,1.4339803710148445e-05,0,-0.33119363782827449,0.057692891578830292,-1.3788620927062918,official,3646,1867
consultation,101,15,116,5.5704622104807421e-05,2.7469911290499805e-05,-0.14274989262561633,0.012242466625577399,-1.2901533246395898,official,3516,2010
consultations,26,0,26,1.4339803710148445e-05,0,-0.33119363782827449,0.057692891578830292,-1.3788620927062918,official,3647,1868
consumer,1680,1431,3111,0.00092657193204036107,0.0026206295371136814,0.30900100696800248,0.00042947671425304715,14.910427101657646,short,31,5495
consumer's,18,19,37,9.9275564147181536e-06,3.4795220967966419e-05,0.3799816555195985,0.036039544929210403,2.001580131151516,short,1085,4439
consumers,1231,158,1389,0.000678934552584336,0.00028934973225993129,-0.16499520648635713,0.001028676014866543,-5.1443679068686885,official,5275,251
consumption,205,34,239,0.00011306383694540119,6.2265132258466224e-05,-0.12440815938251326,0.0059158398535662012,-1.617486484141065,official,3987,1539
contact,41,14,55,2.2612767389080238e-05,2.5638583871133151e-05,0.031716111077207287,0.024910004183999999,0.20095232251829726,short,2304,3222
contain,206,1,207,0.00011361536785732998,1.8313274193666537e-06,-0.32397984994300444,0.0072295837425724145,-3.8103191513825552,official,5104,422
contained,141,0,141,7.7765858581958878e-05,0,-0.33120918041429626,0.010638881785701897,-3.211104020873214,official,4948,577
container,31,70,101,1.7097458269792376e-05,0.00012819291935566577,0.62084591377714204,0.013424294700430576,5.3584364976146928,short,220,5306
containers,120,3,123,6.6183709431454364e-05,5.493982258099961e-06,-0.29483735166589575,0.012052318183300043,-2.6856363550390028,official,4775,751
containing,227,3,230,0.00012519751700783451,5.493982258099961e-06,-0.31171721500076188,0.0064806132353193453,-3.8721550195877152,official,5112,414
containment,51,47,98,2.8128076508368104e-05,8.6072388710232728e-05,0.33475869189244278,0.013608545026305678,2.8696307328180475,short,705,4820
contains,38,0,38,2.095817465329388e-05,0,-0.33119525959454954,0.039474268099849372,-1.6669672550603276,official,4045,1473
contaminants,38,0,38,2.095817465329388e-05,0,-0.33119525959454954,0.039474268099849372,-1.6669672550603276,official,4046,1474
contaminated,58,4,62,3.1988792891869606e-05,7.3253096774666146e-06,-0.23588598779067382,0.023485432380016682,-1.5392276753515779,official,3894,1632
contamination,74,17,91,4.0813287482730191e-05,3.1132566129233112e-05,-0.061859562466151985,0.015320449222595031,-0.49977104847425713,official,2831,2694
content,195,7,202,0.00010754852782611334,1.2819291935566576e-05,-0.27966818600782162,0.0073041646108987918,-3.2723352406885842,official,4960,566
contiguous,45,3,48,2.4818891036795385e-05,5.493982258099961e-06,-0.23882153927242733,0.030361115201137812,-1.3706123265902364,official,3626,1896
continental,406,73,479,0.00022392155024308726,0.00013368690161376571,-0.11010465719816231,0.002942121702439193,-2.0299034061996841,official,4393,1133
contingency,80,12,92,4.4122472954302907e-05,2.1975929032399844e-05,-0.1411519480257688,0.015429922006414616,-1.1363314082543068,official,3361,2165
contingent,35,11,46,1.9303581917507522e-05,2.014460161303319e-05,0.010559375747870803,0.029890122553329918,0.061076535803742296,short,2402,3123
continuation,209,39,248,0.00011526996059311635,7.1421769355299499e-05,-0.10325486403218775,0.0056730883056473379,-1.3708841250199433,official,3631,1895
continue,321,0,321,0.00017704142272914042,0,-0.33123351089581021,0.0046734811516369211,-4.8452257895209607,official,5247,280
continued,461,20,481,0.00025425575039917048,3.6626548387333073e-05,-0.26949545408381148,0.0030581631032443033,-4.8732772697042535,official,5250,275
continuing,292,86,378,0.00016104702628320561,0.00015749415806553223,-0.0054369743668196691,0.0036482937011569909,-0.090014482448910194,official,2507,3019
continuity,39,54,93,2.1509705565222665e-05,9.8891680645799297e-05,0.46960668266282646,0.014379062569647908,3.9162371391803377,short,428,5098
continuous,44,9,53,2.42673601248666e-05,1.6481946774299883e-05,-0.08562144468539401,0.02643889450195297,-0.5265758111633303,official,2847,2679
contraception,45,19,64,2.4818891036795385e-05,3.4795220967966419e-05,0.089452226674378466,0.021223088594240345,0.61402614289230772,short,2006,3518
contraceptive,37,21,58,2.0406643741365096e-05,3.8457875806699727e-05,0.17753244063972851,0.023185127532847263,1.1659313476136592,short,1616,3909
contract,397,129,526,0.00021895777203572816,0.00023624123709829834,0.01896729361245697,0.0026107251869946597,0.37121437668839813,short,2191,3335
contracting,233,192,425,0.00012850670247940721,0.0003516148645183975,0.29767582820702998,0.0031410863732308572,5.3113342277362428,short,227,5299
contractor,126,120,246,6.949289490302708e-05,0.00021975929032399844,0.34573335991512266,0.0054209964253635759,4.6957149587671951,short,300,5226
contractors,286,30,316,0.00015773784081163288,5.493982258099961e-05,-0.19188680603783226,0.0045518869345503518,-2.8441295924097725,official,4842,684
contracts,773,33,806,0.00042633339492095183,6.0433804839099571e-05,-0.27046893891536516,0.0018257914067807423,-6.3298266701561188,official,5360,166
contrary,33,0,33,1.8200520093649949e-05,0,-0.33119458385665368,0.045455129342701649,-1.5534303183962435,official,3908,1613
contribute,134,1,135,7.3905142198457373e-05,1.8313274193666537e-06,-0.32011709885421524,0.011070997207451853,-3.0423943208607742,official,4906,620
contributed,111,0,111,6.1219931224095283e-05,0,-0.33120512568471661,0.013514097419873293,-2.8490726690254786,official,4843,681
contributing,44,0,44,2.42673601248666e-05,0,-0.33119607048369737,0.034091492981632388,-1.7937510362478384,official,4180,1332
contribution,270,35,305,0.0001489133462207723,6.4096459677832885e-05,-0.16348815232266567,0.0046808908591478016,-2.3895824945140642,official,4639,887
contributions,1108,45,1153,0.00061109625041709525,8.2409733871499421e-05,-0.27332624492168112,0.0012775908693307728,-7.646900428362077,official,5405,121
control,3287,1607,4894,0.0018128821075099207,0.0029429431629222126,0.13237616067802804,0.00027664205779228524,7.9588565638087383,short,107,5419
controlled,689,44,733,0.00038000479831893378,8.0578406452132761e-05,-0.24249559535209197,0.0019908202217012705,-5.4348533868127946,official,5302,224
controller,12,15,27,6.6183709431454357e-06,2.7469911290499805e-05,0.43607013804702177,0.049451133338220939,1.9609576868756855,short,1107,4418
controllers,32,13,45,1.7648989181721161e-05,2.3807256451766497e-05,0.078596154207996705,0.030228976189107949,0.45205323012367304,short,2134,3393
controlling,46,4,50,2.537042194872417e-05,7.3253096774666146e-06,-0.21341151015148618,0.02893576907755287,-1.2545856739798651,official,3486,2041
controls,244,3,247,0.00013457354251062385,5.493982258099961e-06,-0.31305778548562913,0.006037243816085688,-4.0290731390401362,official,5143,383
controversies,18,7,25,9.9275564147181536e-06,1.2819291935566576e-05,0.066493552189822225,0.054506397840204841,0.28481036696314938,short,2246,3277
convene,25,0,25,1.3788272798219658e-05,0,-0.33119350268180803,0.060000583886289226,-1.3520852339749585,official,3597,1922
convention,240,91,331,0.00013236741886290873,0.00016665079516236549,0.059581562649276165,0.0041215656948241641,0.92807008919859979,short,1784,3742
conventional,31,5,36,1.7097458269792376e-05,9.1566370968332683e-06,-0.12916544198072621,0.039316200925928871,-0.65141920985745039,official,2940,2587
conventions,79,5,84,4.3570942042374119e-05,9.1566370968332683e-06,-0.24316520752737247,0.01737150828169674,-1.8449418044425367,official,4238,1287
conversion,261,145,406,0.00014394956801341323,0.0002655424758081648,0.17093161930171341,0.0033147163915502884,2.9689249466438601,short,669,4857
conversions,35,7,42,1.9303581917507522e-05,1.2819291935566576e-05,-0.090029656136691116,0.033395760143002898,-0.49265163084962632,official,2810,2715
convert,25,1,26,1.3788272798219658e-05,1.8313274193666537e-06,-0.27403464010177281,0.056645464060875568,-1.1513911711087681,official,3373,2149
converted,45,0,45,2.4818891036795385e-05,0,-0.33119620563227947,0.033333917224290008,-1.8140204400668125,official,4206,1312
converting,59,1,60,3.2540323803798394e-05,1.8313274193666537e-06,-0.30630009735813246,0.024797387862006973,-1.9451100033443245,official,4329,1196
convey,239,0,239,0.00013181588795097994,0,-0.33122242656246037,0.006276734563849925,-4.1807370473485532,official,5165,361
conveyance,205,213,418,0.00011306383694540119,0.00039007274032509722,0.3747842891988622,0.0031905064815034049,6.6351624697312648,short,151,5375
conveyances,32,2,34,1.7648989181721161e-05,3.6626548387333073e-06,-0.2441821742374799,0.042929876817804559,-1.1785123426448747,official,3396,2125
convicted,213,13,226,0.00011747608424083149,2.3807256451766497e-05,-0.24610175880579988,0.0064625886804223218,-3.0613392498508714,official,4915,611
conviction,40,0,40,2.2061236477151454e-05,0,-0.33119552989048628,0.037500583889789808,-1.7102730473778192,official,4095,1418
convictions,25,6,31,1.3788272798219658e-05,1.0987964516199922e-05,-0.052477407766019724,0.04488475377222554,-0.24769825693781128,official,2626,2897
cool,14,12,26,7.7214327670030089e-06,2.1975929032399844e-05,0.31066725498678593,0.051316373360939228,1.371410600070974,short,1483,4043
cooling,54,29,83,2.9782669244154463e-05,5.3108495161632956e-05,0.16048071778667783,0.016228425403159236,1.2597508683576015,short,1560,3966
cooperate,31,0,31,1.7097458269792376e-05,0,-0.3311943135622748,0.048387680661882995,-1.5056203243148938,official,3843,1664
cooperation,410,196,606,0.00022612767389080238,0.00035894017419586414,0.12546958821874199,0.0022317187953989756,2.655942919779394,short,782,4744
cooperative,337,159,496,0.000185865917320001,0.00029118105967929796,0.12158446121113364,0.0027277817552644711,2.3279479427570213,short,907,4619
cooperatives,56,10,66,3.0885731068012036e-05,1.8313274193666537e-05,-0.1113337287035403,0.021355199944785443,-0.76185958072875071,official,3022,2504
coordinate,280,2,282,0.00015442865534006018,3.6626548387333073e-06,-0.32060750226524704,0.0053010701375621732,-4.403438199018785,official,5198,328
coordinated,312,18,330,0.00017207764452178132,3.2963893548599766e-05,-0.25046285962566017,0.0044317795757195695,-3.7623072454976834,official,5095,431
coordinating,92,8,100,5.074084389744834e-05,1.4650619354933229e-05,-0.21341593208696175,0.014468176496873425,-1.7742709361419398,official,4171,1355
coordination,572,185,757,0.00031547568162326576,0.00033879557258283095,0.017785988361579186,0.0018146006414349117,0.41752979645147248,short,2161,3365
copayment,18,18,36,9.9275564147181536e-06,3.2963893548599766e-05,0.36196270127019048,0.03703762092699199,1.8807985417713937,short,1149,4376
copayments,31,0,31,1.7097458269792376e-05,0,-0.3311943135622748,0.048387680661882995,-1.5056203243148938,official,3844,1665
copper,38,27,65,2.095817465329388e-05,4.9445840322899649e-05,0.24902362595618044,0.020578886978741162,1.7359196189044659,short,1248,4276
cops,22,17,39,1.21336800624333e-05,3.1132566129233112e-05,0.27643953851060132,0.034251169370687708,1.4936968241392397,short,1398,4125
copyright,161,73,234,8.8796476820534603e-05,0.00013368690161376571,0.10993003995592687,0.0057895584993722738,1.4447531916668661,short,1425,4101
coral,36,39,75,1.9855112829436307e-05,7.1421769355299499e-05,0.38863793956742398,0.017781522733908862,2.9144775900562321,short,688,4838
cord,20,10,30,1.1030618238575727e-05,1.8313274193666537e-05,0.13881528970809676,0.04500058388806643,0.6543773058791309,short,1973,3551
core,38,12,50,2.095817465329388e-05,2.1975929032399844e-05,0.011754876459855623,0.027493252514556851,0.070893269965188674,short,2391,3132
corn,23,3,26,1.2685210974362085e-05,5.493982258099961e-06,-0.16256917373263846,0.054891505772701479,-0.69388200734930605,official,2982,2541
corporate,350,199,549,0.00019303581917507522,0.00036443415645396411,0.17811900829884131,0.0024498294687545848,3.5986726335697892,short,498,5028
corporation,1167,444,1611,0.00064363657422089366,0.00081310937419879425,0.060543215187910171,0.00084717349095448215,2.0800764729241052,short,1039,4487
corporations,561,23,584,0.00030940884159204915,4.2120530645433034e-05,-0.27273957888609601,0.0025213929215823134,-5.4316015172919059,official,5301,225
corps,687,366,1053,0.0003789017364950762,0.0006702658354881953,0.15809576779832568,0.0012800184272834482,4.4188792392262934,short,340,5186
corpus,44,30,74,2.42673601248666e-05,5.493982258099961e-05,0.23567084720531639,0.018090544786126771,1.7521853313361369,short,1230,4296
correct,168,1,169,9.2657193204036107e-05,1.8313274193666537e-06,-0.32234969374118805,0.0088502959115791518,-3.4264813007530623,official,5007,519
correction,46,121,167,2.537042194872417e-05,0.00022159061774336511,0.66367345509002185,0.0081676418297895442,7.3435508286757241,short,127,5399
correctional,131,91,222,7.2250549462671008e-05,0.00016665079516236549,0.2417153235712366,0.0060283333065373852,3.11318948704155,short,623,4903
corrections,237,198,435,0.00013071282612712236,0.00036260282903459744,0.30222596974457971,0.0030684580631351577,5.4559663573446606,short,206,5320
corrective,24,7,31,1.3236741886290871e-05,1.2819291935566576e-05,-0.0077900712930922822,0.044498191543619087,-0.036929229940049754,official,2466,3058
correspondence,21,4,25,1.1582149150504513e-05,7.3253096774666146e-06,-0.099389553078838233,0.056222472942005629,-0.41916572724057177,official,2757,2764
corridor,156,125,281,8.6038822260890661e-05,0.00022891592742083173,0.28841203498738466,0.0047519676603122174,4.1838551532841715,short,386,5140
corridors,44,7,51,2.42673601248666e-05,1.2819291935566576e-05,-0.13147962977228289,0.027768278992602678,-0.78901269408594743,official,3048,2478
corrupt,28,5,33,1.5442865534006018e-05,9.1566370968332683e-06,-0.11133218830208946,0.042709815985096398,-0.53871230467515263,official,2864,2660
corruption,27,11,38,1.4891334622077231e-05,2.014460161303319e-05,0.079391371966631041,0.035793362539915947,0.41963534177701983,short,2157,3368
cosmetic,1149,15,1164,0.00063370901780617547,2.7469911290499805e-05,-0.31207032551844094,0.0012810995275736466,-8.7188867864307742,official,5438,88
cosmetics,38,12,50,2.095817465329388e-05,2.1975929032399844e-05,0.011754876459855623,0.027493252514556851,0.070893269965188674,short,2392,3133
cost,1150,433,1583,0.00063426054871810425,0.00079296477258576105,0.057711413887367335,0.0008625143028788111,1.9650724254601752,short,1105,4421
cost-effective,88,3,91,4.85347202497332e-05,5.493982258099961e-06,-0.28214451389277428,0.016225473952986569,-2.2149958370858127,official,4526,1000
cost-of-living,276,103,379,0.00015222253169234503,0.00018862672419476533,0.05527485661121645,0.0036019903291348164,0.92099305101900375,short,1790,3736
cost-sharing,65,6,71,3.584950927537111e-05,1.0987964516199922e-05,-0.20689849947362582,0.020340538060874252,-1.450695027653591,official,3757,1769
costly,21,8,29,1.1582149150504513e-05,1.4650619354933229e-05,0.060852715607417451,0.047027610914738012,0.28061023378377176,short,2255,3266
costs,1475,51,1526,0.0008135080950949598,9.3397698387699343e-05,-0.28164076466502763,0.00096792190816044567,-9.0526421861681694,official,5448,78
cotton,66,17,83,3.6401040187299898e-05,3.1132566129233112e-05,-0.036820354452405724,0.016711993296835804,-0.28482220124207241,official,2656,2870
coulee,16,14,30,8.8244945908605804e-06,2.5638583871133151e-05,0.31750941400422583,0.044466987050365905,1.5056975871977496,short,1388,4137
council,431,112,543,0.00023770982304130691,0.00020510867096906521,-0.034827001716033479,0.0025539956164652858,-0.68913770706140243,official,2980,2546
counsel,132,52,184,7.2802080374599797e-05,9.522902580706599e-05,0.07005214372976809,0.0074024290241902161,0.81420601057533792,short,1861,3665
counseling,347,149,496,0.00019138122643928886,0.00027286778548563139,0.094260386480337743,0.0027372112226276423,1.8016692244254544,short,1191,4335
counselors,25,7,32,1.3788272798219658e-05,1.2819291935566576e-05,-0.017532802637411748,0.043185469178498512,-0.084368926446948711,official,2497,3028
count,35,27,62,1.9303581917507522e-05,4.9445840322899649e-05,0.27588983379871657,0.021545817303267288,1.8795514183545361,short,1151,4375
counter,27,7,34,1.4891334622077231e-05,1.2819291935566576e-05,-0.035345248692845388,0.040784270414206659,-0.17501879641426113,official,2572,2950
counterfeit,27,24,51,1.4891334622077231e-05,4.3951858064799688e-05,0.32274346431470669,0.026154430047667945,1.9956520666954367,short,1088,4437
counterfeiting,20,20,40,1.1030618238575727e-05,3.6626548387333073e-05,0.36196332847746149,0.033333917224343847,1.9825374362568102,short,1095,4430
counterintelligence,22,11,33,1.21336800624333e-05,2.014460161303319e-05,0.13881546816249291,0.040909674797918495,0.68631714548552736,short,1953,3571
countermeasures,22,4,26,1.21336800624333e-05,7.3253096774666146e-06,-0.10804775096748642,0.054167250553433403,-0.4642451072996992,official,2794,2730
counterterrorism,19,36,55,1.047908732664694e-05,6.5927787097199531e-05,0.56876505694642532,0.024503108398012261,3.6334761703333158,short,492,5034
countervailing,40,2,42,2.2061236477151454e-05,3.6626548387333073e-06,-0.26057706519228141,0.03492297856887086,-1.3943780889413113,official,3674,1852
counties,147,7,154,8.1075044053531594e-05,1.2819291935566576e-05,-0.26376556928309647,0.009534023177259085,-2.7013446839292365,official,4780,746
countries,1057,24,1081,0.00058296817390872716,4.3951858064799688e-05,-0.29820055724432493,0.0013732883573874036,-8.0468810503355162,official,5420,106
country,397,37,434,0.00021895777203572816,6.7759114516566192e-05,-0.20585169978701146,0.0033270956689596186,-3.5687967355909134,official,5038,488
counts,5,22,27,2.7576545596439317e-06,4.028920322606638e-05,0.78805064841939476,0.05165874715340487,3.4672263624177964,short,534,4992
county,525,107,632,0.00028955372876261282,0.00019595203387223195,-0.086353691404760013,0.0022180682425405034,-1.8335529466737592,official,4224,1302
couples,42,1,43,2.3164298301009027e-05,1.8313274193666537e-06,-0.29650979345681705,0.03449256250017662,-1.5965271645048911,official,3957,1566
course,78,3,81,4.3019411130445331e-05,5.493982258099961e-06,-0.27613954217394188,0.018194653980403905,-2.0471831585461642,official,4409,1116
courses,55,0,55,3.0334200156083247e-05,0,-0.3311975571242094,0.027273311166017691,-2.0054793342462425,official,4376,1148
court,541,203,744,0.00029837822335347338,0.0003717594661314307,0.056760138934789595,0.0018347603923409596,1.3251156150283347,short,1516,4010
courts,474,126,600,0.00026142565225424473,0.00023074725484019837,-0.029645722887089221,0.0023090931929833506,-0.61693770593882191,official,2912,2614
cover,150,3,153,8.2729636789317945e-05,5.493982258099961e-06,-0.30193866828530425,0.009711170359605021,-3.063958994847567,official,4917,609
coverage,2710,458,3168,0.0014946487713270111,0.00083874795806992736,-0.12129033071514606,0.00044649653195627292,-5.7400692941464753,official,5321,205
coverdell,33,13,46,1.8200520093649949e-05,2.3807256451766497e-05,0.070048021808300831,0.029607964282457655,0.40709109368106899,short,2165,3360
covered,289,9,298,0.00015939243354741925,1.6481946774299883e-05,-0.28625503792836149,0.0049614904535606888,-4.063937860137627,official,5149,377
covering,30,3,33,1.6545927357863591e-05,5.493982258099961e-06,-0.19766143956738702,0.043651377539132945,-0.94606935961476091,official,3175,2349
crack,36,6,42,1.9855112829436307e-05,1.0987964516199922e-05,-0.12355293206598716,0.033654430044468907,-0.673491216655139,official,2969,2556
crash,19,6,25,1.047908732664694e-05,1.0987964516199922e-05,0.011754751763856319,0.054985921130057187,0.050128846320716028,short,2408,3114
create,1228,19,1247,0.00067727995984854963,3.4795220967966419e-05,-0.30857852720722612,0.0011945139922934882,-8.9283268622257737,official,5445,81
created,85,3,88,4.6880127513946835e-05,5.493982258099961e-06,-0.28048517284428343,0.016769941710995283,-2.1659285789330531,official,4501,1026
creating,177,46,223,9.7620971411395175e-05,8.4241061290866068e-05,-0.034799389839598405,0.0062180560542673489,-0.44131055305667433,official,2772,2754
creation,418,262,680,0.00023053992118623269,0.00047980778387406327,0.20877780596704199,0.00197290199283875,4.700364889631504,short,297,5229
credentials,25,2,27,1.3788272798219658e-05,3.6626548387333073e-06,-0.22199331323622573,0.053714111738336921,-0.95784600877510939,official,3188,2339
credit,4785,1393,6178,0.0026390754135792427,0.0025510390951777487,-0.0082653795239808758,0.00022388426735560983,-0.55239661916157146,official,2876,2650
creditable,29,0,29,1.5994396445934803e-05,0,-0.33119404326834001,0.051724721818257192,-1.456241606872426,official,3773,1742
credited,25,0,25,1.3788272798219658e-05,0,-0.33119350268180803,0.060000583886289226,-1.3520852339749585,official,3598,1923
creditors,68,0,68,3.7504102011157468e-05,0,-0.33119931408035796,0.022059407425736092,-2.2299365591132045,official,4532,991
credits,314,24,338,0.0001731807063456389,4.3951858064799688e-05,-0.22647496346016283,0.004296757231323443,-3.4550138287648555,official,5014,512
creek,128,82,210,7.0595956726884643e-05,0.00015016884838806561,0.21568446309410483,0.0063838213503749769,2.6994699616852253,short,764,4762
crew,31,14,45,1.7097458269792376e-05,2.5638583871133151e-05,0.10876325302642975,0.030107631171026154,0.6268215152874701,short,1993,3532
crime,1090,451,1541,0.00060116869400237707,0.00082592866613436086,0.083787323631468347,0.00088267591837933024,2.8201855249933137,short,722,4804
crimes,443,170,613,0.00024432819398445234,0.00031132566129233111,0.062862709152492258,0.0022246929390675675,1.3327787368422035,short,1511,4015
criminal,1314,328,1642,0.00072471161827442521,0.00060067539355226245,-0.043876817965880832,0.00084649349037108448,-1.5080762927292235,official,3865,1661
criminals,80,20,100,4.4122472954302907e-05,3.6626548387333073e-05,-0.043509888435799837,0.013889472793902175,-0.36918588551943593,official,2714,2811
crises,26,0,26,1.4339803710148445e-05,0,-0.33119363782827449,0.057692891578830292,-1.3788620927062918,official,3648,1869
crisis,117,54,171,6.4529116695667999e-05,9.8891680645799297e-05,0.11510539917297535,0.0079172505903262226,1.2936252971913751,short,1548,3978
criteria,189,12,201,0.00010423934235454062,2.1975929032399844e-05,-0.24291767589555846,0.0072595221729515836,-2.8510517434396525,official,4846,680
critical,342,129,471,0.00018862357187964492,0.00023624123709829834,0.058167272443981233,0.0028972629650569838,1.0806492142633624,short,1681,3845
crop,243,73,316,0.00013402201159869507,0.00013368690161376571,-0.00061315515725546277,0.0043601868117210145,-0.0092857681740288675,official,2450,3076
crops,193,3,196,0.00010644546600225576,5.493982258099961e-06,-0.30834220090053854,0.0075964036419257711,-3.5377647581933291,official,5030,496
cross,38,18,56,2.095817465329388e-05,3.2963893548599766e-05,0.12273030931341289,0.024152395280476389,0.78971743246523374,short,1877,3649
cross-border,15,12,27,8.2729636789317955e-06,2.1975929032399844e-05,0.28785244207683647,0.049451133338037835,1.2944396089710888,short,1542,3982
crossing,24,32,56,1.3236741886290871e-05,5.8602477419732917e-05,0.45727835271426898,0.02386422025911334,2.9601043302463319,short,676,4850
crossroads,12,16,28,6.6183709431454357e-06,2.9301238709866458e-05,0.45727279444237112,0.047727856615238637,2.0930972063083888,short,1030,4494
crow,19,14,33,1.047908732664694e-05,2.5638583871133151e-05,0.26086465427209049,0.040507948864460769,1.2961197012830836,short,1537,3988
crude,183,34,217,0.0001009301568829679,6.2265132258466224e-05,-0.10406402656787073,0.0064846476781951819,-1.2922824118732417,official,3524,2002
cruelty,19,6,25,1.047908732664694e-05,1.0987964516199922e-05,0.011754751763856319,0.054985921130057187,0.050128846320716028,short,2409,3115
cruise,35,36,71,1.9303581917507522e-05,6.5927787097199531e-05,0.37135822170776756,0.01878034055589612,2.7098254158977215,short,756,4770
cruz,16,11,27,8.8244945908605804e-06,2.014460161303319e-05,0.23834587437592525,0.049572187314599933,1.0705047481551244,short,1689,3835
cuba,228,79,307,0.0001257490479197633,0.00014467486612996565,0.035532317140079428,0.0044604164105641261,0.53202963900280165,short,2070,3456
cuban,46,32,78,2.537042194872417e-05,5.8602477419732917e-05,0.24216399993774651,0.017156009120552672,1.8488490192078251,short,1170,4356
cultural,230,87,317,0.00012685210974362085,0.00015932548548489887,0.058931090187298807,0.0043039850494045297,0.89827455604266815,short,1807,3719
culture,87,37,124,4.7983189337804412e-05,6.7759114516566192e-05,0.091508134035793276,0.010951100528766864,0.87444161321746616,short,1825,3701
curb,47,2,49,2.5921952860652958e-05,3.6626548387333073e-06,-0.27057095662737751,0.03002509369593381,-1.5614892240140208,official,3924,1601
cure,38,29,67,2.095817465329388e-05,5.3108495161632956e-05,0.27235277595334395,0.019941060088337213,1.9286689337802254,short,1129,4397
cures,9,20,29,4.9637782073590768e-06,3.6626548387333073e-05,0.61619895343250697,0.046724536627433748,2.8506799082019021,short,714,4812
curfew,17,17,34,9.376025502789367e-06,3.1132566129233112e-05,0.36196238766737743,0.039216270163936973,1.8278068536516698,short,1179,4346
currency,103,65,168,5.680768392866499e-05,0.00011903628225883249,0.21089193839642029,0.0079824663175620831,2.3604316608776039,short,895,4631
current,395,1,396,0.00021785471021187059,1.8313274193666537e-06,-0.32745757220871496,0.0037836981637618399,-5.3234943258514278,official,5289,237
currently,118,0,118,6.5080647607596788e-05,0,-0.33120607177932371,0.012712448314773153,-2.9375393281482491,official,4876,649
curricula,26,0,26,1.4339803710148445e-05,0,-0.33119363782827449,0.057692891578830292,-1.3788620927062918,official,3649,1870
curriculum,43,2,45,2.3715829212937812e-05,3.6626548387333073e-06,-0.26523707005844521,0.032640815999395958,-1.4680935079644291,official,3798,1728
curtail,26,0,26,1.4339803710148445e-05,0,-0.33119363782827449,0.057692891578830292,-1.3788620927062918,official,3650,1871
custodial,32,6,38,1.7648989181721161e-05,1.0987964516199922e-05,-0.10235018382866556,0.037013570902676284,-0.53199571478863428,official,2853,2670
custody,109,31,140,6.0116869400237707e-05,5.6771150000366263e-05,-0.013833103320832763,0.0098646013884226714,-0.13927714326367904,official,2537,2989
customer,52,40,92,2.8679607420296889e-05,7.3253096774666146e-05,0.27495660195503291,0.014520785924569018,2.2817554185932361,short,935,4590
customers,102,9,111,5.6256153016736209e-05,1.6481946774299883e-05,-0.21185311289244169,0.013028752920993623,-1.8560233074739245,official,4263,1262
customs,162,62,224,8.9348007732463391e-05,0.00011354230000073253,0.062117426840277545,0.0060877610081514081,0.79613122893212895,short,1874,3652
cut,49,97,146,2.7025014684510531e-05,0.00017763875967856542,0.5820558491208736,0.0092440153861032773,6.0538872471116232,short,183,5343
cuts,39,10,49,2.1509705565222665e-05,1.8313274193666537e-05,-0.037843097318303265,0.028313372798509769,-0.22490073302589084,official,2612,2914
cutting,17,14,31,9.376025502789367e-06,2.5638583871133151e-05,0.29742252029373262,0.043056139444099494,1.4333633838151303,short,1437,4087
cyber,48,59,107,2.6473483772581743e-05,0.00010804831774263257,0.43053971746195252,0.012476293197795554,3.8545211705497482,short,448,5078
cybersecurity,60,39,99,3.3091854715727182e-05,7.1421769355299499e-05,0.22031593196120802,0.013536268893634485,1.8936356341053822,short,1143,4383
cycle,96,6,102,5.2946967545163486e-05,1.0987964516199922e-05,-0.24418902886909422,0.014310348214389836,-2.0412727918910365,official,4400,1126
d,314,58,372,0.0001731807063456389,0.00010621699032326591,-0.10515177346146487,0.0037838913136916787,-1.7094140730192675,official,4092,1434
d.c.,24,3,27,1.3236741886290871e-05,5.493982258099961e-06,-0.16867309181653489,0.052941760357527311,-0.73307197473693009,official,3003,2521
daily,26,3,29,1.4339803710148445e-05,5.493982258099961e-06,-0.17964239347919531,0.049432402069223995,-0.80798439936737965,official,3066,2460
dairy,350,207,557,0.00019303581917507522,0.00037908477580889734,0.1904279947603964,0.0024120203790834903,3.87739733818663,short,438,5088
dakota,92,14,106,5.074084389744834e-05,2.5638583871133151e-05,-0.13882438258005614,0.013384422289885754,-1.1999576957629776,official,3424,2102
dam,113,68,181,6.232299304795286e-05,0.00012453026451693245,0.19584542969426977,0.0074180087280939925,2.2738916724865765,short,940,4586
damage,238,34,272,0.00013126435703905115,6.2265132258466224e-05,-0.14888547631763061,0.0052293421159476348,-2.0588694382082742,official,4425,1101
damaged,82,5,87,4.5225534778160477e-05,9.1566370968332683e-06,-0.24616191978271651,0.016787308881768648,-1.8998981924206333,official,4292,1234
damages,246,17,263,0.00013567660433448143,3.1132566129233112e-05,-0.23572697648137897,0.0055366490565427534,-3.1680044840123993,official,4935,591
dams,41,7,48,2.2612767389080238e-05,1.2819291935566576e-05,-0.11934852777531901,0.029418357130081996,-0.69583754519122543,official,2990,2538
danger,47,0,47,2.5921952860652958e-05,0,-0.33119647592977408,0.031915477508444694,-1.8538945757924572,official,4248,1271
dangerous,76,47,123,4.1916349306587761e-05,8.6072388710232728e-05,0.20446148911914541,0.010908062481346466,1.9576620008116818,short,1110,4415
dangers,29,1,30,1.5994396445934803e-05,1.8313274193666537e-06,-0.28159665338839446,0.049207800946019023,-1.269435123751002,official,3502,2019
daniel,16,22,38,8.8244945908605804e-06,4.028920322606638e-05,0.46732528220310066,0.035185769075851026,2.4913557864791418,short,849,4677
data,690,240,930,0.00038055632923086256,0.00043951858064799688,0.036549109520483292,0.0014725689175431719,0.95244298105400282,short,1769,3757
database,90,24,114,4.963778207359077e-05,4.3951858064799688e-05,-0.028910645493215981,0.012148921504432782,-0.26229434374170546,official,2640,2886
databases,26,1,27,1.4339803710148445e-05,1.8313274193666537e-06,-0.27613341190503782,0.054582794129404595,-1.1819281522976162,official,3406,2115
date,419,29,448,0.00023109145209816148,5.3108495161632956e-05,-0.23560904931368221,0.0032504225829781816,-4.1325874602293524,official,5162,364
dates,48,0,48,2.6473483772581743e-05,0,-0.33119661107868836,0.031250583891656789,-1.8735134540177161,official,4274,1247
dating,37,40,77,2.0406643741365096e-05,7.3253096774666146e-05,0.38794549250338939,0.017319522272436206,2.9478321826017262,short,679,4847
david,16,26,42,8.8244945908605804e-06,4.7614512903532995e-05,0.52103125617006363,0.031947845555129493,2.9150297329080526,short,687,4839
davis-bacon,70,32,102,3.8607163835015045e-05,5.8602477419732917e-05,0.11230727937957319,0.013277223961748798,0.97466252061945846,short,1756,3770
day,199,139,338,0.00010975465147382848,0.00025455451129196486,0.24351093891687192,0.0039592174194533619,3.8700252575245,short,440,5086
daylight,48,37,85,2.6473483772581743e-05,6.7759114516566192e-05,0.27563908975723983,0.015716102206506804,2.1987121930969029,short,975,4550
days,191,0,191,0.00010534240417839818,0,-0.33121593851956632,0.0078539870663925961,-3.7373703558284146,official,5090,436
deadline,66,9,75,3.6401040187299898e-05,1.6481946774299883e-05,-0.15599091603227677,0.018997544384829493,-1.1317501858465742,official,3360,2166
deadlines,26,0,26,1.4339803710148445e-05,0,-0.33119363782827449,0.057692891578830292,-1.3788620927062918,official,3651,1872
deaf,35,22,57,1.9303581917507522e-05,4.028920322606638e-05,0.20962147423142596,0.023528376960592543,1.3665948701793973,short,1487,4040
deal,90,12,102,4.963778207359077e-05,2.1975929032399844e-05,-0.15934664550321287,0.013980847062886487,-1.3476471054603085,official,3584,1942
dealer,35,20,55,1.9303581917507522e-05,3.6626548387333073e-05,0.17963974451979681,0.024445028338955593,1.1489659441674243,short,1628,3898
dealers,148,28,176,8.1626574965460382e-05,5.1277167742266302e-05,-0.10067390262015508,0.0079889644606395901,-1.1263455816266539,official,3354,2172
dealing,39,2,41,2.1509705565222665e-05,3.6626548387333073e-06,-0.25887383567882871,0.035756397843633617,-1.3690246824632681,official,3621,1902
death,597,168,765,0.00032926395442148542,0.00030766300645359781,-0.016352524031809423,0.001806609821096849,-0.3847269527261627,official,2733,2793
deaths,88,6,94,4.85347202497332e-05,1.0987964516199922e-05,-0.23688864516239683,0.015495089397263946,-1.9030368632842734,official,4293,1233
debarment,21,4,25,1.1582149150504513e-05,7.3253096774666146e-06,-0.099389553078838233,0.056222472942005629,-0.41916572724057177,official,2758,2765
debit,19,15,34,1.047908732664694e-05,2.7469911290499805e-05,0.28348960444714955,0.039276671682913107,1.4304405031563923,short,1443,4082
debris,20,9,29,1.1030618238575727e-05,1.6481946774299883e-05,0.10772425389484042,0.046724536626762347,0.49835749394842821,short,2099,3425
debt,615,341,956,0.0003391915108362036,0.00062448265000402889,0.17036853726816314,0.0014081313850262565,4.5401249518356916,short,322,5204
debtor,26,0,26,1.4339803710148445e-05,0,-0.33119363782827449,0.057692891578830292,-1.3788620927062918,official,3652,1873
debts,112,1,113,6.1771462136024071e-05,1.8313274193666537e-06,-0.31795958534002722,0.01321695817589344,-2.7657069693506626,official,4808,718
deceased,95,5,100,5.2395436633234704e-05,9.1566370968332683e-06,-0.25709274730219001,0.014652598556112376,-2.1238923447654861,official,4463,1063
decedent,43,0,43,2.3715829212937812e-05,0,-0.33119593533522895,0.034884304820722481,-1.7732499726578297,official,4164,1361
december,166,1,167,9.1554131380178531e-05,1.8313274193666537e-06,-0.32224344069208399,0.0089559678748747356,-3.405083940869305,official,5003,523
decennial,91,12,103,5.0189312985519558e-05,2.1975929032399844e-05,-0.16097588772224114,0.013850875254395911,-1.3677988044684233,official,3619,1907
decent,28,8,36,1.5442865534006018e-05,1.4650619354933229e-05,-0.012736587067719185,0.038352856616617317,-0.065036058102891037,official,2488,3039
deceptive,133,38,171,7.3353611286528585e-05,6.9590441935932839e-05,-0.012737315107649749,0.0080747466021087021,-0.14174685824510236,official,2540,2987
decision,86,9,95,4.7431658425875623e-05,1.6481946774299883e-05,-0.1921566596416433,0.015140830397012601,-1.5616388087452258,official,3927,1599
decisionmaking,35,3,38,1.9303581917507522e-05,5.493982258099961e-06,-0.21493370181044291,0.038089457928931487,-1.1012910824665918,official,3322,2204
decisions,264,10,274,0.00014560416074919959,1.8313274193666537e-05,-0.27695845958231757,0.0053804467650577269,-3.77576942741692,official,5097,429
declaration,67,14,81,3.6952571099228687e-05,2.5638583871133151e-05,-0.081381098061950041,0.017283656446443217,-0.61902149939340312,official,2916,2610
declare,152,0,152,8.3832698613175522e-05,0,-0.33121066717357728,0.0098690049685603801,-3.3340156315022189,official,4984,542
declared,104,2,106,5.7359214840593779e-05,3.6626548387333073e-06,-0.30303240512898988,0.014021747926478945,-2.5591043502964119,official,4718,808
decline,29,0,29,1.5994396445934803e-05,0,-0.33119404326834001,0.051724721818257192,-1.456241606872426,official,3774,1743
decommissioning,20,21,41,1.1030618238575727e-05,3.8457875806699727e-05,0.37822429809704872,0.032523058772320264,2.0972670494312946,short,1027,4497
decontamination,24,5,29,1.3236741886290871e-05,9.1566370968332683e-06,-0.081975332207479212,0.048280273121712118,-0.37307687146733837,official,2716,2802
decrease,72,5,77,3.9710225658872614e-05,9.1566370968332683e-06,-0.23527748907400969,0.018907115245922586,-1.711069858276308,official,4110,1415
dedicated,48,7,55,2.6473483772581743e-05,1.2819291935566576e-05,-0.14564089249427958,0.025838354015859856,-0.90604738133968055,official,3136,2390
dedication,23,2,25,1.2685210974362085e-05,3.6626548387333073e-06,-0.21340929925272434,0.057870954256781661,-0.8871213225527651,official,3125,2394
deduct,46,0,46,2.537042194872417e-05,0,-0.33119634078096993,0.032609279543363956,-1.8340658647799333,official,4227,1295
deductibility,38,19,57,2.095817465329388e-05,3.4795220967966419e-05,0.13881689581420886,0.023684794421232652,0.90200203811055357,short,1804,3722
deductible,96,11,107,5.2946967545163486e-05,2.014460161303319e-05,-0.1805723361144711,0.013401268551668321,-1.5598335655856403,official,3920,1606
deductibles,31,0,31,1.7097458269792376e-05,0,-0.3311943135622748,0.048387680661882995,-1.5056203243148938,official,3845,1666
deduction,1282,80,1362,0.00070706262909270409,0.00014650619354933229,-0.24444225946078646,0.0010722803053894389,-7.4648678649213842,official,5397,129
deductions,242,4,246,0.0001334704806867663,7.3253096774666146e-06,-0.3069283444358053,0.0060497642659817618,-3.9460971280955368,official,5130,396
deem,42,0,42,2.3164298301009027e-05,0,-0.33119580018686889,0.03571486960454226,-1.7525091193635514,official,4139,1378
deemed,185,0,185,0.00010203321870682547,0,-0.33121512753223925,0.0081086920317390392,-3.6781950950392281,official,5068,459
deep,39,42,81,2.1509705565222665e-05,7.6915751613399453e-05,0.38666324592187884,0.016463998536068204,3.0134586252909603,short,656,4870
deep-draft,29,3,32,1.5994396445934803e-05,5.493982258099961e-06,-0.19357131916931714,0.044965455082485319,-0.91285439989954598,official,3145,2377
deepwater,57,20,77,3.1437261979940824e-05,3.6626548387333073e-05,0.038829506647482859,0.01777254881732512,0.29126413762478665,short,2240,3286
default,58,34,92,3.1988792891869606e-05,6.2265132258466224e-05,0.18761108837477991,0.01460375850717536,1.5524805988281678,short,1363,4163
defects,44,16,60,2.42673601248666e-05,2.9301238709866458e-05,0.048300731149685916,0.022773863247660602,0.32006291085818772,short,2229,3297
defend,26,25,51,1.4339803710148445e-05,4.5783185484166341e-05,0.34889267979448846,0.02614549161773792,2.1577118730352121,short,989,4537
defendants,50,0,50,2.7576545596439316e-05,0,-0.33119688137685088,0.030000583892123546,-1.912147478136577,official,4300,1221
defending,14,24,38,7.7214327670030089e-06,4.3951858064799688e-05,0.53785660079039133,0.035360385379621662,2.8602764346500584,short,710,4816
defense,2025,826,2851,0.0011168500966557923,0.001512676448396856,0.079826156172429386,0.00047763157089028834,3.6525713199339958,short,486,5040
defer,62,0,62,3.4194916539584752e-05,0,-0.33119850317518207,0.024194132282020834,-2.129282770545442,official,4469,1051
deferment,16,11,27,8.8244945908605804e-06,2.014460161303319e-05,0.23834587437592525,0.049572187314599933,1.0705047481551244,short,1690,3836
deferral,36,54,90,1.9855112829436307e-05,9.8891680645799297e-05,0.49550781651861264,0.014881536285707186,4.061875670043035,short,410,5116
deferred,88,14,102,4.85347202497332e-05,2.5638583871133151e-05,-0.1314824351139432,0.013884431455023084,-1.1158445289955286,official,3333,2192
deficiencies,26,0,26,1.4339803710148445e-05,0,-0.33119363782827449,0.057692891578830292,-1.3788620927062918,official,3653,1874
deficiency,60,9,69,3.3091854715727182e-05,1.6481946774299883e-05,-0.14115059127225393,0.020573034702115973,-0.98408706271834179,official,3211,2314
deficit,453,158,611,0.00024984350310374023,0.00028934973225993129,0.037267038979011957,0.0022408237738196523,0.78726516635188504,short,1878,3648
deficits,30,6,36,1.6545927357863591e-05,1.0987964516199922e-05,-0.09002942914793266,0.038961622850261481,-0.45610620167917837,official,2778,2744
define,128,1,129,7.0595956726884643e-05,1.8313274193666537e-06,-0.31960142847954209,0.011583942186587093,-2.9694807965632437,official,4888,640
defined,100,8,108,5.5153091192878632e-05,1.4650619354933229e-05,-0.22200075700504662,0.013428965869012641,-1.9157250157863721,official,4308,1218
definition,465,12,477,0.00025646187404688563,2.1975929032399844e-05,-0.29374319686681005,0.0031071448928412762,-5.2697142247143729,official,5285,241
definitions,36,1,37,1.9855112829436307e-05,1.8313274193666537e-06,-0.29092064141968699,0.040015003499821226,-1.4543304820808742,official,3760,1762
defray,58,0,58,3.1988792891869606e-05,0,-0.33119796257395784,0.025862652859507791,-2.0594493774876743,official,4430,1095
degree,66,5,71,3.6401040187299898e-05,9.1566370968332683e-06,-0.22729720503041229,0.020457748707164446,-1.5891510369297184,official,3955,1571
degrees,49,7,56,2.7025014684510531e-05,1.2819291935566576e-05,-0.14887204822389677,0.025397409290776444,-0.9341539502059486,official,3166,2360
del,27,19,46,1.4891334622077231e-05,3.4795220967966419e-05,0.24588976246984906,0.029083829413951413,1.4418319769335377,short,1426,4099
delaware,62,32,94,3.4194916539584752e-05,5.8602477419732917e-05,0.14838893712059686,0.014347348251109792,1.2388413821962734,short,1575,3950
delay,198,22,220,0.00010920312056189969,4.028920322606638e-05,-0.18460353764189463,0.0065251598357093108,-2.2853064332652848,official,4574,952
delayed,45,4,49,2.4818891036795385e-05,7.3253096774666146e-06,-0.21105009881760317,0.029506806292776622,-1.2286394533718421,official,3458,2068
delays,39,5,44,2.1509705565222665e-05,9.1566370968332683e-06,-0.16506628015534375,0.032456939927418937,-0.91623014936099856,official,3153,2373
delegate,46,8,54,2.537042194872417e-05,1.4650619354933229e-05,-0.11608137121115902,0.026129616151609844,-0.71811833388916047,official,2996,2529
delegation,32,1,33,1.7648989181721161e-05,1.8313274193666537e-06,-0.28607356468799772,0.044796963978714965,-1.3516163506585397,official,3585,1938
delimiting,34,1,35,1.8752051005578734e-05,1.8313274193666537e-06,-0.28863465584402803,0.042271115289650156,-1.4038691211362171,official,3680,1842
delinquency,150,48,198,8.2729636789317945e-05,8.7903716129599375e-05,0.015087380591568333,0.0069391877983924601,0.18111712901804933,short,2315,3211
delinquent,58,6,64,3.1988792891869606e-05,1.0987964516199922e-05,-0.19357389222697208,0.022483019492946725,-1.2909798510688484,official,3520,2005
deliver,30,5,35,1.6545927357863591e-05,9.1566370968332683e-06,-0.12355256992935537,0.040385199273543497,-0.61480963961966373,official,2906,2616
delivered,43,4,47,2.3715829212937812e-05,7.3253096774666146e-06,-0.20603099740958619,0.030719538140033573,-1.1755070118919553,official,3391,2133
delivery,577,88,665,0.0003182333361829097,0.00016115681290426552,-0.13849447794201453,0.0021337582684644307,-2.9981948166809529,official,4896,630
delta,36,27,63,1.9855112829436307e-05,4.9445840322899649e-05,0.26665412762135077,0.021212705108926644,1.8308395407730578,short,1177,4349
demand,94,23,117,5.1843905721305916e-05,4.2120530645433034e-05,-0.04826103703480733,0.011882777544912118,-0.44272869004673332,official,2773,2753
democracies,18,10,28,9.9275564147181536e-06,1.8313274193666537e-05,0.17090387454864064,0.048055503796066504,0.77961527811124665,short,1887,3640
democracy,152,242,394,8.3832698613175522e-05,0.00044318123548673022,0.51462471198166071,0.0034044128627187791,8.8200190995137966,short,95,5431
democratic,86,17,103,4.7431658425875623e-05,3.1132566129233112e-05,-0.09230220977287118,0.013624922529868952,-0.79076070081988048,official,3054,2472
demonstrate,149,0,149,8.2178105877389157e-05,0,-0.33121026169243883,0.01006769800918835,-3.3009480828925608,official,4971,554
demonstrated,47,0,47,2.5921952860652958e-05,0,-0.33119647592977408,0.031915477508444694,-1.8538945757924572,official,4249,1272
demonstration,1269,508,1777,0.00069989272723762984,0.00093031432903826008,0.074550330266839104,0.00076652049704061019,2.6926982339188017,short,771,4755
demonstrations,84,2,86,4.6328596602018054e-05,3.6626548387333073e-06,-0.29651502103086536,0.017246573205460081,-2.2578510640531593,official,4557,969
denali,26,11,37,1.4339803710148445e-05,2.014460161303319e-05,0.090024763413236286,0.036706933096110277,0.46988105868565605,short,2123,3403
denial,56,15,71,3.0885731068012036e-05,2.7469911290499805e-05,-0.027883570717353479,0.019502506622715687,-0.19966556475213201,official,2598,2928
denied,45,0,45,2.4818891036795385e-05,0,-0.33119620563227947,0.033333917224290008,-1.8140204400668125,official,4207,1313
denies,45,0,45,2.4818891036795385e-05,0,-0.33119620563227947,0.033333917224290008,-1.8140204400668125,official,4208,1314
density,34,8,42,1.8752051005578734e-05,1.4650619354933229e-05,-0.056754283361103219,0.033158478627586939,-0.31167455360946644,official,2672,2851
dental,196,90,286,0.00010810005873804212,0.00016481946774299884,0.11361598570861453,0.0047348472174651643,1.6511497219195055,short,1308,4218
dentists,29,10,39,1.5994396445934803e-05,1.8313274193666537e-05,0.034270217650618662,0.035114629508414076,0.18288278107560013,short,2313,3212
deny,251,1,252,0.00013843425889412537,1.8313274193666537e-06,-0.32527710065786053,0.0059412246798672824,-4.2200296470186256,official,5171,355
denying,38,12,50,2.095817465329388e-05,2.1975929032399844e-05,0.011754876459855623,0.027493252514556851,0.070893269965188674,short,2393,3134
department,4635,934,5569,0.0025563457767899247,0.0017104598096884546,-0.088766891977027917,0.00025236120493065512,-5.5877853909176629,official,5314,212
departments,377,111,488,0.00020792715379715245,0.00020327734354969856,-0.0055119919083619351,0.0028261024471019315,-0.10368468695790349,official,2512,3014
dependence,93,7,100,5.1292374809377128e-05,1.2819291935566576e-05,-0.22791372553063027,0.014527725447002225,-1.8909135258655034,official,4285,1241
dependency,209,14,223,0.00011526996059311635,2.5638583871133151e-05,-0.23843035534104295,0.0065348080308701073,-2.9494777815884214,official,4879,647
dependent,478,65,543,0.00026363177590195988,0.00011903628225883249,-0.15644131849963472,0.0026247527827552922,-3.0535656754557858,official,4911,615
dependents,383,38,421,0.00021123633926872516,6.9590441935932839e-05,-0.19862671671181431,0.0034230143130388165,-3.394949404054207,official,5000,526
depicting,45,0,45,2.4818891036795385e-05,0,-0.33119620563227947,0.033333917224290008,-1.8140204400668125,official,4209,1315
depleted,21,9,30,1.1582149150504513e-05,1.6481946774299883e-05,0.093694270539590008,0.045249452666285939,0.44045989319246137,short,2139,3385
depletion,35,2,37,1.9303581917507522e-05,3.6626548387333073e-06,-0.25115124899491015,0.03953049841912628,-1.2631915074179241,official,3492,2034
deployed,30,7,37,1.6545927357863591e-05,1.2819291935566576e-05,-0.058546842134385102,0.037653229751118011,-0.30171879056367257,official,2666,2858
deployment,220,77,297,0.00012133680062433299,0.00014101221129123232,0.038174801156346305,0.0046086167227065832,0.56233030351687396,short,2041,3485
deportation,50,24,74,2.7576545596439316e-05,4.3951858064799688e-05,0.12664698219890802,0.018269181660874809,0.93699073925229104,short,1775,3751
deposit,482,128,610,0.00026583789954967503,0.00023440990967893167,-0.029872978101955994,0.0022713484965453594,-0.62681103500318036,official,2921,2605
deposited,47,0,47,2.5921952860652958e-05,0,-0.33119647592977408,0.031915477508444694,-1.8538945757924572,official,4250,1273
deposition,72,50,122,3.9710225658872614e-05,9.1566370968332683e-05,0.24160608142545748,0.010969176575608853,2.3068579243822547,short,923,4603
depositor,7,26,33,3.8607163835015045e-06,4.7614512903532995e-05,0.75062576760776523,0.041949736432116011,3.6648723342753708,short,480,5045
depository,431,76,507,0.00023770982304130691,0.00013918088387186568,-0.11362985419424909,0.0027819479506686015,-2.154358374717849,official,4491,1035
deposits,171,13,184,9.4311785939822458e-05,2.3807256451766497e-05,-0.226974281536231,0.0078936274646214388,-2.5546907583602243,official,4717,809
depreciable,50,0,50,2.7576545596439316e-05,0,-0.33119688137685088,0.030000583892123546,-1.912147478136577,official,4301,1222
depreciation,194,35,229,0.00010699699691418455,6.4096459677832885e-05,-0.109476532481807,0.0061525289177694325,-1.3957068226319662,official,3677,1849
depressed,49,6,55,2.7025014684510531e-05,1.0987964516199922e-05,-0.1715639081714837,0.02600941113199207,-1.0638016778298824,official,3298,2229
depression,43,18,61,2.3715829212937812e-05,3.2963893548599766e-05,0.087016275975205559,0.022274196359275217,0.58304150361082852,short,2027,3498
deprived,30,0,30,1.6545927357863591e-05,0,-0.33119417841525234,0.050000583887456082,-1.4811367452309805,official,3808,1705
deputy,26,0,26,1.4339803710148445e-05,0,-0.33119363782827449,0.057692891578830292,-1.3788620927062918,official,3654,1875
deregulation,31,77,108,1.7097458269792376e-05,0.00014101221129123232,0.64786931320705143,0.012600233920081711,5.7716249997140485,short,192,5334
derivatives,33,28,61,1.8200520093649949e-05,5.1277167742266302e-05,0.30730674907263733,0.021874836824919912,2.0777806014304718,short,1042,4484
derived,120,0,120,6.6183709431454364e-05,0,-0.33120634209307198,0.012500583908460271,-2.962330393613462,official,4885,641
desalination,18,11,29,9.9275564147181536e-06,2.014460161303319e-05,0.20069141245862632,0.046277179632574945,0.93292202875464714,short,1782,3747
descendants,35,3,38,1.9303581917507522e-05,5.493982258099961e-06,-0.21493370181044291,0.038089457928931487,-1.1012910824665918,official,3323,2205
described,29,0,29,1.5994396445934803e-05,0,-0.33119404326834001,0.051724721818257192,-1.456241606872426,official,3775,1744
describing,35,0,35,1.9303581917507522e-05,0,-0.33119485415147842,0.042857726745765795,-1.5998122380313102,official,3968,1553
desegregation,25,11,36,1.3788272798219658e-05,2.014460161303319e-05,0.10123235157874788,0.037670622257159371,0.5215763950950868,short,2078,3448
desert,66,71,137,3.6401040187299898e-05,0.00013002424677503242,0.38631209937781108,0.0097343845988383682,3.9154714362395584,short,430,5096
design,258,59,317,0.00014229497527762686,0.00010804831774263257,-0.062832233608466126,0.0043992888609109175,-0.94730811816182081,official,3179,2347
designate,1070,0,1070,0.00059013807576380141,0,-0.33133479147925904,0.0014024532891444333,-8.8475461829598068,official,5443,83
designated,237,3,240,0.00013071282612712236,5.493982258099961e-06,-0.31252867691091701,0.0062122463328001644,-3.9652040325712905,official,5135,390
designating,213,2,215,0.00011747608424083149,3.6626548387333073e-06,-0.3172966761289544,0.0069453274597615416,-3.8073180629896437,official,5102,424
designation,246,132,378,0.00013567660433448143,0.00024173521935639828,0.16024340600630538,0.0035639323930292,2.6842035037012377,short,773,4752
designations,38,3,41,2.095817465329388e-05,5.493982258099961e-06,-0.22330495135709327,0.035386084465580274,-1.1870857670701209,official,3415,2111
designed,351,6,357,0.00019358735008700401,1.0987964516199922e-05,-0.30612895251013938,0.0041678342793151895,-4.7418649866095972,official,5231,295
designs,35,1,36,1.9303581917507522e-05,1.8313274193666537e-06,-0.28980918924731647,0.041112117958197893,-1.42931261427018,official,3726,1800
destruction,93,15,108,5.1292374809377128e-05,2.7469911290499805e-05,-0.1291693337522215,0.013105789585497643,-1.1283084068028835,official,3355,2171
detained,58,1,59,3.1988792891869606e-05,1.8313274193666537e-06,-0.30587970584555357,0.025214259107960175,-1.9263161164136087,official,4316,1212
detainees,27,2,29,1.4891334622077231e-05,3.6626548387333073e-06,-0.22941018118383205,0.05011579126061666,-1.0247676145661024,official,3255,2269
detect,66,1,67,3.6401040187299898e-05,1.8313274193666537e-06,-0.30889283751879759,0.022225263241574363,-2.07197438164502,official,4434,1092
detection,165,106,271,9.1002600468249742e-05,0.0001941207064528653,0.21658527096761482,0.0049466818257256455,3.0794413014791533,short,634,4892
detectors,27,0,27,1.4891334622077231e-05,0,-0.33119377297485109,0.055556139442311518,-1.4051287926382199,official,3694,1823
detention,125,64,189,6.8941363991098292e-05,0.00011720495483946583,0.14596538648634372,0.0071378664742278849,1.7276894122861395,short,1255,4271
deter,101,4,105,5.5704622104807421e-05,7.3253096774666146e-06,-0.27458308513098828,0.014029264763847952,-2.3182289479537741,official,4592,934
determination,181,22,203,9.9827095059110328e-05,4.028920322606638e-05,-0.17259968390252389,0.007049195040286174,-2.055749685653256,official,4419,1107
determinations,204,4,208,0.00011251230603347242,7.3253096774666146e-06,-0.30250579473983841,0.00714474952733825,-3.5788227888477504,official,5042,484
determine,471,0,471,0.00025977105951845836,0,-0.33125378905277181,0.0031852973661876355,-5.8692939867150118,official,5332,194
determined,148,0,148,8.1626574965460382e-05,0,-0.33121012653228021,0.010135719050130361,-3.289851725500792,official,4967,558
determines,55,0,55,3.0334200156083247e-05,0,-0.3311975571242094,0.027273311166017691,-2.0054793342462425,official,4377,1149
determining,422,0,422,0.00023274604483394782,0,-0.33124716457928471,0.0035550863486205979,-5.5555504098227377,official,5310,216
deterrence,10,76,86,5.5153091192878634e-06,0.00013918088387186568,0.88523795412075756,0.016590090078003723,6.8728308233772371,short,140,5386
develop,1086,10,1096,0.00059896257035466191,1.8313274193666537e-05,-0.31767727073398788,0.0013630384110281935,-8.6046279244950998,official,5433,93
developed,68,0,68,3.7504102011157468e-05,0,-0.33119931408035796,0.022059407425736092,-2.2299365591132045,official,4533,992
developing,371,44,415,0.00020461796832557972,8.0578406452132761e-05,-0.17597992499537618,0.0034514978485203252,-2.9954310325993072,official,4895,631
development,6553,2377,8930,0.003614182065869337,0.0043530652758345355,0.047818153742510638,0.00015361387327504059,3.8581364583448856,short,445,5081
developmental,113,33,146,6.232299304795286e-05,6.0433804839099571e-05,-0.0074856622984640353,0.0094481799563175452,-0.077011601089592957,official,2494,3032
developments,51,0,51,2.8128076508368104e-05,0,-0.3311970165261009,0.029412348598239272,-1.931174702006593,official,4319,1204
device,117,100,217,6.4529116695667999e-05,0.00018313274193666537,0.3097469020314314,0.006149170045744363,3.9500147735899089,short,422,5104
devices,518,27,545,0.0002856930123791113,4.9445840322899649e-05,-0.2578122320394165,0.0026895695299102283,-4.9712102438751318,official,5260,266
diabetes,263,154,417,0.0001450526298372708,0.00028202442258246465,0.18728703672101155,0.0032224857075952512,3.2992271561404012,short,571,4955
diabetic,19,15,34,1.047908732664694e-05,2.7469911290499805e-05,0.28348960444714955,0.039276671682913107,1.4304405031563923,short,1444,4083
diagnosed,44,4,48,2.42673601248666e-05,7.3253096774666146e-06,-0.20859195341924064,0.030100918340061469,-1.2022856911007151,official,3426,2096
diagnosis,158,22,180,8.7141884084748238e-05,4.028920322606638e-05,-0.15283262292541977,0.0079096588549685543,-1.7184511466658081,official,4114,1412
diagnostic,79,20,99,4.3570942042374119e-05,3.6626548387333073e-05,-0.040704702358155487,0.014021922777407603,-0.34374848907706457,official,2702,2824
dialysis,20,21,41,1.1030618238575727e-05,3.8457875806699727e-05,0.37822429809704872,0.032523058772320264,2.0972670494312946,short,1028,4498
die,106,0,106,5.8462276664451348e-05,0,-0.33120444990619369,0.014151527301419267,-2.7841620301307564,official,4817,709
died,35,0,35,1.9303581917507522e-05,0,-0.33119485415147842,0.042857726745765795,-1.5998122380313102,official,3969,1554
diego,39,14,53,2.1509705565222665e-05,2.5638583871133151e-05,0.04486211058245182,0.025795522245397832,0.27932354109071916,short,2262,3264
dies,61,0,61,3.3643385627655964e-05,0,-0.33119836802470992,0.02459074782911691,-2.1120408799705559,official,4458,1066
diesel,74,21,95,4.0813287482730191e-05,3.8457875806699727e-05,-0.014352044491404925,0.014538433322393426,-0.1190295981831274,official,2522,3004
dietary,103,41,144,5.680768392866499e-05,7.5084424194032807e-05,0.072929023645359692,0.0094545723179211023,0.75003141701798826,short,1908,3618
differences,36,1,37,1.9855112829436307e-05,1.8313274193666537e-06,-0.29092064141968699,0.040015003499821226,-1.4543304820808742,official,3761,1763
different,39,0,39,2.1509705565222665e-05,0,-0.33119539474246373,0.038462122351094884,-1.6887589620191619,official,4074,1447
differential,36,5,41,1.9855112829436307e-05,9.1566370968332683e-06,-0.1532095903923878,0.034726727312123944,-0.82215560720049319,official,3076,2449
digestive,62,14,76,3.4194916539584752e-05,2.5638583871133151e-05,-0.065489054979826378,0.018358071821751188,-0.4833427305560189,official,2806,2720
digital,154,134,288,8.4935760437033098e-05,0.0002453978741951316,0.31569181201691698,0.0046326956412122856,4.6381675537441378,short,308,5218
dignity,12,34,46,6.6183709431454357e-06,6.2265132258466224e-05,0.68355431624217822,0.029741963203610122,3.963585344911051,short,419,5107
dioxide,87,4,91,4.7983189337804412e-05,7.3253096774666146e-06,-0.26595956511166285,0.016144877219499799,-2.093139824927432,official,4443,1082
diplomacy,20,24,44,1.1030618238575727e-05,4.3951858064799688e-05,0.42258974528762039,0.030331466245129338,2.4264550567107901,short,872,4654
diplomatic,86,40,126,4.7431658425875623e-05,7.3253096774666146e-05,0.11736489765074865,0.010741661429919813,1.132406867748782,short,1640,3886
dire,18,19,37,9.9275564147181536e-06,3.4795220967966419e-05,0.3799816555195985,0.036039544929210403,2.001580131151516,short,1086,4440
direct,3173,47,3220,0.0017500075835500391,8.6072388710232728e-05,-0.30978271509612743,0.00046309693650436996,-14.395316829886776,official,5496,30
directed,46,5,51,2.537042194872417e-05,9.1566370968332683e-06,-0.1874062042718414,0.028167005100320414,-1.1166411502247158,official,3335,2189
directing,97,2,99,5.3498498457092274e-05,3.6626548387333073e-06,-0.30104929784300971,0.015003614819017658,-2.4577610962497647,official,4683,843
direction,36,6,42,1.9855112829436307e-05,1.0987964516199922e-05,-0.12355293206598716,0.033654430044468907,-0.673491216655139,official,2970,2557
directives,34,8,42,1.8752051005578734e-05,1.4650619354933229e-05,-0.056754283361103219,0.033158478627586939,-0.31167455360946644,official,2673,2852
directly,118,0,118,6.5080647607596788e-05,0,-0.33120607177932371,0.012712448314773153,-2.9375393281482491,official,4877,650
director,333,1,334,0.00018365979367228585,1.8313274193666537e-06,-0.32674701780909388,0.0044849089601491149,-4.879044921297397,official,5252,274
directors,87,10,97,4.7983189337804412e-05,1.8313274193666537e-05,-0.1801571370650219,0.014781160904921768,-1.4818259616814595,official,3825,1701
disabilities,716,145,861,0.000394896132941011,0.0002655424758081648,-0.087616887279319045,0.0016287352846008696,-2.1710137182004492,official,4504,1022
disability,1140,246,1386,0.00062874523959881637,0.00045050654516419681,-0.074917410861676359,0.001009212135835384,-2.3582591471386576,official,4625,901
disabled,542,199,741,0.00029892975426540217,0.00036443415645396411,0.050896623000328489,0.0018438370796294932,1.1852983929493062,short,1605,3921
disadvantaged,188,28,216,0.00010368781144261183,5.1277167742266302e-05,-0.14230243969638146,0.0065741921130657794,-1.7550566949458568,official,4152,1374
disallow,37,0,37,2.0406643741365096e-05,0,-0.33119512444674726,0.040541124429630225,-1.6448868926211853,official,4019,1500
disapproval,34,3,37,1.8752051005578734e-05,5.493982258099961e-06,-0.21184661514663716,0.03908509093152631,-1.0715586982059806,official,3301,2223
disapprove,45,0,45,2.4818891036795385e-05,0,-0.33119620563227947,0.033333917224290008,-1.8140204400668125,official,4210,1316
disarmament,35,26,61,1.9303581917507522e-05,4.7614512903532995e-05,0.26352392100457145,0.02191150343650752,1.7802621365329547,short,1211,4314
disaster,807,547,1354,0.00044508544592653058,0.0010017360983935596,0.23390252061676442,0.000989371884350738,7.4362694809410081,short,126,5400
disasters,181,21,202,9.9827095059110328e-05,3.8457875806699727e-05,-0.17892120000762191,0.0070958549190572968,-2.1240240925625571,official,4464,1062
disbursements,86,1,87,4.7431658425875623e-05,1.8313274193666537e-06,-0.31400889753202144,0.017144567085265201,-2.3981629683495549,official,4644,882
discharge,158,28,186,8.7141884084748238e-05,5.1277167742266302e-05,-0.11271737459598796,0.0075804578660211824,-1.294622485018722,official,3527,1999
discharged,45,2,47,2.4818891036795385e-05,3.6626548387333073e-06,-0.26801640652527325,0.031278312374242917,-1.5154434107898607,official,3869,1657
discharges,93,2,95,5.1292374809377128e-05,3.6626548387333073e-06,-0.29978559916448688,0.015629011189433367,-2.3979770133858036,official,4641,884
disciplinary,30,4,34,1.6545927357863591e-05,7.3253096774666146e-06,-0.15934212652330437,0.041941373362317916,-0.77805318557721537,official,3044,2481
discipline,49,47,96,2.7025014684510531e-05,8.6072388710232728e-05,0.3480824135435725,0.013890142622872746,2.9534439213609112,short,677,4848
disclose,246,3,249,0.00013567660433448143,5.493982258099961e-06,-0.31320352095168857,0.0059890399272080957,-4.0471381690579991,official,5148,378
disclosed,40,0,40,2.2061236477151454e-05,0,-0.33119552989048628,0.037500583889789808,-1.7102730473778192,official,4096,1419
disclosing,33,0,33,1.8200520093649949e-05,0,-0.33119458385665368,0.045455129342701649,-1.5534303183962435,official,3909,1614
disclosure,1122,757,1879,0.00061881768318409829,0.0013863148564605568,0.23246232238861619,0.0007131692955191411,8.7047490189457086,short,97,5429
disclosures,216,10,226,0.00011913067697661785,1.8313274193666537e-05,-0.26554572651593489,0.0065003155083181823,-3.2936094364653132,official,4969,557
discount,54,27,81,2.9782669244154463e-05,4.9445840322899649e-05,0.13881832349533596,0.016667250567672934,1.075263274837462,short,1685,3841
discounts,35,4,39,1.9303581917507522e-05,7.3253096774666146e-06,-0.18091085613441038,0.036769911356802451,-0.94344880217359728,official,3170,2355
discourage,61,0,61,3.3643385627655964e-05,0,-0.33119836802470992,0.02459074782911691,-2.1120408799705559,official,4459,1067
discovery,85,25,110,4.6880127513946835e-05,4.5783185484166341e-05,-0.0057679924219264933,0.012536196443264881,-0.051515958735629357,official,2476,3050
discretion,37,1,38,2.0406643741365096e-05,1.8313274193666537e-06,-0.29197396255191599,0.038974942863743069,-1.4789428100164579,official,3803,1721
discretionary,161,6,167,8.8796476820534603e-05,1.0987964516199922e-05,-0.27778402440304717,0.0088297112284101004,-2.9562013791353152,official,4883,644
discriminate,33,0,33,1.8200520093649949e-05,0,-0.33119458385665368,0.045455129342701649,-1.5534303183962435,official,3910,1615
discrimination,781,139,920,0.00043074564221638214,0.00025455451129196486,-0.11197737972077437,0.0015327606437661888,-2.8601784520150431,official,4849,677
discriminatory,133,13,146,7.3353611286528585e-05,2.3807256451766497e-05,-0.20036266435946182,0.0098741214821035667,-2.0163576400119978,official,4385,1140
disease,765,330,1095,0.00042192114762552152,0.00060433804839099569,0.095597101711700105,0.0012399729508289455,2.7148048721754061,short,753,4773
diseases,466,62,528,0.00025701340495881442,0.00011354230000073253,-0.15969277625958256,0.0027015354790250259,-3.0724154011349012,official,4919,607
dislocated,44,13,57,2.42673601248666e-05,2.3807256451766497e-05,-0.0046683310318851312,0.024187288279274827,-0.030017053129824334,official,2457,3068
dislocation,152,10,162,8.3832698613175522e-05,1.8313274193666537e-05,-0.23995750813378791,0.008999250783041415,-2.5294795116698774,official,4704,822
dislocations,36,0,36,1.9855112829436307e-05,0,-0.33119498929905689,0.041667250555522978,-1.6225060899795725,official,3993,1527
disorder,74,10,84,4.0813287482730191e-05,1.8313274193666537e-05,-0.15734870770713272,0.01696799569705983,-1.2079470784155752,official,3433,2093
disorders,155,49,204,8.5487291348961886e-05,8.9735043548966036e-05,0.012025197675157528,0.0067386684213513641,0.14648905607780968,short,2339,3187
disparities,62,17,79,3.4194916539584752e-05,3.1132566129233112e-05,-0.022455392810666552,0.017509449148156074,-0.16970100523962878,official,2564,2961
dispensing,25,4,29,1.3788272798219658e-05,7.3253096774666146e-06,-0.13052101225680879,0.04882213270901567,-0.59070692178118833,official,2893,2624
displaced,129,68,197,7.1147487638813432e-05,0.00012453026451693245,0.1548025828070454,0.0068416534988197161,1.8715337564679932,short,1153,4372
displacement,11,22,33,6.06684003121665e-06,4.028920322606638e-05,0.58510899357170842,0.040909674798589882,2.892835644171039,short,694,4831
display,44,13,57,2.42673601248666e-05,2.3807256451766497e-05,-0.0046683310318851312,0.024187288279274827,-0.030017053129824334,official,2458,3069
disposal,695,105,800,0.0003833139837905065,0.00019228937903349865,-0.14003630875738082,0.0017744527703810146,-3.3243629416409726,official,4982,544
dispose,27,1,28,1.4891334622077231e-05,1.8313274193666537e-06,-0.27808349892057116,0.052665160689558212,-1.2117513504523192,official,3436,2084
disposed,26,0,26,1.4339803710148445e-05,0,-0.33119363782827449,0.057692891578830292,-1.3788620927062918,official,3655,1876
disposition,117,25,142,6.4529116695667999e-05,4.5783185484166341e-05,-0.076881786437565935,0.0098496117282205042,-0.77466495721487749,official,3041,2486
disproportionate,42,1,43,2.3164298301009027e-05,1.8313274193666537e-06,-0.29650979345681705,0.03449256250017662,-1.5965271645048911,official,3958,1567
dispute,77,59,136,4.2467880218516549e-05,0.00010804831774263257,0.2736805197209069,0.0098236247247522005,2.7612644662740347,short,737,4789
disputes,116,37,153,6.3977585783739211e-05,6.7759114516566192e-05,0.014270675724194604,0.0089812139321166166,0.15058337163754151,short,2338,3188
disruption,51,7,58,2.8128076508368104e-05,1.2819291935566576e-05,-0.1550073070880913,0.024559511205638689,-0.98910480559555281,official,3214,2312
disseminate,40,0,40,2.2061236477151454e-05,0,-0.33119552989048628,0.037500583889789808,-1.7102730473778192,official,4097,1420
disseminating,25,0,25,1.3788272798219658e-05,0,-0.33119350268180803,0.060000583886289226,-1.3520852339749585,official,3599,1924
dissemination,191,26,217,0.00010534240417839818,4.7614512903532995e-05,-0.1562628211187338,0.0065667906622923437,-1.9283198624320721,official,4317,1209
distance,34,8,42,1.8752051005578734e-05,1.4650619354933229e-05,-0.056754283361103219,0.033158478627586939,-0.31167455360946644,official,2674,2853
distilled,34,14,48,1.8752051005578734e-05,2.5638583871133151e-05,0.082373881751271583,0.028324738101795321,0.48944802510890578,short,2105,3421
distinct,42,0,42,2.3164298301009027e-05,0,-0.33119580018686889,0.03571486960454226,-1.7525091193635514,official,4140,1379
distress,24,1,25,1.3236741886290871e-05,1.8313274193666537e-06,-0.27176949832468722,0.05887028561319485,-1.1200892813165559,official,3345,2176
distressed,109,16,125,6.0116869400237707e-05,2.9301238709866458e-05,-0.14461171973712617,0.011366286765668379,-1.3564200052758553,official,3615,1911
distribute,117,0,117,6.4529116695667999e-05,0,-0.33120593662261832,0.012821096728272929,-2.925065019759137,official,4873,654
distributed,53,6,59,2.9231138332225674e-05,1.0987964516199922e-05,-0.18215901519716837,0.02431377070777695,-1.1682196616253278,official,3386,2140
distributing,29,0,29,1.5994396445934803e-05,0,-0.33119404326834001,0.051724721818257192,-1.456241606872426,official,3776,1745
distribution,691,133,824,0.00038110786014279135,0.00024356654677576496,-0.097443983909474952,0.0017055821669501653,-2.3594930808877925,official,4626,900
distributions,160,0,160,8.8244945908605814e-05,0,-0.33121174846151469,0.0093755839177959658,-3.4206337042768666,official,5006,520
distributors,113,1,114,6.232299304795286e-05,1.8313274193666537e-06,-0.3180756558042841,0.013101522424646357,-2.7788784381615428,official,4814,712
district,1409,489,1898,0.00077710705490765999,0.00089551910807029371,0.035982008234497265,0.00072190912850786078,1.3391959642226381,short,1507,4019
districts,148,6,154,8.1626574965460382e-05,1.0987964516199922e-05,-0.27331345557651865,0.0095618421949075164,-2.7950541564203375,official,4820,706
diverse,31,8,39,1.7097458269792376e-05,1.4650619354933229e-05,-0.036391183403413407,0.035562893920439848,-0.19297348118277927,official,2593,2932
diversification,39,36,75,2.1509705565222665e-05,6.5927787097199531e-05,0.33529969370236223,0.017781522733725744,2.5144828740626566,short,840,4686
diversified,29,0,29,1.5994396445934803e-05,0,-0.33119404326834001,0.051724721818257192,-1.456241606872426,official,3777,1746
diversion,81,26,107,4.4674003866231695e-05,4.7614512903532995e-05,0.01586494245178649,0.012838529835664636,0.14001702756631682,short,2343,3183
diversity,139,50,189,7.6662796758101301e-05,9.1566370968332683e-05,0.04541065222182894,0.007233464833831524,0.5339302816351571,short,2067,3459
divestiture,13,19,32,7.1699018550742223e-06,3.4795220967966419e-05,0.48712696868609306,0.041830649248559622,2.3817428565851095,short,885,4642
divide,40,11,51,2.2061236477151454e-05,2.014460161303319e-05,-0.021768534618296087,0.027118627140103813,-0.13218900842652143,official,2534,2991
dividend,31,42,73,1.7097458269792376e-05,7.6915751613399453e-05,0.46251294369255547,0.018311620689352472,3.4179090291182304,short,548,4978
dividends,115,3,118,6.3426054871810423e-05,5.493982258099961e-06,-0.29330504746408259,0.012556892211656193,-2.6174503576950601,official,4748,778
division,118,20,138,6.5080647607596788e-05,3.6626548387333073e-05,-0.12063232756404574,0.010235947837932694,-1.1923387968415948,official,3419,2107
dmepos,13,12,25,7.1699018550742223e-06,2.1975929032399844e-05,0.33529243743584125,0.05334340038773288,1.4517218375206666,short,1419,4106
dna,147,77,224,8.1075044053531594e-05,0.00014101221129123232,0.15287994668133997,0.0060182608634041235,1.9706750508290161,short,1101,4425
doctors,32,12,44,1.7648989181721161e-05,2.1975929032399844e-05,0.056576467218141246,0.031015621485440681,0.32125180873222048,short,2221,3302
doctrine,25,0,25,1.3788272798219658e-05,0,-0.33119350268180803,0.060000583886289226,-1.3520852339749585,official,3600,1925
document,46,2,48,2.537042194872417e-05,3.6626548387333073e-06,-0.2693200395771651,0.030638881764119292,-1.538622979111598,official,3892,1633
documentation,33,9,42,1.8200520093649949e-05,1.6481946774299883e-05,-0.023705845424128569,0.032941760361394103,-0.1306116892701889,official,2533,2994
documents,108,22,130,5.9565338488308925e-05,4.028920322606638e-05,-0.086437819881494349,0.010781211952826967,-0.83247272372951153,official,3085,2440
dodd-frank,50,4,54,2.7576545596439316e-05,7.3253096774666146e-06,-0.22199579443680584,0.026857347819030632,-1.3546065939002299,official,3614,1912
does,208,5,213,0.00011471842968118756,9.1566370968332683e-06,-0.29620658285580603,0.0069630368058881979,-3.5497303239657447,official,5031,495
dog,62,30,92,3.4194916539584752e-05,5.493982258099961e-05,0.12903058222367036,0.014690811708738502,1.0645590607994539,short,1693,3832
dogs,69,3,72,3.8055632923086256e-05,5.493982258099961e-06,-0.26932269927590013,0.020426115812334566,-1.8844302342303809,official,4282,1244
doing,33,0,33,1.8200520093649949e-05,0,-0.33119458385665368,0.045455129342701649,-1.5534303183962435,official,3911,1616
dollar,153,68,221,8.438422952510431e-05,0.00012453026451693245,0.10413778526093509,0.006134588340085026,1.329583523856678,short,1513,4012
dollars,62,35,97,3.4194916539584752e-05,6.4096459677832885e-05,0.17586210405984026,0.013865649657086926,1.4934894308075606,short,1402,4124
domain,107,19,126,5.9013807576380137e-05,3.4795220967966419e-05,-0.11235358932379569,0.011188981128720491,-1.0621642514162539,official,3296,2231
domestic,1349,408,1757,0.0007440152001919328,0.00074718158710159474,0.001042469681204139,0.00078443558174815984,0.037220721767631276,short,2419,3107
domestically,48,0,48,2.6473483772581743e-05,0,-0.33119661107868836,0.031250583891656789,-1.8735134540177161,official,4275,1248
don't,18,24,42,9.9275564147181536e-06,4.3951858064799688e-05,0.45727557356113557,0.031818765709903232,2.5635178082637271,short,817,4709
donation,89,40,129,4.9086251161661981e-05,7.3253096774666146e-05,0.10736663065474872,0.010504899639618707,1.0475466458140503,short,1699,3827
donations,53,7,60,2.9231138332225674e-05,1.2819291935566576e-05,-0.16074216437308131,0.023775514551336804,-1.0424730811214284,official,3279,2245
donor,63,30,93,3.474644745151354e-05,5.493982258099961e-05,0.12429035288000101,0.014540921615059403,1.0307217829589936,short,1710,3816
donors,44,14,58,2.42673601248666e-05,2.5638583871133151e-05,0.013650698239620951,0.023693394352361393,0.088683173307442881,short,2377,3148
door,28,25,53,1.5442865534006018e-05,4.5783185484166341e-05,0.32422416309183255,0.025166775727208081,2.043767969244338,short,1065,4460
double,73,29,102,4.0261756570801403e-05,5.3108495161632956e-05,0.072371553801390931,0.013348457406574664,0.62640087674353839,short,1995,3531
douglas,19,8,27,1.047908732664694e-05,1.4650619354933229e-05,0.088664743681412972,0.050311142893455424,0.39529277027769427,short,2173,3348
downpayment,16,16,32,8.8244945908605804e-06,2.9301238709866458e-05,0.36196207406511505,0.041667250555566047,1.7732323509933461,short,1223,4303
dr,19,27,46,1.047908732664694e-05,4.9445840322899649e-05,0.47803877611610801,0.029083829414439714,2.8030918680362165,short,731,4794
draft,25,3,28,1.3788272798219658e-05,5.493982258099961e-06,-0.1743496849673285,0.051126572931603352,-0.77107713624863894,official,3032,2490
drainage,36,14,50,1.9855112829436307e-05,2.5638583871133151e-05,0.066494260784967452,0.027253490869722227,0.40278481854904535,short,2169,3357
dream,6,45,51,3.3091854715727179e-06,8.2409733871499421e-05,0.88327336288499225,0.027961110210893075,5.2822375459794069,short,233,5293
dredged,39,2,41,2.1509705565222665e-05,3.6626548387333073e-06,-0.25887383567882871,0.035756397843633617,-1.3690246824632681,official,3622,1903
drilling,94,21,115,5.1843905721305916e-05,3.8457875806699727e-05,-0.067725589911733053,0.012138214080261025,-0.61471724975898179,official,2905,2621
drink,39,35,74,2.1509705565222665e-05,6.4096459677832885e-05,0.32592755554495234,0.018024453348590312,2.4276721063535218,short,871,4655
drinking,320,138,458,0.00017648989181721163,0.00025272318387259819,0.09548988277009407,0.0029637833884769921,1.7540183414584638,short,1229,4297
drive,22,14,36,1.21336800624333e-05,2.5638583871133151e-05,0.21354036059258519,0.037241963200055635,1.1065312625256789,short,1656,3866
driver,43,62,105,2.3715829212937812e-05,0.00011354230000073253,0.48276060668656662,0.012745364617596499,4.2761771872186642,short,363,5163
driver's,37,15,52,2.0406643741365096e-05,2.7469911290499805e-05,0.078015036939032001,0.026161912084013965,0.48232922531771599,short,2110,3414
drivers,51,21,72,2.8128076508368104e-05,3.8457875806699727e-05,0.082374725510621971,0.018883353371395635,0.59945200935002863,short,2016,3509
driving,72,42,114,3.9710225658872614e-05,7.6915751613399453e-05,0.18607550709346832,0.011787184405901496,1.7138948438365393,short,1264,4263
dropout,29,19,48,1.5994396445934803e-05,3.4795220967966419e-05,0.22284886097103396,0.027912970014157823,1.3338512316393154,short,1508,4016
drought,92,75,167,5.074084389744834e-05,0.00013734955645249903,0.29408794455169662,0.0079938191899704431,3.2892740710604724,short,575,4951
drug,2957,1272,4229,0.0016308769065734212,0.0023294484774343837,0.094923745265422355,0.00032152955367794651,5.2937620514682022,short,230,5296
drug-free,51,43,94,2.8128076508368104e-05,7.8747079032766114e-05,0.3052166437776993,0.014196405702147519,2.5616453988064571,short,820,4706
drugs,1197,106,1303,0.0006601825015787572,0.0001941207064528653,-0.21156770521340462,0.0011103073991158726,-6.3493279357764871,official,5361,165
drunk,17,23,40,9.376025502789367e-06,4.2120530645433034e-05,0.46204853870775153,0.033417459413332309,2.5275565815840255,short,832,4694
dry,49,14,63,2.7025014684510531e-05,2.5638583871133151e-05,-0.012736732669047512,0.021916168311596356,-0.086035110330604556,official,2502,3022
dsh,27,16,43,1.4891334622077231e-05,2.9301238709866458e-05,0.19100278933672854,0.031235450719553661,1.0807265505124417,short,1678,3846
dual,60,15,75,3.3091854715727182e-05,2.7469911290499805e-05,-0.043509429213445472,0.018519102417392047,-0.31972266124384124,official,2679,2847
duck,13,24,37,7.1699018550742223e-06,4.3951858064799688e-05,0.56081692821409312,0.036394026513505366,2.9397206340476867,short,682,4844
dumping,71,36,107,3.9158694746943826e-05,6.5927787097199531e-05,0.14302469610098889,0.0126115684287205,1.2735807417315321,short,1555,3971
dunes,31,23,54,1.7097458269792376e-05,4.2120530645433034e-05,0.26311735350525467,0.024752302763826811,1.6724058883397706,short,1295,4230
duplication,46,8,54,2.537042194872417e-05,1.4650619354933229e-05,-0.11608137121115902,0.026129616151609844,-0.71811833388916047,official,2997,2530
duplicative,106,9,115,5.8462276664451348e-05,1.6481946774299883e-05,-0.2159343664941975,0.012589986914702976,-1.9244610583216755,official,4313,1213
durable,129,19,148,7.1147487638813432e-05,3.4795220967966419e-05,-0.14407554534699152,0.0095987161714998648,-1.4705632112059279,official,3801,1725
duration,40,0,40,2.2061236477151454e-05,0,-0.33119552989048628,0.037500583889789808,-1.7102730473778192,official,4098,1421
duties,232,2,234,0.00012795517156747842,3.6626548387333073e-06,-0.3184272313825236,0.0063837948175642254,-3.9853892121027461,official,5140,385
duty,752,49,801,0.00041475124577044733,8.9735043548966036e-05,-0.24083008354514845,0.0018209696618890203,-5.6436410167891538,official,5318,208
duty-free,41,0,41,2.2612767389080238e-05,0,-0.33119566503862252,0.036585949743681713,-1.7315198594889014,official,4121,1403
dwelling,71,0,71,3.9158694746943826e-05,0,-0.33119971953444782,0.021127344460404745,-2.278596908378792,official,4571,953
dwellings,25,2,27,1.3788272798219658e-05,3.6626548387333073e-06,-0.22199331323622573,0.053714111738336921,-0.95784600877510939,official,3189,2340
e,135,37,172,7.4456673110386148e-05,6.7759114516566192e-05,-0.02255808036535889,0.0080426019082985457,-0.25153814466225083,official,2632,2894
eagle,19,26,45,1.047908732664694e-05,4.7614512903532995e-05,0.46576294979481503,0.029710090934797134,2.7021717422359499,short,762,4765
earlier,57,0,57,3.1437261979940824e-05,0,-0.33119782742392978,0.02631637336744138,-2.0416178755799019,official,4401,1119
early,443,235,678,0.00024432819398445234,0.00043036194355116362,0.15676211184389111,0.0019879349651127157,3.5159283754810011,short,518,5008
earmark,20,23,43,1.1030618238575727e-05,4.2120530645433034e-05,0.40848469035702273,0.031025114916424776,2.319097911610545,short,914,4611
earmarks,23,9,32,1.2685210974362085e-05,1.6481946774299883e-05,0.068196868316151793,0.042572645972729348,0.33052103964474117,short,2214,3311
earn,67,8,75,3.6952571099228687e-05,1.4650619354933229e-05,-0.17503485820056142,0.019091030190657367,-1.2668052800617677,official,3495,2031
earned,270,39,309,0.0001489133462207723,7.1421769355299499e-05,-0.14716193179324577,0.0046012628900986684,-2.1694865230970617,official,4503,1023
earnings,317,78,395,0.00017483529908142526,0.000142843538710599,-0.047033306781194995,0.0035192432642961909,-0.79283145079766737,official,3055,2471
earth,65,31,96,3.584950927537111e-05,5.6771150000366263e-05,0.12474490469453414,0.014085779777006273,1.0510717618572039,short,1698,3828
earthquake,61,64,125,3.3643385627655964e-05,0.00011720495483946583,0.37797787436815078,0.010667933290560601,3.6595377603893966,short,483,5043
earthquakes,47,0,47,2.5921952860652958e-05,0,-0.33119647592977408,0.031915477508444694,-1.8538945757924572,official,4251,1274
ease,28,3,31,1.5442865534006018e-05,5.493982258099961e-06,-0.18922230062854517,0.046361501136127789,-0.87880713386516851,official,3117,2407
easement,27,9,36,1.4891334622077231e-05,1.6481946774299883e-05,0.025485209641853857,0.038095821984643723,0.13057184359030244,short,2349,3176
easements,31,0,31,1.7097458269792376e-05,0,-0.3311943135622748,0.048387680661882995,-1.5056203243148938,official,3846,1667
east,87,58,145,4.7983189337804412e-05,0.00010621699032326591,0.22843993401472851,0.0092370371198058441,2.376871381572899,short,887,4639
east-west,0,35,35,0,6.4096459677832885e-05,1.0551199431075986,0.042857726747902072,5.0966788172388977,short,256,5270
eastern,96,69,165,5.2946967545163486e-05,0.0001263615919362991,0.25277575487860915,0.008105505821200178,2.8076654321175427,short,729,4797
eating,35,25,60,1.9303581917507522e-05,4.5783185484166341e-05,0.25073790995587864,0.022291605567809843,1.6793813521481151,short,1290,4235
ebola,15,10,25,8.2729636789317955e-06,1.8313274193666537e-05,0.22842812411955826,0.053572012458328148,0.9869169154630365,short,1747,3778
ecological,35,15,50,1.9303581917507522e-05,2.7469911290499805e-05,0.09369507097713381,0.027149905160007409,0.56863368897938416,short,2037,3489
economic,2500,1053,3553,0.0013788272798219657,0.0019283877725930865,0.088897706538615395,0.00038290023029224538,4.5430523685138269,short,321,5205
economically,180,12,192,9.9275564147181539e-05,2.1975929032399844e-05,-0.23883574644592365,0.0075907167533216932,-2.7413086404424356,official,4799,727
economies,46,15,61,2.537042194872417e-05,2.7469911290499805e-05,0.019862076786887783,0.02250427302497169,0.13240127353281317,short,2345,3178
economy,688,185,873,0.00037945326740700499,0.00033879557258283095,-0.026999217775629525,0.0015863786700653386,-0.67787208671841448,official,2972,2554
ecosystem,48,51,99,2.6473483772581743e-05,9.3397698387699343e-05,0.38217616321742653,0.013469971661774187,3.2929129881230272,short,573,4953
ecosystems,80,7,87,4.4122472954302907e-05,1.2819291935566576e-05,-0.21274964425318466,0.016626905725622039,-1.6499209056322661,official,4032,1494
edison,29,11,40,1.5994396445934803e-05,2.014460161303319e-05,0.059677201587906126,0.034101180650904499,0.32316457079143812,short,2219,3306
educate,62,25,87,3.4194916539584752e-05,4.5783185484166341e-05,0.076512461474434801,0.015640564726829068,0.61179505011265534,short,2012,3515
educating,16,18,34,8.8244945908605804e-06,3.2963893548599766e-05,0.40118368471011578,0.039231353120257439,2.0254737498549114,short,1077,4449
education,6353,2833,9186,0.0035038758834835797,0.0051881505790657301,0.10550712723741018,0.00014814200932937777,8.6684746345925721,short,98,5428
educational,1930,385,2315,0.0010644546600225577,0.00070506105645616168,-0.090621139576458454,0.00060652607541669971,-3.6796353372302635,official,5069,457
educationally,36,4,40,1.9855112829436307e-05,7.3253096774666146e-06,-0.18458972013896435,0.035885751354148773,-0.97442067365905649,official,3197,2327
educator,20,26,46,1.1030618238575727e-05,4.7614512903532995e-05,0.44897739796017611,0.02904098793318103,2.6346248601871243,short,789,4737
educators,47,41,88,2.5921952860652958e-05,7.5084424194032807e-05,0.3165067293486068,0.015159929295398035,2.5705991537136095,short,811,4714
edward,25,4,29,1.3788272798219658e-05,7.3253096774666146e-06,-0.13052101225680879,0.04882213270901567,-0.59070692178118833,official,2894,2625
effect,491,7,498,0.00027080167775703407,1.2819291935566576e-05,-0.31024207319616082,0.0029919043627279879,-5.671877472912433,official,5320,206
effective,1011,105,1116,0.00055759775196000301,0.00019228937903349865,-0.19317483907267796,0.0012897307116044524,-5.3789937336204741,official,5293,233
effectively,160,16,176,8.8244945908605814e-05,2.9301238709866458e-05,-0.19767317568194187,0.0081851077320307646,-2.1849199967430786,official,4512,1014
effectiveness,453,41,494,0.00024984350310374023,7.5084424194032807e-05,-0.20911812044433375,0.0029257090858499824,-3.8661268251316487,official,5111,415
effects,342,4,346,0.00018862357187964492,7.3253096774666146e-06,-0.31394305745925877,0.0043112151906910274,-4.781355476122271,official,5238,288
efficacy,47,0,47,2.5921952860652958e-05,0,-0.33119647592977408,0.031915477508444694,-1.8538945757924572,official,4252,1275
efficiencies,30,5,35,1.6545927357863591e-05,9.1566370968332683e-06,-0.12355256992935537,0.040385199273543497,-0.61480963961966373,official,2907,2617
efficiency,874,432,1306,0.00048203801702575923,0.00079113344516639438,0.13544298778909969,0.0010346738012114462,4.2107048370071691,short,381,5145
efficient,591,155,746,0.00032595476894991274,0.00028385575000183132,-0.032731581919346553,0.0018584051338133008,-0.75927097292066525,official,3020,2506
efficiently,49,14,63,2.7025014684510531e-05,2.5638583871133151e-05,-0.012736732669047512,0.021916168311596356,-0.086035110330604556,official,2503,3023
effort,85,12,97,4.6880127513946835e-05,2.1975929032399844e-05,-0.15070785095806727,0.014669401324935829,-1.2443131245307497,official,3480,2046
efforts,731,27,758,0.00040316909661994283,4.9445840322899649e-05,-0.27830595967994576,0.0019460610816314111,-6.308763872590756,official,5357,169
egg,64,34,98,3.5297978363442322e-05,6.2265132258466224e-05,0.15716925199594378,0.01374918098733148,1.3403838048631436,short,1505,4020
egypt,28,5,33,1.5442865534006018e-05,9.1566370968332683e-06,-0.11133218830208946,0.042709815985096398,-0.53871230467515263,official,2865,2661
ehr,24,2,26,1.3236741886290871e-05,3.6626548387333073e-06,-0.21786378474810419,0.055714869600930382,-0.92299528981652157,official,3157,2366
eisenhower,17,12,29,9.376025502789367e-06,2.1975929032399844e-05,0.24689081415788472,0.046129958225176765,1.1495117137519399,short,1626,3899
el,81,36,117,4.4674003866231695e-05,6.5927787097199531e-05,0.10413315535414469,0.01158703667288085,0.96739277040006399,short,1763,3763
elder,82,69,151,4.5225534778160477e-05,0.0001263615919362991,0.3045660316618104,0.0088378839589240421,3.2397188083161566,short,587,4939
elderly,578,230,808,0.00031878486709483849,0.00042120530645433035,0.07285604558753267,0.0016854759414247837,1.7746156878997199,short,1220,4306
elect,158,0,158,8.7141884084748238e-05,0,-0.33121147813886154,0.0094942548034051225,-3.399186062466018,official,5001,525
elected,86,1,87,4.7431658425875623e-05,1.8313274193666537e-06,-0.31400889753202144,0.017144567085265201,-2.3981629683495549,official,4645,883
election,1269,278,1547,0.00069989272723762984,0.00050910902258392973,-0.071827173662479815,0.00090364310052709639,-2.3894079764319334,official,4638,888
elections,644,162,806,0.00035518590728213841,0.00029667504193739788,-0.042144033646295043,0.0017232971021557352,-1.0152103136193582,official,3247,2279
elective,45,3,48,2.4818891036795385e-05,5.493982258099961e-06,-0.23882153927242733,0.030361115201137812,-1.3706123265902364,official,3627,1897
electoral,32,6,38,1.7648989181721161e-05,1.0987964516199922e-05,-0.10235018382866556,0.037013570902676284,-0.53199571478863428,official,2854,2671
electric,598,195,793,0.0003298154853334142,0.00035710884677649747,0.019868252372543971,0.0017316370874331083,0.47745366183475069,short,2116,3410
electrical,36,16,52,1.9855112829436307e-05,2.9301238709866458e-05,0.1041302618716422,0.026070102610144408,0.64491962133192526,short,1979,3546
electricity,257,79,336,0.00014174344436569808,0.00014467486612996565,0.0050418961359035563,0.0040965631587256794,0.078774211979438583,short,2383,3143
electrification,55,19,74,3.0334200156083247e-05,3.4795220967966419e-05,0.03474523842977284,0.018505210055423431,0.25541611021672989,short,2277,3249
electromagnetic,25,4,29,1.3788272798219658e-05,7.3253096774666146e-06,-0.13052101225680879,0.04882213270901567,-0.59070692178118833,official,2895,2626
electronic,590,194,784,0.00032540323803798395,0.00035527751935713085,0.021992576398333519,0.0017508810006904138,0.52559084790325072,short,2076,3450
elementary,1407,89,1496,0.00077600399308380241,0.00016298814032363217,-0.24335352400542209,0.00097597029837062231,-7.7896750121686296,official,5413,113
elements,34,4,38,1.8752051005578734e-05,7.3253096774666146e-06,-0.17704224420950965,0.037698996587979886,-0.91182608192065728,official,3140,2384
elephant,35,26,61,1.9303581917507522e-05,4.7614512903532995e-05,0.26352392100457145,0.02191150343650752,1.7802621365329547,short,1212,4315
eligibility,816,103,919,0.00045004922413388967,0.00018862672419476533,-0.16735294701602577,0.0015554265585824797,-4.2433476032551356,official,5178,348
eligible,1054,3,1057,0.0005813135811729408,5.493982258099961e-06,-0.32707696087262139,0.0014176894964142562,-8.686791403104829,official,5436,90
eliminate,1399,50,1449,0.0007715917457883721,9.1566370968332683e-05,-0.28002844693740059,0.0010188192249674722,-8.7731102290513725,official,5440,86
eliminating,170,19,189,9.376025502789367e-05,3.4795220967966419e-05,-0.18384170183928283,0.0075937915537508593,-2.1096708191389659,official,4454,1072
elimination,229,400,629,0.00012630057883169206,0.00073253096774666146,0.54384428128202611,0.0021379025155578097,11.761984885496885,short,57,5469
elk,22,7,29,1.21336800624333e-05,1.2819291935566576e-05,0.01365053023544327,0.04738620480268263,0.062708087793589579,short,2398,3127
embargo,64,14,78,3.5297978363442322e-05,2.5638583871133151e-05,-0.072083791002969022,0.017912402638030695,-0.53859299100246405,official,2863,2664
embassy,25,25,50,1.3788272798219658e-05,4.5783185484166341e-05,0.36196489650525443,0.02666725056031612,2.2165489864343821,short,968,4558
emergencies,157,51,208,8.659035317281945e-05,9.3397698387699343e-05,0.018889432796578731,0.0066013138205134637,0.23248970568779459,short,2287,3239
emergency,2350,1819,4169,0.0012960976430326479,0.0033311845758279431,0.27749310299825236,0.00032098339482274118,15.488555288039883,short,30,5496
emerging,67,33,100,3.6952571099228687e-05,6.0433804839099571e-05,0.13431812624769357,0.013507404850383807,1.1557094548391127,short,1623,3903
emigrate,34,0,34,1.8752051005578734e-05,0,-0.3311947190040101,0.044118230947213094,-1.576791820221908,official,3935,1583
emigration,38,36,74,2.095817465329388e-05,6.5927787097199531e-05,0.34394957042536234,0.01802006441940247,2.5622210910058856,short,819,4707
eminent,32,10,42,1.7648989181721161e-05,1.8313274193666537e-05,0.0091358446559510753,0.032744866635149653,0.050486712650914957,short,2406,3119
emission,64,34,98,3.5297978363442322e-05,6.2265132258466224e-05,0.15716925199594378,0.01374918098733148,1.3403838048631436,short,1506,4021
emissions,260,36,296,0.00014339803710148444,6.5927787097199531e-05,-0.15369525399772499,0.0048111932955874079,-2.215817837811457,official,4527,999
emotional,29,6,35,1.5994396445934803e-05,1.0987964516199922e-05,-0.083355186914060297,0.040015827791428177,-0.41669350100133673,official,2749,2774
emphasis,52,2,54,2.8679607420296889e-05,3.6626548387333073e-06,-0.27613647700525057,0.027291689014472917,-1.6715084360254828,official,4060,1466
employ,64,7,71,3.5297978363442322e-05,1.2819291935566576e-05,-0.18661440344267533,0.02022850412537194,-1.3120889458003973,official,3547,1980
employed,172,3,175,9.4863316851751247e-05,5.493982258099961e-06,-0.30560607322626332,0.0085004058299733912,-3.31468414049673,official,4977,549
employee,1441,591,2032,0.0007947560440893811,0.0010823145048456924,0.081327506310300279,0.00066976274531567188,3.1425121292836327,short,613,4913
employee's,44,4,48,2.42673601248666e-05,7.3253096774666146e-06,-0.20859195341924064,0.030100918340061469,-1.2022856911007151,official,3427,2097
employees,2862,444,3306,0.0015784814699401864,0.00081310937419879425,-0.13584954170743213,0.00042937845447823712,-6.5559865425899124,official,5371,155
employer,483,78,561,0.00026638943046160382,0.000142843538710599,-0.12898353757957537,0.002523383649212702,-2.5676903071527697,official,4727,799
employer's,26,2,28,1.4339803710148445e-05,3.6626548387333073e-06,-0.22583222468961317,0.051852435738963261,-0.99174799660655499,official,3215,2305
employer-provided,97,3,100,5.3498498457092274e-05,5.493982258099961e-06,-0.28652944721239315,0.014785463900033012,-2.3564150308239054,official,4621,905
employers,759,38,797,0.00041861196215394885,6.9590441935932839e-05,-0.26057047364448493,0.0018408623810984774,-6.0731574556388956,official,5345,181
employing,31,4,35,1.7097458269792376e-05,7.3253096774666146e-06,-0.16413843393333316,0.040793124681407868,-0.81267481123816721,official,3070,2456
employment,2289,1096,3385,0.0012624542574049919,0.0020071348516258526,0.1260916928983038,0.00039999172046352839,6.3046498947262712,short,173,5353
employment-based,33,0,33,1.8200520093649949e-05,0,-0.33119458385665368,0.045455129342701649,-1.5534303183962435,official,3912,1617
employment-related,24,1,25,1.3236741886290871e-05,1.8313274193666537e-06,-0.27176949832468722,0.05887028561319485,-1.1200892813165559,official,3346,2177
empower,105,17,122,5.7910745752522567e-05,3.1132566129233112e-05,-0.12852558973744976,0.011600114857893574,-1.1933242346743198,official,3420,2106
empowering,14,72,86,7.7214327670030089e-06,0.00013185557419439906,0.81941232177491763,0.016329697828970674,6.4122938490424106,short,166,5360
empowerment,80,303,383,4.4122472954302907e-05,0.00055489220806809604,0.75523280763600553,0.0036181371496941256,12.55562496798362,short,46,5480
enable,494,5,499,0.00027245627049282044,9.1566370968332683e-06,-0.31626187001469575,0.0029917603267784415,-5.7820711987535223,official,5324,202
enabling,61,30,91,3.3643385627655964e-05,5.493982258099961e-05,0.13387229980131821,0.014843994081861623,1.0987916184168489,short,1661,3865
enact,149,0,149,8.2178105877389157e-05,0,-0.33121026169243883,0.01006769800918835,-3.3009480828925608,official,4972,555
enacted,222,0,222,0.00012243986244819057,0,-0.33122012868460082,0.0067573406890236555,-4.0292926701318406,official,5144,382
enacting,56,1,57,3.0885731068012036e-05,1.8313274193666537e-06,-0.30499487113611856,0.02609152072628693,-1.888177595002515,official,4283,1243
enactment,184,0,184,0.00010148168779489668,0,-0.33121499236807495,0.0081527578364410068,-3.668239773943657,official,5064,462
encourage,2378,21,2399,0.001311540508566654,3.8457875806699727e-05,-0.31840039461914316,0.00062314398623064581,-12.754968583745041,official,5490,36
encouragement,37,42,79,2.0406643741365096e-05,7.6915751613399453e-05,0.40417125810734511,0.016885736366544866,3.1103225139958743,short,626,4900
encouraging,246,21,267,0.00013567660433448143,3.8457875806699727e-05,-0.21538213303584364,0.0054221239050659805,-2.9249938332924561,official,4871,655
encryption,25,6,31,1.3788272798219658e-05,1.0987964516199922e-05,-0.052477407766019724,0.04488475377222554,-0.24769825693781128,official,2627,2898
end,287,171,458,0.00015828937172356167,0.00031315698871169778,0.19274205009806877,0.0029326909962284864,3.5591256555859787,short,507,5019
endangered,355,152,507,0.00019579347373471914,0.00027836176774373136,0.093445556737760782,0.0026781274983538102,1.8056893288032878,short,1190,4336
ending,863,86,949,0.00047597117699454261,0.00015749415806553223,-0.19815079284193438,0.0015186440618269045,-5.0847290569888557,official,5272,254
endowment,51,33,84,2.8128076508368104e-05,6.0433804839099571e-05,0.2188641291406821,0.015954999856488607,1.7327112140765142,short,1251,4275
enduring,49,4,53,2.7025014684510531e-05,7.3253096774666146e-06,-0.21996931614292414,0.027348365110818066,-1.3301371401342013,official,3562,1964
enemy,43,21,64,2.3715829212937812e-05,3.8457875806699727e-05,0.13178309092855756,0.021111084171548888,0.90699401421387815,short,1801,3724
energy,5227,2777,8004,0.0028828520766517661,0.0050855962435811973,0.15772143112425674,0.00016892177611718207,12.135226578825101,short,51,5475
energy-efficient,31,4,35,1.7097458269792376e-05,7.3253096774666146e-06,-0.16413843393333316,0.040793124681407868,-0.81267481123816721,official,3071,2457
energy-related,42,4,46,2.3164298301009027e-05,7.3253096774666146e-06,-0.20336063370583624,0.031364220255070546,-1.1482848607731919,official,3366,2159
enforce,321,11,332,0.00017704142272914042,2.014460161303319e-05,-0.28192807588500735,0.0044474294218051673,-4.2275017393984839,official,5172,354
enforced,26,5,31,1.4339803710148445e-05,9.1566370968332683e-06,-0.097576542941558486,0.045322221314895203,-0.45834218814117572,official,2785,2738
enforcement,2034,1202,3236,0.0011218138748631515,0.0022012555580787178,0.19039538757038788,0.00041566475460815027,9.3386655622062591,short,89,5437
enforcing,43,12,55,2.3715829212937812e-05,2.1975929032399844e-05,-0.018318229119989482,0.025130038661004266,-0.11555451215279637,official,2519,3006
engage,171,0,171,9.4311785939822458e-05,0,-0.33121323524406066,0.0087725137449247374,-3.5362719333999912,official,5029,497
engaged,279,2,281,0.00015387712442813139,3.6626548387333073e-06,-0.32056964144422295,0.0053198671364683165,-4.3951327651949557,official,5197,330
engagement,54,34,88,2.9782669244154463e-05,6.2265132258466224e-05,0.21015900323439496,0.015239558735669392,1.7024007576993769,short,1265,4261
engaging,112,2,114,6.1771462136024071e-05,3.6626548387333073e-06,-0.30500199094490021,0.013046052323416378,-2.6703188179539508,official,4767,759
engineered,74,37,111,4.0813287482730191e-05,6.7759114516566192e-05,0.13882010813811085,0.012162746070780373,1.2587415220128242,short,1562,3963
engineering,264,81,345,0.00014560416074919959,0.00014833752096869894,0.0045788049262984742,0.0039900379310926996,0.072487584704953312,short,2389,3137
engineers,139,28,167,7.6662796758101301e-05,5.1277167742266302e-05,-0.08863470765503223,0.0083967629055531311,-0.96727034097305498,official,3195,2331
england,29,21,50,1.5994396445934803e-05,3.8457875806699727e-05,0.25519458550544094,0.026743318783760087,1.5605001152087594,short,1353,4172
english,158,56,214,8.7141884084748238e-05,0.0001025543354845326,0.041488938141819531,0.0063924596805324694,0.51891750465818531,short,2088,3438
enhance,2055,28,2083,0.0011333960240136559,5.1277167742266302e-05,-0.31135913749592792,0.00071595615022467082,-11.636393618226304,official,5480,46
enhanced,507,168,675,0.00027962617234789469,0.00030766300645359781,0.023967688477391391,0.0020328473573452428,0.53158628371858951,short,2071,3455
enhancement,233,1589,1822,0.00012850670247940721,0.0029099792693736129,0.86936883479008387,0.00078037156663337951,31.120986050705596,short,7,5519
enhancements,24,25,49,1.3236741886290871e-05,4.5783185484166341e-05,0.37557068370433733,0.027212727543915891,2.2766991636806755,short,939,4587
enhancing,139,76,215,7.6662796758101301e-05,0.00013918088387186568,0.16599873099311324,0.0062618688091729867,2.0977454400416655,short,1026,4500
enlargement,13,22,35,7.1699018550742223e-06,4.028920322606638e-05,0.53381542889960265,0.038377776872421859,2.7249040556637572,short,748,4777
enlisted,24,12,36,1.3236741886290871e-05,2.1975929032399844e-05,0.13881564661734913,0.037500583889588726,0.71683533604187211,short,1934,3592
enrichment,53,35,88,2.9231138332225674e-05,6.4096459677832885e-05,0.22539006499974512,0.015222863785501554,1.8267814298849643,short,1182,4344
enroll,62,3,65,3.4194916539584752e-05,5.493982258099961e-06,-0.26272935766266237,0.022580481996779971,-1.7484048398945926,official,4135,1391
enrolled,113,3,116,6.232299304795286e-05,5.493982258099961e-06,-0.29265537962593235,0.012770757479321878,-2.5896924043075633,official,4731,795
enrollees,39,0,39,2.1509705565222665e-05,0,-0.33119539474246373,0.038462122351094884,-1.6887589620191619,official,4075,1448
enrollment,281,54,335,0.00015498018625198897,9.8891680645799297e-05,-0.097724308917179314,0.0041946546727199135,-1.5088793026213712,official,3866,1660
ensure,2857,19,2876,0.0015757238153805426,3.4795220967966419e-05,-0.32167481381034246,0.00052043644277709482,-14.10045764524348,official,5495,31
ensures,30,4,34,1.6545927357863591e-05,7.3253096774666146e-06,-0.15934212652330437,0.041941373362317916,-0.77805318557721537,official,3045,2482
ensuring,171,164,335,9.4311785939822458e-05,0.00030033769677613123,0.34807697364468204,0.0039808765696679781,5.5167834665671114,short,203,5323
enter,396,0,396,0.00021840624112379938,0,-0.33124364966110953,0.0037884627607615968,-5.3816574363199861,official,5294,232
entered,109,0,109,6.0116869400237707e-05,0,-0.33120485537297384,0.013762051795801266,-2.823287470438296,official,4834,692
entering,121,4,125,6.6735240343383152e-05,7.3253096774666146e-06,-0.28357663325113514,0.011817562544773993,-2.6085939777233729,official,4743,782
enterprise,242,200,442,0.0001334704806867663,0.00036626548387333073,0.29864449615895339,0.0030202046986800343,5.4342088564933961,short,208,5318
enterprises,211,15,226,0.00011637302241697391,2.7469911290499805e-05,-0.23320099139896477,0.006438291046927936,-2.9063311033693902,official,4864,662
entertainment,45,5,50,2.4818891036795385e-05,9.1566370968332683e-06,-0.18459048772359665,0.028708717863720586,-1.0894377469247187,official,3314,2211
entities,650,5,655,0.00035849509275371114,9.1566370968332683e-06,-0.31984705102286703,0.0022820190737115661,-6.6954953979548302,official,5380,146
entitled,869,0,869,0.00047928036246611534,0,-0.33130760590824959,0.0017267060626086144,-7.9730079892308909,official,5415,111
entitlement,247,45,292,0.00013622813524641022,8.2409733871499421e-05,-0.10768877298875168,0.0048232305713712944,-1.5506058454249501,official,3901,1625
entity,144,3,147,7.9420451317745229e-05,5.493982258099961e-06,-0.30074903214296533,0.010103676698450099,-2.9920201766934342,official,4894,632
entrepreneurial,24,22,46,1.3236741886290871e-05,4.028920322606638e-05,0.33297614852667401,0.028992180531188298,1.9555669345440867,short,1113,4411
entrepreneurs,53,40,93,2.9231138332225674e-05,7.3253096774666146e-05,0.26871035031349066,0.014368695965574736,2.2416908410295129,short,953,4573
entrepreneurship,31,51,82,1.7097458269792376e-05,9.3397698387699343e-05,0.52493706281989283,0.016368938417309711,4.1029571325328726,short,401,5125
entry,196,39,235,0.00010810005873804212,7.1421769355299499e-05,-0.091031915514985684,0.0059704045890273958,-1.1781261617452776,official,3394,2131
environment,450,145,595,0.00024818891036795386,0.0002655424758081648,0.016839331584581174,0.002308873178589182,0.35044898734902724,short,2209,3317
environmental,1884,618,2502,0.0010390842380738334,0.0011317603451685919,0.021395141248613747,0.00054909549924430734,0.91304296802904861,short,1795,3731
environmentally,95,10,105,5.2395436633234704e-05,1.8313274193666537e-05,-0.19143653332301902,0.013696236079482877,-1.6357774032468293,official,4010,1516
environments,24,10,34,1.3236741886290871e-05,1.8313274193666537e-05,0.085704923814724054,0.039969235926617476,0.42868950372487674,short,2148,3376
epa,4,31,35,2.2061236477151451e-06,5.6771150000366263e-05,0.88806352288188428,0.040793124683055855,4.3969400616073209,short,341,5185
epidemic,18,12,30,9.9275564147181536e-06,2.1975929032399844e-05,0.22842861617403898,0.044643441031045637,1.0811144644464188,short,1675,3853
epilepsy,18,18,36,9.9275564147181536e-06,3.2963893548599766e-05,0.36196270127019048,0.03703762092699199,1.8807985417713937,short,1150,4377
equal,505,413,918,0.00027852311052403711,0.00075633822419842801,0.29523740439035073,0.001454639609579094,7.7409395132946139,short,118,5408
equality,52,138,190,2.8679607420296889e-05,0.00025272318387259819,0.66608784163604362,0.0071815958259858707,7.8599724989612492,short,112,5414
equalization,26,159,185,1.4339803710148445e-05,0.00029118105967929796,0.85080842155398706,0.0076468971704144809,9.7294693648024158,short,82,5444
equalize,78,0,78,4.3019411130445331e-05,0,-0.33120066559788874,0.01923135312942735,-2.3882857073998807,official,4637,889
equalizing,21,4,25,1.1582149150504513e-05,7.3253096774666146e-06,-0.099389553078838233,0.056222472942005629,-0.41916572724057177,official,2759,2766
equipment,879,122,1001,0.00048479567158540317,0.00022342194516273176,-0.15337511675645388,0.0014229709653507461,-4.0659018156076252,official,5152,374
equipped,25,1,26,1.3788272798219658e-05,1.8313274193666537e-06,-0.27403464010177281,0.056645464060875568,-1.1513911711087681,official,3374,2150
equitable,444,127,571,0.00024487972489638113,0.00023257858225956502,-0.012470747132573123,0.0024184704528159139,-0.25358413558425796,official,2633,2893
equity,430,1643,2073,0.00023715829212937812,0.003008870950019412,0.757794666543397,0.00066921160666003846,29.293402029490686,short,8,5518
equivalent,80,0,80,4.4122472954302907e-05,0,-0.33120093590273036,0.018750583899124887,-2.4187119882014847,official,4660,864
era,109,38,147,6.0116869400237707e-05,6.9590441935932839e-05,0.037137758591493153,0.0093122393224867421,0.38484745992500263,short,2185,3341
eradicate,24,3,27,1.3236741886290871e-05,5.493982258099961e-06,-0.16867309181653489,0.052941760357527311,-0.73307197473693009,official,3004,2522
eradication,35,38,73,1.9303581917507522e-05,6.9590441935932839e-05,0.38936835305906214,0.018268852168078917,2.8807463443712762,short,701,4824
erisa,1,26,27,5.5153091192878628e-07,4.7614512903532995e-05,1.0000559920382965,0.054582794130930493,4.2805190530653681,short,359,5166
erodible,24,3,27,1.3236741886290871e-05,5.493982258099961e-06,-0.16867309181653489,0.052941760357527311,-0.73307197473693009,official,3005,2523
erosion,51,29,80,2.8128076508368104e-05,5.3108495161632956e-05,0.1781137367854928,0.016808483613760011,1.3738304803896997,short,1476,4051
error,28,11,39,1.5442865534006018e-05,2.014460161303319e-05,0.069288594643476031,0.034925957024556177,0.37075549386693479,short,2192,3333
errors,35,8,43,1.9303581917507522e-05,1.4650619354933229e-05,-0.062927277614676314,0.032428939848745925,-0.34943996078476158,official,2704,2821
escrow,56,20,76,3.0885731068012036e-05,3.6626548387333073e-05,0.043504732123953005,0.017993008141836339,0.32432812447630782,short,2218,3308
especially,89,0,89,4.9086251161661981e-05,0,-0.33120215228002969,0.016854516485494981,-2.5511441648774187,official,4713,812
espionage,20,21,41,1.1030618238575727e-05,3.8457875806699727e-05,0.37822429809704872,0.032523058772320264,2.0972670494312946,short,1029,4499
essential,240,55,295,0.00013236741886290873,0.00010072300806516596,-0.062384290818467747,0.0047268856883111747,-0.9073768451133275,official,3138,2388
establish,14881,11,14892,0.0082073315004122689,2.014460161303319e-05,-0.33210086706123398,0.00010127544016488712,-33.000303934692717,official,5517,9
established,519,3,522,0.00028624454329104009,5.493982258099961e-06,-0.32265055765314088,0.0028659607007108217,-6.0269460598399682,official,5341,185
establishing,932,8,940,0.00051402680991762884,1.4650619354933229e-05,-0.31857350967877451,0.0015896244552549598,-7.9902872488333019,official,5417,109
establishment,2263,186,2449,0.0012481144536948435,0.00034062690000219762,-0.21949479946843198,0.00059231521393386026,-9.0187799557672861,official,5447,79
establishments,70,0,70,3.8607163835015045e-05,0,-0.33119958438297559,0.021429155325362513,-2.2624930653387847,official,4558,964
estate,633,213,846,0.00034911906725092174,0.00039007274032509722,0.027925978030739707,0.0016210036761998459,0.69361167098894116,short,1946,3580
estates,42,4,46,2.3164298301009027e-05,7.3253096774666146e-06,-0.20336063370583624,0.031364220255070546,-1.1482848607731919,official,3367,2160
estimate,27,13,40,1.4891334622077231e-05,2.3807256451766497e-05,0.12755853540303796,0.033793881553213508,0.6938897709804398,short,1945,3581
estimated,26,2,28,1.4339803710148445e-05,3.6626548387333073e-06,-0.22583222468961317,0.051852435738963261,-0.99174799660655499,official,3216,2306
estimates,64,6,70,3.5297978363442322e-05,1.0987964516199922e-05,-0.20515536010576341,0.020621165201163583,-1.4286513882519858,official,3724,1801
estuary,23,15,38,1.2685210974362085e-05,2.7469911290499805e-05,0.22137872869091879,0.035261951041491289,1.1789156149407185,short,1609,3915
et,73,0,73,4.0261756570801403e-05,0,-0.33119998983773158,0.020548529102970673,-2.3104679306380591,official,4584,939
ethanol,95,53,148,5.2395436633234704e-05,9.706035322643265e-05,0.1722114663266705,0.0090909346337883813,1.8061665589912719,short,1189,4337
ethical,21,16,37,1.1582149150504513e-05,2.9301238709866458e-05,0.27181030135214712,0.036109887728712965,1.4303846568794225,short,1445,4080
ethics,99,115,214,5.4601560280949844e-05,0.00021060265322716518,0.41184984584332618,0.0062349857941451708,5.2158029255430058,short,243,5283
ethnic,87,12,99,4.7983189337804412e-05,2.1975929032399844e-05,-0.15426578881475272,0.014385936999322111,-1.2861764317284858,official,3513,2013
europe,37,15,52,2.0406643741365096e-05,2.7469911290499805e-05,0.078015036939032001,0.026161912084013965,0.48232922531771599,short,2111,3415
european,70,24,94,3.8607163835015045e-05,4.3951858064799688e-05,0.032776562827313782,0.014572721150653329,0.27151453345608084,short,2272,3254
evacuation,19,10,29,1.047908732664694e-05,1.8313274193666537e-05,0.15431961138863848,0.046474942862192024,0.71583295579540207,short,1937,3587
evaluate,191,2,193,0.00010534240417839818,3.6626548387333073e-06,-0.31571085446248048,0.0077329557204920156,-3.5901843706386951,official,5047,479
evaluating,50,10,60,2.7576545596439316e-05,1.8313274193666537e-05,-0.090030337109835656,0.023377207271691038,-0.58883357131862457,official,2892,2634
evaluation,303,105,408,0.00016711386631442225,0.00019228937903349865,0.035566641789152698,0.0033563714817859526,0.61391444160274022,short,2009,3517
evaluations,33,3,36,1.8200520093649949e-05,5.493982258099961e-06,-0.20859091553988129,0.040134363153253465,-1.0412072950922806,official,3276,2250
evasion,23,12,35,1.2685210974362085e-05,2.1975929032399844e-05,0.15166392423997621,0.03851855894438104,0.77276469694830652,short,1897,3629
event,194,7,201,0.00010699699691418455,1.2819291935566576e-05,-0.27941370732082227,0.0073399218051052066,-3.261384411431353,official,4956,570
events,126,20,146,6.949289490302708e-05,3.6626548387333073e-05,-0.13186527528903191,0.0097011508895266715,-1.3388095943344556,official,3573,1953
everglades,14,23,37,7.7214327670030089e-06,4.2120530645433034e-05,0.52448441507617893,0.036275093694415075,2.753774134168288,short,739,4786
eviction,29,6,35,1.5994396445934803e-05,1.0987964516199922e-05,-0.083355186914060297,0.040015827791428177,-0.41669350100133673,official,2750,2775
evidence,171,20,191,9.4311785939822458e-05,3.6626548387333073e-05,-0.17784315779648985,0.0075023513583696499,-2.0532340664958526,official,4415,1111
evidence-based,44,4,48,2.42673601248666e-05,7.3253096774666146e-06,-0.20859195341924064,0.030100918340061469,-1.2022856911007151,official,3428,2098
ex-offenders,18,15,33,9.9275564147181536e-06,2.7469911290499805e-05,0.30133673321606658,0.040441760359659962,1.4984320378366631,short,1393,4133
examination,118,42,160,6.5080647607596788e-05,7.6915751613399453e-05,0.042606540410265126,0.0085482012720228782,0.46082804547318068,short,2129,3397
examinations,97,6,103,5.3498498457092274e-05,1.0987964516199922e-05,-0.24502284477130942,0.01417489583146442,-2.0580060152158293,official,4422,1102
examine,104,0,104,5.7359214840593779e-05,0,-0.33120417959556292,0.014423660827803003,-2.7577700958792004,official,4805,719
exceed,124,0,124,6.8389833079169504e-05,0,-0.3312068827219008,0.012097358102942213,-3.0113004206131242,official,4900,626
exceeding,27,0,27,1.4891334622077231e-05,0,-0.33119377297485109,0.055556139442311518,-1.4051287926382199,official,3695,1824
exceeds,34,0,34,1.8752051005578734e-05,0,-0.3311947190040101,0.044118230947213094,-1.576791820221908,official,3936,1584
excellence,144,197,341,7.9420451317745229e-05,0.00036077150161523076,0.46573567659220494,0.0039211757016539917,7.4375749618842066,short,125,5401
exception,107,2,109,5.9013807576380137e-05,3.6626548387333073e-06,-0.30380471337294956,0.013639222544653719,-2.6013554574596136,official,4737,789
exceptional,31,18,49,1.7097458269792376e-05,3.2963893548599766e-05,0.1846269291132252,0.027425957027317174,1.1148441276012471,short,1647,3878
exceptions,63,3,66,3.474644745151354e-05,5.493982258099961e-06,-0.26375601129480764,0.022245275503725206,-1.7684120766772713,official,4156,1369
excess,226,34,260,0.00012464598609590572,6.2265132258466224e-05,-0.14068708712982847,0.0054595576561539518,-1.9040375521660509,official,4295,1232
excessive,236,36,272,0.00013016129521519358,6.5927787097199531e-05,-0.13844034926439974,0.0052158411298962046,-1.9169046413973794,official,4309,1217
exchange,1280,322,1602,0.00070595956726884652,0.00058968742903606252,-0.042149598702530433,0.00086731605698724286,-1.4312145766310529,official,3746,1780
exchanges,91,10,101,5.0189312985519558e-05,1.8313274193666537e-05,-0.18601592524264277,0.014217926246978633,-1.5600265807269469,official,3921,1605
excise,369,59,428,0.00020351490650172215,0.00010804831774263257,-0.13065689592553476,0.0033086772185950447,-2.2714602211651247,official,4568,958
exclude,570,0,570,0.00031437261979940819,0,-0.33126717400894989,0.0026321629608729467,-6.456869605430029,official,5367,159
excluded,56,0,56,3.0885731068012036e-05,0,-0.33119769227401363,0.026786298179238079,-2.0236292703388661,official,4389,1136
excluding,28,1,29,1.5442865534006018e-05,1.8313274193666537e-06,-0.27990016499353665,0.050877776869739884,-1.2409065910146566,official,3467,2055
exclusion,391,42,433,0.00021564858656415546,7.6915751613399453e-05,-0.18893266971990208,0.0033194393749887102,-3.2792512351619401,official,4963,563
exclusionary,16,9,25,8.8244945908605804e-06,1.6481946774299883e-05,0.17474739076906509,0.053802592495159909,0.75337134662556116,short,1907,3619
exclusions,46,0,46,2.537042194872417e-05,0,-0.33119634078096993,0.032609279543363956,-1.8340658647799333,official,4228,1296
exclusive,120,5,125,6.6183709431454364e-05,9.1566370968332683e-06,-0.27178067785968629,0.01177452425530132,-2.5046491180148411,official,4698,828
exclusively,39,0,39,2.1509705565222665e-05,0,-0.33119539474246373,0.038462122351094884,-1.6887589620191619,official,4076,1449
execute,42,0,42,2.3164298301009027e-05,0,-0.33119580018686889,0.03571486960454226,-1.7525091193635514,official,4141,1380
executive,853,132,985,0.00047045586787525473,0.00024173521935639828,-0.13613051472410476,0.0014399089071050789,-3.5874675180111719,official,5045,481
executives,29,7,36,1.5994396445934803e-05,1.2819291935566576e-05,-0.051230875717697799,0.038641013227387305,-0.26061987172390622,official,2636,2887
exempt,610,14,624,0.00033643385627655966,2.5638583871133151e-05,-0.29779703954326742,0.002378354917564295,-6.1063549308256935,official,5346,180
exempting,66,0,66,3.6401040187299898e-05,0,-0.33119904377818798,0.022727856623130299,-2.1968976977465036,official,4517,1008
exemption,421,78,499,0.00023219451392201906,0.000142843538710599,-0.10459624561516279,0.0028206427764623431,-1.9694368161842222,official,4355,1171
exemptions,164,8,172,9.0451069556320954e-05,1.4650619354933229e-05,-0.26221582755310102,0.0085323299528310744,-2.8387364986012673,official,4841,685
exercise,173,10,183,9.5414847763680035e-05,1.8313274193666537e-05,-0.25030237935652799,0.007990919838078531,-2.8000551866707264,official,4824,702
exist,33,7,40,1.8200520093649949e-05,1.2819291935566576e-05,-0.078356101538849643,0.034975809771884199,-0.41897579262841655,official,2753,2771
existence,64,0,64,3.5297978363442322e-05,0,-0.33119877347646387,0.023438083895390812,-2.1633543816925012,official,4497,1027
existing,657,24,681,0.0003623558091372126,4.3951858064799688e-05,-0.27885442303442964,0.0021664079126546476,-5.9911117555275979,official,5340,186
exists,28,2,30,1.5442865534006018e-05,3.6626548387333073e-06,-0.23275293782696416,0.048491963197922976,-1.0569642248172721,official,3291,2236
exotic,24,14,38,1.3236741886290871e-05,2.5638583871133151e-05,0.18606942895823586,0.035360385379011303,0.98950166657903793,short,1740,3783
expand,2123,32,2155,0.0011709001260248133,5.8602477419732917e-05,-0.30927060533472872,0.00069158584728244081,-11.760224049800527,official,5481,45
expanded,289,43,332,0.00015939243354741925,7.8747079032766114e-05,-0.14246776303066788,0.004277556585366586,-2.1783051768554977,official,4508,1018
expanding,287,75,362,0.00015828937172356167,0.00013734955645249903,-0.033547596849150096,0.0038297455382818859,-0.54209631600518726,official,2867,2659
expansion,436,583,1019,0.00024046747760095083,0.0010676638854907592,0.45840678674203694,0.0013120891026820053,12.655210532403203,short,45,5481
expected,34,1,35,1.8752051005578734e-05,1.8313274193666537e-06,-0.28863465584402803,0.042271115289650156,-1.4038691211362171,official,3681,1843
expedite,240,4,244,0.00013236741886290873,7.3253096774666146e-06,-0.30672974665662167,0.006098957704641552,-3.9276075401895008,official,5125,401
expedited,227,61,288,0.00012519751700783451,0.00011171097258136588,-0.027141227017279945,0.0048076610371054866,-0.39143761577164626,official,2737,2789
expediting,15,10,25,8.2729636789317955e-06,1.8313274193666537e-05,0.22842812411955826,0.053572012458328148,0.9869169154630365,short,1748,3779
expeditious,72,0,72,3.9710225658872614e-05,0,-0.33119985468603375,0.020833917230591175,-2.2945877480440044,official,4581,944
expended,52,0,52,2.8679607420296889e-05,0,-0.33119715167546104,0.028846737738744143,-1.9500162931698077,official,4335,1190
expenditure,160,37,197,8.8244945908605814e-05,6.7759114516566192e-05,-0.060462630053136124,0.0070752086503738142,-0.7188154590697996,official,2998,2528
expenditures,583,64,647,0.00032154252165448243,0.00011720495483946583,-0.18619004514845727,0.0022200619263715721,-3.9516085172327684,official,5131,395
expense,102,44,146,5.6256153016736209e-05,8.0578406452132761e-05,0.095558342641487215,0.0092959998764671637,0.99110702428000452,short,1736,3790
expenses,1073,36,1109,0.00059179266849958777,6.5927787097199531e-05,-0.28300910760072995,0.0013322417290600162,-7.753698249324712,official,5409,117
expensing,73,23,96,4.0261756570801403e-05,4.2120530645433034e-05,0.011182290172808251,0.014321105012114288,0.093442079116185295,short,2376,3150
experience,71,6,77,3.9158694746943826e-05,1.0987964516199922e-05,-0.21642151246155983,0.018805533426632052,-1.5781838664671151,official,3948,1578
experienced,48,6,54,2.6473483772581743e-05,1.0987964516199922e-05,-0.16867498911729939,0.026471172128717375,-1.0367262732409492,official,3271,2255
experiences,25,0,25,1.3788272798219658e-05,0,-0.33119350268180803,0.060000583886289226,-1.3520852339749585,official,3601,1926
experiencing,75,0,75,4.1364818394658973e-05,0,-0.3312002601414612,0.020000583897957981,-2.341905313174014,official,4611,913
experiment,25,7,32,1.3788272798219658e-05,1.2819291935566576e-05,-0.017532802637411748,0.043185469178498512,-0.084368926446948711,official,2498,3029
experimental,49,9,58,2.7025014684510531e-05,1.6481946774299883e-05,-0.10618174203656672,0.024271751421391596,-0.68155245791369223,official,2973,2552
experimentation,25,13,38,1.3788272798219658e-05,2.3807256451766497e-05,0.15065041786454714,0.035481442900387287,0.79977846174898337,short,1870,3656
experiments,44,0,44,2.42673601248666e-05,0,-0.33119607048369737,0.034091492981632388,-1.7937510362478384,official,4181,1333
expertise,60,8,68,3.3091854715727182e-05,1.4650619354933229e-05,-0.15934438598115186,0.020970978633654717,-1.1003413105124029,official,3320,2206
experts,27,1,28,1.4891334622077231e-05,1.8313274193666537e-06,-0.27808349892057116,0.052665160689558212,-1.2117513504523192,official,3437,2085
expiration,48,0,48,2.6473483772581743e-05,0,-0.33119661107868836,0.031250583891656789,-1.8735134540177161,official,4276,1249
expiring,121,4,125,6.6735240343383152e-05,7.3253096774666146e-06,-0.28357663325113514,0.011817562544773993,-2.6085939777233729,official,4744,783
explicit,36,0,36,1.9855112829436307e-05,0,-0.33119498929905689,0.041667250555522978,-1.6225060899795725,official,3994,1528
exploitation,183,61,244,0.0001009301568829679,0.00011171097258136588,0.025487461818805457,0.0056211928404229965,0.33994788691041594,short,2210,3316
exploited,20,5,25,1.1030618238575727e-05,9.1566370968332683e-06,-0.043508510797819255,0.055556139442149953,-0.18459000813266455,official,2583,2943
exploration,217,52,269,0.00011968220788854664,9.522902580706599e-05,-0.052816436799190569,0.0051734619126436255,-0.73430835660393312,official,3006,2520
explosive,43,9,52,2.3715829212937812e-05,1.6481946774299883e-05,-0.081047743506960757,0.026920342305564119,-0.49397007397467246,official,2814,2709
explosives,93,47,140,5.1292374809377128e-05,8.6072388710232728e-05,0.14203574257824059,0.0096400229924468884,1.4466338109629115,short,1424,4102
export,916,473,1389,0.00050520231532676823,0.00086621786936042725,0.14861607268037602,0.00097148064111031982,4.7681367790335125,short,286,5240
export-import,77,31,108,4.2467880218516549e-05,5.6771150000366263e-05,0.076078669499819895,0.012600233917273759,0.67775636525439054,short,1965,3561
exportation,98,4,102,5.4050029369021062e-05,7.3253096774666146e-06,-0.27293266554387863,0.014434546168654397,-2.2717155442508745,official,4570,957
exported,44,0,44,2.42673601248666e-05,0,-0.33119607048369737,0.034091492981632388,-1.7937510362478384,official,4182,1334
exporting,47,19,66,2.5921952860652958e-05,3.4795220967966419e-05,0.077222668592042965,0.020614847301494096,0.53784203862328861,short,2058,3468
exports,218,43,261,0.00012023373880047541,7.8747079032766114e-05,-0.092726006243918135,0.0053777403004391508,-1.2644499456269018,official,3493,2033
exposed,98,9,107,5.4050029369021062e-05,1.6481946774299883e-05,-0.20747193738246672,0.013499322341635787,-1.7856789478785808,official,4177,1349
exposure,289,69,358,0.00015939243354741925,0.0001263615919362991,-0.053613319658586178,0.0038880993970274941,-0.85981302439387441,official,3111,2415
express,179,17,196,9.8724033235252751e-05,3.1132566129233112e-05,-0.20369336729224763,0.0073620862746538685,-2.3739766137582077,official,4634,891
expressing,88,0,88,4.85347202497332e-05,0,-0.33120201712655017,0.01704603844644648,-2.5367708658876613,official,4708,815
expression,21,15,36,1.1582149150504513e-05,2.7469911290499805e-05,0.25073531449037567,0.037152286676149546,1.3008365511591846,short,1532,3992
extend,3477,14,3491,0.00191767298077639,2.5638583871133151e-05,-0.32564494239640496,0.00042940460508198515,-15.714877091963134,official,5500,26
extended,232,32,264,0.00012795517156747842,5.8602477419732917e-05,-0.15427641151647897,0.0053950913546600057,-2.100390895538307,official,4452,1074
extending,105,9,114,5.7910745752522567e-05,1.6481946774299883e-05,-0.21494046987129423,0.012696875254084387,-1.9075229315272599,official,4297,1229
extension,460,982,1442,0.00025370421948724169,0.0017983635258180539,0.60484889841413025,0.00093888788673356614,19.739676273152735,short,18,5508
extensions,24,6,30,1.3236741886290871e-05,1.0987964516199922e-05,-0.043508602637635008,0.04629688018411858,-0.20220843699872579,official,2599,2925
extent,254,0,254,0.00014008885162991174,0,-0.33122445412846879,0.0059060957507596767,-4.3099491995576242,official,5188,338
external,31,2,33,1.7097458269792376e-05,3.6626548387333073e-06,-0.24158125739053204,0.044197012459706836,-1.1491236964766174,official,3369,2155
extinction,31,0,31,1.7097458269792376e-05,0,-0.3311943135622748,0.048387680661882995,-1.5056203243148938,official,3847,1668
extraction,37,2,39,2.0406643741365096e-05,3.6626548387333073e-06,-0.25520831998530547,0.037548722528959633,-1.3170347850125645,official,3550,1976
extradition,25,13,38,1.3788272798219658e-05,2.3807256451766497e-05,0.15065041786454714,0.035481442900387287,0.79977846174898337,short,1871,3657
extraordinary,60,0,60,3.3091854715727182e-05,0,-0.33119823287434791,0.025000583894457303,-2.0946570847811805,official,4446,1079
extraterritorial,19,7,26,1.047908732664694e-05,1.2819291935566576e-05,0.051802701634985127,0.052525836412202369,0.22602991486476115,short,2294,3229
extreme,48,3,51,2.6473483772581743e-05,5.493982258099961e-06,-0.24418388785912626,0.028620112512068641,-1.4433821689094328,official,3748,1774
extremely,23,7,30,1.2685210974362085e-05,1.2819291935566576e-05,0.0025830884504838281,0.045895535443212239,0.012057410783526906,short,2430,3095
eye,48,15,63,2.6473483772581743e-05,2.7469911290499805e-05,0.0091359260456638225,0.021830105725594805,0.061833617601875467,short,2400,3125
f,85,28,113,4.6880127513946835e-05,5.1277167742266302e-05,0.022450993661744079,0.012143287540600959,0.20373583701835069,short,2303,3223
faa,23,14,37,1.2685210974362085e-05,2.5638583871133151e-05,0.19944130106865998,0.036275093693865744,1.0471546539512206,short,1700,3824
face,25,3,28,1.3788272798219658e-05,5.493982258099961e-06,-0.1743496849673285,0.051126572931603352,-0.77107713624863894,official,3033,2491
facilitate,1082,1,1083,0.00059675644670694676,1.8313274193666537e-06,-0.32995124364875306,0.0013849871228898583,-8.8659831563028284,official,5444,82
facilitating,131,17,148,7.2250549462671008e-05,3.1132566129233112e-05,-0.16331932732938093,0.0096454193673199424,-1.6629417048328892,official,4039,1487
facilitation,27,86,113,1.4891334622077231e-05,0.00015749415806553223,0.7136544028910361,0.012168566683073957,6.4694630437352094,short,163,5363
facilities,2341,267,2608,0.0012911338648252887,0.00048896442097089653,-0.18137257778082283,0.00055047161542861548,-7.7304390537439982,official,5408,118
facility,466,155,621,0.00025701340495881442,0.00028385575000183132,0.024939268578831886,0.0022092070301624428,0.53059787216392573,short,2073,3453
facing,26,4,30,1.4339803710148445e-05,7.3253096774666146e-06,-0.13703582842398276,0.047269491450725419,-0.63029471355461941,official,2925,2602
fact,16,12,28,8.8244945908605804e-06,2.1975929032399844e-05,0.26665009928234795,0.047727856614994485,1.2205505874273119,short,1585,3939
factor,27,1,28,1.4891334622077231e-05,1.8313274193666537e-06,-0.27808349892057116,0.052665160689558212,-1.2117513504523192,official,3438,2086
factors,95,2,97,5.2395436633234704e-05,3.6626548387333073e-06,-0.30043040703880308,0.015309927337557894,-2.4280482985527927,official,4665,861
faculty,57,15,72,3.1437261979940824e-05,2.7469911290499805e-05,-0.031948201367443474,0.01924677475623273,-0.23028594427381707,official,2614,2912
fail,74,7,81,4.0813287482730191e-05,1.2819291935566576e-05,-0.20413810563941048,0.017815833166647688,-1.5293997388797644,official,3875,1651
failed,51,2,53,2.8128076508368104e-05,3.6626548387333073e-06,-0.2751066523881196,0.027797786690148537,-1.6500457401372715,official,4033,1493
fails,48,0,48,2.6473483772581743e-05,0,-0.33119661107868836,0.031250583891656789,-1.8735134540177161,official,4277,1250
failure,136,7,143,7.5008204022314936e-05,1.2819291935566576e-05,-0.25863467050003486,0.010251479971603191,-2.5544267807677281,official,4716,810
failures,25,1,26,1.3788272798219658e-05,1.8313274193666537e-06,-0.27403464010177281,0.056645464060875568,-1.1513911711087681,official,3375,2151
fair,1323,1293,2616,0.0007296753964817843,0.0023679063532410834,0.35471364109868464,0.00051027601448223371,15.702735409406921,short,29,5497
fairness,255,1989,2244,0.00014064038254184053,0.0036425102371202742,0.88983632516320199,0.0006369836643094444,35.257050951346947,short,6,5520
faith,21,19,40,1.1582149150504513e-05,3.4795220967966419e-05,0.32862632431888983,0.033343179056273181,1.7996947383818593,short,1194,4330
fallen,23,106,129,1.2685210974362085e-05,0.0001941207064528653,0.79770651020975514,0.010834850434388539,7.6635796600554027,short,120,5406
falls,43,22,65,2.3715829212937812e-05,4.028920322606638e-05,0.14573800918154234,0.020754096029789473,1.0116281872752444,short,1720,3806
false,98,32,130,5.4050029369021062e-05,5.8602477419732917e-05,0.020208878346069881,0.01055938833120095,0.19666307644683925,short,2306,3220
fame,15,13,28,8.2729636789317955e-06,2.3807256451766497e-05,0.31433281398516932,0.047646641743710194,1.4400367401123986,short,1428,4095
families,1401,532,1933,0.00077269480761222968,0.00097426618710305982,0.060025512159963768,0.00070620388960383252,2.258763814454408,short,943,4583
family,1200,1113,2313,0.00066183709431454356,0.0020382674177550856,0.33721769605606422,0.00057712705799058421,14.037010952056114,short,40,5486
family-owned,34,11,45,1.8752051005578734e-05,2.014460161303319e-05,0.017861236000012326,0.030515954596872182,0.10224640069563444,short,2369,3157
famine,23,19,42,1.2685210974362085e-05,3.4795220967966419e-05,0.298449068576641,0.031778641898982427,1.6741815874777772,short,1294,4233
fannie,73,13,86,4.0261756570801403e-05,2.3807256451766497e-05,-0.11183132763363979,0.016390902178429378,-0.87349827478331388,official,3114,2412
fare,30,6,36,1.6545927357863591e-05,1.0987964516199922e-05,-0.09002942914793266,0.038961622850261481,-0.45610620167917837,official,2779,2745
farm,695,529,1224,0.0003833139837905065,0.0009687722048449598,0.27162497868898328,0.001092139596628754,8.2192204448797526,short,104,5422
farmer,18,94,112,9.9275564147181536e-06,0.00017214477742046546,0.82233852554262121,0.01254726053667762,7.341354214051532,short,128,5398
farmers,439,139,578,0.00024212207033673719,0.00025455451129196486,0.012423548168335685,0.0023785683324540818,0.25473453767292387,short,2278,3248
farming,63,33,96,3.474644745151354e-05,6.0433804839099571e-05,0.15287155317147239,0.014041830065470008,1.2900745910575695,short,1549,3977
farmington,14,14,28,7.7214327670030089e-06,2.5638583871133151e-05,0.36196144686223697,0.047619631506891448,1.658705559703975,short,1301,4223
farmland,63,27,90,3.474644745151354e-05,4.9445840322899649e-05,0.093696671893278349,0.015083540162533564,0.76290862184985841,short,1902,3624
farms,136,31,167,7.5008204022314936e-05,5.6771150000366263e-05,-0.063513187317541409,0.0083514190048303277,-0.69499834589795917,official,2986,2540
fast,17,38,55,9.376025502789367e-06,6.9590441935932839e-05,0.61790518556204255,0.024642160956541731,3.9362479269884112,short,424,5102
faster,9,18,27,4.9637782073590768e-06,3.2963893548599766e-05,0.58510746887079712,0.050000583887854604,2.6166648707321172,short,794,4732
fatalities,27,7,34,1.4891334622077231e-05,1.2819291935566576e-05,-0.035345248692845388,0.040784270414206659,-0.17501879641426113,official,2573,2951
father,40,9,49,2.2061236477151454e-05,1.6481946774299883e-05,-0.066237669824005252,0.028477918258964091,-0.39251018135947069,official,2738,2786
fatherhood,27,22,49,1.4891334622077231e-05,4.028920322606638e-05,0.29390981672356986,0.027242985672328589,1.7806835264660117,short,1210,4317
fathers,38,10,48,2.095817465329388e-05,1.8313274193666537e-05,-0.031947877306212291,0.028869870179356161,-0.18802672963832856,official,2589,2935
fcc,11,14,25,6.06684003121665e-06,2.5638583871133151e-05,0.44200455996570298,0.053419387305947134,1.9123936743801768,short,1136,4389
fda,5,31,36,2.7576545596439317e-06,5.6771150000366263e-05,0.85309084453141892,0.039316200927515817,4.302387351819613,short,356,5170
feasibility,405,31,436,0.00022337001933115847,5.6771150000366263e-05,-0.22634617552464498,0.0033309722493321588,-3.9218199690798912,official,5123,403
feasible,37,0,37,2.0406643741365096e-05,0,-0.33119512444674726,0.040541124429630225,-1.6448868926211853,official,4020,1501
features,50,2,52,2.7576545596439316e-05,3.6626548387333073e-06,-0.27403757005020957,0.028323023979858333,-1.6283220272107894,official,4006,1519
february,50,0,50,2.7576545596439316e-05,0,-0.33119688137685088,0.030000583892123546,-1.912147478136577,official,4302,1223
federal,19340,3748,23088,0.010666607836702728,0.0068638151677862178,-0.097048137617859354,6.14222703876177e-05,-12.382954376540868,official,5487,39
federal-aid,121,40,161,6.6735240343383152e-05,7.3253096774666146e-05,0.023356490827906029,0.0085218075893605597,0.25301235623320412,short,2279,3247
federal-state,92,6,98,5.074084389744834e-05,1.0987964516199922e-05,-0.24068585770445949,0.014879126413813445,-1.973157969048265,official,4356,1169
federalism,21,25,46,1.1582149150504513e-05,4.5783185484166341e-05,0.41995269472814911,0.029010464069297831,2.4656023443433521,short,855,4670
federally,492,13,505,0.00027135320866896286,2.3807256451766497e-05,-0.29287914094231837,0.0029340949567058616,-5.4069376255054733,official,5297,229
federation,38,2,40,2.095817465329388e-05,3.6626548387333073e-06,-0.25708638995706323,0.036630620519948497,-1.3432503056644247,official,3574,1948
fee,273,181,454,0.00015056793895655866,0.0003314702629053643,0.22669991372593756,0.002950902965512002,4.1732450836814419,short,388,5138
feed,118,22,140,6.5080647607596788e-05,4.028920322606638e-05,-0.10341226828072791,0.010049392412891829,-1.0315782140196059,official,3266,2260
feeding,61,19,80,3.3643385627655964e-05,3.4795220967966419e-05,0.008317298508025317,0.017193792582854965,0.063430253481390475,short,2395,3130
fees,643,63,706,0.00035463437637020962,0.00011537362742009919,-0.20012947437302664,0.0020422640104696354,-4.4284843339268436,official,5203,323
fellows,12,13,25,6.6183709431454357e-06,2.3807256451766497e-05,0.38862951548721547,0.053343400387793914,1.6826563660431537,short,1278,4244
fellowship,71,63,134,3.9158694746943826e-05,0.00011537362742009919,0.32216948241773835,0.0099547748280407883,3.2290047129875292,short,592,4934
fellowships,52,1,53,2.8679607420296889e-05,1.8313274193666537e-06,-0.3030258259653813,0.028042911935212748,-1.8095395914270715,official,4201,1324
felons,27,20,47,1.4891334622077231e-05,3.6626548387333073e-05,0.26258990865764353,0.028439470540486012,1.5571027750404693,short,1356,4169
felony,78,3,81,4.3019411130445331e-05,5.493982258099961e-06,-0.27613954217394188,0.018194653980403905,-2.0471831585461642,official,4410,1117
female,43,13,56,2.3715829212937812e-05,2.3807256451766497e-05,0.00094373336956721232,0.024594347618515769,0.0060177155875708824,short,2435,3090
ferry,21,19,40,1.1582149150504513e-05,3.4795220967966419e-05,0.32862632431888983,0.033343179056273181,1.7996947383818593,short,1195,4331
fetal,47,21,68,2.5921952860652958e-05,3.8457875806699727e-05,0.10566436968474591,0.019932191127698912,0.74842975501799991,short,1910,3616
fewer,36,0,36,1.9855112829436307e-05,0,-0.33119498929905689,0.041667250555522978,-1.6225060899795725,official,3995,1529
fha,69,71,140,3.8055632923086256e-05,0.00013002424677503242,0.37150347480211643,0.0095246094055683132,3.8066179647121885,short,460,5066
fiber,72,7,79,3.9710225658872614e-05,1.2819291935566576e-05,-0.20098207345798969,0.018251007432354333,-1.4876949931459067,official,3828,1698
fide,27,0,27,1.4891334622077231e-05,0,-0.33119377297485109,0.055556139442311518,-1.4051287926382199,official,3696,1825
fiduciary,23,7,30,1.2685210974362085e-05,1.2819291935566576e-05,0.0025830884504838281,0.045895535443212239,0.012057410783526906,short,2431,3096
field,97,35,132,5.3498498457092274e-05,6.4096459677832885e-05,0.046231462369076937,0.010355420092567357,0.45431154170868338,short,2132,3394
fields,83,1,84,4.5777065690089265e-05,1.8313274193666537e-06,-0.3133962679801563,0.017753313734568191,-2.3520909260115914,official,4618,908
fifth,36,11,47,1.9855112829436307e-05,2.014460161303319e-05,0.0035595301893440734,0.029290155973523975,0.020798491569392414,short,2424,3101
fight,50,16,66,2.7576545596439316e-05,2.9301238709866458e-05,0.015086535281179536,0.020816395503226077,0.10456509765249061,short,2366,3158
fighters,20,5,25,1.1030618238575727e-05,9.1566370968332683e-06,-0.043508510797819255,0.055556139442149953,-0.18459000813266455,official,2584,2944
fighting,33,58,91,1.8200520093649949e-05,0.00010621699032326591,0.54564336471385388,0.014776509430237771,4.4887244973092777,short,331,5195
file,184,15,199,0.00010148168779489668,2.7469911290499805e-05,-0.22012005453073868,0.0072844471815170942,-2.5790592077945886,official,4730,796
filed,64,0,64,3.5297978363442322e-05,0,-0.33119877347646387,0.023438083895390812,-2.1633543816925012,official,4498,1028
filing,144,26,170,7.9420451317745229e-05,4.7614512903532995e-05,-0.10932906425523647,0.0082873381138396755,-1.2009587813612981,official,3425,2101
filipino,35,60,95,1.9303581917507522e-05,0.00010987964516199922,0.53786991808777707,0.014144504501821484,4.5225501009651197,short,324,5202
film,18,22,40,9.9275564147181536e-06,4.028920322606638e-05,0.42865587075827705,0.03337099545954194,2.3465196486580853,short,898,4628
films,57,0,57,3.1437261979940824e-05,0,-0.33119782742392978,0.02631637336744138,-2.0416178755799019,official,4402,1120
final,166,2,168,9.1554131380178531e-05,3.6626548387333073e-06,-0.31340703728362307,0.0088769488370095927,-3.3264184862970625,official,4983,543
finance,346,240,586,0.00019082969552736007,0.00043951858064799688,0.24127996795478168,0.0022841991583122854,5.0484061011812065,short,263,5263
financed,125,0,125,6.8941363991098292e-05,0,-0.33120701787938778,0.012000583909627216,-3.0234190240259591,official,4901,625
financial,2879,814,3693,0.0015878574954429757,0.0014907005193644561,-0.015253243964444607,0.00037462255515803068,-0.78807083554284918,official,3047,2479
financially,47,2,49,2.5921952860652958e-05,3.6626548387333073e-06,-0.27057095662737751,0.03002509369593381,-1.5614892240140208,official,3925,1602
financing,1050,375,1425,0.00057910745752522564,0.00068674778226249515,0.043529716889217696,0.00096018019570107409,1.4047837360002038,short,1457,4069
finding,29,5,34,1.5994396445934803e-05,9.1566370968332683e-06,-0.11761769926324028,0.041514625402736254,-0.57726086803898979,official,2890,2635
findings,259,0,259,0.00014284650618955565,0,-0.33122512998937204,0.0057920897324089202,-4.352167870501245,official,5190,336
fine,36,7,43,1.9855112829436307e-05,1.2819291935566576e-05,-0.09546951457923214,0.032658811739018433,-0.52828043251128209,official,2851,2675
fines,61,2,63,3.3643385627655964e-05,3.6626548387333073e-06,-0.2839445856847842,0.023449715408927152,-1.8542351248942903,official,4261,1266
firearm,156,63,219,8.6038822260890661e-05,0.00011537362742009919,0.076945290157404145,0.006213349892859185,0.97615579382835349,short,1752,3774
firearms,717,186,903,0.00039544766385293979,0.00034062690000219762,-0.035222686848649154,0.0015361416987845376,-0.89868365407690454,official,3135,2391
firefighter,20,80,100,1.1030618238575727e-05,0.00014650619354933229,0.7674553621911997,0.013889472797564679,6.5119378062278628,short,159,5366
firefighters,146,80,226,8.0523513141602805e-05,0.00014650619354933229,0.1666644737317089,0.0059567298373039554,2.1594297664470803,short,987,4539
firefighting,44,8,52,2.42673601248666e-05,1.4650619354933229e-05,-0.10804892921857601,0.027083917226411913,-0.65654534791053287,official,2956,2568
firemen,27,5,32,1.4891334622077231e-05,9.1566370968332683e-06,-0.10466387997058213,0.04397676345762791,-0.49909727483303673,official,2823,2701
fires,21,6,27,1.1582149150504513e-05,1.0987964516199922e-05,-0.01273653853468204,0.051136947523485805,-0.056322771044133239,official,2479,3045
firms,114,5,119,6.2874523959881648e-05,9.1566370968332683e-06,-0.26881299479496334,0.012356945531126557,-2.418213788313011,official,4658,868
first-time,108,41,149,5.9565338488308925e-05,7.5084424194032807e-05,0.05990884670845098,0.009154792396125681,0.62613316639247873,short,1996,3530
fisa,9,23,32,4.9637782073590768e-06,4.2120530645433034e-05,0.65572727981706791,0.042572645973583845,3.1780295429643566,short,599,4926
fiscal,3407,754,4161,0.0018790658169413751,0.001380820874202457,-0.069802322791097993,0.00033617900543213492,-3.807014936575007,official,5101,425
fiscally,23,5,28,1.2685210974362085e-05,9.1566370968332683e-06,-0.073361879383730511,0.04991145732757972,-0.32837517951179263,official,2685,2842
fish,439,174,613,0.00024212207033673719,0.00031865097096979775,0.071755668683827878,0.00222180240686933,1.5223113994211794,short,1377,4149
fisheries,176,198,374,9.70694404994664e-05,0.00036260282903459744,0.40124284496550544,0.0035670175462694724,6.7182270657378131,short,149,5377
fishermen,59,23,82,3.2540323803798394e-05,4.2120530645433034e-05,0.067159863838034184,0.016616592006365304,0.52100132605209659,short,2079,3447
fishery,231,57,288,0.00012740364065554963,0.00010438566290389926,-0.046408050495596598,0.0048259169493925433,-0.66804143944087291,official,2963,2563
fishing,210,98,308,0.00011582149150504513,0.00017947008709793207,0.11835057195120768,0.0043941400760173725,1.7853912930037887,short,1205,4321
fission,40,0,40,2.2061236477151454e-05,0,-0.33119552989048628,0.037500583889789808,-1.7102730473778192,official,4099,1422
fitness,48,15,63,2.6473483772581743e-05,2.7469911290499805e-05,0.0091359260456638225,0.021830105725594805,0.061833617601875467,short,2401,3126
five-year,38,0,38,2.095817465329388e-05,0,-0.33119525959454954,0.039474268099849372,-1.6669672550603276,official,4047,1475
fix,10,21,31,5.5153091192878634e-06,3.8457875806699727e-05,0.59963678052972647,0.043621597022179451,2.8710283637988145,short,704,4822
fixed,50,3,53,2.7576545596439316e-05,5.493982258099961e-06,-0.24742565208072698,0.0275664646142273,-1.4902330392148875,official,3831,1694
flag,105,88,193,5.7910745752522567e-05,0.00016115681290426552,0.30324354021891153,0.0069150074900665194,3.6466596424916493,short,488,5038
flags,42,0,42,2.3164298301009027e-05,0,-0.33119580018686889,0.03571486960454226,-1.7525091193635514,official,4142,1381
flat,41,50,91,2.2612767389080238e-05,9.1566370968332683e-05,0.4279319209253245,0.014668540062061882,3.5333058915649858,short,513,5013
flats,11,15,26,6.06684003121665e-06,2.7469911290499805e-05,0.46461645509645955,0.051417854816904175,2.0489794848426066,short,1062,4463
fleet,53,22,75,2.9231138332225674e-05,4.028920322606638e-05,0.084640480772094406,0.018122362249816254,0.62873946023756699,short,1991,3534
flexibility,427,350,777,0.00023550369939359176,0.00064096459677832885,0.29596632985149007,0.0017184603135844102,7.1395781798882103,short,130,5396
flexible,160,66,226,8.8244945908605814e-05,0.00012086760967819914,0.082881483728732164,0.0060159150466054939,1.0685790853496355,short,1692,3834
flight,144,70,214,7.9420451317745229e-05,0.00012819291935566577,0.13041026025653224,0.0063150067846215142,1.6410614773816929,short,1315,4211
flights,47,3,50,2.5921952860652958e-05,5.493982258099961e-06,-0.24246701409152394,0.029177786771123995,-1.4194708919738479,official,3721,1806
flood,367,187,554,0.00020241184467786457,0.00034245822742156424,0.14453196978528204,0.0024358880165800414,2.9284327973737461,short,684,4842
flooding,43,5,48,2.3715829212937812e-05,9.1566370968332683e-06,-0.17861410402442601,0.029857519409274846,-1.0336866031598477,official,3269,2258
floor,49,4,53,2.7025014684510531e-05,7.3253096774666146e-06,-0.21996931614292414,0.027348365110818066,-1.3301371401342013,official,3563,1965
florida,125,58,183,6.8941363991098292e-05,0.00010621699032326591,0.116663341519196,0.0073967147668187877,1.3564849374190453,short,1497,4029
flow,118,51,169,6.5080647607596788e-05,9.3397698387699343e-05,0.096109326227832526,0.0080303590259554608,1.0725018536063007,short,1687,3839
fluid,23,2,25,1.2685210974362085e-05,3.6626548387333073e-06,-0.21340929925272434,0.057870954256781661,-0.8871213225527651,official,3126,2395
fly,8,18,26,4.4122472954302902e-06,3.2963893548599766e-05,0.6197931620010646,0.052139621320776312,2.7143312338665844,short,754,4772
flying,22,14,36,1.21336800624333e-05,2.5638583871133151e-05,0.21354036059258519,0.037241963200055635,1.1065312625256789,short,1657,3867
focus,72,13,85,3.9710225658872614e-05,2.3807256451766497e-05,-0.10932516707562456,0.016574092285330685,-0.8491907861978224,official,3103,2422
focused,24,5,29,1.3236741886290871e-05,9.1566370968332683e-06,-0.081975332207479212,0.048280273121712118,-0.37307687146733837,official,2717,2803
folklife,35,46,81,1.9303581917507522e-05,8.4241061290866068e-05,0.4525698642919096,0.016495289305369934,3.5237546610782435,short,516,5010
follow,36,3,39,1.9855112829436307e-05,5.493982258099961e-06,-0.21786495776651549,0.037143441032596675,-1.1304368722216545,official,3357,2168
following,168,0,168,9.2657193204036107e-05,0,-0.33121282975657707,0.008929155348234569,-3.5051125007231811,official,5024,503
food,3224,1083,4307,0.0017781356600584072,0.0019833275951740858,0.027524977418130092,0.00031889820135782031,1.5413488277658367,short,1369,4157
foods,186,36,222,0.00010258474961875426,6.5927787097199531e-05,-0.096359516006035761,0.0063275333188693161,-1.2113716055240169,official,3434,2092
foot,24,13,37,1.3236741886290871e-05,2.3807256451766497e-05,0.16310878793135686,0.036394026512833959,0.85499250353886069,short,1834,3690
football,30,19,49,1.6545927357863591e-05,3.4795220967966419e-05,0.2120213809982463,0.027364694094092291,1.2816940262727248,short,1552,3974
footwear,28,29,57,1.5442865534006018e-05,5.3108495161632956e-05,0.37366232584383141,0.023393196754624365,2.4430622097917376,short,864,4662
forbearance,10,15,25,5.5153091192878634e-06,2.7469911290499805e-05,0.49549382880386439,0.053572012458633328,2.1407663484411428,short,1001,4523
force,446,157,603,0.00024598278672023871,0.00028751840484056462,0.039693061622779524,0.0022696623510001421,0.83317066698357556,short,1848,3678
forced,54,4,58,2.9782669244154463e-05,7.3253096774666146e-06,-0.22941293268756624,0.025058187580870635,-1.4492491981164615,official,3755,1770
forces,1851,129,1980,0.0010208837179801835,0.00023624123709829834,-0.23514732970629826,0.00073577117177236508,-8.6689933032171886,official,5435,91
forecasting,18,10,28,9.9275564147181536e-06,1.8313274193666537e-05,0.17090387454864064,0.048055503796066504,0.77961527811124665,short,1888,3641
foreclosure,130,88,218,7.169901855074222e-05,0.00016115681290426552,0.2333616009194035,0.0061421210113051135,2.977626433445403,short,667,4859
foreclosures,33,4,37,1.8200520093649949e-05,7.3253096774666146e-06,-0.17296878367500668,0.038676542077487136,-0.87951633963662557,official,3121,2404
foreign,2909,791,3700,0.0016044034228008394,0.0014485799887190231,-0.024438147708014668,0.00037456117225235938,-1.2627195592476606,official,3490,2036
forensic,41,12,53,2.2612767389080238e-05,2.1975929032399844e-05,-0.0069506119210753781,0.026023497150511908,-0.043086400262431018,official,2471,3054
forest,1231,419,1650,0.000678934552584336,0.00076732618871462794,0.030906673289909037,0.00083101127008065954,1.072133347507749,short,1688,3838
forestry,81,86,167,4.4674003866231695e-05,0.00015749415806553223,0.38194544582486856,0.0079854111591560247,4.2741788883893159,short,365,5161
forests,178,57,235,9.8172502323323963e-05,0.00010438566290389926,0.015264788396104123,0.0058465489790805137,0.1996369803512556,short,2305,3221
forfeiture,84,56,140,4.6328596602018054e-05,0.0001025543354845326,0.22843944191127541,0.0095669104471585859,2.3355288489107671,short,901,4625
forfeitures,32,1,33,1.7648989181721161e-05,1.8313274193666537e-06,-0.28607356468799772,0.044796963978714965,-1.3516163506585397,official,3586,1939
forgiveness,141,69,210,7.7765858581958878e-05,0.0001263615919362991,0.13239452352136816,0.0064338161733618329,1.6505766494702365,short,1309,4217
fork,23,13,36,1.2685210974362085e-05,2.3807256451766497e-05,0.17624263602608359,0.037357899697328778,0.91184233969071704,short,1796,3727
form,286,14,300,0.00015773784081163288,2.5638583871133151e-05,-0.26200211994996714,0.0048917819687623095,-3.7460300718096753,official,5092,434
formal,31,0,31,1.7097458269792376e-05,0,-0.3311943135622748,0.048387680661882995,-1.5056203243148938,official,3848,1669
formation,118,59,177,6.5080647607596788e-05,0.00010804831774263257,0.13882403451400016,0.0076277025694329766,1.5895265512767207,short,1343,4183
forms,219,4,223,0.0001207852697124042,7.3253096774666146e-06,-0.30443061215885692,0.006668313715270829,-3.7280378183404066,official,5086,440
formula,170,23,193,9.376025502789367e-05,4.2120530645433034e-05,-0.15718002456770463,0.0073850344931708119,-1.8290310923525603,official,4222,1304
formulation,38,0,38,2.095817465329388e-05,0,-0.33119525959454954,0.039474268099849372,-1.6669672550603276,official,4048,1476
fort,141,106,247,7.7765858581958878e-05,0.0001941207064528653,0.26744828772386242,0.0054107647220035995,3.6358880012057715,short,491,5035
forth,83,0,83,4.5777065690089265e-05,0,-0.33120134136082946,0.018072873056451534,-2.4636470410086058,official,4686,837
forward,21,9,30,1.1582149150504513e-05,1.6481946774299883e-05,0.093694270539590008,0.045249452666285939,0.44045989319246137,short,2140,3386
fossil,73,19,92,4.0261756570801403e-05,3.4795220967966419e-05,-0.034459555621833005,0.015070198972700241,-0.28070502001929221,official,2650,2876
foster,478,110,588,0.00026363177590195988,0.00020144601613033192,-0.061507686840938547,0.0023713350848101329,-1.2630860280005645,official,3491,2035
fostering,38,27,65,2.095817465329388e-05,4.9445840322899649e-05,0.24902362595618044,0.020578886978741162,1.7359196189044659,short,1249,4277
foundation,485,190,675,0.00026749249228546134,0.00034795220967966421,0.068531000349956628,0.0020187223793012932,1.5252771791274307,short,1375,4151
founding,27,0,27,1.4891334622077231e-05,0,-0.33119377297485109,0.055556139442311518,-1.4051287926382199,official,3697,1826
fourteenth,23,3,26,1.2685210974362085e-05,5.493982258099961e-06,-0.16256917373263846,0.054891505772701479,-0.69388200734930605,official,2983,2542
fourth,42,5,47,2.3164298301009027e-05,9.1566370968332683e-06,-0.17543902706266046,0.030467308178677602,-1.0050997557351422,official,3229,2296
fracturing,21,13,34,1.1582149150504513e-05,2.3807256451766497e-05,0.20477446858774506,0.039458997815682059,1.0308673439606277,short,1709,3817
framework,101,3,104,5.5704622104807421e-05,5.493982258099961e-06,-0.2882363919976676,0.014224427077920355,-2.4167482971854608,official,4656,869
franchise,107,52,159,5.9013807576380137e-05,9.522902580706599e-05,0.13032775574995981,0.0084993189098682836,1.4136596242368926,short,1452,4074
franchisees,50,0,50,2.7576545596439316e-05,0,-0.33119688137685088,0.030000583892123546,-1.912147478136577,official,4303,1224
franchises,57,5,62,3.1437261979940824e-05,9.1566370968332683e-06,-0.21247927686041734,0.023329318374095406,-1.3911230756618385,official,3669,1856
franchising,7,39,46,3.8607163835015045e-06,7.1421769355299499e-05,0.83433295451999889,0.030633214304225314,4.7669776212726891,short,287,5239
franchisors,42,0,42,2.3164298301009027e-05,0,-0.33119580018686889,0.03571486960454226,-1.7525091193635514,official,4143,1382
francisco,28,19,47,1.5442865534006018e-05,3.4795220967966419e-05,0.23412842706834702,0.028485432377431587,1.3872116884879027,short,1468,4055
frank,12,17,29,6.6183709431454357e-06,3.1132566129233112e-05,0.47703239316799717,0.046129958225481937,2.2210397971033933,short,964,4562
franklin,28,22,50,1.5442865534006018e-05,4.028920322606638e-05,0.28192043715104553,0.026709985602868049,1.7250025173642631,short,1258,4268
fraud,504,335,839,0.00027797157961210832,0.00061349468548782895,0.22755010467092607,0.0015969744912880631,5.6941388100292532,short,197,5329
fraudulent,124,16,140,6.8389833079169504e-05,2.9301238709866458e-05,-0.1641456179740004,0.010198719112239889,-1.6253858622058661,official,4005,1521
freddie,73,15,88,4.0261756570801403e-05,2.7469911290499805e-05,-0.084721454799687734,0.015920501890208758,-0.67145208594529648,official,2966,2560
free,594,376,970,0.0003276093616856991,0.00068857910968186183,0.21193613241776355,0.0013829123696542157,5.6991183277108419,short,196,5330
freedom,542,954,1496,0.00029892975426540217,0.0017470863580757877,0.54643122979333381,0.00089942468784981174,18.220198758347561,short,21,5505
freely,26,2,28,1.4339803710148445e-05,3.6626548387333073e-06,-0.22583222468961317,0.051852435738963261,-0.99174799660655499,official,3217,2307
freeze,46,31,77,2.537042194872417e-05,5.6771150000366263e-05,0.23191162274660648,0.017389924460389169,1.7586267185231601,short,1225,4300
freight,89,62,151,4.9086251161661981e-05,0.00011354230000073253,0.24262609380472711,0.0088620862668977902,2.5773269774303555,short,809,4717
frequency,24,4,28,1.3236741886290871e-05,7.3253096774666146e-06,-0.12355220779484988,0.050481353118002704,-0.54990164224923399,official,2870,2653
fresh,62,37,99,3.4194916539584752e-05,6.7759114516566192e-05,0.19321580196406707,0.013564705206511761,1.658965910324091,short,1299,4227
freshness,7,28,35,3.8607163835015045e-06,5.1277167742266302e-05,0.76743378342199975,0.039683123572871633,3.8524586751017154,short,450,5077
friendly,12,16,28,6.6183709431454357e-06,2.9301238709866458e-05,0.45727279444237112,0.047727856615238637,2.0930972063083888,short,1031,4495
fringe,39,3,42,2.1509705565222665e-05,5.493982258099961e-06,-0.22583353285799923,0.034568485125007556,-1.2146418890998463,official,3446,2079
frivolous,17,14,31,9.376025502789367e-06,2.5638583871133151e-05,0.29742252029373262,0.043056139444099494,1.4333633838151303,short,1438,4088
frontier,14,11,25,7.7214327670030089e-06,2.014460161303319e-05,0.28191739295747453,0.053419387305764031,1.2197544727420522,short,1590,3935
fruit,12,15,27,6.6183709431454357e-06,2.7469911290499805e-05,0.43607013804702177,0.049451133338220939,1.9609576868756855,short,1108,4419
fruits,32,3,35,1.7648989181721161e-05,5.493982258099961e-06,-0.20515238158997029,0.04124174649681861,-1.0102015692235367,official,3235,2287
fuel,1113,462,1575,0.0006138539049767392,0.00084607326774739406,0.084694710946811469,0.00086352610268716865,2.8821631101080283,short,700,4826
fuels,463,172,635,0.00025535881222302806,0.00031498831613106446,0.054049717891544447,0.0021504882245556166,1.165533866325722,short,1618,3908
fulfill,62,0,62,3.4194916539584752e-05,0,-0.33119850317518207,0.024194132282020834,-2.129282770545442,official,4470,1052
fulfilling,10,15,25,5.5153091192878634e-06,2.7469911290499805e-05,0.49549382880386439,0.053572012458633328,2.1407663484411428,short,1002,4524
full-service,26,14,40,1.4339803710148445e-05,2.5638583871133151e-05,0.16128912967034559,0.033670617560677969,0.87898114158969165,short,1821,3704
full-time,90,0,90,4.963778207359077e-05,0,-0.33120228743361935,0.016667250568125371,-2.5654369484347184,official,4723,804
fully,202,12,214,0.00011140924420961484,2.1975929032399844e-05,-0.24821512060128903,0.0068292088460402203,-3.0036065098499369,official,4898,628
function,52,1,53,2.8679607420296889e-05,1.8313274193666537e-06,-0.3030258259653813,0.028042911935212748,-1.8095395914270715,official,4202,1325
functional,24,6,30,1.3236741886290871e-05,1.0987964516199922e-05,-0.043508602637635008,0.04629688018411858,-0.20220843699872579,official,2600,2926
functioning,26,0,26,1.4339803710148445e-05,0,-0.33119363782827449,0.057692891578830292,-1.3788620927062918,official,3656,1877
functions,512,0,512,0.00028238382690753857,0,-0.33125933218503256,0.0029302714999633081,-6.1194753738751198,official,5349,177
fund,2053,695,2748,0.0011322929621897983,0.0012727725564598243,0.029510473786156233,0.0004993188844607451,1.3206483293257572,short,1521,4005
fundamental,43,12,55,2.3715829212937812e-05,2.1975929032399844e-05,-0.018318229119989482,0.025130038661004266,-0.11555451215279637,official,2520,3007
funded,221,9,230,0.00012188833153626178,1.6481946774299883e-05,-0.2730725616364218,0.0064019792533153022,-3.4128793305682299,official,5004,522
funding,1335,364,1699,0.00073629376742492976,0.00066660318064946196,-0.023780679152511475,0.0008149131643425707,-0.83304523905689853,official,3087,2439
funds,2318,140,2458,0.0012784486538509267,0.00025638583871133154,-0.24715509668892199,0.00059487616806978198,-10.133425649877863,official,5462,64
funeral,37,8,45,2.0406643741365096e-05,1.4650619354933229e-05,-0.074471687654858343,0.03106363037096635,-0.42253733698906387,official,2765,2761
fungicide,79,13,92,4.3570942042374119e-05,2.3807256451766497e-05,-0.12575099279613511,0.015372346642902738,-1.0142414093268688,official,3242,2281
fur,20,13,33,1.1030618238575727e-05,2.3807256451766497e-05,0.22030967019145287,0.040607638852034146,1.0932756901612612,short,1665,3860
furnish,75,0,75,4.1364818394658973e-05,0,-0.3312002601414612,0.020000583897957981,-2.341905313174014,official,4612,914
furnished,290,0,290,0.00015994396445934803,0,-0.33122932038909347,0.0051729977412425399,-4.6052968476390364,official,5218,308
furnishing,107,0,107,5.9013807576380137e-05,0,-0.33120458506167516,0.014019275494211281,-2.7972646385037225,official,4823,705
furtherance,52,0,52,2.8679607420296889e-05,0,-0.33119715167546104,0.028846737738744143,-1.9500162931698077,official,4336,1191
fusion,24,14,38,1.3236741886290871e-05,2.5638583871133151e-05,0.18606942895823586,0.035360385379011303,0.98950166657903793,short,1741,3784
future,430,144,574,0.00023715829212937812,0.00026371114838879813,0.026685833230434497,0.0023893576196527045,0.54593405919685412,short,2053,3473
futures,96,31,127,5.2946967545163486e-05,5.6771150000366263e-05,0.01738125517434419,0.010814002768772254,0.16714288621798296,short,2328,3197
g,23,8,31,1.2685210974362085e-05,1.4650619354933229e-05,0.03653513766651173,0.044160128047721889,0.17385836300284216,short,2322,3203
gabriel,13,13,26,7.1699018550742223e-06,2.3807256451766497e-05,0.36196113326162127,0.051282635169367333,1.5983679866104943,short,1337,4186
gain,264,4,268,0.00014560416074919959,7.3253096774666146e-06,-0.30891825325920763,0.0055567537796036319,-4.1441264034906249,official,5164,362
gainful,37,3,40,2.0406643741365096e-05,5.493982258099961e-06,-0.22065190382101996,0.036243410830474262,-1.1590259187480021,official,3381,2142
gains,235,64,299,0.00012960976430326479,0.00011720495483946583,-0.024038988171822595,0.0046280640668158544,-0.35335928103865238,official,2708,2818
gallon,38,0,38,2.095817465329388e-05,0,-0.33119525959454954,0.039474268099849372,-1.6669672550603276,official,4049,1477
gambling,87,56,143,4.7983189337804412e-05,0.0001025543354845326,0.21719594489817062,0.0093735356323437508,2.2433652860042073,short,951,4575
game,52,35,87,2.8679607420296889e-05,6.4096459677832885e-05,0.23151284675325989,0.015391549818686836,1.866095729618338,short,1156,4370
games,103,27,130,5.680768392866499e-05,4.9445840322899649e-05,-0.032837395712240536,0.010661856157596796,-0.31801843571071781,official,2677,2849
gaming,73,39,112,4.0261756570801403e-05,7.1421769355299499e-05,0.15888870385934162,0.012028505870670475,1.4487290877842303,short,1422,4103
gang,74,37,111,4.0813287482730191e-05,6.7759114516566192e-05,0.13882010813811085,0.012162746070780373,1.2587415220128242,short,1563,3964
gangs,35,13,48,1.9303581917507522e-05,2.3807256451766497e-05,0.053991416454666208,0.028442219286485413,0.32014224125101026,short,2227,3300
gap,60,37,97,3.3091854715727182e-05,6.7759114516566192e-05,0.20355954610688265,0.013832697224107337,1.7307647374329267,short,1254,4272
garnishment,19,12,31,1.047908732664694e-05,2.1975929032399844e-05,0.21113698391975433,0.043256397841910245,1.0151708480369732,short,1715,3810
gas,1486,548,2034,0.00081957493512617647,0.0010035674258129263,0.052105482753932897,0.00067197196734934358,2.0100545604864246,short,1082,4444
gases,38,2,40,2.095817465329388e-05,3.6626548387333073e-06,-0.25708638995706323,0.036630620519948497,-1.3432503056644247,official,3575,1949
gasification,21,12,33,1.1582149150504513e-05,2.1975929032399844e-05,0.17963804657160587,0.040741324629629358,0.8899810330100667,short,1811,3710
gasoline,244,72,316,0.00013457354251062385,0.00013185557419439906,-0.0049750536851576044,0.0043636178319465656,-0.075313775180763626,official,2493,3033
gate,13,13,26,7.1699018550742223e-06,2.3807256451766497e-05,0.36196113326162127,0.051282635169367333,1.5983679866104943,short,1338,4187
gateway,33,36,69,1.8200520093649949e-05,6.5927787097199531e-05,0.39095628851721642,0.01932831499119203,2.812102884079609,short,726,4800
gateways,13,16,29,7.1699018550742223e-06,2.9301238709866458e-05,0.43095535098193061,0.046032329919945304,2.0086339501959287,short,1083,4443
gather,25,0,25,1.3788272798219658e-05,0,-0.33119350268180803,0.060000583886289226,-1.3520852339749585,official,3602,1927
gathering,50,5,55,2.7576545596439316e-05,9.1566370968332683e-06,-0.19766324503247112,0.02619106008407179,-1.2213760016465127,official,3453,2072
gay,19,9,28,1.047908732664694e-05,1.6481946774299883e-05,0.12272883835794701,0.048304206659246528,0.55841123397970827,short,2044,3479
gear,22,13,35,1.21336800624333e-05,2.3807256451766497e-05,0.19010966003906482,0.038377776871872535,0.97043014424081364,short,1758,3765
gender,122,18,140,6.7286771255311927e-05,3.2963893548599766e-05,-0.14380082498301938,0.010146491731407173,-1.4275897618683289,official,3723,1803
general,1742,226,1968,0.00096076684857994584,0.00041387999677686377,-0.16348257420871537,0.00072591464700329027,-6.0677640959563188,official,5343,183
generalized,26,5,31,1.4339803710148445e-05,9.1566370968332683e-06,-0.097576542941558486,0.045322221314895203,-0.45834218814117572,official,2786,2739
generally,47,0,47,2.5921952860652958e-05,0,-0.33119647592977408,0.031915477508444694,-1.8538945757924572,official,4253,1276
generate,45,9,54,2.4818891036795385e-05,1.6481946774299883e-05,-0.090030110117641726,0.025974609867632337,-0.55861586365611249,official,2879,2646
generated,59,2,61,3.2540323803798394e-05,3.6626548387333073e-06,-0.28240703606577355,0.024206933101161957,-1.8151211941194436,official,4217,1309
generating,86,21,107,4.7431658425875623e-05,3.8457875806699727e-05,-0.048705067459589912,0.012994431056967095,-0.42726322532626876,official,2767,2759
generation,148,63,211,8.1626574965460382e-05,0.00011537362742009919,0.091771044312336514,0.0064357342903757211,1.1439488898522525,short,1629,3897
generation-skipping,48,3,51,2.6473483772581743e-05,5.493982258099961e-06,-0.24418388785912626,0.028620112512068641,-1.4433821689094328,official,3749,1775
generations,55,5,60,3.0334200156083247e-05,9.1566370968332683e-06,-0.2085929913089668,0.024080851453290909,-1.344199695755288,official,3581,1946
generic,84,36,120,4.6328596602018054e-05,6.5927787097199531e-05,0.093697872616317568,0.011312801105227803,0.88093660154418074,short,1820,3706
genetic,82,43,125,4.5225534778160477e-05,7.8747079032766114e-05,0.15321045698884994,0.010783882739028992,1.4753695965582176,short,1406,4120
genetically,83,41,124,4.5777065690089265e-05,7.5084424194032807e-05,0.13519091880970713,0.010892107846898627,1.2953631948507927,short,1541,3986
genocide,42,19,61,2.3164298301009027e-05,3.4795220967966419e-05,0.10925755298962159,0.022209321759928041,0.7331347775078717,short,1920,3606
geographic,88,14,102,4.85347202497332e-05,2.5638583871133151e-05,-0.1314824351139432,0.013884431455023084,-1.1158445289955286,official,3334,2193
geologic,20,18,38,1.1030618238575727e-05,3.2963893548599766e-05,0.32687111117182965,0.035099106057909384,1.7447311367332046,short,1234,4291
geological,39,1,40,2.1509705565222665e-05,1.8313274193666537e-06,-0.29392355120343439,0.037049055640391126,-1.5270238314072684,official,3874,1652
george,46,39,85,2.537042194872417e-05,7.1421769355299499e-05,0.3070525834548441,0.015698687817964071,2.4506488098554944,short,862,4664
georgia,81,11,92,4.4674003866231695e-05,2.014460161303319e-05,-0.15661156052445691,0.015489668587483789,-1.2583537686204169,official,3487,2039
geospatial,20,6,26,1.1030618238575727e-05,1.0987964516199922e-05,-0.00094844763746237959,0.052989714321671412,-0.0041201930953838365,official,2441,3082
geothermal,204,80,284,0.00011251230603347242,0.00014650619354933229,0.068803848942330603,0.0047970170267438109,0.99340674335755841,short,1735,3791
geriatric,47,35,82,2.5921952860652958e-05,6.4096459677832885e-05,0.26432794131110349,0.016299530433232637,2.0704060446699923,short,1047,4478
gi,108,80,188,5.9565338488308925e-05,0.00014650619354933229,0.26260588786316319,0.0071103055911750411,3.1142991403642899,short,622,4904
gift,260,105,365,0.00014339803710148444,0.00019228937903349865,0.076950083361511545,0.0037282435465244503,1.2602507287860227,short,1559,3967
gifted,42,35,77,2.3164298301009027e-05,6.4096459677832885e-05,0.30134246478012727,0.017332516673670296,2.2889142496367612,short,929,4597
gifts,46,5,51,2.537042194872417e-05,9.1566370968332683e-06,-0.1874062042718414,0.028167005100320414,-1.1166411502247158,official,3336,2190
gila,21,11,32,1.1582149150504513e-05,2.014460161303319e-05,0.15286735676282071,0.042124322370384465,0.74481479072049628,short,1914,3610
girls,46,31,77,2.537042194872417e-05,5.6771150000366263e-05,0.23191162274660648,0.017389924460389169,1.7586267185231601,short,1226,4301
given,105,0,105,5.7910745752522567e-05,0,-0.33120431475082235,0.014286298190673752,-2.7709974782839271,official,4810,716
giving,49,47,96,2.7025014684510531e-05,8.6072388710232728e-05,0.3480824135435725,0.013890142622872746,2.9534439213609112,short,678,4849
global,322,255,577,0.00017759295364106921,0.00046698849193849672,0.28457739229378554,0.00231485415991327,5.9147797588732915,short,187,5339
goal,84,5,89,4.6328596602018054e-05,9.1566370968332683e-06,-0.2480488644409693,0.016419228594680174,-1.9358017072156513,official,4323,1203
goals,181,17,198,9.9827095059110328e-05,3.1132566129233112e-05,-0.20495795430920261,0.0072902691458411441,-2.4004518370622532,official,4646,880
gold,264,203,467,0.00014560416074919959,0.0003717594661314307,0.27487673604364993,0.0028611103713726137,5.1389060676395779,short,250,5276
golden,22,15,37,1.21336800624333e-05,2.7469911290499805e-05,0.2356670891321162,0.03618050566314733,1.2389723701563145,short,1574,3952
good,95,123,218,5.2395436633234704e-05,0.00022525327258209841,0.44767870330693427,0.0061280234374037736,5.718817349719556,short,194,5332
goods,372,30,402,0.00020516949923750851,5.493982258099961e-05,-0.22122604631908871,0.0036073884550123407,-3.6833229779235763,official,5071,455
gorge,31,25,56,1.7097458269792376e-05,4.5783185484166341e-05,0.29050512166095466,0.023840515780958603,1.8814642472513456,short,1148,4378
gouging,24,22,46,1.3236741886290871e-05,4.028920322606638e-05,0.33297614852667401,0.028992180531188298,1.9555669345440867,short,1114,4412
govern,57,1,58,3.1437261979940824e-05,1.8313274193666537e-06,-0.30544488257752356,0.025645388610337511,-1.9073404146998998,official,4296,1230
governance,54,31,85,2.9782669244154463e-05,5.6771150000366263e-05,0.1810799278072075,0.015815518161672919,1.4398876278366535,short,1432,4094
governing,307,1,308,0.00016931998996213741,1.8313274193666537e-06,-0.32636497996996994,0.0048628461672569033,-4.6801339778893425,official,5227,299
government,4153,897,5050,0.0022905078772402494,0.0016427006951718883,-0.074844643427913304,0.00027739734522215043,-4.4937568885585044,official,5210,316
government's,53,0,53,2.9231138332225674e-05,0,-0.3311972868249331,0.028302470685276498,-1.9686775815294346,official,4349,1173
government-sponsored,22,5,27,1.21336800624333e-05,9.1566370968332683e-06,-0.064128068291262608,0.051658747152367263,-0.28214751094817486,official,2652,2872
government-wide,33,0,33,1.8200520093649949e-05,0,-0.33119458385665368,0.045455129342701649,-1.5534303183962435,official,3913,1618
governmental,295,28,323,0.00016270161901899198,5.1277167742266302e-05,-0.20377248389912772,0.0044677097839004457,-3.0486183701713578,official,4909,617
governments,997,24,1021,0.00054987631919299997,4.3951858064799688e-05,-0.29625700082142181,0.0014530620580809797,-7.7718881278030496,official,5412,114
governmentwide,22,3,25,1.21336800624333e-05,5.493982258099961e-06,-0.15598766199757463,0.056991465345438898,-0.65340933830646286,official,2946,2572
governor,31,0,31,1.7097458269792376e-05,0,-0.3311943135622748,0.048387680661882995,-1.5056203243148938,official,3849,1670
governors,186,13,199,0.00010258474961875426,2.3807256451766497e-05,-0.23471930784322304,0.0073149676571701468,-2.7443696682127738,official,4801,725
grace,28,7,35,1.5442865534006018e-05,1.2819291935566576e-05,-0.043508694477839782,0.039683123571589866,-0.21841030601859998,official,2607,2917
grade,90,18,108,4.963778207359077e-05,3.2963893548599766e-05,-0.090032153088619893,0.012987596893771283,-0.79001117749716587,official,3053,2473
grades,85,0,85,4.6880127513946835e-05,0,-0.33120161166678486,0.017647642723821202,-2.4931539119570605,official,4693,831
grading,21,15,36,1.1582149150504513e-05,2.7469911290499805e-05,0.25073531449037567,0.037152286676149546,1.3008365511591846,short,1533,3993
gradual,27,0,27,1.4891334622077231e-05,0,-0.33119377297485109,0.055556139442311518,-1.4051287926382199,official,3698,1827
graduate,151,43,194,8.3281167701246733e-05,7.8747079032766114e-05,-0.013528330488128404,0.0071185439356944184,-0.16034248842531915,official,2560,2966
graduated,57,16,73,3.1437261979940824e-05,2.9301238709866458e-05,-0.016941547633557263,0.018928846646955273,-0.12313769074285105,official,2524,3002
graduates,31,10,41,1.7097458269792376e-05,1.8313274193666537e-05,0.017116868132877272,0.03349731591677732,0.093523187522231627,short,2375,3151
graduation,50,16,66,2.7576545596439316e-05,2.9301238709866458e-05,0.015086535281179536,0.020816395503226077,0.10456509765249061,short,2367,3159
grain,127,59,186,7.0044425814955869e-05,0.00010804831774263257,0.11702138948224139,0.0072771047594407598,1.3717846441415347,short,1480,4046
grains,66,2,68,3.6401040187299898e-05,3.6626548387333073e-06,-0.28739552362919518,0.021748984749324862,-1.9487696398219347,official,4332,1193
gramm-leach-bliley,40,0,40,2.2061236477151454e-05,0,-0.33119552989048628,0.037500583889789808,-1.7102730473778192,official,4100,1423
grand,136,86,222,7.5008204022314936e-05,0.00015749415806553223,0.21154406684890859,0.0060406332736554222,2.7218213349207514,short,750,4776
grande,57,47,104,3.1437261979940824e-05,8.6072388710232728e-05,0.29784591638438407,0.012834280588109903,2.6290926146013898,short,791,4735
grant,1801,334,2135,0.00099330717238374413,0.00061166335806846239,-0.10448831181861973,0.00065967171641356109,-4.068213910769729,official,5153,373
granted,97,1,98,5.3498498457092274e-05,1.8313274193666537e-06,-0.31593531263219887,0.015229799132602037,-2.5600655338786393,official,4719,806
grantees,34,0,34,1.8752051005578734e-05,0,-0.3311947190040101,0.044118230947213094,-1.576791820221908,official,3937,1585
granting,126,2,128,6.949289490302708e-05,3.6626548387333073e-06,-0.30785889153474244,0.0116298994767729,-2.8547213356254701,official,4847,679
grants,3122,99,3221,0.001721879507041671,0.00018130141451729872,-0.28580799999129614,0.00045944356533909371,-13.333933785188101,official,5493,33
gray,19,24,43,1.047908732664694e-05,4.3951858064799688e-05,0.43952349295992832,0.031054989284347662,2.4941145827353974,short,845,4680
grazing,54,19,73,2.9782669244154463e-05,3.4795220967966419e-05,0.039559775376011075,0.018744164864073716,0.28894871620993873,short,2241,3284
great,344,251,595,0.00018972663370350249,0.00045966318226103007,0.25772709751496947,0.0022475798578995908,5.4362887595152376,short,207,5319
greater,774,32,806,0.00042688492583288062,5.8602477419732917e-05,-0.27229524073645361,0.0018268128854031765,-6.370786007854611,official,5362,164
greatest,47,4,51,2.5921952860652958e-05,7.3253096774666146e-06,-0.2156817938343405,0.028386483707072301,-1.2801406468836081,official,3511,2014
green,67,97,164,3.6952571099228687e-05,0.00017763875967856542,0.48409422865662677,0.0081610058781761505,5.358682915685316,short,219,5307
greenhouse,156,17,173,8.6038822260890661e-05,3.1132566129233112e-05,-0.18709007695161617,0.0083032554944161893,-2.0531777671224782,official,4414,1112
grid,35,25,60,1.9303581917507522e-05,4.5783185484166341e-05,0.25073790995587864,0.022291605567809843,1.6793813521481151,short,1291,4236
gross,673,1,674,0.00037118030372807322,1.8313274193666537e-06,-0.32905595708878721,0.0022244560167311122,-6.9768252615458088,official,5390,136
ground,117,59,176,6.4529116695667999e-05,0.00010804831774263257,0.1413806261048034,0.0076688723573443999,1.6144483145737734,short,1330,4196
grounds,68,9,77,3.7504102011157468e-05,1.6481946774299883e-05,-0.16043454096446119,0.018525042599856181,-1.1787406703257646,official,3402,2124
groundwater,100,27,127,5.5153091192878632e-05,4.9445840322899649e-05,-0.026041757107734043,0.010899376748860864,-0.24944192623366679,official,2630,2896
group,650,57,707,0.00035849509275371114,0.00010438566290389926,-0.21256909784178291,0.0020464042482880936,-4.6989888554001071,official,5228,298
groups,257,0,257,0.00014174344436569808,0,-0.33122485964467607,0.005837159815922679,-4.3353297172854113,official,5189,337
grow,15,22,37,8.2729636789317955e-06,4.028920322606638e-05,0.48825862701223244,0.036180505663574586,2.5669216290778292,short,815,4711
growing,61,33,94,3.3643385627655964e-05,6.0433804839099571e-05,0.16272559086237592,0.014326212555663787,1.3595342779812865,short,1496,4030
growth,614,319,933,0.00033863997992427482,0.00058419344677796249,0.15044195057990883,0.0014457185735984352,3.956644903250881,short,421,5105
guam,99,45,144,5.4601560280949844e-05,8.2409733871499421e-05,0.11064944258085241,0.009406815545262296,1.1408483439748929,short,1634,3892
guantanamo,46,17,63,2.537042194872417e-05,3.1132566129233112e-05,0.052637220905412008,0.021674895822800556,0.35753160813943358,short,2207,3319
guarantee,354,133,487,0.00019524194282279035,0.00024356654677576496,0.057096718180901007,0.0028025478701461299,1.0785359526206995,short,1682,3844
guaranteed,232,56,288,0.00012795517156747842,0.0001025543354845326,-0.051236322514261801,0.004830637618353702,-0.7371836953868246,official,3007,2519
guaranteeing,39,8,47,2.1509705565222665e-05,1.4650619354933229e-05,-0.085058735257526052,0.029810309050474066,-0.49264681755073159,official,2808,2717
guarantees,202,0,202,0.00011140924420961484,0,-0.33121742534007481,0.0074263265018562003,-3.8434935563021844,official,5108,418
guaranty,54,16,70,2.9782669244154463e-05,2.9301238709866458e-05,-0.0039773308180865996,0.019693007003544108,-0.028342339611019476,official,2455,3070
guard,397,254,651,0.00021895777203572816,0.00046515716451913004,0.2153134794337177,0.0020597548969001163,4.74420500257198,short,292,5234
guardian,27,3,30,1.4891334622077231e-05,5.493982258099961e-06,-0.18458895256073227,0.047847473839792293,-0.84387126462052398,official,3094,2433
guardians,23,10,33,1.2685210974362085e-05,1.8313274193666537e-05,0.097806860546317154,0.041113540699397773,0.48236621150878256,short,2109,3417
guardianship,34,20,54,1.8752051005578734e-05,3.6626548387333073e-05,0.18868971518474176,0.024877733771427647,1.1963074876596118,short,1602,3924
guidance,126,29,155,6.949289490302708e-05,5.3108495161632956e-05,-0.061465870212625617,0.0089940853883047449,-0.64812016129271,official,2936,2590
guide,34,4,38,1.8752051005578734e-05,7.3253096774666146e-06,-0.17704224420950965,0.037698996587979886,-0.91182608192065728,official,3141,2385
guidelines,239,10,249,0.00013181588795097994,1.8313274193666537e-05,-0.27155810247527157,0.0059107681280521074,-3.5321635450640545,official,5028,498
guilty,27,1,28,1.4891334622077231e-05,1.8313274193666537e-06,-0.27808349892057116,0.052665160689558212,-1.2117513504523192,official,3439,2087
gulf,240,170,410,0.00013236741886290873,0.00031132566129233111,0.24805665573857816,0.0032631834560261728,4.3424031304818902,short,348,5178
gun,141,213,354,7.7765858581958878e-05,0.00039007274032509722,0.49783513536424273,0.0037844544266201936,8.0925222918674358,short,106,5420
gunnison,30,8,38,1.6545927357863591e-05,1.4650619354933229e-05,-0.028909716605078017,0.036445596677535122,-0.1514332705435254,official,2549,2979
guns,24,10,34,1.3236741886290871e-05,1.8313274193666537e-05,0.085704923814724054,0.039969235926617476,0.42868950372487674,short,2149,3377
h,88,31,119,4.85347202497332e-05,5.6771150000366263e-05,0.039875575639053196,0.011498168451181878,0.37187127438741951,short,2189,3337
h-1b,24,8,32,1.3236741886290871e-05,1.4650619354933229e-05,0.025485166334659581,0.042857726745553958,0.12310421034472074,short,2355,3171
h-2a,32,12,44,1.7648989181721161e-05,2.1975929032399844e-05,0.056576467218141246,0.031015621485440681,0.32125180873222048,short,2222,3303
h.r.,30,0,30,1.6545927357863591e-05,0,-0.33119417841525234,0.050000583887456082,-1.4811367452309805,official,3809,1706
habeas,43,30,73,2.3715829212937812e-05,5.493982258099961e-05,0.24310350479768772,0.01833001141857242,1.7956010567221854,short,1198,4328
habitat,123,63,186,6.7838302167240715e-05,0.00011537362742009919,0.14608032475498156,0.0072528941394306469,1.7152840780114451,short,1262,4264
habitats,36,0,36,1.9855112829436307e-05,0,-0.33119498929905689,0.041667250555522978,-1.6225060899795725,official,3996,1530
haiti,87,43,130,4.7983189337804412e-05,7.8747079032766114e-05,0.13535883606935961,0.010389225665103686,1.3279906625990052,short,1515,4011
haitian,20,28,48,1.1030618238575727e-05,5.1277167742266302e-05,0.47319255358179824,0.027864360983149095,2.8347408217667551,short,717,4809
half,50,6,56,2.7576545596439316e-05,1.0987964516199922e-05,-0.17435171741880318,0.025563578416105473,-1.0904742286939924,official,3316,2210
hall,37,19,56,2.0406643741365096e-05,3.4795220967966419e-05,0.14684920265695567,0.02408660540005983,0.94620185223760012,short,1773,3752
halt,22,14,36,1.21336800624333e-05,2.5638583871133151e-05,0.21354036059258519,0.037241963200055635,1.1065312625256789,short,1658,3868
hampshire,37,4,41,2.0406643741365096e-05,7.3253096774666146e-06,-0.18809248583736959,0.035043318933002353,-1.0047750225797416,official,3224,2299
handgun,127,164,291,7.0044425814955869e-05,0.00030033769677613123,0.44682947977513798,0.004590730653794616,6.5947891054322616,short,156,5370
handguns,188,0,188,0.00010368781144261183,0,-0.33121553302540185,0.0079793073285864529,-3.7079007384108897,official,5080,445
handicapped,245,149,394,0.00013512507342255264,0.00027286778548563139,0.19919567939809113,0.0034071498345807768,3.4125914462039697,short,552,4974
handlers,41,0,41,2.2612767389080238e-05,0,-0.33119566503862252,0.036585949743681713,-1.7315198594889014,official,4122,1404
handling,48,9,57,2.6473483772581743e-05,1.6481946774299883e-05,-0.10235099994879704,0.024675908569631172,-0.65156164903770053,official,2943,2583
harassment,54,16,70,2.9782669244154463e-05,2.9301238709866458e-05,-0.0039773308180865996,0.019693007003544108,-0.028342339611019476,official,2456,3071
harbor,130,51,181,7.169901855074222e-05,9.3397698387699343e-05,0.06890683330771985,0.0075263628369979223,0.79427284736811787,short,1876,3650
harbors,77,4,81,4.2467880218516549e-05,7.3253096774666146e-06,-0.25799533143410436,0.018094403706005981,-1.9179607238166851,official,4311,1214
hard,48,22,70,2.6473483772581743e-05,4.028920322606638e-05,0.1130643945045211,0.019344725386711635,0.81291395092365104,short,1862,3664
hardrock,26,35,61,1.4339803710148445e-05,6.4096459677832885e-05,0.46040932170004645,0.021911503437056865,3.1103411014627387,short,625,4901
hardship,41,12,53,2.2612767389080238e-05,2.1975929032399844e-05,-0.0069506119210753781,0.026023497150511908,-0.043086400262431018,official,2472,3055
harm,81,4,85,4.4674003866231695e-05,7.3253096774666146e-06,-0.26140351412958651,0.017260635342257878,-1.9896790763525314,official,4370,1156
harmful,76,10,86,4.1916349306587761e-05,1.8313274193666537e-05,-0.16129687101622814,0.01659009007397504,-1.2522803634987538,official,3484,2042
harmonized,25,1,26,1.3788272798219658e-05,1.8313274193666537e-06,-0.27403464010177281,0.056645464060875568,-1.1513911711087681,official,3376,2152
harriet,29,24,53,1.5994396445934803e-05,4.3951858064799688e-05,0.29905008176979031,0.025182718832521041,1.8844847061674197,short,1146,4381
harry,18,14,32,9.9275564147181536e-06,2.5638583871133151e-05,0.27857929734838649,0.041739714323559926,1.3635595282763848,short,1494,4031
harvest,23,13,36,1.2685210974362085e-05,2.3807256451766497e-05,0.17624263602608359,0.037357899697328778,0.91184233969071704,short,1797,3728
harvested,25,0,25,1.3788272798219658e-05,0,-0.33119350268180803,0.060000583886289226,-1.3520852339749585,official,3603,1928
hatchery,24,19,43,1.3236741886290871e-05,3.4795220967966419e-05,0.28440410480916789,0.031054989284042475,1.6138760192791517,short,1332,4194
hate,69,64,133,3.8055632923086256e-05,0.00011720495483946583,0.33691248321409617,0.010027221096885586,3.3645486090865799,short,562,4964
haven,16,27,43,8.8244945908605804e-06,4.9445840322899649e-05,0.53292480843383139,0.031235450720225068,3.0153799946850199,short,654,4871
havens,19,6,25,1.047908732664694e-05,1.0987964516199922e-05,0.011754751763856319,0.054985921130057187,0.050128846320716028,short,2410,3116
having,122,0,122,6.7286771255311927e-05,0,-0.33120661240726434,0.012295665876140161,-2.9869157449083801,official,4892,634
hawaii,60,21,81,3.3091854715727182e-05,3.8457875806699727e-05,0.03817129431071109,0.016896704050827771,0.29365397741311494,short,2239,3287
hawaiian,71,72,143,3.9158694746943826e-05,0.00013185557419439906,0.36664178488644339,0.0093246439051825926,3.7968708997522369,short,461,5065
hawaiians,40,1,41,2.2061236477151454e-05,1.8313274193666537e-06,-0.29482743697769287,0.0361557867119537,-1.5505257715870182,official,3900,1627
hazard,75,42,117,4.1364818394658973e-05,7.6915751613399453e-05,0.17337459830953783,0.011498225419757709,1.6168512195440408,short,1324,4202
hazardous,508,160,668,0.00028017770325982347,0.00029301238709866458,0.011099228251248761,0.0020586536508090487,0.24462516927545627,short,2282,3244
hazards,210,53,263,0.00011582149150504513,9.706035322643265e-05,-0.041400716022087281,0.0052793058119599929,-0.56979606058449184,official,2889,2637
head,154,64,218,8.4935760437033098e-05,0.00011720495483946583,0.084978180943123149,0.0062348552690309087,1.0762031081658361,short,1684,3842
headed,40,0,40,2.2061236477151454e-05,0,-0.33119552989048628,0.037500583889789808,-1.7102730473778192,official,4101,1424
headquarters,26,8,34,1.4339803710148445e-05,1.4650619354933229e-05,0.0052821887262730627,0.040476774365068316,0.026254936125408669,short,2421,3105
heads,37,0,37,2.0406643741365096e-05,0,-0.33119512444674726,0.040541124429630225,-1.6448868926211853,official,4021,1502
health,14580,5006,19586,0.0080413206959217051,0.0091676250613494693,0.033425545560822556,7.0521291995709727e-05,3.9803235327245563,short,418,5108
health-care,75,19,94,4.1364818394658973e-05,3.4795220967966419e-05,-0.040555449543409949,0.014767301188989444,-0.33373261652893715,official,2691,2835
healthcare,73,132,205,4.0261756570801403e-05,0.00024173521935639828,0.55446824545003714,0.0065650652889604746,6.8431672472670781,short,142,5384
healthy,162,314,476,8.9348007732463391e-05,0.00057503680968112923,0.57577075400120137,0.0028338049146650283,10.815948899200128,short,68,5458
hear,23,12,35,1.2685210974362085e-05,2.1975929032399844e-05,0.15166392423997621,0.03851855894438104,0.77276469694830652,short,1898,3630
hearing,157,79,236,8.659035317281945e-05,0.00014467486612996565,0.14073431756177079,0.0057197163770468119,1.8608559888782759,short,1162,4364
hearings,64,1,65,3.5297978363442322e-05,1.8313274193666537e-06,-0.30820880650691684,0.022904037031696502,-2.0365216207644519,official,4395,1131
heart,72,35,107,3.9710225658872614e-05,6.4096459677832885e-05,0.13040428398608128,0.01262942960746029,1.1603793474310979,short,1620,3906
heat,43,15,58,2.3715829212937812e-05,2.7469911290499805e-05,0.037296900709844039,0.023600204130902292,0.24278109433955863,short,2283,3242
heating,171,69,240,9.4311785939822458e-05,0.0001263615919362991,0.076712972990330641,0.0056699199197037514,1.0187798613446903,short,1714,3812
heavy,41,9,50,2.2612767389080238e-05,1.6481946774299883e-05,-0.071366508396454975,0.027938747424056731,-0.42696372982537445,official,2766,2760
hedge,19,9,28,1.047908732664694e-05,1.6481946774299883e-05,0.12272883835794701,0.048304206659246528,0.55841123397970827,short,2045,3480
held,359,3,362,0.00019799959738243429,5.493982258099961e-06,-0.31883190459062938,0.0041272725445373956,-4.9628391466169592,official,5259,267
helicopter,15,13,28,8.2729636789317955e-06,2.3807256451766497e-05,0.31433281398516932,0.047646641743710194,1.4400367401123986,short,1429,4096
helium,56,24,80,3.0885731068012036e-05,4.3951858064799688e-05,0.093696271659110764,0.016968909692444977,0.71927562106904652,short,1926,3599
help,663,127,790,0.00036566499460878533,0.00023257858225956502,-0.098353756286946314,0.0017793278592212192,-2.3316478625818418,official,4601,925
helping,20,148,168,1.1030618238575727e-05,0.00027103645806626477,0.88132102233902465,0.0084842898268935041,9.5681148937361709,short,83,5443
hemisphere,49,29,78,2.7025014684510531e-05,5.3108495161632956e-05,0.19060519605212178,0.017220394040983064,1.4524901410770532,short,1417,4109
hemophilia,24,23,47,1.3236741886290871e-05,4.2120530645433034e-05,0.34777949915709705,0.028370805220795058,2.0647531942049984,short,1054,4472
hepatitis,30,27,57,1.6545927357863591e-05,4.9445840322899649e-05,0.32687379847843623,0.023399598673730284,2.1368591922399589,short,1004,4521
heritage,489,550,1039,0.0002696986159331765,0.0010072300806516596,0.40128305588653923,0.001284361038921646,11.197143929420323,short,63,5463
hero,5,30,35,2.7576545596439317e-06,5.493982258099961e-05,0.84747765887632198,0.040385199275069415,4.2171314957474548,short,379,5146
heroes,10,200,210,5.5153091192878634e-06,0.00036626548387333073,0.98457507434752856,0.0069850628773744866,11.78049873520826,short,55,5471
heroin,51,14,65,2.8128076508368104e-05,2.5638583871133151e-05,-0.022185892161946441,0.021279501399752373,-0.15208842898048341,official,2551,2976
high,745,162,907,0.00041089052938694581,0.00029667504193739788,-0.073333983882672982,0.0015413646736446294,-1.867895509997763,official,4269,1257
high-cost,30,1,31,1.6545927357863591e-05,1.8313274193666537e-06,-0.28318451048819249,0.0476440265107013,-1.2973742263751389,official,3530,1991
high-level,73,4,77,4.0261756570801403e-05,7.3253096774666146e-06,-0.25423715371531941,0.019012929577681227,-1.8438029181418192,official,4237,1289
high-performance,26,14,40,1.4339803710148445e-05,2.5638583871133151e-05,0.16128912967034559,0.033670617560677969,0.87898114158969165,short,1822,3705
high-quality,76,3,79,4.1916349306587761e-05,5.493982258099961e-06,-0.27475773814835414,0.01864731875351993,-2.0120637429608332,official,4383,1144
high-risk,46,6,52,2.537042194872417e-05,1.0987964516199922e-05,-0.16257093588302673,0.027446044835954392,-0.98130276293486574,official,3207,2318
high-speed,41,15,56,2.2612767389080238e-05,2.7469911290499805e-05,0.049927145233587211,0.024394369287208319,0.31966268089717409,short,2230,3294
higher,1630,306,1936,0.00089899538644392177,0.00056038619032619606,-0.1022021764581087,0.0007270409292665967,-3.7903622166731634,official,5098,428
highest,39,0,39,2.1509705565222665e-05,0,-0.33119539474246373,0.038462122351094884,-1.6887589620191619,official,4077,1450
highly,116,14,130,6.3977585783739211e-05,2.5638583871133151e-05,-0.17357057470780113,0.011010069006499644,-1.6541735832885953,official,4035,1490
highway,674,262,936,0.00037173183464000201,0.00047980778387406327,0.066402870017690852,0.00145642666829409,1.739973120444493,short,1240,4286
highways,214,37,251,0.00011802761515276027,6.7759114516566192e-05,-0.11713218771861911,0.0056233437979252027,-1.5619924731929273,official,3928,1598
hill,26,20,46,1.4339803710148445e-05,3.6626548387333073e-05,0.27495114062535286,0.029040987932814802,1.6134289024882746,short,1334,4192
hills,32,31,63,1.7648989181721161e-05,5.6771150000366263e-05,0.35138453368285028,0.021165197558863692,2.4153022095188126,short,876,4650
hire,62,43,105,3.4194916539584752e-05,7.8747079032766114e-05,0.24118643512616877,0.012745364616436697,2.1363713557300521,short,1009,4516
hiring,135,24,159,7.4456673110386148e-05,4.3951858064799688e-05,-0.11214403319836741,0.0088664253375621352,-1.1909729304695125,official,3418,2108
hispanic,36,22,58,1.9855112829436307e-05,4.028920322606638e-05,0.20069391607242792,0.023138881767673775,1.3193591210418008,short,1523,4003
hispanic-serving,19,8,27,1.047908732664694e-05,1.4650619354933229e-05,0.088664743681412972,0.050311142893455424,0.39529277027769427,short,2174,3349
historic,530,341,871,0.00029231138332225676,0.00062448265000402889,0.21712410058561638,0.0015394424872421054,5.5338361767221631,short,202,5324
historical,254,159,413,0.00014008885162991174,0.00029118105967929796,0.20834303124686926,0.003248086109623152,3.6556550731150157,short,484,5042
historically,42,14,56,2.3164298301009027e-05,2.5638583871133151e-05,0.025485426180033244,0.024490379812745645,0.16285239136117141,short,2331,3193
history,226,77,303,0.00012464598609590572,0.00014101221129123232,0.031143888158075228,0.0045225220714845017,0.46310821354934834,short,2127,3399
hiv,169,100,269,9.3208724115964895e-05,0.00018313274193666537,0.19055682713345234,0.0049937160724439654,2.6965755346232991,short,766,4760
hobbs,17,43,60,9.376025502789367e-06,7.8747079032766114e-05,0.65289762157964226,0.022696334748172578,4.333783606264614,short,350,5176
hold,163,5,168,8.9899538644392166e-05,9.1566370968332683e-06,-0.28688951047683808,0.0088020787770313573,-3.0578913040848161,official,4913,612
holders,71,1,72,3.9158694746943826e-05,1.8313274193666537e-06,-0.31043727934031828,0.020692221027312174,-2.1580937861452263,official,4493,1032
holding,285,46,331,0.00015718630989970409,8.4241061290866068e-05,-0.1290625961013383,0.0042764804777934134,-1.9735909718384659,official,4358,1168
holdings,47,1,48,2.5921952860652958e-05,1.8313274193666537e-06,-0.30010544011697071,0.030935062946497633,-1.7062724008731824,official,4089,1437
holiday,53,14,67,2.9231138332225674e-05,2.5638583871133151e-05,-0.031086411927624624,0.020679596242624464,-0.21617206439469436,official,2606,2920
holocaust,40,54,94,2.2061236477151454e-05,9.8891680645799297e-05,0.46134835714223144,0.014220027229609281,3.8688221392032767,short,441,5085
home,1618,964,2582,0.00089237701550077631,0.0017653996322694542,0.19290689726380439,0.00052068767691409513,8.4539389286905511,short,101,5425
homebound,17,8,25,9.376025502789367e-06,1.4650619354933229e-05,0.12079629215351595,0.054113137999331616,0.51928077488736624,short,2083,3442
homebuyer,48,46,94,2.6473483772581743e-05,8.4241061290866068e-05,0.3477865770935189,0.014185694569183916,2.9200313481180582,short,685,4841
homebuyers,50,22,72,2.7576545596439316e-05,4.028920322606638e-05,0.10123390916510111,0.01883560308241649,0.73762604426256351,short,1917,3609
homeland,935,204,1139,0.00051568140265341521,0.00037359079355079737,-0.072650969450961611,0.0012273458741112789,-2.0737573121460362,official,4435,1091
homeless,320,184,504,0.00017648989181721163,0.00033696424516346427,0.18161469468337721,0.002667664614432832,3.5162955488547247,short,517,5009
homelessness,51,47,98,2.8128076508368104e-05,8.6072388710232728e-05,0.33475869189244278,0.013608545026305678,2.8696307328180475,short,706,4821
homemakers,39,31,70,2.1509705565222665e-05,5.6771150000366263e-05,0.28573833161893702,0.019075885924298642,2.0688363882532528,short,1051,4475
homeowner,30,43,73,1.6545927357863591e-05,7.8747079032766114e-05,0.48083350124749202,0.018330011419365938,3.5515125281605928,short,509,5017
homeowners,208,161,369,0.00011471842968118756,0.00029484371451803126,0.27703594037516766,0.0036204786822724819,4.6041887272745239,short,314,5212
homeownership,89,110,199,4.9086251161661981e-05,0.00020144601613033192,0.43237518980766154,0.0067090521105282828,5.2787389230023818,short,236,5290
homes,346,92,438,0.00019082969552736007,0.00016848212258173214,-0.029580434221955443,0.003162886645215965,-0.52597212828190065,official,2846,2680
homestead,22,81,103,1.21336800624333e-05,0.00014833752096869894,0.74861245289036304,0.01343536651813265,6.4585092794966794,short,164,5362
homicide,19,8,27,1.047908732664694e-05,1.4650619354933229e-05,0.088664743681412972,0.050311142893455424,0.39529277027769427,short,2175,3350
honest,8,62,70,4.4122472954302902e-06,0.00011354230000073253,0.88807689379211219,0.020396854296845891,6.2182613872782486,short,175,5351
honesty,12,23,35,6.6183709431454357e-06,4.2120530645433034e-05,0.57226116469930055,0.03851855894505244,2.9158102543262738,short,686,4840
honey,39,18,57,2.1509705565222665e-05,3.2963893548599766e-05,0.11509978530200549,0.023750583894855824,0.746856849042702,short,1911,3615
honor,170,81,251,9.376025502789367e-05,0.00014833752096869894,0.12447256644294313,0.0053879290488655345,1.6957534532007701,short,1271,4255
honorable,18,7,25,9.9275564147181536e-06,1.2819291935566576e-05,0.066493552189822225,0.054506397840204841,0.28481036696314938,short,2247,3278
honoring,27,36,63,1.4891334622077231e-05,6.5927787097199531e-05,0.45727974230372226,0.021212705109475993,3.1396695069433238,short,615,4911
honors,21,12,33,1.1582149150504513e-05,2.1975929032399844e-05,0.17963804657160587,0.040741324629629358,0.8899810330100667,short,1812,3711
hood,15,19,34,8.2729636789317955e-06,3.4795220967966419e-05,0.44043517088784867,0.039276671683157252,2.2223612350063462,short,960,4566
hope,45,82,127,2.4818891036795385e-05,0.00015016884838806561,0.55682754834953485,0.0105992263986868,5.4085846210799788,short,214,5312
hopi,21,5,26,1.1582149150504513e-05,9.1566370968332683e-06,-0.054203935059865316,0.053535244147637655,-0.23426689558634547,official,2619,2905
horizon,33,3,36,1.8200520093649949e-05,5.493982258099961e-06,-0.20859091553988129,0.040134363153253465,-1.0412072950922806,official,3277,2251
hormone,41,21,62,2.2612767389080238e-05,3.8457875806699727e-05,0.14607255875858804,0.02175751453136783,0.99029365342352105,short,1738,3788
horse,35,37,72,1.9303581917507522e-05,6.7759114516566192e-05,0.38048797788146693,0.018520690218645101,2.7958402654051286,short,733,4793
horseracing,12,13,25,6.6183709431454357e-06,2.3807256451766497e-05,0.38862951548721547,0.053343400387793914,1.6826563660431537,short,1279,4245
horses,75,20,95,4.1364818394658973e-05,3.6626548387333073e-05,-0.028910413265585078,0.014578589018935875,-0.2394399170049625,official,2624,2902
hospice,77,52,129,4.2467880218516549e-05,9.522902580706599e-05,0.23259084795743412,0.010379814724226725,2.2829574713794427,short,931,4595
hospital,691,323,1014,0.00038110786014279135,0.00059151875645542919,0.11887182404384067,0.0013350375571642467,3.2533604675730037,short,582,4944
hospitalization,46,5,51,2.537042194872417e-05,9.1566370968332683e-06,-0.1874062042718414,0.028167005100320414,-1.1166411502247158,official,3337,2191
hospitals,579,67,646,0.00031933639800676728,0.0001226989370975658,-0.17930584184335174,0.0022194351101315814,-3.8060388168357382,official,5100,426
hostage,20,13,33,1.1030618238575727e-05,2.3807256451766497e-05,0.22030967019145287,0.040607638852034146,1.0932756901612612,short,1666,3861
hostile,37,4,41,2.0406643741365096e-05,7.3253096774666146e-06,-0.18809248583736959,0.035043318933002353,-1.0047750225797416,official,3225,2300
hostilities,48,2,50,2.6473483772581743e-05,3.6626548387333073e-06,-0.27177229312168194,0.029435434755667907,-1.584053886952234,official,3952,1572
hotline,27,16,43,1.4891334622077231e-05,2.9301238709866458e-05,0.19100278933672854,0.031235450719553661,1.0807265505124417,short,1679,3847
hour,22,4,26,1.21336800624333e-05,7.3253096774666146e-06,-0.10804775096748642,0.054167250553433403,-0.4642451072996992,official,2795,2731
hours,180,21,201,9.9275564147181539e-05,3.8457875806699727e-05,-0.17817984038036094,0.0071297603491622162,-2.1101877590184599,official,4456,1070
house,790,175,965,0.00043570942042374118,0.00032048229838916442,-0.069511784011501376,0.0014475776686857988,-1.826995582975425,official,4219,1307
household,69,13,82,3.8055632923086256e-05,2.3807256451766497e-05,-0.10144938016260774,0.017149416246150195,-0.77468425118356943,official,3042,2484
households,116,1,117,6.3977585783739211e-05,1.8313274193666537e-06,-0.31841200125491653,0.012767005672569815,-2.8180253962102553,official,4830,697
houses,40,6,46,2.2061236477151454e-05,1.0987964516199922e-05,-0.1411492345448675,0.030859260099069672,-0.80349979969493113,official,3059,2465
housing,3063,1212,4275,0.0016893391832378726,0.0022195688322723841,0.071402550124319397,0.00031911082079736649,3.9970810738457003,short,414,5112
hubzone,25,21,46,1.3788272798219658e-05,3.8457875806699727e-05,0.30397584385707432,0.029010464069053683,1.7846856625746224,short,1206,4319
hudson,19,19,38,1.047908732664694e-05,3.4795220967966419e-05,0.36196301487355242,0.03508830318872834,1.9323376392417466,short,1128,4398
human,1673,383,2056,0.00092271121565685955,0.00070139840161742833,-0.062649201581563396,0.00067875689386717774,-2.4046862152073292,official,4651,875
humane,89,28,117,4.9086251161661981e-05,5.1277167742266302e-05,0.010815167009530668,0.011751504565645943,0.099766903584605188,short,2370,3156
humanitarian,97,50,147,5.3498498457092274e-05,9.1566370968332683e-05,0.14800188844688833,0.0091750867055312435,1.5451198372778312,short,1368,4158
humanities,62,43,105,3.4194916539584752e-05,7.8747079032766114e-05,0.24118643512616877,0.012745364616436697,2.1363713557300521,short,1010,4517
humanity,22,5,27,1.21336800624333e-05,9.1566370968332683e-06,-0.064128068291262608,0.051658747152367263,-0.28214751094817486,official,2653,2873
humans,28,0,28,1.5442865534006018e-05,0,-0.33119390812154137,0.053572012458417903,-1.430913428383751,official,3731,1784
hunger,68,79,147,3.7504102011157468e-05,0.00014467486612996565,0.4118802897889946,0.0090765254713437576,4.3232584028044414,short,352,5174
hunt,22,7,29,1.21336800624333e-05,1.2819291935566576e-05,0.01365053023544327,0.04738620480268263,0.062708087793589579,short,2399,3128
hunter,5,23,28,2.7576545596439317e-06,4.2120530645433034e-05,0.79728477311314983,0.049911457328678362,3.5687271467070589,short,503,5022
hunting,95,45,140,5.2395436633234704e-05,8.2409733871499421e-05,0.1227347223916464,0.0096613084702164478,1.2486751541182464,short,1566,3960
huntington's,51,42,93,2.8128076508368104e-05,7.6915751613399453e-05,0.29743049047182524,0.014352435756574316,2.4826910663052475,short,852,4674
hurricane,272,115,387,0.00015001640804462987,0.00021060265322716518,0.08984848981655702,0.0035100665331653808,1.5165373386819145,short,1385,4141
hurricanes,44,14,58,2.42673601248666e-05,2.5638583871133151e-05,0.013650698239620951,0.023693394352361393,0.088683173307442881,short,2378,3149
husbands,25,0,25,1.3788272798219658e-05,0,-0.33119350268180803,0.060000583886289226,-1.3520852339749585,official,3604,1929
hybrid,38,22,60,2.095817465329388e-05,4.028920322606638e-05,0.18371356197211064,0.022399787479672677,1.2274936911665129,short,1582,3944
hydraulic,23,3,26,1.2685210974362085e-05,5.493982258099961e-06,-0.16256917373263846,0.054891505772701479,-0.69388200734930605,official,2984,2543
hydroelectric,81,40,121,4.4674003866231695e-05,7.3253096774666146e-05,0.13510072728966804,0.011162259084863773,1.2787381956661183,short,1554,3972
hydrogen,41,35,76,2.2612767389080238e-05,6.4096459677832885e-05,0.30932348825511369,0.017556601456345231,2.3344935256432562,short,902,4624
hydropower,38,27,65,2.095817465329388e-05,4.9445840322899649e-05,0.24902362595618044,0.020578886978741162,1.7359196189044659,short,1250,4278
hypertension,17,16,33,9.376025502789367e-06,2.9301238709866458e-05,0.34175923160408317,0.04040874715443888,1.7001316867583987,short,1270,4260
id,14,31,45,7.7214327670030089e-06,5.6771150000366263e-05,0.61516497195726316,0.030107631172063786,3.5453025644027001,short,510,5015
idaho,171,64,235,9.4311785939822458e-05,0.00011720495483946583,0.056053080450768178,0.0058081197317512824,0.73549835269954589,short,1918,3608
idea,0,67,67,0,0.0001226989370975658,1.0551343033657652,0.022388643601673103,7.0517003769894711,short,133,5393
identifiable,97,0,97,5.3498498457092274e-05,0,-0.33120323351186443,0.015464501428865579,-2.6633399687992081,official,4762,762
identification,405,118,523,0.00022337001933115847,0.00021609663548526514,-0.0080470019805432003,0.0026382326191284372,-0.15666701375931899,official,2558,2968
identified,73,0,73,4.0261756570801403e-05,0,-0.33119998983773158,0.020548529102970673,-2.3104679306380591,official,4585,940
identify,222,4,226,0.00012243986244819057,7.3253096774666146e-06,-0.30478507655740295,0.0065805528775440703,-3.7571843688916107,official,5094,432
identifying,131,4,135,7.2250549462671008e-05,7.3253096774666146e-06,-0.2870812289030944,0.01095422701276242,-2.7429249707529477,official,4800,726
identity,220,127,347,0.00012133680062433299,0.00023257858225956502,0.18283233652617348,0.0038739570408830356,2.9374846726143442,short,683,4843
ii,1390,127,1517,0.00076662796758101301,0.00023257858225956502,-0.20816321116986458,0.0009528539965532513,-6.7435844236200584,official,5383,143
iii,286,20,306,0.00015773784081163288,3.6626548387333073e-05,-0.23468187712557587,0.004757257804860587,-3.4025240974061988,official,5002,524
ill,78,38,116,4.3019411130445331e-05,6.9590441935932839e-05,0.13105801097430891,0.011648729578610418,1.2142952350557734,short,1598,3928
illegal,412,145,557,0.00022723073571465996,0.0002655424758081648,0.03963523852869244,0.0024570771878900067,0.79959869424985996,short,1872,3654
illegally,46,2,48,2.537042194872417e-05,3.6626548387333073e-06,-0.2693200395771651,0.030638881764119292,-1.538622979111598,official,3893,1634
illicit,60,6,66,3.3091854715727182e-05,1.0987964516199922e-05,-0.19766414777742014,0.021825980721620609,-1.337953502268133,official,3572,1954
illinois,52,19,71,2.8679607420296889e-05,3.4795220967966419e-05,0.049583870037825051,0.019241776310108281,0.35745208925718708,short,2208,3318
illness,260,71,331,0.00014339803710148444,0.00013002424677503242,-0.023410149770887401,0.0041801935284250967,-0.36208121831210288,official,2710,2816
illnesses,92,6,98,5.074084389744834e-05,1.0987964516199922e-05,-0.24068585770445949,0.014879126413813445,-1.973157969048265,official,4357,1170
imaging,61,38,99,3.3643385627655964e-05,6.9590441935932839e-05,0.20677297571262443,0.013549853978871311,1.7763415332355383,short,1219,4307
immediate,145,27,172,7.9971982229674017e-05,4.9445840322899649e-05,-0.10364737312126238,0.0081802836828776208,-1.1459722923473326,official,3365,2161
immediately,54,2,56,2.9782669244154463e-05,3.6626548387333073e-06,-0.27808669917289564,0.026332872294899785,-1.7136854156083021,official,4112,1413
immigrant,191,85,276,0.00010534240417839818,0.00015566283064616555,0.10451808882124247,0.0049119946756795031,1.4912914093371274,short,1403,4123
immigrants,110,32,142,6.0668400312166495e-05,5.8602477419732917e-05,-0.0084172380443359174,0.0097159643205836938,-0.085393861707153185,official,2500,3026
immigration,1417,390,1807,0.00078151930220309019,0.00071421769355299494,-0.021589478513132754,0.00076592415919983687,-0.78009818591794333,official,3046,2480
imminent,34,1,35,1.8752051005578734e-05,1.8313274193666537e-06,-0.28863465584402803,0.042271115289650156,-1.4038691211362171,official,3682,1844
immune,53,7,60,2.9231138332225674e-05,1.2819291935566576e-05,-0.16074216437308131,0.023775514551336804,-1.0424730811214284,official,3280,2246
immunities,27,16,43,1.4891334622077231e-05,2.9301238709866458e-05,0.19100278933672854,0.031235450719553661,1.0807265505124417,short,1680,3848
immunity,105,18,123,5.7910745752522567e-05,3.2963893548599766e-05,-0.11863479520607711,0.011478747404100105,-1.1072988154932923,official,3329,2197
immunization,48,38,86,2.6473483772581743e-05,6.9590441935932839e-05,0.28440938765816703,0.015527786599041051,2.2823862924538827,short,932,4592
immunodeficiency,46,7,53,2.537042194872417e-05,1.2819291935566576e-05,-0.13882130692621608,0.026768260660927683,-0.84848867958633467,official,3100,2425
immunosuppressive,28,24,52,1.5442865534006018e-05,4.3951858064799688e-05,0.3106707479366797,0.02565847863089727,1.9394782422737111,short,1127,4400
impact,559,194,753,0.00030830577976819157,0.00035527751935713085,0.035959693528743841,0.0018187453991126141,0.84319889337884524,short,1844,3682
impacted,35,8,43,1.9303581917507522e-05,1.4650619354933229e-05,-0.062927277614676314,0.032428939848745925,-0.34943996078476158,official,2705,2822
impacts,144,4,148,7.9420451317745229e-05,7.3253096774666146e-06,-0.29093389173387152,0.010004188817907003,-2.9087297741535529,official,4865,661
impaired,33,16,49,1.8200520093649949e-05,2.9301238709866458e-05,0.12962779924166945,0.027580321228701635,0.78054597361892253,short,1882,3645
impairment,28,1,29,1.5442865534006018e-05,1.8313274193666537e-06,-0.27990016499353665,0.050877776869739884,-1.2409065910146566,official,3468,2056
impede,29,0,29,1.5994396445934803e-05,0,-0.33119404326834001,0.051724721818257192,-1.456241606872426,official,3778,1747
impediments,37,3,40,2.0406643741365096e-05,5.493982258099961e-06,-0.22065190382101996,0.036243410830474262,-1.1590259187480021,official,3382,2143
implement,1055,1,1056,0.00058186511208486958,1.8313274193666537e-06,-0.32991219510214087,0.0014203670633993828,-8.7538292861288873,official,5439,87
implementation,800,279,1079,0.00044122472954302906,0.0005109403500032964,0.037247455723838918,0.0012691591520931915,1.0455349854040434,short,1704,3822
implemented,34,0,34,1.8752051005578734e-05,0,-0.3311947190040101,0.044118230947213094,-1.576791820221908,official,3938,1586
implementing,229,7,236,0.00012630057883169206,1.2819291935566576e-05,-0.28704671518888958,0.0062663479078190736,-3.6261463640250517,official,5055,471
implications,33,0,33,1.8200520093649949e-05,0,-0.33119458385665368,0.045455129342701649,-1.5534303183962435,official,3914,1619
import,185,161,346,0.00010203321870682547,0.00029484371451803126,0.31575329104072658,0.0038562097301862502,5.084726089501145,short,258,5268
importance,62,0,62,3.4194916539584752e-05,0,-0.33119850317518207,0.024194132282020834,-2.129282770545442,official,4471,1053
important,60,4,64,3.3091854715727182e-05,7.3253096774666146e-06,-0.23882311776339549,0.022770982377608391,-1.5826521789894943,official,3950,1576
importation,453,24,477,0.00024984350310374023,4.3951858064799688e-05,-0.25667188891306303,0.0030718607944935751,-4.6310294320174235,official,5221,305
imported,390,55,445,0.00021509705565222667,0.00010072300806516596,-0.15089460063141935,0.003198188778098496,-2.6682201060741484,official,4765,761
importers,108,0,108,5.9565338488308925e-05,0,-0.33120472021726854,0.01388947279454851,-2.8103061698079599,official,4826,700
imports,128,16,144,7.0595956726884643e-05,2.9301238709866458e-05,-0.16868131376219075,0.0099270545032735576,-1.6929992731855183,official,4085,1440
impose,871,0,871,0.00048038342428997292,0,-0.3313078763892694,0.001722742522365492,-7.9821810476555726,official,5416,110
imposed,312,0,312,0.00017207764452178132,0,-0.33123229428606216,0.0048082762609667103,-4.7768099922414891,official,5236,290
imposes,51,0,51,2.8128076508368104e-05,0,-0.3311970165261009,0.029412348598239272,-1.931174702006593,official,4320,1205
imposing,139,0,139,7.6662796758101301e-05,0,-0.33120891009587439,0.010791950819369508,-3.1882475364976375,official,4941,585
imposition,226,0,226,0.00012464598609590572,0,-0.33122066935884931,0.006637752074793452,-4.0654340186209268,official,5150,375
impoundment,111,11,122,6.1219931224095283e-05,2.014460161303319e-05,-0.19874233418937415,0.011811226395641895,-1.8287017865683139,official,4221,1305
imprisonment,47,7,54,2.5921952860652958e-05,1.2819291935566576e-05,-0.14229280682962298,0.026295016615445012,-0.87749817407405173,official,3116,2410
improper,110,17,127,6.0668400312166495e-05,3.1132566129233112e-05,-0.13629702271345856,0.011164437638276504,-1.2899353456510738,official,3515,2011
improve,7435,46,7481,0.0041006323301905267,8.4241061290866068e-05,-0.3229680442543641,0.00020048279203586171,-22.809775070150117,official,5510,16
improved,797,94,891,0.00043957013680724269,0.00017214477742046546,-0.17676653006285825,0.0016082295822070105,-4.4078419476304127,official,5199,327
improvement,679,3397,4076,0.00037448948919964589,0.006221019243588523,0.81549214595222885,0.00034470505132189687,43.923400858054755,short,3,5523
improvements,791,556,1347,0.00043626095133566996,0.0010182180451678595,0.24566051456826177,0.0009937971510839117,7.7926735553086406,short,114,5412
improving,566,198,764,0.00031216649615169309,0.00036260282903459744,0.038049648569044692,0.001791964809642224,0.89884728618860965,short,1806,3720
in-home,22,14,36,1.21336800624333e-05,2.5638583871133151e-05,0.21354036059258519,0.037241963200055635,1.1065312625256789,short,1659,3869
inaccurate,35,0,35,1.9303581917507522e-05,0,-0.33119485415147842,0.042857726745765795,-1.5998122380313102,official,3970,1555
inactive,65,10,75,3.584950927537111e-05,1.8313274193666537e-05,-0.13703840671787404,0.018908146923778426,-0.99659296354226801,official,3222,2303
inadequate,34,0,34,1.8752051005578734e-05,0,-0.3311947190040101,0.044118230947213094,-1.576791820221908,official,3939,1587
inappropriate,45,0,45,2.4818891036795385e-05,0,-0.33119620563227947,0.033333917224290008,-1.8140204400668125,official,4211,1317
incarcerated,52,7,59,2.8679607420296889e-05,1.2819291935566576e-05,-0.15792228918899909,0.024161108055175334,-1.0159796448445542,official,3248,2278
incarceration,53,16,69,2.9231138332225674e-05,2.9301238709866458e-05,0.00058728543812947009,0.019962011091362641,0.0041566847322394599,short,2437,3089
incentive,352,730,1082,0.0001941388809989328,0.0013368690161376573,0.5962006647798157,0.0012498106270993443,16.864378831471264,short,24,5502
incentives,1391,357,1748,0.0007671794984929418,0.00065378388871389535,-0.037659560494525124,0.0007942164867897727,-1.336305630201551,official,3570,1956
incidence,130,0,130,7.169901855074222e-05,0,-0.33120769366848357,0.011539045449255703,-3.0832978107356741,official,4922,604
incident,45,11,56,2.4818891036795385e-05,2.014460161303319e-05,-0.048471986331907857,0.024826947127533451,-0.3076303342469795,official,2670,2856
incidental,26,7,33,1.4339803710148445e-05,1.2819291935566576e-05,-0.026701305869902825,0.041949736430956328,-0.13036706358329886,official,2529,2995
incidents,93,0,93,5.1292374809377128e-05,0,-0.33120269289505622,0.016129616160223369,-2.6078454076533366,official,4739,785
include,1010,5,1015,0.00055704622104807422,9.1566370968332683e-06,-0.32394432430852405,0.0014748034350817018,-8.4353538447356282,official,5428,98
included,187,0,187,0.00010313628053068304,0,-0.33121539786090182,0.0080219742984292842,-3.6980253623458812,official,5074,451
includes,46,1,47,2.537042194872417e-05,1.8313274193666537e-06,-0.29944719372373818,0.031586605396860805,-1.684879204142256,official,4066,1459
including,1004,4,1008,0.00055373703557650149,7.3253096774666146e-06,-0.32537756974871535,0.0014857443011634048,-8.4414212738119527,official,5429,97
inclusion,344,33,377,0.00018972663370350249,6.0433804839099571e-05,-0.20255660714930812,0.0038265709127169529,-3.2744738834866798,official,4961,565
income,4561,372,4933,0.0025155324893071946,0.00068125380000439524,-0.22050357517503905,0.00029441615241023914,-12.850937723426391,official,5491,35
incomes,36,0,36,1.9855112829436307e-05,0,-0.33119498929905689,0.041667250555522978,-1.6225060899795725,official,3997,1531
inconsistent,36,1,37,1.9855112829436307e-05,1.8313274193666537e-06,-0.29092064141968699,0.040015003499821226,-1.4543304820808742,official,3762,1764
incorporate,56,0,56,3.0885731068012036e-05,0,-0.33119769227401363,0.026786298179238079,-2.0236292703388661,official,4390,1137
incorporation,21,10,31,1.1582149150504513e-05,1.8313274193666537e-05,0.12428705400049722,0.043621597021508057,0.59507966968927262,short,2020,3505
increase,4122,38,4160,0.0022734104189704573,6.9590441935932839e-05,-0.31806014496737856,0.00035953730773170811,-16.774024443126944,official,5504,22
increased,947,53,1000,0.00052229977359656067,9.706035322643265e-05,-0.25279367791148477,0.0014638624165892761,-6.607179081646736,official,5375,151
increases,456,12,468,0.00025149809583952659,2.1975929032399844e-05,-0.29302516276419155,0.0031661684060080666,-5.2076035020868288,official,5280,246
increasing,461,47,508,0.00025425575039917048,8.6072388710232728e-05,-0.19538066094597184,0.0028343775477666384,-3.66988727744135,official,5065,461
incremental,37,3,40,2.0406643741365096e-05,5.493982258099961e-06,-0.22065190382101996,0.036243410830474262,-1.1590259187480021,official,3383,2144
incurred,347,0,347,0.00019138122643928886,0,-0.33123702559685242,0.0043233505320495937,-5.0376576655197267,official,5267,259
indebtedness,74,4,78,4.0813287482730191e-05,7.3253096774666146e-06,-0.25521242302484737,0.018774653218542828,-1.8625839178332557,official,4265,1260
indemnification,43,14,57,2.3715829212937812e-05,2.5638583871133151e-05,0.019467218707822198,0.0240850909368652,0.12543818540586349,short,2352,3172
indemnity,179,17,196,9.8724033235252751e-05,3.1132566129233112e-05,-0.20369336729224763,0.0073620862746538685,-2.3739766137582077,official,4635,892
independence,246,228,474,0.00013567660433448143,0.00041754265161559706,0.3367083294900528,0.0028139743184035109,6.3473697140859535,short,172,5354
independent,878,291,1169,0.00048424414067347438,0.00053291627903569627,0.024030117781308924,0.001174035463065416,0.70131849430841098,short,1944,3582
index,164,43,207,9.0451069556320954e-05,7.8747079032766114e-05,-0.032786956363912267,0.0066960017211479947,-0.40067599526310821,official,2743,2783
indexing,45,24,69,2.4818891036795385e-05,4.3951858064799688e-05,0.15836278962205874,0.019525201894627,1.1333273690049199,short,1639,3887
india,26,13,39,1.4339803710148445e-05,2.3807256451766497e-05,0.13881582507266366,0.034615968505734507,0.7461063482390532,short,1912,3613
indian,1437,644,2081,0.00079254992044166595,0.001179374858072125,0.10662770791462339,0.00065180929907775404,4.1764741490572428,short,387,5139
indiana,31,17,48,1.7097458269792376e-05,3.1132566129233112e-05,0.16689991307685759,0.028043427125411052,0.99664517170611089,short,1731,3792
indians,290,104,394,0.00015994396445934803,0.00019045805161413198,0.044606694137543812,0.0034706044113727245,0.75717711800241616,short,1906,3620
indicators,23,6,29,1.2685210974362085e-05,1.0987964516199922e-05,-0.033939016475974526,0.047802781689786716,-0.15522893146988517,official,2553,2971
indigent,29,13,42,1.5994396445934803e-05,2.3807256451766497e-05,0.10661227914272331,0.032266909115121707,0.59351068888476644,short,2024,3502
indirect,50,3,53,2.7576545596439316e-05,5.493982258099961e-06,-0.24742565208072698,0.0275664646142273,-1.4902330392148875,official,3832,1695
indirectly,34,0,34,1.8752051005578734e-05,0,-0.3311947190040101,0.044118230947213094,-1.576791820221908,official,3940,1588
individual,1748,182,1930,0.00096407603405151846,0.00033330159032473098,-0.19293138919859221,0.00074595608586356711,-7.0639279465137488,official,5391,135
individual's,155,0,155,8.5487291348961886e-05,0,-0.33121107265571936,0.0096780032714676965,-3.3667584971607667,official,4988,538
individuals,4429,136,4565,0.0024427304089325945,0.0002490605290338649,-0.28736391889039758,0.00032449088841275897,-15.952581954188071,official,5502,24
indochina,33,11,44,1.8200520093649949e-05,2.014460161303319e-05,0.025485296256682943,0.031169415060225854,0.14435284922418445,short,2340,3185
indoor,27,18,45,1.4891334622077231e-05,3.2963893548599766e-05,0.22843009235025313,0.029762488653960074,1.3240936228833022,short,1517,4008
industrial,375,171,546,0.00020682409197329488,0.00031315698871169778,0.11159892207715316,0.0024810604878880266,2.2404813007060205,short,955,4571
industrialization,60,50,110,3.3091854715727182e-05,9.1566370968332683e-05,0.30134676359733881,0.01213293685035483,2.7357950725297213,short,745,4781
industries,336,72,408,0.00018531438640807221,0.00013185557419439906,-0.076310975885402144,0.0034280033349183129,-1.3033660057585397,official,3539,1987
industry,1214,280,1494,0.0006695585270815466,0.00051277167742266308,-0.061054856923894008,0.00093355832298164948,-1.9982484752760168,official,4371,1155
ineligible,70,0,70,3.8607163835015045e-05,0,-0.33119958438297559,0.021429155325362513,-2.2624930653387847,official,4559,965
inequities,94,0,94,5.1843905721305916e-05,0,-0.33120282804909174,0.015958030710902873,-2.6218291527791524,official,4749,777
inexpensive,24,1,25,1.3236741886290871e-05,1.8313274193666537e-06,-0.27176949832468722,0.05887028561319485,-1.1200892813165559,official,3347,2178
infant,125,93,218,6.8941363991098292e-05,0.00017031345000109881,0.26404436343907989,0.0061314699156554235,3.3720546163393248,short,560,4966
infants,168,42,210,9.2657193204036107e-05,7.6915751613399453e-05,-0.043511909129350101,0.0066143405457863708,-0.53501365090142738,official,2861,2665
infection,44,8,52,2.42673601248666e-05,1.4650619354933229e-05,-0.10804892921857601,0.027083917226411913,-0.65654534791053287,official,2957,2569
infections,29,7,36,1.5994396445934803e-05,1.2819291935566576e-05,-0.051230875717697799,0.038641013227387305,-0.26061987172390622,official,2637,2888
infectious,43,13,56,2.3715829212937812e-05,2.3807256451766497e-05,0.00094373336956721232,0.024594347618515769,0.0060177155875708824,short,2436,3091
infertility,30,16,46,1.6545927357863591e-05,2.9301238709866458e-05,0.15836122680458864,0.029287510887073237,0.92535340208101735,short,1787,3739
inflation,210,65,275,0.00011582149150504513,0.00011903628225883249,0.0067545710001173376,0.0050036160892970158,0.095489535535934422,short,2373,3153
inflationary,48,5,53,2.6473483772581743e-05,9.1566370968332683e-06,-0.19272469309494511,0.027142953302483577,-1.1697924471692078,official,3388,2139
influence,104,10,114,5.7359214840593779e-05,1.8313274193666537e-05,-0.20226600870362255,0.012652256000005324,-1.7982038341185547,official,4196,1330
influenza,56,21,77,3.0885731068012036e-05,3.8457875806699727e-05,0.056577262443505916,0.017723462524840781,0.42497917014124204,short,2153,3373
inform,95,11,106,5.2395436633234704e-05,2.014460161303319e-05,-0.17918181964675384,0.013522716830982258,-1.5408556874366641,official,3896,1629
information,3850,1087,4937,0.0021233940109258273,0.0019906529048515525,-0.015597403663053733,0.00028039224141158145,-0.93147095158670812,official,3164,2362
informed,97,59,156,5.3498498457092274e-05,0.00010804831774263257,0.19921896334455269,0.008604315881121951,2.1476944901768249,short,994,4532
infrastructure,598,462,1060,0.0003298154853334142,0.00084607326774739406,0.27649681805166093,0.001260750688348473,7.78709603673442,short,116,5410
infringement,40,3,43,2.2061236477151454e-05,5.493982258099961e-06,-0.22824621441104043,0.033787907096539976,-1.2417178880590105,official,3475,2051
infusion,20,16,36,1.1030618238575727e-05,2.9301238709866458e-05,0.28785356133667861,0.03708849597774496,1.4946929837569991,short,1396,4130
ingredient,16,12,28,8.8244945908605804e-06,2.1975929032399844e-05,0.26665009928234795,0.047727856614994485,1.2205505874273119,short,1586,3940
ingredients,75,0,75,4.1364818394658973e-05,0,-0.3312002601414612,0.020000583897957981,-2.341905313174014,official,4613,915
initial,109,0,109,6.0116869400237707e-05,0,-0.33120485537297384,0.013762051795801266,-2.823287470438296,official,4835,693
initiate,69,0,69,3.8055632923086256e-05,0,-0.33119944923160993,0.021739714331340317,-2.2462737885154294,official,4547,977
initiative,287,300,587,0.00015828937172356167,0.00054939822580999612,0.37681752265820023,0.0022721445114149779,7.9052046095981217,short,109,5417
initiatives,136,30,166,7.5008204022314936e-05,5.493982258099961e-05,-0.070360219413192482,0.0084138830154997617,-0.76705931874935895,official,3025,2501
injunctive,24,2,26,1.3236741886290871e-05,3.6626548387333073e-06,-0.21786378474810419,0.055714869600930382,-0.92299528981652157,official,3158,2367
injured,184,20,204,0.00010148168779489668,3.6626548387333073e-05,-0.18741812430729254,0.0070421892312009671,-2.2333548993446226,official,4536,990
injuries,227,9,236,0.00012519751700783451,1.6481946774299883e-05,-0.27453842861154243,0.0062420438029681122,-3.474879408975097,official,5015,511
injurious,30,0,30,1.6545927357863591e-05,0,-0.33119417841525234,0.050000583887456082,-1.4811367452309805,official,3810,1707
injury,321,125,446,0.00017704142272914042,0.00022891592742083173,0.06687217820909197,0.0030556784420984057,1.2097388959595892,short,1600,3926
inland,87,25,112,4.7983189337804412e-05,4.5783185484166341e-05,-0.011367381493274209,0.012324979609252523,-0.10239230756555871,official,2509,3016
inmate,34,8,42,1.8752051005578734e-05,1.4650619354933229e-05,-0.056754283361103219,0.033158478627586939,-0.31167455360946644,official,2675,2854
inmates,29,0,29,1.5994396445934803e-05,0,-0.33119404326834001,0.051724721818257192,-1.456241606872426,official,3779,1748
innocent,66,25,91,3.6401040187299898e-05,4.5783185484166341e-05,0.059303741292056955,0.01499070030998279,0.48436319087554885,short,2108,3418
innovate,6,21,27,3.3091854715727179e-06,3.8457875806699727e-05,0.73665911866183897,0.051136947524401351,3.2576105952658745,short,580,4946
innovation,338,412,750,0.00018641744823192979,0.00075450689677906133,0.42789781352887335,0.0017802869256898395,10.141333530367669,short,76,5450
innovations,23,15,38,1.2685210974362085e-05,2.7469911290499805e-05,0.22137872869091879,0.035261951041491289,1.1789156149407185,short,1610,3916
innovative,218,65,283,0.00012023373880047541,0.00011903628225883249,-0.002446858259105511,0.0048701551528957934,-0.035062058807410527,official,2464,3062
inpatient,127,20,147,7.0044425814955869e-05,3.6626548387333073e-05,-0.13318542647616027,0.0096382429045747623,-1.3566186152711823,official,3616,1910
inquiries,35,0,35,1.9303581917507522e-05,0,-0.33119485415147842,0.042857726745765795,-1.5998122380313102,official,3971,1556
insecticide,79,13,92,4.3570942042374119e-05,2.3807256451766497e-05,-0.12575099279613511,0.015372346642902738,-1.0142414093268688,official,3243,2282
inside,19,10,29,1.047908732664694e-05,1.8313274193666537e-05,0.15431961138863848,0.046474942862192024,0.71583295579540207,short,1938,3588
inspection,526,92,618,0.00029010525967454161,0.00016848212258173214,-0.11509395489020058,0.002283160608679829,-2.4087087051134106,official,4652,874
inspections,51,11,62,2.8128076508368104e-05,2.014460161303319e-05,-0.074973277331329413,0.022548771554705648,-0.49928101487969462,official,2827,2696
inspector,191,65,256,0.00010534240417839818,0.00011903628225883249,0.030842940846037337,0.005352985207002915,0.42155841147686751,short,2156,3370
inspectors,47,6,53,2.5921952860652958e-05,1.0987964516199922e-05,-0.16567934498931791,0.026949736435562761,-1.0092322218076311,official,3232,2293
install,34,0,34,1.8752051005578734e-05,0,-0.3311947190040101,0.044118230947213094,-1.576791820221908,official,3941,1589
installation,197,13,210,0.00010865158964997091,2.3807256451766497e-05,-0.23970514900685558,0.006941891319997417,-2.8769906994010599,official,4857,669
installations,197,3,200,0.00010865158964997091,5.493982258099961e-06,-0.30879852431185739,0.0074455839893567506,-3.5787044451872969,official,5041,485
installed,28,0,28,1.5442865534006018e-05,0,-0.33119390812154137,0.053572012458417903,-1.430913428383751,official,3732,1785
installing,27,0,27,1.4891334622077231e-05,0,-0.33119377297485109,0.055556139442311518,-1.4051287926382199,official,3699,1828
installment,24,5,29,1.3236741886290871e-05,9.1566370968332683e-06,-0.081975332207479212,0.048280273121712118,-0.37307687146733837,official,2718,2804
instances,26,0,26,1.4339803710148445e-05,0,-0.33119363782827449,0.057692891578830292,-1.3788620927062918,official,3657,1878
instant,49,3,52,2.7025014684510531e-05,5.493982258099961e-06,-0.24583555104625887,0.028083392173601479,-1.4669655173615903,official,3795,1732
instead,33,1,34,1.8200520093649949e-05,1.8313274193666537e-06,-0.28739151245719796,0.04349738559420753,-1.3779782435681713,official,3633,1889
institute,506,142,648,0.0002790746414359659,0.00026004849355006483,-0.017004108428601228,0.0021329579517130538,-0.36818214081143474,official,2713,2813
institutes,235,29,264,0.00012960976430326479,5.3108495161632956e-05,-0.17049517768185751,0.0054175612431489458,-2.3163820191207876,official,4590,936
instituting,33,1,34,1.8200520093649949e-05,1.8313274193666537e-06,-0.28739151245719796,0.04349738559420753,-1.3779782435681713,official,3634,1890
institution,346,99,445,0.00019082969552736007,0.00018130141451729872,-0.012393999597476224,0.0031030417876439067,-0.22249367304285569,official,2611,2915
institutional,39,13,52,2.1509705565222665e-05,2.3807256451766497e-05,0.025485382872101781,0.026374210267010131,0.15692835791138085,short,2334,3192
institutions,1507,145,1652,0.00083115708427668102,0.0002655424758081648,-0.20231854751839684,0.00087362317447311588,-6.8450027268289153,official,5386,140
instruction,113,6,119,6.232299304795286e-05,1.0987964516199922e-05,-0.25647915728974624,0.012310928736179312,-2.3115679769740116,official,4589,937
instructional,59,8,67,3.2540323803798394e-05,1.4650619354933229e-05,-0.15684112061375899,0.021270425166420505,-1.0754045042658358,official,3304,2220
instrumentalities,33,2,35,1.8200520093649949e-05,3.6626548387333073e-06,-0.24663629834604706,0.041733493268713208,-1.2072983980784959,official,3431,2094
instruments,65,3,68,3.584950927537111e-05,5.493982258099961e-06,-0.26571963301160295,0.021603887931242158,-1.8078304041229967,official,4197,1329
insular,36,32,68,1.9855112829436307e-05,5.8602477419732917e-05,0.32274583803993551,0.019615968513662131,2.3043888897349754,short,925,4601
insulation,34,16,50,1.8752051005578734e-05,2.9301238709866458e-05,0.12079758464799362,0.027056860949377173,0.73437781008482372,short,1919,3607
insulin,23,4,27,1.2685210974362085e-05,7.3253096774666146e-06,-0.11608005781039488,0.052258648403129139,-0.50778343502461765,official,2836,2687
insurance,4268,1465,5733,0.0023539339321120602,0.0026828946693721479,0.033155981554889635,0.0002395027921077977,2.1424297924962796,short,999,4527
insure,250,0,250,0.00013788272798219658,0,-0.33122391344175028,0.0060005839388023998,-4.2758742697390737,official,5185,341
insured,279,9,288,0.00015387712442813139,1.6481946774299883e-05,-0.28470377887108,0.0051312557455600897,-3.9744899321020912,official,5137,389
insurers,72,5,77,3.9710225658872614e-05,9.1566370968332683e-06,-0.23527748907400969,0.018907115245922586,-1.711069858276308,official,4111,1416
insuring,24,1,25,1.3236741886290871e-05,1.8313274193666537e-06,-0.27176949832468722,0.05887028561319485,-1.1200892813165559,official,3348,2179
integrate,44,0,44,2.42673601248666e-05,0,-0.33119607048369737,0.034091492981632388,-1.7937510362478384,official,4183,1335
integrated,196,48,244,0.00010810005873804212,8.7903716129599375e-05,-0.048068817433479794,0.0056979687473058217,-0.63680051583006547,official,2929,2597
integration,124,71,195,6.8389833079169504e-05,0.00013002424677503242,0.18027736627415614,0.0068947786647840957,2.1711060630898369,short,984,4542
integrity,236,392,628,0.00013016129521519358,0.00071788034839172829,0.5280862451205639,0.002138383615256641,11.419893313128112,short,60,5466
intellectual,89,58,147,4.9086251161661981e-05,0.00010621699032326591,0.22114923045936408,0.0091159208343832149,2.3162485475473722,short,916,4610
intelligence,688,280,968,0.00037945326740700499,0.00051277167742266308,0.079126951488260211,0.001405730909125158,2.1104415906512415,short,1019,4507
intelligence-related,79,1,80,4.3570942042374119e-05,1.8313274193666537e-06,-0.31250821899142345,0.018635571087632224,-2.2892334897391451,official,4577,947
intended,96,2,98,5.2946967545163486e-05,3.6626548387333073e-06,-0.3007429933748611,0.015155223078705574,-2.4429487232808031,official,4674,851
intensify,27,0,27,1.4891334622077231e-05,0,-0.33119377297485109,0.055556139442311518,-1.4051287926382199,official,3700,1829
intensive,27,9,36,1.4891334622077231e-05,1.6481946774299883e-05,0.025485209641853857,0.038095821984643723,0.13057184359030244,short,2350,3177
intent,334,2,336,0.00018421132458421464,3.6626548387333073e-06,-0.32231900702293537,0.0044517011540883928,-4.8308429111132432,official,5245,281
intentional,39,2,41,2.1509705565222665e-05,3.6626548387333073e-06,-0.25887383567882871,0.035756397843633617,-1.3690246824632681,official,3623,1904
inter-american,19,8,27,1.047908732664694e-05,1.4650619354933229e-05,0.088664743681412972,0.050311142893455424,0.39529277027769427,short,2176,3351
interactive,36,1,37,1.9855112829436307e-05,1.8313274193666537e-06,-0.29092064141968699,0.040015003499821226,-1.4543304820808742,official,3763,1765
interagency,154,16,170,8.4935760437033098e-05,2.9301238709866458e-05,-0.1930534188707469,0.0084633477602144864,-2.0984875836293941,official,4451,1075
interbrand,0,48,48,0,8.7903716129599375e-05,1.0551257769110425,0.031250583894586591,5.9686369742515479,short,186,5340
intercept,24,14,38,1.3236741886290871e-05,2.5638583871133151e-05,0.18606942895823586,0.035360385379011303,0.98950166657903793,short,1742,3785
interception,59,6,65,3.2540323803798394e-05,1.0987964516199922e-05,-0.19564991325620085,0.022149607067276186,-1.3146091372932422,official,3549,1977
interdiction,23,16,39,1.2685210974362085e-05,2.9301238709866458e-05,0.24215992824557731,0.034311434330415697,1.307322821494503,short,1527,3998
interest-bearing,27,0,27,1.4891334622077231e-05,0,-0.33119377297485109,0.055556139442311518,-1.4051287926382199,official,3701,1830
interests,412,6,418,0.00022723073571465996,1.0987964516199922e-05,-0.30978818494727278,0.0035638938215310071,-5.1892246423152892,official,5279,247
interference,51,11,62,2.8128076508368104e-05,2.014460161303319e-05,-0.074973277331329413,0.022548771554705648,-0.49928101487969462,official,2828,2697
intergovernmental,88,84,172,4.85347202497332e-05,0.00015383150322679891,0.34647867316268055,0.0077529877718781736,3.9349748241443852,short,426,5100
interim,134,70,204,7.3905142198457373e-05,0.00012819291935566577,0.15205257090661561,0.0066087988504917395,1.8703914165408659,short,1155,4371
interior,1816,51,1867,0.0010015801360626761,9.3397698387699343e-05,-0.29071031155750227,0.00079347853779828748,-10.32031241499485,official,5467,59
interlocking,20,7,27,1.1030618238575727e-05,1.2819291935566576e-05,0.038170417699983972,0.050688944337746414,0.16953926232411401,short,2324,3200
intermediate,20,7,27,1.1030618238575727e-05,1.2819291935566576e-05,0.038170417699983972,0.050688944337746414,0.16953926232411401,short,2325,3201
intermodal,53,23,76,2.9231138332225674e-05,4.2120530645433034e-05,0.097267660713916015,0.017853531985101437,0.72795812591193554,short,1923,3603
internal,11200,37,11237,0.0061771462136024071,6.7759114516566192e-05,-0.32775910335157477,0.00013385541846668144,-28.329361401293042,official,5515,11
international,1618,852,2470,0.00089237701550077631,0.0015602909613003889,0.1546320501112799,0.00054622638468416042,6.6162693425982004,short,155,5371
internationally,52,3,55,2.8679607420296889e-05,5.493982258099961e-06,-0.25043444879960397,0.026587757596341723,-1.5358655998476087,official,3891,1637
internet,514,256,770,0.00028348688873139615,0.00046881981935786333,0.13769002579894885,0.0017540591446094022,3.2876105447611064,short,576,4950
internment,31,14,45,1.7097458269792376e-05,2.5638583871133151e-05,0.10876325302642975,0.030107631171026154,0.6268215152874701,short,1994,3533
internship,20,5,25,1.1030618238575727e-05,9.1566370968332683e-06,-0.043508510797819255,0.055556139442149953,-0.18459000813266455,official,2585,2945
interoperability,21,7,28,1.1582149150504513e-05,1.2819291935566576e-05,0.025485123027612744,0.048980175724151268,0.11515334686751032,short,2359,3165
interoperable,25,10,35,1.3788272798219658e-05,1.8313274193666537e-05,0.074276092845966701,0.038889472778122172,0.37664570783608481,short,2187,3338
interpretation,54,5,59,2.9782669244154463e-05,9.1566370968332683e-06,-0.20655273304493882,0.024475141416652996,-1.32028698116643,official,3555,1971
interpretive,21,8,29,1.1582149150504513e-05,1.4650619354933229e-05,0.060852715607417451,0.047027610914738012,0.28061023378377176,short,2256,3267
interrogation,31,17,48,1.7097458269792376e-05,3.1132566129233112e-05,0.16689991307685759,0.028043427125411052,0.99664517170611089,short,1732,3793
interstate,1371,245,1616,0.00075614888025436603,0.00044867521774483014,-0.111273897595634,0.00087271385023471716,-3.7666682052609644,official,5096,430
intervention,79,70,149,4.3570942042374119e-05,0.00012819291935566577,0.32170389394512,0.0089527588774443202,3.3999918322186984,short,555,4971
intoxicated,31,0,31,1.7097458269792376e-05,0,-0.3311943135622748,0.048387680661882995,-1.5056203243148938,official,3850,1671
intrastate,35,4,39,1.9303581917507522e-05,7.3253096774666146e-06,-0.18091085613441038,0.036769911356802451,-0.94344880217359728,official,3171,2356
introduction,109,1,110,6.0116869400237707e-05,1.8313274193666537e-06,-0.31759875456685371,0.01357580296085854,-2.7258128070733081,official,4793,733
invasion,30,11,41,1.6545927357863591e-05,2.014460161303319e-05,0.050521779855381865,0.033315860163717313,0.27679174066613588,short,2270,3256
invasions,40,0,40,2.2061236477151454e-05,0,-0.33119552989048628,0.037500583889789808,-1.7102730473778192,official,4102,1425
invasive,36,44,80,1.9855112829436307e-05,8.0578406452132761e-05,0.42866331077646436,0.016685789686015234,3.3185084762629158,short,569,4957
inventions,29,2,31,1.5994396445934803e-05,3.6626548387333073e-06,-0.23588296598244796,0.046970280857508484,-1.0883911491523643,official,3310,2213
inventory,125,53,178,6.8941363991098292e-05,9.706035322643265e-05,0.090648852138526692,0.0076299182872399431,1.0377729959615531,short,1705,3821
invest,95,46,141,5.2395436633234704e-05,8.4241061290866068e-05,0.12924167205383341,0.0095854656346502261,1.3200669586383953,short,1522,4004
invested,30,0,30,1.6545927357863591e-05,0,-0.33119417841525234,0.050000583887456082,-1.4811367452309805,official,3811,1708
investigate,131,5,136,7.2250549462671008e-05,9.1566370968332683e-06,-0.27654717251947503,0.010838100846119908,-2.6563948442246286,official,4761,765
investigation,308,54,362,0.0001698715208740662,9.8891680645799297e-05,-0.11465279071095047,0.0038969674355213931,-1.8366281726298501,official,4235,1291
investigations,138,19,157,7.6111265846172513e-05,3.4795220967966419e-05,-0.1545444292835878,0.0090722326085482738,-1.6225431925389644,official,4002,1524
investigative,52,8,60,2.8679607420296889e-05,1.4650619354933229e-05,-0.13703754727577966,0.023635037676458193,-0.89137700734088132,official,3133,2393
investing,27,44,71,1.4891334622077231e-05,8.0578406452132761e-05,0.52193780224633457,0.018900317706276232,3.7965069587868658,short,462,5064
investment,1741,1326,3067,0.00096021531766801705,0.0024283401580801828,0.27204844413889351,0.00043620624073909572,13.02567713378912,short,42,5484
investments,334,29,363,0.00018421132458421464,5.3108495161632956e-05,-0.21359864392145944,0.0039863246046681474,-3.3830791690792585,official,4994,532
investor,42,69,111,2.3164298301009027e-05,0.0001263615919362991,0.52450127405713154,0.012092087178545423,4.7697532508612932,short,285,5241
investors,116,73,189,6.3977585783739211e-05,0.00013368690161376571,0.21000686617947295,0.0070960663467405823,2.4930136736986808,short,847,4679
involuntarily,27,2,29,1.4891334622077231e-05,3.6626548387333073e-06,-0.22941018118383205,0.05011579126061666,-1.0247676145661024,official,3256,2270
involuntary,38,2,40,2.095817465329388e-05,3.6626548387333073e-06,-0.25708638995706323,0.036630620519948497,-1.3432503056644247,official,3576,1950
involve,30,1,31,1.6545927357863591e-05,1.8313274193666537e-06,-0.28318451048819249,0.0476440265107013,-1.2973742263751389,official,3531,1992
involved,209,3,212,0.00011526996059311635,5.493982258099961e-06,-0.310064650211471,0.0070270436329276341,-3.6988432829996238,official,5076,450
involvement,181,34,215,9.9827095059110328e-05,6.2265132258466224e-05,-0.10201346306197223,0.0065419007149890834,-1.2612625961379273,official,3489,2037
involving,519,0,519,0.00028624454329104009,0,-0.33126027859217544,0.0028907574120021831,-6.1611749192819252,official,5352,174
ionizing,49,1,50,2.7025014684510531e-05,1.8313274193666537e-06,-0.30134333433501759,0.02970943713044958,-1.748293639183967,official,4133,1393
ira,24,59,83,1.3236741886290871e-05,0.00010804831774263257,0.64497851253438476,0.016388631817076456,5.0381825231327353,short,264,5262
iran,246,135,381,0.00013567660433448143,0.00024722920161449828,0.16714461997341168,0.0035334648054855759,2.8118491449206333,short,727,4799
iran's,25,8,33,1.3788272798219658e-05,1.4650619354933229e-05,0.015086323968382942,0.041632207101428328,0.073938172485181239,short,2386,3139
iranian,22,22,44,1.21336800624333e-05,4.028920322606638e-05,0.36196395568692985,0.030303614195096393,2.0793045868528357,short,1040,4486
iraq,283,129,412,0.00015608324807584654,0.00023624123709829834,0.11148413465453189,0.0032878617408466961,1.9442687412091657,short,1123,4403
iraqi,68,26,94,3.7504102011157468e-05,4.7614512903532995e-05,0.061854941543343145,0.014506756743485383,0.51355768971604243,short,2091,3435
ireland,38,28,66,2.095817465329388e-05,5.1277167742266302e-05,0.26086836901832733,0.020254266385291646,1.833002951067713,short,1174,4352
iron,47,10,57,2.5921952860652958e-05,1.8313274193666537e-05,-0.077743087673768585,0.024541341644080505,-0.49626384324746797,official,2819,2706
irrigation,151,52,203,8.3281167701246733e-05,9.522902580706599e-05,0.033926616408153976,0.0067470113155194836,0.41303307364294056,short,2162,3364
irs,5,61,66,2.7576545596439317e-06,0.00011171097258136588,0.94349096395990451,0.021959106689865952,6.3669349210909933,short,169,5357
islamic,30,12,42,1.6545927357863591e-05,2.1975929032399844e-05,0.074276314608768601,0.032407991298396374,0.41259531311998943,short,2163,3363
island,189,124,313,0.00010423934235454062,0.00022708460000146505,0.22332023720362315,0.0042809453530386283,3.4131725047311297,short,551,4975
islands,196,82,278,0.00010810005873804212,0.00015016884838806561,0.086864075751789116,0.00488806636947177,1.2424292178431826,short,1572,3954
israel,97,36,133,5.3498498457092274e-05,6.5927787097199531e-05,0.053779508269892418,0.010265569763961877,0.53079313534207706,short,2072,3454
issuance,458,10,468,0.00025260115766338411,1.8313274193666537e-05,-0.29936386515989355,0.0031725478064180239,-5.3149023527561603,official,5288,238
issue,436,5,441,0.00024046747760095083,9.1566370968332683e-06,-0.31428767309541072,0.0033829873052489507,-5.4035249802031764,official,5296,230
issued,344,0,344,0.00018972663370350249,0,-0.33123662005058385,0.0043610490770231809,-5.015830563162976,official,5264,262
issuer,32,0,32,1.7648989181721161e-05,0,-0.3311944487094074,0.046875583887922824,-1.5297121057037018,official,3879,1642
issuers,156,2,158,8.6038822260890661e-05,3.6626548387333073e-06,-0.31228230041856264,0.0094352972932474286,-3.21491559642247,official,4950,576
issues,201,3,204,0.00011085771329768605,5.493982258099961e-06,-0.3092370371692752,0.0073006376051139715,-3.6191877063767137,official,5054,472
issuing,79,1,80,4.3570942042374119e-05,1.8313274193666537e-06,-0.31250821899142345,0.018635571087632224,-2.2892334897391451,official,4578,948
item,45,39,84,2.4818891036795385e-05,7.1421769355299499e-05,0.31434042720563582,0.015882603187748021,2.4942466423895771,short,843,4683
items,291,2,293,0.00016049549537127682,3.6626548387333073e-06,-0.32100700394798487,0.0051027432245593024,-4.4937887314460028,official,5211,315
iv,646,6,652,0.00035628896910599599,1.0987964516199922e-05,-0.31750254254660604,0.0022907568965755028,-6.6337286986093309,official,5377,149
ix,65,1,66,3.584950927537111e-05,1.8313274193666537e-06,-0.30855598313254085,0.022559544816506502,-2.0543233656859314,official,4417,1109
j,14,25,39,7.7214327670030089e-06,4.5783185484166341e-05,0.55055755288301711,0.034493508419384214,2.964381129837768,short,671,4853
jacob,9,17,26,4.9637782073590768e-06,3.1132566129233112e-05,0.56781552301552196,0.051827826412477136,2.4941683471022627,short,844,4682
james,37,65,102,2.0406643741365096e-05,0.00011903628225883249,0.54550110446642996,0.013182852464639258,4.7510646310110864,short,291,5235
january,115,0,115,6.3426054871810423e-05,0,-0.33120566630953974,0.013044062168162894,-2.8999554630941664,official,4863,663
japan,49,3,52,2.7025014684510531e-05,5.493982258099961e-06,-0.24583555104625887,0.028083392173601479,-1.4669655173615903,official,3796,1733
japanese,48,25,73,2.6473483772581743e-05,4.5783185484166341e-05,0.1511387212523978,0.018469128341587565,1.1121222862532327,short,1653,3874
jefferson,17,8,25,9.376025502789367e-06,1.4650619354933229e-05,0.12079629215351595,0.054113137999331616,0.51928077488736624,short,2084,3443
jersey,96,31,127,5.2946967545163486e-05,5.6771150000366263e-05,0.01738125517434419,0.010814002768772254,0.16714288621798296,short,2329,3198
jerusalem,28,19,47,1.5442865534006018e-05,3.4795220967966419e-05,0.23412842706834702,0.028485432377431587,1.3872116884879027,short,1469,4056
jewish,19,7,26,1.047908732664694e-05,1.2819291935566576e-05,0.051802701634985127,0.052525836412202369,0.22602991486476115,short,2295,3230
joaquin,31,23,54,1.7097458269792376e-05,4.2120530645433034e-05,0.26311735350525467,0.024752302763826811,1.6724058883397706,short,1296,4231
job,602,464,1066,0.00033202160898112936,0.00084973592258612729,0.27572640418366223,0.0012536993126109977,7.7872059950687058,short,115,5411
jobs,495,664,1159,0.00027300780140474923,0.0012160014064594581,0.45947513911244453,0.0011537254651947217,13.527289316512041,short,41,5485
john,105,74,179,5.7910745752522567e-05,0.00013551822903313238,0.24639132498952954,0.0074742798572715206,2.8499729337048736,short,715,4811
join,42,0,42,2.3164298301009027e-05,0,-0.33119580018686889,0.03571486960454226,-1.7525091193635514,official,4144,1383
joint,510,92,602,0.00028128076508368105,0.00016848212258173214,-0.10951410424849861,0.0023407867923341407,-2.2635449649909476,official,4564,962
jointly,45,0,45,2.4818891036795385e-05,0,-0.33119620563227947,0.033333917224290008,-1.8140204400668125,official,4212,1318
jones,18,16,34,9.9275564147181536e-06,2.9301238709866458e-05,0.32274109062469947,0.039231353120135364,1.6294371679975943,short,1317,4206
jr,30,48,78,1.6545927357863591e-05,8.7903716129599375e-05,0.51612522199521749,0.017196351097355154,3.935835430380457,short,425,5101
juan,42,22,64,2.3164298301009027e-05,4.028920322606638e-05,0.15286945493829229,0.021062453137628747,1.0533343355438773,short,1697,3829
judge,43,25,68,2.3715829212937812e-05,4.5783185484166341e-05,0.1850317557476906,0.019762281078902266,1.3162177215289488,short,1524,4002
judges,243,29,272,0.00013402201159869507,5.3108495161632956e-05,-0.17511940819580296,0.0052645906547359317,-2.4135259720326232,official,4654,872
judgeship,0,59,59,0,0.00010804831774263257,1.0551307132612404,0.025424312711384515,6.6173126457863001,short,154,5372
judgment,49,36,85,2.7025014684510531e-05,6.5927787097199531e-05,0.25991733498904779,0.015727733279570687,2.072536451702486,short,1046,4480
judgments,64,4,68,3.5297978363442322e-05,7.3253096774666146e-06,-0.24418560150494173,0.021465230361214935,-1.6666801967260332,official,4043,1484
judicial,484,249,733,0.00026694096137353261,0.00045600052742229678,0.14745061241475188,0.0018406066926043606,3.4368935595062209,short,540,4986
judiciary,75,52,127,4.1364818394658973e-05,9.522902580706599e-05,0.24108836421221547,0.010537671141543968,2.348572275263936,short,897,4630
july,100,0,100,5.5153091192878632e-05,0,-0.33120363897563898,0.015000583903792537,-2.7042137553009202,official,4782,743
june,131,0,131,7.2250549462671008e-05,0,-0.33120782882663669,0.011450965590416869,-3.0951345909295891,official,4924,602
junior,23,13,36,1.2685210974362085e-05,2.3807256451766497e-05,0.17624263602608359,0.037357899697328778,0.91184233969071704,short,1798,3729
juries,42,3,45,2.3164298301009027e-05,5.493982258099961e-06,-0.23275438114588098,0.032328170098036325,-1.2945156441016059,official,3525,2000
jurisdiction,610,61,671,0.00033643385627655966,0.00011171097258136588,-0.19771381149280565,0.0021473443842924579,-4.2666415469794732,official,5183,343
jurisdictional,17,9,26,9.376025502789367e-06,1.6481946774299883e-05,0.15610674350869758,0.051827826411988853,0.68570950009021792,short,1957,3564
jurisdictions,73,0,73,4.0261756570801403e-05,0,-0.33119998983773158,0.020548529102970673,-2.3104679306380591,official,4586,941
jury,38,47,85,2.095817465329388e-05,8.6072388710232728e-05,0.4325905794882452,0.015706422779731184,3.4517427064855113,short,538,4988
just,19,16,35,1.047908732664694e-05,2.9301238709866458e-05,0.30480325479429915,0.038126945545372923,1.5610024804749443,short,1352,4174
justice,904,660,1564,0.00049858394438362288,0.0012086760967819914,0.25803044145486975,0.00085541095951390976,8.8223349113811445,short,94,5432
justices,43,0,43,2.3715829212937812e-05,0,-0.33119593533522895,0.034884304820722481,-1.7732499726578297,official,4165,1362
justification,34,6,40,1.8752051005578734e-05,1.0987964516199922e-05,-0.11346854270577822,0.035253227838452139,-0.60433261517900128,official,2903,2622
juvenile,248,122,370,0.00013677966615833901,0.00022342194516273176,0.13396854918190471,0.0036512272768110389,2.2170904976354904,short,967,4559
juveniles,29,3,32,1.5994396445934803e-05,5.493982258099961e-06,-0.19357131916931714,0.044965455082485319,-0.91285439989954598,official,3146,2378
k,46,52,98,2.537042194872417e-05,9.522902580706599e-05,0.40279616946932073,0.013611695017610913,3.4524645421705049,short,536,4990
k-12,20,5,25,1.1030618238575727e-05,9.1566370968332683e-06,-0.043508510797819255,0.055556139442149953,-0.18459000813266455,official,2586,2946
kansas,41,20,61,2.2612767389080238e-05,3.6626548387333073e-05,0.13143683182942389,0.022150184476884535,0.88313766714931086,short,1819,3708
katrina,152,69,221,8.3832698613175522e-05,0.0001263615919362991,0.1102699818359536,0.0061298249457675241,1.4084235133958423,short,1454,4072
keeping,18,104,122,9.9275564147181536e-06,0.00019045805161413198,0.84089387167418295,0.011568219819194564,7.8182206140909756,short,113,5413
kennedy,39,28,67,2.1509705565222665e-05,5.1277167742266302e-05,0.25240214823367424,0.019960861951424609,1.7865015666546165,short,1204,4322
kentucky,27,5,32,1.4891334622077231e-05,9.1566370968332683e-06,-0.10466387997058213,0.04397676345762791,-0.49909727483303673,official,2824,2702
key,25,4,29,1.3788272798219658e-05,7.3253096774666146e-06,-0.13052101225680879,0.04882213270901567,-0.59070692178118833,official,2896,2627
kidnapping,21,12,33,1.1582149150504513e-05,2.1975929032399844e-05,0.17963804657160587,0.040741324629629358,0.8899810330100667,short,1813,3712
kidney,47,41,88,2.5921952860652958e-05,7.5084424194032807e-05,0.3165067293486068,0.015159929295398035,2.5705991537136095,short,812,4715
kids,16,219,235,8.8244945908605804e-06,0.00040106070484129716,0.95469743688201092,0.0061872908654976569,12.137115650923056,short,50,5476
killed,121,0,121,6.6735240343383152e-05,0,-0.33120647725011132,0.012397278123569692,-2.9746484637407731,official,4889,637
killing,29,3,32,1.5994396445934803e-05,5.493982258099961e-06,-0.19357131916931714,0.044965455082485319,-0.91285439989954598,official,3147,2379
kindergarten,78,4,82,4.3019411130445331e-05,7.3253096774666146e-06,-0.25887820902953607,0.017878490876579976,-1.9361101725657195,official,4324,1201
king,47,43,90,2.5921952860652958e-05,7.8747079032766114e-05,0.33233820333910735,0.014818650969557255,2.7300835187013539,short,746,4780
kinship,19,11,30,1.047908732664694e-05,2.014460161303319e-05,0.18371119350408449,0.044798991055872608,0.86796357927448986,short,1827,3696
klamath,28,14,42,1.5442865534006018e-05,2.5638583871133151e-05,0.13881600352844004,0.032143441033968191,0.7742716421520951,short,1893,3632
know,12,147,159,6.6183709431454357e-06,0.00026920513064689809,0.94394294925077205,0.0091165109991197327,9.8862460885982539,short,78,5448
knowingly,49,0,49,2.7025014684510531e-05,0,-0.33119674622771456,0.030612828789849347,-1.8929290237748404,official,4286,1237
knowledge,79,35,114,4.3570942042374119e-05,6.4096459677832885e-05,0.10321820323183495,0.011893340455428515,0.94646458765159147,short,1772,3754
known,498,3,501,0.00027466239414053559,5.493982258099961e-06,-0.32228742300960889,0.0029857119827063454,-5.898198743946276,official,5333,193
korea,90,50,140,4.963778207359077e-05,9.1566370968332683e-05,0.17091209427490917,0.0096115678978734471,1.7433142363496055,short,1237,4289
korean,69,39,108,3.8055632923086256e-05,7.1421769355299499e-05,0.17624808691472893,0.012453022510599796,1.5793814216041477,short,1345,4181
l,18,7,25,9.9275564147181536e-06,1.2819291935566576e-05,0.066493552189822225,0.054506397840204841,0.28481036696314938,short,2248,3279
la,29,21,50,1.5994396445934803e-05,3.8457875806699727e-05,0.25519458550544094,0.026743318783760087,1.5605001152087594,short,1354,4173
lab,6,20,26,3.3091854715727179e-06,3.6626548387333073e-05,0.72487071416369808,0.052989714322525916,3.148942749765248,short,607,4917
label,87,19,106,4.7983189337804412e-05,3.4795220967966419e-05,-0.072422626739152562,0.013181931056611629,-0.63078993424031649,official,2927,2599
labeled,156,0,156,8.6038822260890661e-05,0,-0.33121120781665425,0.0096159685322469973,-3.3776022686886646,official,4991,536
labeling,438,280,718,0.0002415705394248084,0.00051277167742266308,0.21505575761158102,0.0018676399762901487,4.9762763885460952,short,269,5257
labels,83,4,87,4.5777065690089265e-05,7.3253096774666146e-06,-0.26299129634312735,0.01687194783119016,-2.0246910536457219,official,4392,1134
labor,1787,389,2176,0.00098558573961674109,0.00071238636613362826,-0.073152783519558895,0.00064278205057936204,-2.8853532153289825,official,4860,666
labor-management,99,55,154,5.4601560280949844e-05,0.00010072300806516596,0.17091312179642237,0.0087378420849286171,1.828408834279361,short,1178,4348
laboratories,146,12,158,8.0523513141602805e-05,2.1975929032399844e-05,-0.21928655492253313,0.0091724105434486322,-2.2896561254597456,official,4580,946
laboratory,92,89,181,5.074084389744834e-05,0.00016298814032363217,0.35093472685892912,0.0073672912948375482,4.0885792971813979,short,404,5122
lacey,45,3,48,2.4818891036795385e-05,5.493982258099961e-06,-0.23882153927242733,0.030361115201137812,-1.3706123265902364,official,3628,1898
lack,31,3,34,1.7097458269792376e-05,5.493982258099961e-06,-0.20151514403003468,0.042412226300215079,-0.97850298373477296,official,3204,2323
lake,180,116,296,9.9275564147181539e-05,0.00021243398064653182,0.21759028278880521,0.0045286087587750393,3.2333825897350374,short,590,4936
lakes,276,190,466,0.00015222253169234503,0.00034795220967966421,0.23881657231741293,0.0028726831396060346,4.4557477657590434,short,334,5192
lakeshore,32,16,48,1.7648989181721161e-05,2.9301238709866458e-05,0.13881636044136769,0.028125583892633366,0.82773225682031792,short,1854,3671
land,2305,823,3128,0.0012712787519958526,0.001507182466138756,0.04349218175301317,0.00043774551439033422,2.0787408088835728,short,1041,4485
landfill,10,18,28,5.5153091192878634e-06,3.2963893548599766e-05,0.55301901917681029,0.048055503796554794,2.5227168054135651,short,833,4693
landing,10,20,30,5.5153091192878634e-06,3.6626548387333073e-05,0.58510823122023226,0.045000583888676796,2.758208759252188,short,738,4788
landowners,45,4,49,2.4818891036795385e-05,7.3253096774666146e-06,-0.21105009881760317,0.029506806292776622,-1.2286394533718421,official,3459,2069
lands,2149,366,2515,0.0011852399297349618,0.0006702658354881953,-0.11990525565530596,0.00056209442442077453,-5.0574730905628851,official,5270,256
landscape,24,7,31,1.3236741886290871e-05,1.2819291935566576e-05,-0.0077900712930922822,0.044498191543619087,-0.036929229940049754,official,2467,3059
language,205,118,323,0.00011306383694540119,0.00021609663548526514,0.18193089826014663,0.0041620970531303508,2.820008142383176,short,723,4803
languages,48,18,66,2.6473483772581743e-05,3.2963893548599766e-05,0.056576997365899828,0.02067727562627953,0.39345334018455047,short,2180,3346
large,156,20,176,8.6038822260890661e-05,3.6626548387333073e-05,-0.1650753617419749,0.0081146729318487317,-1.8325116642372765,official,4223,1303
las,15,13,28,8.2729636789317955e-06,2.3807256451766497e-05,0.31433281398516932,0.047646641743710194,1.4400367401123986,short,1430,4097
lasting,28,3,31,1.5442865534006018e-05,5.493982258099961e-06,-0.18922230062854517,0.046361501136127789,-0.87880713386516851,official,3118,2408
late,58,17,75,3.1988792891869606e-05,3.1132566129233112e-05,-0.0066037044801241507,0.018388946108868109,-0.048697785236332829,official,2474,3052
later,36,2,38,1.9855112829436307e-05,3.6626548387333073e-06,-0.25323255034606795,0.038514097402958643,-1.2903563597528465,official,3518,2008
latin,34,17,51,1.8752051005578734e-05,3.1132566129233112e-05,0.13881653889852252,0.026471172128688648,0.85320742446569775,short,1837,3689
latino,20,16,36,1.1030618238575727e-05,2.9301238709866458e-05,0.28785356133667861,0.03708849597774496,1.4946929837569991,short,1397,4131
launch,24,15,39,1.3236741886290871e-05,2.7469911290499805e-05,0.20780986434043847,0.034392118282006355,1.1205640775547006,short,1643,3883
laundering,74,64,138,4.0813287482730191e-05,0.00011720495483946583,0.31365719888763977,0.0096680600981483289,3.1899625829917566,short,598,4928
law,2569,744,3313,0.001416882912745052,0.0013625076000087905,-0.0095093419057112882,0.00041708245314385251,-0.46562844468933778,official,2798,2728
lawful,168,21,189,9.2657193204036107e-05,3.8457875806699727e-05,-0.16868447626292138,0.0075636091359304056,-1.9395928665403335,official,4328,1198
lawfully,70,0,70,3.8607163835015045e-05,0,-0.33119958438297559,0.021429155325362513,-2.2624930653387847,official,4560,966
lawrence,23,14,37,1.2685210974362085e-05,2.5638583871133151e-05,0.19944130106865998,0.036275093693865744,1.0471546539512206,short,1701,3825
laws,2269,32,2301,0.0012514236391664162,5.8602477419732917e-05,-0.31069371436769444,0.00064803546244498556,-12.204867837322784,official,5484,42
lawsuit,6,25,31,3.3091854715727179e-06,4.5783185484166341e-05,0.77640124229990626,0.044884753773385223,3.6646862447363624,short,482,5044
lawsuits,43,4,47,2.3715829212937812e-05,7.3253096774666146e-06,-0.20603099740958619,0.030719538140033573,-1.1755070118919553,official,3392,2134
layer,27,6,33,1.4891334622077231e-05,1.0987964516199922e-05,-0.068826816059127438,0.042308276196214703,-0.33461469843200353,official,2692,2830
layoffs,27,0,27,1.4891334622077231e-05,0,-0.33119377297485109,0.055556139442311518,-1.4051287926382199,official,3702,1831
lead,147,89,236,8.1075044053531594e-05,0.00016298814032363217,0.19776732316111634,0.0056884730753319441,2.6221448679111727,short,793,4733
lead-based,31,7,38,1.7097458269792376e-05,1.2819291935566576e-05,-0.065488006634787155,0.036715559735160934,-0.34177216896578355,official,2699,2825
leaders,40,16,56,2.2061236477151454e-05,2.9301238709866458e-05,0.074276758138344334,0.024306139450055931,0.47642544443596035,short,2117,3405
leadership,161,121,282,8.8796476820534603e-05,0.00022159061774336511,0.26735639142188283,0.0047393098749373983,3.8835868156838416,short,435,5091
leading,78,14,92,4.3019411130445331e-05,2.5638583871133151e-05,-0.11040654548644468,0.015316899108107396,-0.89209148817034833,official,3134,2392
league,54,22,76,2.9782669244154463e-05,4.028920322606638e-05,0.079392659256422249,0.017896973224494926,0.59345877351402831,short,2026,3500
leagues,38,0,38,2.095817465329388e-05,0,-0.33119525959454954,0.039474268099849372,-1.6669672550603276,official,4050,1478
learn,21,33,54,1.1582149150504513e-05,6.0433804839099571e-05,0.51038903220782039,0.024828170101967813,3.2391344654285499,short,588,4938
learners,26,7,33,1.4339803710148445e-05,1.2819291935566576e-05,-0.026701305869902825,0.041949736430956328,-0.13036706358329886,official,2530,2996
learning,242,178,420,0.0001334704806867663,0.00032597628064726434,0.26032943351286342,0.003183398810155631,4.6140016822110361,short,311,5215
lease,176,56,232,9.70694404994664e-05,0.0001025543354845326,0.013651706351536674,0.0059237865523984728,0.17737288798820003,short,2319,3207
leased,34,1,35,1.8752051005578734e-05,1.8313274193666537e-06,-0.28863465584402803,0.042271115289650156,-1.4038691211362171,official,3683,1845
leases,175,5,180,9.6517909587537612e-05,9.1566370968332683e-06,-0.28982631593659214,0.0082228907366252314,-3.1961382505054798,official,4943,583
leasing,431,108,539,0.00023770982304130691,0.00019778336129159859,-0.043002506046363465,0.0025771069020080841,-0.84708608669198104,official,3099,2427
leave,398,176,574,0.00021950930294765695,0.00032231362580853104,0.10269965527844782,0.002362723942880189,2.1128199778525492,short,1018,4508
leaving,36,0,36,1.9855112829436307e-05,0,-0.33119498929905689,0.041667250555522978,-1.6225060899795725,official,3998,1532
lebanon,30,18,48,1.6545927357863591e-05,3.2963893548599766e-05,0.19490699487779928,0.027972611864783413,1.1653621697833032,short,1619,3907
lee,18,26,44,9.9275564147181536e-06,4.7614512903532995e-05,0.48332714825995104,0.030415330436089037,2.7713726098540987,short,735,4791
left,30,46,76,1.6545927357863591e-05,8.4241061290866068e-05,0.50255559526902083,0.017631267476625471,3.7847948634239521,short,463,5063
legacy,40,57,97,2.2061236477151454e-05,0.00010438566290389926,0.47894890620900732,0.013793360473070821,4.0780649909241147,short,406,5120
legal,526,195,721,0.00029010525967454161,0.00035710884677649747,0.053493898673963258,0.0018942117365231396,1.229107840798259,short,1581,3945
legally,45,3,48,2.4818891036795385e-05,5.493982258099961e-06,-0.23882153927242733,0.030361115201137812,-1.3706123265902364,official,3629,1899
legislation,303,11,314,0.00016711386631442225,2.014460161303319e-05,-0.27912280216386343,0.0046982525742855557,-4.0721815905300467,official,5154,372
legislative,365,176,541,0.00020130878285400702,0.00032231362580853104,0.12802324819719324,0.0024990369163318841,2.5609582948820435,short,822,4704
legislature,21,8,29,1.1582149150504513e-05,1.4650619354933229e-05,0.060852715607417451,0.047027610914738012,0.28061023378377176,short,2257,3268
legislatures,32,0,32,1.7648989181721161e-05,0,-0.3311944487094074,0.046875583887922824,-1.5297121057037018,official,3880,1643
legitimate,28,7,35,1.5442865534006018e-05,1.2819291935566576e-05,-0.043508694477839782,0.039683123571589866,-0.21841030601859998,official,2608,2918
lender,22,11,33,1.21336800624333e-05,2.014460161303319e-05,0.13881546816249291,0.040909674797918495,0.68631714548552736,short,1954,3572
lenders,64,6,70,3.5297978363442322e-05,1.0987964516199922e-05,-0.20515536010576341,0.020621165201163583,-1.4286513882519858,official,3725,1802
lending,429,167,596,0.00023660676121744934,0.00030583167903423119,0.06678416296134948,0.0022868097753843473,1.3965563604892512,short,1463,4063
length,46,6,52,2.537042194872417e-05,1.0987964516199922e-05,-0.16257093588302673,0.027446044835954392,-0.98130276293486574,official,3208,2319
lens,14,13,27,7.7214327670030089e-06,2.3807256451766497e-05,0.33726838552770744,0.049390827789988448,1.5175830988082315,short,1383,4145
let,3,26,29,1.6545927357863589e-06,4.7614512903532995e-05,0.90356560081276882,0.049432402070627823,4.0640012366341258,short,409,5117
lethal,17,8,25,9.376025502789367e-06,1.4650619354933229e-05,0.12079629215351595,0.054113137999331616,0.51928077488736624,short,2085,3444
letters,41,3,44,2.2612767389080238e-05,5.493982258099961e-06,-0.23055079303156489,0.033041885517940191,-1.2683356783172826,official,3500,2029
levant,17,10,27,9.376025502789367e-06,1.8313274193666537e-05,0.18868752518166865,0.049754883641666067,0.84591228246067873,short,1841,3686
level,372,26,398,0.00020516949923750851,4.7614512903532995e-05,-0.23473861576485966,0.003657775839675912,-3.8812891281263084,official,5114,412
levels,382,10,392,0.00021068480835679637,1.8313274193666537e-05,-0.29320987359936623,0.0037801358256969037,-4.768973270250279,official,5235,291
leverage,24,1,25,1.3236741886290871e-05,1.8313274193666537e-06,-0.27176949832468722,0.05887028561319485,-1.1200892813165559,official,3349,2180
levitation,15,10,25,8.2729636789317955e-06,1.8313274193666537e-05,0.22842812411955826,0.053572012458328148,0.9869169154630365,short,1749,3780
lewis,42,38,80,2.3164298301009027e-05,6.9590441935932839e-05,0.32863201260043695,0.016671881484106171,2.5451744761984441,short,827,4699
liabilities,32,3,35,1.7648989181721161e-05,5.493982258099961e-06,-0.20515238158997029,0.04124174649681861,-1.0102015692235367,official,3236,2288
liability,1049,368,1417,0.00057855592661329685,0.00067392849032692854,0.038801450573502372,0.00096632332749915133,1.2482073337511788,short,1569,3957
liable,30,0,30,1.6545927357863591e-05,0,-0.33119417841525234,0.050000583887456082,-1.4811367452309805,official,3812,1709
liberalize,62,0,62,3.4194916539584752e-05,0,-0.33119850317518207,0.024194132282020834,-2.129282770545442,official,4472,1054
liberation,17,14,31,9.376025502789367e-06,2.5638583871133151e-05,0.29742252029373262,0.043056139444099494,1.4333633838151303,short,1439,4089
liberian,11,23,34,6.06684003121665e-06,4.2120530645433034e-05,0.59835466906926982,0.039766665761138416,3.0005377479054189,short,657,4868
liberties,62,30,92,3.4194916539584752e-05,5.493982258099961e-05,0.12903058222367036,0.014690811708738502,1.0645590607994539,short,1694,3833
liberty,56,64,120,3.0885731068012036e-05,0.00011720495483946583,0.40642997130417413,0.011117184702880685,3.8546798711284191,short,447,5079
libraries,82,23,105,4.5225534778160477e-05,4.2120530645433034e-05,-0.017122057295635429,0.013160677489251033,-0.14925085327822674,official,2542,2984
library,201,96,297,0.00011085771329768605,0.00017580743225919875,0.12518250824086863,0.0045531453462341019,1.8551878529471952,short,1164,4362
libya,23,4,27,1.2685210974362085e-05,7.3253096774666146e-06,-0.11608005781039488,0.052258648403129139,-0.50778343502461765,official,2837,2688
license,149,107,256,8.2178105877389157e-05,0.00019595203387223195,0.25250070519691903,0.0052245406858430887,3.4933213455235359,short,523,5003
licensed,177,0,177,9.7620971411395175e-05,0,-0.33121404622203876,0.0084751601929501687,-3.597781533293908,official,5050,476
licenses,327,2,329,0.00018035060820071312,3.6626548387333073e-06,-0.32212865742674168,0.0045461222375209618,-4.7775892411741037,official,5237,289
licensing,290,141,431,0.00015994396445934803,0.00025821716613069816,0.13048099529092205,0.0031357982899246602,2.3300927109881284,short,904,4622
licensure,38,11,49,2.095817465329388e-05,2.014460161303319e-05,-0.0096066992857686273,0.028161503432791442,-0.057246149208993048,official,2483,3043
lieu,127,29,156,7.0044425814955869e-05,5.3108495161632956e-05,-0.063138166206947233,0.0089395582286315688,-0.6677808110378306,official,2962,2564
life,587,329,916,0.00032374864530219759,0.00060250672097162913,0.17369780770500842,0.0014691329604752028,4.5317274871056972,short,323,5203
life-saving,18,19,37,9.9275564147181536e-06,3.4795220967966419e-05,0.3799816555195985,0.036039544929210403,2.001580131151516,short,1087,4441
lifeline,24,35,59,1.3236741886290871e-05,6.4096459677832885e-05,0.48642369364447724,0.022687074539784989,3.2294270023555449,short,591,4935
lifelong,28,21,49,1.5442865534006018e-05,3.8457875806699727e-05,0.26665251627105668,0.027273311165899202,1.6146438864190409,short,1329,4197
lifetime,77,34,111,4.2467880218516549e-05,6.2265132258466224e-05,0.10225368731736495,0.012216284568743232,0.92514415105264136,short,1788,3737
lift,39,6,45,2.1509705565222665e-05,1.0987964516199922e-05,-0.13703668784448197,0.031513188933339681,-0.77195267528718481,official,3039,2487
light,63,28,91,3.474644745151354e-05,5.1277167742266302e-05,0.10413199794183114,0.014897451741445444,0.85315552479581025,short,1838,3688
lighthouse,27,24,51,1.4891334622077231e-05,4.3951858064799688e-05,0.32274346431470669,0.026154430047667945,1.9956520666954367,short,1089,4438
lighting,18,7,25,9.9275564147181536e-06,1.2819291935566576e-05,0.066493552189822225,0.054506397840204841,0.28481036696314938,short,2249,3280
like,32,3,35,1.7648989181721161e-05,5.493982258099961e-06,-0.20515238158997029,0.04124174649681861,-1.0102015692235367,official,3237,2289
likely,54,0,54,2.9782669244154463e-05,0,-0.33119742197451529,0.02777836167083482,-1.9871636467178257,official,4365,1159
limit,1154,48,1202,0.00063646667236581941,8.7903716129599375e-05,-0.27199914125146574,0.0012250323813477017,-7.7713013241041997,official,5411,115
limitation,506,227,733,0.0002790746414359659,0.00041571132419623039,0.1068639504264155,0.0018493532341097543,2.4849707956040339,short,851,4675
limitations,660,29,689,0.00036401040187299897,5.3108495161632956e-05,-0.26876843381788618,0.0021346315475562041,-5.8172375499274311,official,5329,197
limited,303,29,332,0.00016711386631442225,5.3108495161632956e-05,-0.20281792306937874,0.0043454702118125984,-3.0767197721380963,official,4920,606
limiting,126,16,142,6.949289490302708e-05,2.9301238709866458e-05,-0.16644473987228814,0.0100610411222042,-1.6593905508044793,official,4038,1488
limits,335,12,347,0.00018476285549614343,2.1975929032399844e-05,-0.27979010685036343,0.0042523749423352382,-4.2905856800232174,official,5186,340
limousine,3,33,36,1.6545927357863589e-06,6.0433804839099571e-05,0.93251631809399349,0.040134363155084556,4.6547702744239228,short,305,5221
limousines,25,0,25,1.3788272798219658e-05,0,-0.33119350268180803,0.060000583886289226,-1.3520852339749585,official,3605,1930
lincoln,45,23,68,2.4818891036795385e-05,4.2120530645433034e-05,0.14543298391570048,0.019839152408863053,1.0325268595044204,short,1707,3818
line,175,97,272,9.6517909587537612e-05,0.00017763875967856542,0.17021498559528503,0.0049477475154544055,2.4198811004885079,short,873,4653
line-item,10,15,25,5.5153091192878634e-06,2.7469911290499805e-05,0.49549382880386439,0.053572012458633328,2.1407663484411428,short,1003,4525
lines,193,6,199,0.00010644546600225576,1.0987964516199922e-05,-0.28631819637185529,0.0074296531159158677,-3.3217326929697468,official,4980,546
liquefied,40,16,56,2.2061236477151454e-05,2.9301238709866458e-05,0.074276758138344334,0.024306139450055931,0.47642544443596035,short,2118,3406
liquid,63,8,71,3.474644745151354e-05,1.4650619354933229e-05,-0.16643981528024376,0.020121498312778194,-1.1733486198669674,official,3389,2136
liquidity,34,14,48,1.8752051005578734e-05,2.5638583871133151e-05,0.082373881751271583,0.028324738101795321,0.48944802510890578,short,2106,3422
list,164,5,169,9.0451069556320954e-05,9.1566370968332683e-06,-0.28715005552468398,0.0087507133599863431,-3.069638091769487,official,4918,608
listed,61,0,61,3.3643385627655964e-05,0,-0.33119836802470992,0.02459074782911691,-2.1120408799705559,official,4460,1068
listing,37,9,46,2.0406643741365096e-05,1.6481946774299883e-05,-0.049551327761969688,0.03023059484464188,-0.28499152795937804,official,2657,2867
lists,26,0,26,1.4339803710148445e-05,0,-0.33119363782827449,0.057692891578830292,-1.3788620927062918,official,3658,1879
literacy,185,80,265,0.00010203321870682547,0.00014650619354933229,0.096264789380439808,0.0051213568940471294,1.3451630959332737,short,1499,4027
literary,29,0,29,1.5994396445934803e-05,0,-0.33119404326834001,0.051724721818257192,-1.456241606872426,official,3780,1749
litigation,116,84,200,6.3977585783739211e-05,0.00015383150322679891,0.25521110022060967,0.0066862676548483197,3.1210999804703796,short,620,4906
little,54,32,86,2.9782669244154463e-05,5.8602477419732917e-05,0.19100632044443344,0.015618017316521959,1.5283921146265567,short,1374,4152
livable,13,13,26,7.1699018550742223e-06,2.3807256451766497e-05,0.36196113326162127,0.051282635169367333,1.5983679866104943,short,1339,4188
live,131,16,147,7.2250549462671008e-05,2.9301238709866458e-05,-0.17192438105216112,0.0097326755430500941,-1.742694845720842,official,4131,1395
liver,23,7,30,1.2685210974362085e-05,1.2819291935566576e-05,0.0025830884504838281,0.045895535443212239,0.012057410783526906,short,2432,3097
lives,83,61,144,4.5777065690089265e-05,0.00011171097258136588,0.26003317519551139,0.0092839190418852781,2.6987526807899473,short,765,4761
livestock,209,72,281,0.00011526996059311635,0.00013185557419439906,0.034023786851143711,0.0048742614667658633,0.48733571232061057,short,2107,3419
living,295,134,429,0.00016270161901899198,0.0002453978741951316,0.11046555934434288,0.0031579983926613917,1.96571677404074,short,1104,4422
loads,27,0,27,1.4891334622077231e-05,0,-0.33119377297485109,0.055556139442311518,-1.4051287926382199,official,3703,1832
loan,1457,699,2156,0.00080358053868024172,0.001280097866137291,0.1266073182491203,0.00062762542437022682,5.0536893901744069,short,261,5265
loans,1208,28,1236,0.00066624934160997387,5.1277167742266302e-05,-0.29754845490674686,0.0012008887140398791,-8.5863051278628912,official,5432,94
lobbying,187,160,347,0.00010313628053068304,0.00029301238709866458,0.31011875420660928,0.0038456297350138243,5.0008554001216217,short,266,5260
local,3042,582,3624,0.0016777570340873681,0.0010658325580713925,-0.098701016849694234,0.00038835535178495436,-5.0084919460646651,official,5263,263
localities,91,4,95,5.0189312985519558e-05,7.3253096774666146e-06,-0.26868027061091304,0.015477938089901371,-2.159629366980806,official,4496,1030
locally,37,1,38,2.0406643741365096e-05,1.8313274193666537e-06,-0.29197396255191599,0.038974942863743069,-1.4789428100164579,official,3804,1722
locatable,25,3,28,1.3788272798219658e-05,5.493982258099961e-06,-0.1743496849673285,0.051126572931603352,-0.77107713624863894,official,3034,2492
located,459,0,459,0.0002531526885753129,0,-0.33125216670801194,0.0032685578437991521,-5.7940286734904172,official,5326,200
location,148,9,157,8.1626574965460382e-05,1.6481946774299883e-05,-0.24638289541229241,0.0093033688277774553,-2.5544089974162487,official,4715,811
locations,47,2,49,2.5921952860652958e-05,3.6626548387333073e-06,-0.27057095662737751,0.03002509369593381,-1.5614892240140208,official,3926,1603
lock,5,23,28,2.7576545596439317e-06,4.2120530645433034e-05,0.79728477311314983,0.049911457328678362,3.5687271467070589,short,504,5023
locks,27,1,28,1.4891334622077231e-05,1.8313274193666537e-06,-0.27808349892057116,0.052665160689558212,-1.2117513504523192,official,3440,2088
logging,32,5,37,1.7648989181721161e-05,9.1566370968332683e-06,-0.13448191075448079,0.038302861322107071,-0.68714479635841985,official,2976,2549
long,121,101,222,6.6735240343383152e-05,0.00018496406935603204,0.30190790540236989,0.0060120110656743221,3.8937189380508181,short,434,5092
long-range,91,6,97,5.0189312985519558e-05,1.0987964516199922e-05,-0.23976552413257934,0.015028470703706488,-1.9558220656844576,official,4340,1185
long-term,941,319,1260,0.00051899058812498794,0.00058419344677796249,0.029852974687125666,0.0010882353539065745,0.90495336084128908,short,1803,3723
longer,53,0,53,2.9231138332225674e-05,0,-0.3311972868249331,0.028302470685276498,-1.9686775815294346,official,4350,1174
loophole,6,49,55,3.3091854715727179e-06,8.9735043548966036e-05,0.89549526924830403,0.02600941113461671,5.5526210612713411,short,201,5325
loopholes,26,19,45,1.4339803710148445e-05,3.4795220967966419e-05,0.25816527518521681,0.029710090934369871,1.4977724435668345,short,1394,4132
los,77,34,111,4.2467880218516549e-05,6.2265132258466224e-05,0.10225368731736495,0.012216284568743232,0.92514415105264136,short,1789,3738
lose,26,4,30,1.4339803710148445e-05,7.3253096774666146e-06,-0.13703582842398276,0.047269491450725419,-0.63029471355461941,official,2926,2603
loss,410,68,478,0.00022612767389080238,0.00012453026451693245,-0.12442061051638298,0.0029582119538050116,-2.2875873389648036,official,4575,951
losses,256,1,257,0.00014119191345376929,1.8313274193666537e-06,-0.32539335539341607,0.0058258706715368239,-4.2631269011496959,official,5182,344
lost,103,11,114,5.680768392866499e-05,2.014460161303319e-05,-0.18963554385002723,0.012608878838606929,-1.6888127758354652,official,4082,1444
lotteries,31,2,33,1.7097458269792376e-05,3.6626548387333073e-06,-0.24158125739053204,0.044197012459706836,-1.1491236964766174,official,3370,2156
lottery,39,45,84,2.1509705565222665e-05,8.2409733871499421e-05,0.40960002859987732,0.015882603188114266,3.2501180491741164,short,583,4943
louisiana,95,28,123,5.2395436633234704e-05,5.1277167742266302e-05,-0.0052584434983273809,0.011210256430463656,-0.049664885469133099,official,2475,3051
low,287,72,359,0.00015828937172356167,0.00013185557419439906,-0.042740835326945614,0.0038687571995892549,-0.68715904664289207,official,2978,2548
low-cost,32,12,44,1.7648989181721161e-05,2.1975929032399844e-05,0.056576467218141246,0.031015621485440681,0.32125180873222048,short,2223,3304
low-income,718,71,789,0.00039599919476486858,0.00013002424677503242,-0.19905194710855056,0.0018269447732853824,-4.6569730057235974,official,5224,302
low-interest,44,0,44,2.42673601248666e-05,0,-0.33119607048369737,0.034091492981632388,-1.7937510362478384,official,4184,1336
low-level,41,24,65,2.2612767389080238e-05,4.3951858064799688e-05,0.1871595610653074,0.020670501217419791,1.3017767606536237,short,1531,3995
lower,290,114,404,0.00015994396445934803,0.00020877132580779853,0.069472304664479623,0.0033720081024137707,1.1963751993109968,short,1601,3925
lowest,77,2,79,4.2467880218516549e-05,3.6626548387333073e-06,-0.29345930496950245,0.01875651932161566,-2.1427512653389376,official,4483,1043
luiseno,12,13,25,6.6183709431454357e-06,2.3807256451766497e-05,0.38862951548721547,0.053343400387793914,1.6826563660431537,short,1280,4246
lumbee,21,21,42,1.1582149150504513e-05,3.8457875806699727e-05,0.361963642081923,0.031746615637570051,2.0314972205539568,short,1071,4455
lump,36,0,36,1.9855112829436307e-05,0,-0.33119498929905689,0.041667250555522978,-1.6225060899795725,official,3999,1533
lunch,274,51,325,0.00015111946986848745,9.3397698387699343e-05,-0.10372954392861367,0.0043296075093103561,-1.5764427528401754,official,3930,1596
lung,105,101,206,5.7910745752522567e-05,0.00018496406935603204,0.34904302705561108,0.006473347008527198,4.3382494683395496,short,349,5177
lupus,18,10,28,9.9275564147181536e-06,1.8313274193666537e-05,0.17090387454864064,0.048055503796066504,0.77961527811124665,short,1889,3642
luther,24,23,47,1.3236741886290871e-05,4.2120530645433034e-05,0.34777949915709705,0.028370805220795058,2.0647531942049984,short,1055,4473
lyme,25,26,51,1.3788272798219658e-05,4.7614512903532995e-05,0.37503742682310737,0.026145491617798958,2.3194029440930453,short,913,4613
lymph,26,0,26,1.4339803710148445e-05,0,-0.33119363782827449,0.057692891578830292,-1.3788620927062918,official,3659,1880
m,36,28,64,1.9855112829436307e-05,5.1277167742266302e-05,0.278583147239301,0.02087014911449115,1.9283775392810079,short,1130,4395
mac,76,21,97,4.1916349306587761e-05,3.8457875806699727e-05,-0.020650761005633456,0.014255506996369859,-0.17295962172452889,official,2570,2956
machine,35,16,51,1.9303581917507522e-05,2.9301238709866458e-05,0.11230482945682496,0.026553864004406035,0.68918302081714355,short,1950,3576
machinery,53,7,60,2.9231138332225674e-05,1.2819291935566576e-05,-0.16074216437308131,0.023775514551336804,-1.0424730811214284,official,3281,2247
machines,45,1,46,2.4818891036795385e-05,1.8313274193666537e-06,-0.29876048113659692,0.032266190624942924,-1.6632184829229784,official,4040,1485
mae,76,13,89,4.1916349306587761e-05,2.3807256451766497e-05,-0.11902004161530755,0.015865111531252307,-0.94492759720350439,official,3173,2353
magnetic,35,14,49,1.9303581917507522e-05,2.5638583871133151e-05,0.074276536372893887,0.027778361670522445,0.44565453440189018,short,2136,3390
magnuson-stevens,81,5,86,4.4674003866231695e-05,9.1566370968332683e-06,-0.24518595265649878,0.016977618841937152,-1.8817295072786182,official,4281,1245
mail,246,71,317,0.00013567660433448143,0.00013002424677503242,-0.01031861721651417,0.0043541024806852974,-0.15637674848507555,official,2557,2969
mailing,81,7,88,4.4674003866231695e-05,1.2819291935566576e-05,-0.21407257258069912,0.016444059454206482,-1.669385008058818,official,4056,1469
mailings,20,15,35,1.1030618238575727e-05,2.7469911290499805e-05,0.26665090494035404,0.038182402071356654,1.3646190779720324,short,1492,4035
main,7,47,54,3.8607163835015045e-06,8.6072388710232728e-05,0.8662238542944749,0.026295016617886538,5.341871225842306,short,222,5304
maine,42,14,56,2.3164298301009027e-05,2.5638583871133151e-05,0.025485426180033244,0.024490379812745645,0.16285239136117141,short,2332,3194
maintain,547,0,547,0.00030168740882504611,0,-0.33126406427532551,0.0027428143554838326,-6.3252270420835082,official,5359,167
maintained,98,0,98,5.4050029369021062e-05,0,-0.33120336866634581,0.015306706352305362,-2.6770338950575132,official,4769,755
maintaining,102,9,111,5.6256153016736209e-05,1.6481946774299883e-05,-0.21185311289244169,0.013028752920993623,-1.8560233074739245,official,4264,1263
maintenance,562,88,650,0.00030996037250397793,0.00016115681290426552,-0.13416275733293404,0.0021806800959423521,-2.8730024449371849,official,4853,673
major,442,43,485,0.00024377666307252356,7.8747079032766114e-05,-0.20094067132442817,0.0029732720417885378,-3.6851105878994508,official,5072,454
majority,54,1,55,2.9782669244154463e-05,1.8313274193666537e-06,-0.30404598416493656,0.027032038677099815,-1.849268072051039,official,4241,1283
make,4258,45,4303,0.0023484186229927721,8.2409733871499421e-05,-0.31610021531259935,0.00034738447354518419,-16.95975561257627,official,5505,21
makes,29,1,30,1.5994396445934803e-05,1.8313274193666537e-06,-0.28159665338839446,0.049207800946019023,-1.269435123751002,official,3503,2020
making,1489,119,1608,0.00082122952786196283,0.00021792796290463179,-0.22223897337168186,0.00090251618119944544,-7.3976320063745682,official,5396,130
malpractice,134,56,190,7.3905142198457373e-05,0.0001025543354845326,0.0865520972296423,0.0071520443317091981,1.0234402589867622,short,1713,3813
malt,15,13,28,8.2729636789317955e-06,2.3807256451766497e-05,0.31433281398516932,0.047646641743710194,1.4400367401123986,short,1431,4098
mammal,70,28,98,3.8607163835015045e-05,5.1277167742266302e-05,0.074278088758866545,0.013889472793923715,0.63025723482547547,short,1987,3538
mammals,35,0,35,1.9303581917507522e-05,0,-0.33119485415147842,0.042857726745765795,-1.5998122380313102,official,3972,1557
mammography,120,51,171,6.6183709431454364e-05,9.3397698387699343e-05,0.091317840034582431,0.0079415145448194172,1.0247170506012302,short,1711,3815
manage,119,1,120,6.5632178519525576e-05,1.8313274193666537e-06,-0.31873158395940493,0.012449147136848703,-2.8566386052173862,official,4848,678
managed,194,41,235,0.00010699699691418455,7.5084424194032807e-05,-0.079106817134688256,0.0059547746746033787,-1.025135432656467,official,3263,2263
management,2633,974,3607,0.0014521808911084945,0.0017837129064631207,0.052975550510619307,0.00037913414243944435,2.7206898129223336,short,751,4775
managers,48,4,52,2.6473483772581743e-05,7.3253096774666146e-06,-0.21786613079760642,0.027857726749977288,-1.3053196730809609,official,3540,1983
managing,78,7,85,4.3019411130445331e-05,1.2819291935566576e-05,-0.21001196756102303,0.017005118443263724,-1.6104758368524996,official,3985,1541
mandate,150,50,200,8.2729636789317945e-05,9.1566370968332683e-05,0.025486985363560422,0.0068577267873269065,0.30777148509998975,short,2236,3290
mandated,18,7,25,9.9275564147181536e-06,1.2819291935566576e-05,0.066493552189822225,0.054506397840204841,0.28481036696314938,short,2250,3281
mandates,68,33,101,3.7504102011157468e-05,6.0433804839099571e-05,0.12990376032342077,0.013380430236517971,1.1230179132878539,short,1642,3884
mandating,33,1,34,1.8200520093649949e-05,1.8313274193666537e-06,-0.28739151245719796,0.04349738559420753,-1.3779782435681713,official,3635,1891
mandatory,379,62,441,0.00020903021562101003,0.00011354230000073253,-0.12678051573217353,0.0032081677528713799,-2.2383292990545178,official,4539,987
manifest,22,5,27,1.21336800624333e-05,9.1566370968332683e-06,-0.064128068291262608,0.051658747152367263,-0.28214751094817486,official,2654,2874
manipulation,40,16,56,2.2061236477151454e-05,2.9301238709866458e-05,0.074276758138344334,0.024306139450055931,0.47642544443596035,short,2119,3407
manner,480,0,480,0.00026473483772581746,0,-0.3312550058218644,0.0031255839924925677,-5.9251160773722464,official,5335,191
manpower,84,54,138,4.6328596602018054e-05,9.8891680645799297e-05,0.21678792715132289,0.0097134217537953055,2.1996266346178692,short,973,4553
manufacture,400,7,407,0.00022061236477151453,1.2819291935566576e-05,-0.30555156278772877,0.0036552002860624263,-5.0539264788719604,official,5269,257
manufactured,187,24,211,0.00010313628053068304,4.3951858064799688e-05,-0.16492393808956862,0.0067684658941709157,-2.0046500722819953,official,4374,1152
manufacturer,50,2,52,2.7576545596439316e-05,3.6626548387333073e-06,-0.27403757005020957,0.028323023979858333,-1.6283220272107894,official,4007,1520
manufacturers,369,31,400,0.00020351490650172215,5.6771150000366263e-05,-0.2170617860371582,0.0036211597075932979,-3.6071112127713398,official,5051,475
manufacturing,353,190,543,0.00019469041191086156,0.00034795220967966421,0.16119990848375387,0.0024809119275915814,3.2363770839362216,short,589,4937
maple,20,9,29,1.1030618238575727e-05,1.6481946774299883e-05,0.10772425389484042,0.046724536626762347,0.49835749394842821,short,2100,3426
mapping,31,27,58,1.7097458269792376e-05,4.9445840322899649e-05,0.31597986990415627,0.023001244834171257,2.083453181169804,short,1036,4490
march,89,12,101,4.9086251161661981e-05,2.1975929032399844e-05,-0.15768584016594822,0.014113299321619102,-1.3273285021341079,official,3559,1966
marginal,22,11,33,1.21336800624333e-05,2.014460161303319e-05,0.13881546816249291,0.040909674797918495,0.68631714548552736,short,1955,3573
mariana,48,14,62,2.6473483772581743e-05,2.5638583871133151e-05,-0.0077901735864038812,0.022249387723529756,-0.052226160965422479,official,2477,3049
marihuana,49,24,73,2.7025014684510531e-05,4.3951858064799688e-05,0.13265113804970596,0.018506583560946983,0.97509707574784243,short,1755,3771
marijuana,65,38,103,3.584950927537111e-05,6.9590441935932839e-05,0.18676123550923052,0.013045163440753391,1.6351664808711361,short,1316,4210
marine,571,269,840,0.00031492415071133697,0.00049262707580962988,0.12116065087521832,0.0016110145699910546,3.0186437604502721,short,652,4874
mariners,11,27,38,6.06684003121665e-06,4.9445840322899649e-05,0.64453465778437646,0.035793362540892534,3.4067873460666798,short,553,4973
marital,82,2,84,4.5225534778160477e-05,3.6626548387333073e-06,-0.29569362025660162,0.017652587262466834,-2.2255521279062211,official,4531,995
maritime,218,162,380,0.00012023373880047541,0.00029667504193739788,0.26367554518003544,0.0035178432318983704,4.4456125699595761,short,336,5190
mark,24,17,41,1.3236741886290871e-05,3.1132566129233112e-05,0.24801718231131886,0.032626578586020992,1.3730805094182434,short,1477,4048
market,739,295,1034,0.00040758134391537308,0.00054024158871316286,0.07374332971353148,0.0013170453800224944,2.0319937774524108,short,1070,4456
marketed,36,0,36,1.9855112829436307e-05,0,-0.33119498929905689,0.041667250555522978,-1.6225060899795725,official,4000,1534
marketers,22,18,40,1.21336800624333e-05,3.2963893548599766e-05,0.29527078619689107,0.033370995459297788,1.6163518308115497,short,1325,4200
marketing,472,217,689,0.00026032259043038715,0.00039739805000256386,0.11399297886108783,0.0019656632566439126,2.5711270825461292,short,810,4716
marketplace,38,17,55,2.095817465329388e-05,3.1132566129233112e-05,0.10602617549329452,0.024642160955259933,0.67541966511129015,short,1966,3560
markets,422,106,528,0.00023274604483394782,0.0001941207064528653,-0.042465440271740817,0.0026305026553638394,-0.82797316026620726,official,3082,2444
marks,24,1,25,1.3236741886290871e-05,1.8313274193666537e-06,-0.27176949832468722,0.05887028561319485,-1.1200892813165559,official,3350,2181
marriage,211,108,319,0.00011637302241697391,0.00019778336129159859,0.14588401419121944,0.0042292967890390169,2.2432290665281109,short,952,4574
married,85,8,93,4.6880127513946835e-05,1.4650619354933229e-05,-0.20471387456671408,0.015519551529746932,-1.6432653376609034,official,4013,1512
marshall,26,17,43,1.4339803710148445e-05,3.1132566129233112e-05,0.22219922899670763,0.031160004181382598,1.2587624934067179,short,1561,3965
marshals,38,20,58,2.095817465329388e-05,3.6626548387333073e-05,0.15432153109976099,0.023237763382390763,1.0123469083847778,short,1718,3807
martin,29,28,57,1.5994396445934803e-05,5.1277167742266302e-05,0.35026966242194923,0.023393196754563327,2.2901173501187646,short,928,4598
maryland,79,0,79,4.3570942042374119e-05,0,-0.33120080075025449,0.018987925671043401,-2.4035469872260289,official,4647,876
mass,368,99,467,0.00020296337558979336,0.00018130141451729872,-0.026885899101650068,0.0029649732382177074,-0.4937580344755842,official,2813,2713
massachusetts,73,9,82,4.0261756570801403e-05,1.6481946774299883e-05,-0.17061438095167247,0.017441207792377768,-1.2918954140604355,official,3522,2003
mastectomies,30,0,30,1.6545927357863591e-05,0,-0.33119417841525234,0.050000583887456082,-1.4811367452309805,official,3813,1710
master,30,20,50,1.6545927357863591e-05,3.6626548387333073e-05,0.22843058441324793,0.026786298179058553,1.3957187131556608,short,1465,4062
match,24,9,33,1.3236741886290871e-05,1.6481946774299883e-05,0.056576202147988752,0.041353967347352125,0.27821157860501305,short,2264,3262
matching,149,12,161,8.2178105877389157e-05,2.1975929032399844e-05,-0.22133839902372898,0.0090067371911839757,-2.3322388152707236,official,4602,924
material,283,34,317,0.00015608324807584654,6.2265132258466224e-05,-0.17420936688329292,0.0045162534721865403,-2.5922826203856557,official,4732,794
materials,594,175,769,0.0003276093616856991,0.00032048229838916442,-0.0053619559868494093,0.0017935818198880698,-0.12660843723731344,official,2527,2999
maternal,74,47,121,4.0813287482730191e-05,8.6072388710232728e-05,0.21293256792536575,0.011081169992148593,2.0227829438425431,short,1079,4447
maternity,40,11,51,2.2061236477151454e-05,2.014460161303319e-05,-0.021768534618296087,0.027118627140103813,-0.13218900842652143,official,2535,2992
math,39,23,62,2.1509705565222665e-05,4.2120530645433034e-05,0.18949284663321642,0.021666279877690743,1.2873618811788337,short,1550,3976
mathematics,249,75,324,0.0001373311970702678,0.00013734955645249903,3.2761178026419202e-05,0.0042520503228946748,0.00050241235628163434,short,2439,3087
matter,79,13,92,4.3570942042374119e-05,2.3807256451766497e-05,-0.12575099279613511,0.015372346642902738,-1.0142414093268688,official,3244,2283
matters,148,7,155,8.1626574965460382e-05,1.2819291935566576e-05,-0.26419627495485898,0.0094737534562323936,-2.7143487748387742,official,4788,738
maximize,54,8,62,2.9782669244154463e-05,1.4650619354933229e-05,-0.14314160051089786,0.022906987836299044,-0.94576203456713326,official,3174,2352
maximum,461,15,476,0.00025425575039917048,2.7469911290499805e-05,-0.28433767903819529,0.0031044797293997184,-5.1031695744081942,official,5273,253
mckinney,39,22,61,2.1509705565222665e-05,4.028920322606638e-05,0.1756320800417086,0.022048776667117818,1.1828007617124445,short,1606,3920
mckinney-vento,25,2,27,1.3788272798219658e-05,3.6626548387333073e-06,-0.22199331323622573,0.053714111738336921,-0.95784600877510939,official,3190,2341
meal,15,16,31,8.2729636789317955e-06,2.9301238709866458e-05,0.38346841442947799,0.043016310068129476,1.84889828994573,short,1168,4358
meals,53,34,87,2.9231138332225674e-05,6.2265132258466224e-05,0.21611327423526738,0.015407903855608338,1.7410436650647363,short,1238,4287
meals-on-wheels,13,15,28,7.1699018550742223e-06,2.7469911290499805e-05,0.40959007973936501,0.047646641743832263,1.8764339482460963,short,1152,4374
meaningful,133,5,138,7.3353611286528585e-05,9.1566370968332683e-06,-0.2773328654326086,0.01068362780634248,-2.683131537373423,official,4772,754
means,342,6,348,0.00018862357187964492,1.0987964516199922e-05,-0.3054811609055843,0.0042747180814250857,-4.6722997094830863,official,5226,300
means-tested,28,0,28,1.5442865534006018e-05,0,-0.33119390812154137,0.053572012458417903,-1.430913428383751,official,3733,1786
measure,85,5,90,4.6880127513946835e-05,9.1566370968332683e-06,-0.248961269688591,0.01624118540552328,-1.9535427888247734,official,4338,1188
measurement,60,35,95,3.3091854715727182e-05,6.4096459677832885e-05,0.18607398752232562,0.01414450450029545,1.5645584607022764,short,1351,4175
measurements,31,0,31,1.7097458269792376e-05,0,-0.3311943135622748,0.048387680661882995,-1.5056203243148938,official,3851,1672
measures,384,21,405,0.00021178787018065394,3.8457875806699727e-05,-0.25441239688347395,0.0036154289395817635,-4.2311493438565142,official,5173,353
meat,425,131,556,0.00023440063756973418,0.00023990389193703164,0.0057202379611052123,0.0024755560857706391,0.1149681943979215,short,2363,3163
mechanism,145,0,145,7.9971982229674017e-05,0,-0.33120972105247759,0.010345411500501941,-3.2563358456860683,official,4955,571
mechanisms,62,0,62,3.4194916539584752e-05,0,-0.33119850317518207,0.024194132282020834,-2.129282770545442,official,4473,1055
medal,253,200,453,0.00013953732071798295,0.00036626548387333073,0.28397451526040385,0.0029484081614484597,5.2298058260301774,short,242,5284
medals,43,9,52,2.3715829212937812e-05,1.6481946774299883e-05,-0.081047743506960757,0.026920342305564119,-0.49397007397467246,official,2815,2710
media,164,54,218,9.0451069556320954e-05,9.8891680645799297e-05,0.022340582618229021,0.0062948555699852676,0.28157987372371651,short,2253,3273
mediation,40,16,56,2.2061236477151454e-05,2.9301238709866458e-05,0.074276758138344334,0.024306139450055931,0.47642544443596035,short,2120,3408
medicaid,1189,492,1681,0.000655770254283327,0.00090101309032839362,0.083813863924003584,0.00080920964000444102,2.9463568036229457,short,680,4846
medical,2600,897,3497,0.0014339803710148446,0.0016427006951718883,0.034451403198421993,0.00039218290979052545,1.7396528107989988,short,1243,4283
medically,135,26,161,7.4456673110386148e-05,4.7614512903532995e-05,-0.097300358643140683,0.0087265558808824629,-1.0415808918675886,official,3278,2248
medicare,3961,1954,5915,0.0021846139421499225,0.0035784137774424415,0.13512287135812429,0.00022892190357173969,8.9306936320008354,short,92,5434
medicare-dependent,25,8,33,1.3788272798219658e-05,1.4650619354933229e-05,0.015086323968382942,0.041632207101428328,0.073938172485181239,short,2387,3140
medicare-eligible,27,1,28,1.4891334622077231e-05,1.8313274193666537e-06,-0.27808349892057116,0.052665160689558212,-1.2117513504523192,official,3441,2089
medication,45,44,89,2.4818891036795385e-05,8.0578406452132761e-05,0.35448004826375623,0.014982067463556389,2.8960491087154479,short,692,4834
medications,49,23,72,2.7025014684510531e-05,4.2120530645433034e-05,0.12004710153078513,0.01879136249805273,0.87573466978487113,short,1824,3702
medicine,175,87,262,9.6517909587537612e-05,0.00015932548548489887,0.13711117531004646,0.0051542429792591025,1.9098110842422249,short,1139,4387
medicines,46,16,62,2.537042194872417e-05,2.9301238709866458e-05,0.036535619276731879,0.022080355975672716,0.24587447049173078,short,2281,3245
medigap,21,23,44,1.1582149150504513e-05,4.2120530645433034e-05,0.39226988907435612,0.030310572411070869,2.2531385782419178,short,945,4580
medium-sized,44,0,44,2.42673601248666e-05,0,-0.33119607048369737,0.034091492981632388,-1.7937510362478384,official,4185,1337
meet,610,10,620,0.00033643385627655966,1.8313274193666537e-05,-0.30717054266879984,0.0024008937431719015,-6.2689253030051253,official,5356,170
meeting,140,15,155,7.7214327670030089e-05,2.7469911290499805e-05,-0.18923205262903053,0.0092727673671956119,-1.9651242638884734,official,4344,1182
meetings,49,2,51,2.7025014684510531e-05,3.6626548387333073e-06,-0.27292694061728895,0.028868508420780876,-1.60632801736872,official,3980,1544
meets,29,0,29,1.5994396445934803e-05,0,-0.33119404326834001,0.051724721818257192,-1.456241606872426,official,3781,1750
member,463,20,483,0.00025535881222302806,3.6626548387333073e-05,-0.26974894992969389,0.0030457380174217221,-4.887800715377562,official,5254,272
member's,23,2,25,1.2685210974362085e-05,3.6626548387333073e-06,-0.21340929925272434,0.057870954256781661,-0.8871213225527651,official,3127,2396
members,2628,79,2707,0.0014494232365488504,0.00014467486612996565,-0.28804501823275164,0.00054696348712837922,-12.316326706399433,official,5486,40
membership,99,15,114,5.4601560280949844e-05,2.7469911290499805e-05,-0.13952935332820893,0.012447357573222802,-1.2506246908060206,official,3483,2043
memorial,331,338,669,0.00018255673184842827,0.00061898866774592898,0.3690396421050961,0.0019936327166453841,8.26514437864844,short,103,5423
memorials,42,15,57,2.3164298301009027e-05,2.7469911290499805e-05,0.043504380430704259,0.023990482884571701,0.2808752637287058,short,2254,3272
men,70,5,75,3.8607163835015045e-05,9.1566370968332683e-06,-0.23275726783765549,0.019397135622401092,-1.6712231754259348,official,4059,1467
men's,17,13,30,9.376025502789367e-06,2.3807256451766497e-05,0.27301310667028389,0.044532993586418761,1.293726731613845,short,1545,3979
mental,722,394,1116,0.00039820531841258373,0.00072154300323046153,0.16546795006628034,0.001206905461620949,4.7629635754982536,short,289,5237
mentally,91,37,128,5.0189312985519558e-05,6.7759114516566192e-05,0.078835106015407774,0.01062740001885399,0.76472650357744709,short,1900,3626
mentoring,63,35,98,3.474644745151354e-05,6.4096459677832885e-05,0.1709090117846781,0.013730561022166909,1.4585483212716448,short,1415,4110
merchandise,25,3,28,1.3788272798219658e-05,5.493982258099961e-06,-0.1743496849673285,0.051126572931603352,-0.77107713624863894,official,3035,2493
merchant,173,84,257,9.5414847763680035e-05,0.00015383150322679891,0.13006864072318791,0.0052587166605610131,1.7936294077409625,short,1200,4326
mercury,67,44,111,3.6952571099228687e-05,8.0578406452132761e-05,0.22360931344130464,0.012070174340361192,2.0353219517082985,short,1068,4458
merge,28,0,28,1.5442865534006018e-05,0,-0.33119390812154137,0.053572012458417903,-1.430913428383751,official,3734,1787
merger,37,37,74,2.0406643741365096e-05,6.7759114516566192e-05,0.36196865982799409,0.018018601918001007,2.696562089391016,short,767,4758
mergers,194,4,198,0.00010699699691418455,7.3253096774666146e-06,-0.30106151079867693,0.0075020993845775321,-3.4758724405508441,official,5016,509
merit,61,25,86,3.3643385627655964e-05,4.5783185484166341e-05,0.081057645805818979,0.015812313999495488,0.6446088610580939,short,1981,3545
met,98,2,100,5.4050029369021062e-05,3.6626548387333073e-06,-0.30134950801824978,0.014855010523047111,-2.4724869320812464,official,4691,835
metabolism,32,0,32,1.7648989181721161e-05,0,-0.3311944487094074,0.046875583887922824,-1.5297121057037018,official,3881,1644
metal,31,13,44,1.7097458269792376e-05,2.3807256451766497e-05,0.087521854959048184,0.030877776873972893,0.49807357523947787,short,2103,3423
metals,23,14,37,1.2685210974362085e-05,2.5638583871133151e-05,0.19944130106865998,0.036275093693865744,1.0471546539512206,short,1702,3826
meth,3,31,34,1.6545927357863589e-06,5.6771150000366263e-05,0.92543991937675152,0.042412226301924101,4.49368570644104,short,328,5197
methamphetamine,99,67,166,5.4601560280949844e-05,0.0001226989370975658,0.23328237143044106,0.0080660143225087487,2.5974812846285111,short,800,4726
methane,21,8,29,1.1582149150504513e-05,1.4650619354933229e-05,0.060852715607417451,0.047027610914738012,0.28061023378377176,short,2258,3269
methanol,26,11,37,1.4339803710148445e-05,2.014460161303319e-05,0.090024763413236286,0.036706933096110277,0.46988105868565605,short,2124,3404
method,369,3,372,0.00020351490650172215,5.493982258099961e-06,-0.31916607205168468,0.0040167782994472052,-5.035908003446214,official,5266,260
methodology,51,0,51,2.8128076508368104e-05,0,-0.3311970165261009,0.029412348598239272,-1.931174702006593,official,4321,1206
methods,325,21,346,0.00017924754637685557,3.8457875806699727e-05,-0.24148473557292682,0.0042156925685426748,-3.7192486819302633,official,5083,443
methyl,22,3,25,1.21336800624333e-05,5.493982258099961e-06,-0.15598766199757463,0.056991465345438898,-0.65340933830646286,official,2947,2573
metric,52,36,88,2.8679607420296889e-05,6.5927787097199531e-05,0.24060532690438663,0.015207957175078703,1.9510562825390594,short,1117,4407
metropolitan,117,43,160,6.4529116695667999e-05,7.8747079032766114e-05,0.051149013474537597,0.0085368005980540288,0.55359185677043332,short,2051,3475
mexican,50,5,55,2.7576545596439316e-05,9.1566370968332683e-06,-0.19766324503247112,0.02619106008407179,-1.2213760016465127,official,3454,2073
mexico,445,80,525,0.00024543125580830992,0.00014650619354933229,-0.11013480227405559,0.002684404404917524,-2.1256933066595285,official,4465,1061
mia,7,20,27,3.8607163835015045e-06,3.6626548387333073e-05,0.68575216242631676,0.050688944338539876,3.0458643829318803,short,642,4883
michigan,77,33,110,4.2467880218516549e-05,6.0433804839099571e-05,0.09369747237188264,0.012341184484035353,0.84343079367773743,short,1843,3683
microenterprise,20,19,39,1.1030618238575727e-05,3.4795220967966419e-05,0.34486844637077141,0.034191115743433823,1.8650772470822754,short,1158,4368
mid-atlantic,28,2,30,1.5442865534006018e-05,3.6626548387333073e-06,-0.23275293782696416,0.048491963197922976,-1.0569642248172721,official,3292,2237
middle,162,148,310,8.9348007732463391e-05,0.00027103645806626477,0.33189178084311521,0.0043026341431766707,5.0597526650680784,short,259,5267
middle-aged,14,14,28,7.7214327670030089e-06,2.5638583871133151e-05,0.36196144686223697,0.047619631506891448,1.658705559703975,short,1302,4224
middle-income,44,6,50,2.42673601248666e-05,1.0987964516199922e-05,-0.15598928899792064,0.028496024621973034,-0.92406525257218641,official,3161,2364
midwest,17,13,30,9.376025502789367e-06,2.3807256451766497e-05,0.27301310667028389,0.044532993586418761,1.293726731613845,short,1546,3980
migrant,28,10,38,1.5442865534006018e-05,1.8313274193666537e-05,0.043504028743143408,0.035985432374781891,0.22933276886777332,short,2288,3238
migration,28,12,40,1.5442865534006018e-05,2.1975929032399844e-05,0.093694670756651277,0.033937235474232635,0.50860035446934937,short,2093,3431
migratory,100,47,147,5.5153091192878632e-05,8.6072388710232728e-05,0.12043445568428623,0.0092038060888398662,1.2553563510227845,short,1565,3961
mileage,49,9,58,2.7025014684510531e-05,1.6481946774299883e-05,-0.10618174203656672,0.024271751421391596,-0.68155245791369223,official,2974,2553
miles,44,5,49,2.42673601248666e-05,9.1566370968332683e-06,-0.181662092796536,0.029271790582756873,-1.0617925366326704,official,3294,2232
military,1849,1092,2941,0.001019780656156326,0.0019998095419483859,0.19017760593131694,0.00045730727803037835,8.8931438925718052,short,93,5433
milk,398,83,481,0.00021950930294765695,0.00015200017580743226,-0.081790135039616629,0.0029112900709421393,-1.5158568325990893,official,3871,1655
millennium,31,35,66,1.7097458269792376e-05,6.4096459677832885e-05,0.40237811151203218,0.020210852347519237,2.8303623163224576,short,720,4806
million,48,13,61,2.6473483772581743e-05,2.3807256451766497e-05,-0.025326385853603028,0.022688409335603166,-0.16814005869849669,official,2563,2963
mineral,358,86,444,0.0001974480664705055,0.00015749415806553223,-0.052284336702671297,0.003134259235186173,-0.93390810757965981,official,3165,2361
minerals,100,55,155,5.5153091192878632e-05,0.00010072300806516596,0.16781220897018656,0.0086840573093419707,1.8007864483799054,short,1192,4334
miners,50,23,73,2.7576545596439316e-05,4.2120530645433034e-05,0.11412445647607328,0.018547331866374743,0.83798838822901578,short,1847,3679
mines,89,21,110,4.9086251161661981e-05,3.8457875806699727e-05,-0.056153049450070824,0.012659297321808432,-0.49907813792028777,official,2821,2705
minimize,147,0,147,8.1075044053531594e-05,0,-0.3312099913722335,0.010204665547414891,-3.2787178237914971,official,4962,564
minimizing,32,0,32,1.7648989181721161e-05,0,-0.3311944487094074,0.046875583887922824,-1.5297121057037018,official,3882,1645
minimum,1044,132,1176,0.00057579827205365291,0.00024173521935639828,-0.16713278325565728,0.0012155606074212586,-4.7937274327281694,official,5241,285
mining,362,153,515,0.00019965419011822066,0.00028019309516309803,0.089757976753121582,0.0026378408532173065,1.7476270554256397,short,1232,4294
minnesota,58,16,74,3.1988792891869606e-05,2.9301238709866458e-05,-0.021035854314295221,0.018687452585569874,-0.15388103635568437,official,2552,2974
minor,105,29,134,5.7910745752522567e-05,5.3108495161632956e-05,-0.020757471400798977,0.010319653657061268,-0.20433458835973839,official,2603,2923
minorities,46,15,61,2.537042194872417e-05,2.7469911290499805e-05,0.019862076786887783,0.02250427302497169,0.13240127353281317,short,2346,3179
minority,244,163,407,0.00013457354251062385,0.00029850636935676455,0.22912395125676532,0.0032910682606065072,3.9939446787909318,short,416,5110
minors,146,28,174,8.0523513141602805e-05,5.1277167742266302e-05,-0.098103408751464727,0.0080760789722775957,-1.0916510060113005,official,3317,2209
mint,352,10,362,0.0001941388809989328,1.8313274193666537e-05,-0.29007514119721201,0.0040893162326567367,-4.5361265705836242,official,5215,311
minting,104,0,104,5.7359214840593779e-05,0,-0.33120417959556292,0.014423660827803003,-2.7577700958792004,official,4806,720
misbranded,27,0,27,1.4891334622077231e-05,0,-0.33119377297485109,0.055556139442311518,-1.4051287926382199,official,3704,1833
miscellaneous,53,52,105,2.9231138332225674e-05,9.522902580706599e-05,0.35562400127087912,0.012699124583776495,3.15576149016628,short,604,4922
misconduct,70,4,74,3.8607163835015045e-05,7.3253096774666146e-06,-0.25115508172461709,0.019765541162926007,-1.7864366299048393,official,4178,1348
misleading,49,2,51,2.7025014684510531e-05,3.6626548387333073e-06,-0.27292694061728895,0.028868508420780876,-1.60632801736872,official,3981,1545
missile,91,63,154,5.0189312985519558e-05,0.00011537362742009919,0.24061217291484027,0.0086905115041779873,2.58104113278026,short,806,4720
missiles,61,1,62,3.3643385627655964e-05,1.8313274193666537e-06,-0.30710036770116744,0.024003681068813974,-1.9821723446796076,official,4360,1166
missing,176,78,254,9.70694404994664e-05,0.000142843538710599,0.10331803414546314,0.0053382135326174576,1.4140936211466824,short,1451,4075
mission,102,33,135,5.6256153016736209e-05,6.0433804839099571e-05,0.017861918495659879,0.01017237414905678,0.17709933913212128,short,2320,3206
missions,56,12,68,3.0885731068012036e-05,2.1975929032399844e-05,-0.076300057691280898,0.020565100026089019,-0.53205858268465422,official,2858,2668
mississippi,147,66,213,8.1075044053531594e-05,0.00012086760967819914,0.10707455828102219,0.0063625911026538454,1.3423608719147722,short,1504,4022
missouri,90,21,111,4.963778207359077e-05,3.8457875806699727e-05,-0.058548668550461258,0.012551465861508602,-0.5226004732507562,official,2845,2681
misuse,114,9,123,6.2874523959881648e-05,1.6481946774299883e-05,-0.22331253036842469,0.01179575076816777,-2.0561287169841407,official,4420,1106
mitigate,106,1,107,5.8462276664451348e-05,1.8313274193666537e-06,-0.31721775918147976,0.013954678845497705,-2.6853294200362843,official,4774,752
mitigation,206,110,316,0.00011361536785732998,0.00020144601613033192,0.15875033927850346,0.0042637106135595109,2.4312006424404231,short,869,4657
mobile,150,119,269,8.2729636789317945e-05,0.00021792796290463179,0.28512460821902152,0.0049645383829995159,4.0466464762957406,short,412,5114
mobility,32,30,62,1.7648989181721161e-05,5.493982258099961e-05,0.34045998903898678,0.021508446986486896,2.3214618666321178,short,911,4614
mobilization,44,17,61,2.42673601248666e-05,3.1132566129233112e-05,0.064707215285865871,0.022344906240050644,0.4328759341357738,short,2146,3381
model,87,17,104,4.7983189337804412e-05,3.1132566129233112e-05,-0.094529955096342988,0.013500648809921908,-0.81356476540008604,official,3073,2453
models,73,9,82,4.0261756570801403e-05,1.6481946774299883e-05,-0.17061438095167247,0.017441207792377768,-1.2918954140604355,official,3523,2004
moderate,40,2,42,2.2061236477151454e-05,3.6626548387333073e-06,-0.26057706519228141,0.03492297856887086,-1.3943780889413113,official,3675,1853
moderate-income,62,0,62,3.4194916539584752e-05,0,-0.33119850317518207,0.024194132282020834,-2.129282770545442,official,4474,1056
modern,28,14,42,1.5442865534006018e-05,2.5638583871133151e-05,0.13881600352844004,0.032143441033968191,0.7742716421520951,short,1894,3633
modernization,172,569,741,9.4863316851751247e-05,0.001042025301619626,0.72323575639946913,0.0018592331187312317,16.773085695188929,short,25,5501
modernize,297,4,301,0.00016380468084284955,7.3253096774666146e-06,-0.31136026831080166,0.0049515132782166522,-4.4248058417599907,official,5201,325
modernizing,11,18,29,6.06684003121665e-06,3.2963893548599766e-05,0.52323179486762328,0.046277179633002201,2.4322638502293508,short,867,4658
modification,156,83,239,8.6038822260890661e-05,0.00015200017580743226,0.15763900155852717,0.0056378195730336115,2.0994623413441946,short,1025,4501
modifications,99,8,107,5.4601560280949844e-05,1.4650619354933229e-05,-0.22099677368269788,0.013550605011866409,-1.8984824658842929,official,4291,1235
modified,38,3,41,2.095817465329388e-05,5.493982258099961e-06,-0.22330495135709327,0.035386084465580274,-1.1870857670701209,official,3416,2112
modify,1232,0,1232,0.00067948608349626479,0,-0.33135670551480167,0.0012181166356393827,-9.4940458877338312,official,5454,72
modifying,35,0,35,1.9303581917507522e-05,0,-0.33119485415147842,0.042857726745765795,-1.5998122380313102,official,3973,1558
monetary,186,48,234,0.00010258474961875426,8.7903716129599375e-05,-0.03639418153847096,0.00592763560973037,-0.4727061013356712,official,2800,2726
money,280,133,413,0.00015442865534006018,0.00024356654677576496,0.1235678787078065,0.0032750872594745108,2.1592063731210351,short,988,4538
monitor,107,1,108,5.9013807576380137e-05,1.8313274193666537e-06,-0.31734710165015301,0.013826058623023838,-2.6988909637434495,official,4779,748
monitoring,266,116,382,0.00014670722257305717,0.00021243398064653182,0.098682545074311179,0.0035518259817537241,1.6558252530442648,short,1306,4220
monoxide,17,9,26,9.376025502789367e-06,1.6481946774299883e-05,0.15610674350869758,0.051827826411988853,0.68570950009021792,short,1958,3565
montana,148,29,177,8.1626574965460382e-05,5.3108495161632956e-05,-0.09399894544543308,0.0079318759324957973,-1.0554435862691245,official,3287,2239
montgomery,80,39,119,4.4122472954302907e-05,7.1421769355299499e-05,0.13125395439354648,0.011354823462798737,1.2317489574768292,short,1579,3947
month,168,6,174,9.2657193204036107e-05,1.0987964516199922e-05,-0.27991684281751716,0.0084801160851724535,-3.0396818645741983,official,4904,622
monthly,192,1,193,0.00010589393509032697,1.8313274193666537e-06,-0.32345361958854824,0.0077526256982195126,-3.6735639728922176,official,5066,460
months,106,0,106,5.8462276664451348e-05,0,-0.33120444990619369,0.014151527301419267,-2.7841620301307564,official,4818,710
monument,189,129,318,0.00010423934235454062,0.00023624123709829834,0.23603699688511526,0.0042101070156458807,3.6377555572850371,short,490,5036
monuments,67,10,77,3.6952571099228687e-05,1.8313274193666537e-05,-0.14195269181980663,0.018439281217042764,-1.0453738655339224,official,3283,2243
moratorium,248,127,375,0.00013677966615833901,0.00023257858225956502,0.14603413514638675,0.0035977522848410657,2.4346624305116169,short,866,4660
morris,13,27,40,7.1699018550742223e-06,4.9445840322899649e-05,0.59636812155487462,0.033793881554068018,3.2441085809978634,short,586,4940
mortality,72,40,112,3.9710225658872614e-05,7.3253096774666146e-05,0.1709100392690388,0.012014313886151423,1.5592583803944662,short,1355,4171
mortgage,888,303,1191,0.00048975944979276227,0.00055489220806809604,0.031543102139249157,0.0011509287008756694,0.92977998294530639,short,1783,3743
mortgages,279,10,289,0.00015387712442813139,1.8313274193666537e-05,-0.27975401050164983,0.0051056289341489492,-3.9151796726450074,official,5121,405
most-favored-nation,54,0,54,2.9782669244154463e-05,0,-0.33119742197451529,0.02777836167083482,-1.9871636467178257,official,4366,1160
mother,37,23,60,2.0406643741365096e-05,4.2120530645433034e-05,0.20609200656747362,0.022358055017460944,1.3783012100017145,short,1474,4052
mothers,82,34,116,4.5225534778160477e-05,6.2265132258466224e-05,0.08432949538683232,0.011717755626773747,0.77903556231974169,short,1891,3635
motion,29,8,37,1.5994396445934803e-05,1.4650619354933229e-05,-0.021035525028239022,0.037374321263315337,-0.10880947100196493,official,2515,3009
motor,1104,294,1398,0.0006088901267693801,0.00053841026129379619,-0.029239374508295057,0.00099128102910569864,-0.92868767203018021,official,3163,2363
motorsports,11,16,27,6.06684003121665e-06,2.9301238709866458e-05,0.48557670574817813,0.049572187314905106,2.180915320881482,short,979,4545
mount,30,31,61,1.6545927357863591e-05,5.6771150000366263e-05,0.37289598383216394,0.021859160102985119,2.5221503404307826,short,834,4692
mountain,153,128,281,8.438422952510431e-05,0.00023440990967893167,0.30266444428492356,0.0047497191943513756,4.3916471340026417,short,344,5182
mountains,45,32,77,2.4818891036795385e-05,5.8602477419732917e-05,0.24929217239103885,0.017371617138458854,1.8914223543638138,short,1144,4382
movement,111,8,119,6.1219931224095283e-05,1.4650619354933229e-05,-0.23194657757303361,0.012222425743703197,-2.0980182664546567,official,4450,1076
moving,57,14,71,3.1437261979940824e-05,2.5638583871133151e-05,-0.047423371839482087,0.019577789780231912,-0.33893045838739894,official,2697,2829
mowa,14,14,28,7.7214327670030089e-06,2.5638583871133151e-05,0.36196144686223697,0.047619631506891448,1.658705559703975,short,1303,4225
multicandidate,70,0,70,3.8607163835015045e-05,0,-0.33119958438297559,0.021429155325362513,-2.2624930653387847,official,4561,967
multiemployer,31,17,48,1.7097458269792376e-05,3.1132566129233112e-05,0.16689991307685759,0.028043427125411052,0.99664517170611089,short,1733,3794
multifamily,130,37,167,7.169901855074222e-05,6.7759114516566192e-05,-0.013656053932161072,0.0082695480730053186,-0.15017039917141556,official,2543,2983
multilateral,96,17,113,5.2946967545163486e-05,3.1132566129233112e-05,-0.11284809052131628,0.012477580595387196,-1.0102503812193049,official,3240,2286
multinational,22,19,41,1.21336800624333e-05,3.4795220967966419e-05,0.31317244527334864,0.03254026643086539,1.7360930202993992,short,1245,4280
multiple,125,29,154,6.8941363991098292e-05,5.3108495161632956e-05,-0.059772452313755053,0.0090492941831636746,-0.62833857209445587,official,2922,2604
multipurpose,48,2,50,2.6473483772581743e-05,3.6626548387333073e-06,-0.27177229312168194,0.029435434755667907,-1.584053886952234,official,3953,1573
multiyear,33,13,46,1.8200520093649949e-05,2.3807256451766497e-05,0.070048021808300831,0.029607964282457655,0.40709109368106899,short,2166,3361
municipal,278,138,416,0.0001533255935162026,0.00025272318387259819,0.13667414284623192,0.0032465603278031573,2.3986927373705087,short,878,4648
municipalities,100,0,100,5.5153091192878632e-05,0,-0.33120363897563898,0.015000583903792537,-2.7042137553009202,official,4783,744
munitions,33,17,50,1.8200520093649949e-05,3.1132566129233112e-05,0.14781223695238133,0.026974149798573849,0.89998756117418666,short,1805,3721
murder,23,2,25,1.2685210974362085e-05,3.6626548387333073e-06,-0.21340929925272434,0.057870954256781661,-0.8871213225527651,official,3128,2397
musculoskeletal,43,3,46,2.3715829212937812e-05,5.493982258099961e-06,-0.23486348016869307,0.031644702212859047,-1.3202767799815973,official,3553,1972
museum,216,153,369,0.00011913067697661785,0.00028019309516309803,0.24805226917855983,0.0036256944975831258,4.1195293423204777,short,400,5126
music,29,9,38,1.5994396445934803e-05,1.6481946774299883e-05,0.0074121582908670547,0.036202552768881582,0.038956065531920332,short,2418,3111
musical,42,6,48,2.3164298301009027e-05,1.0987964516199922e-05,-0.14887155093369486,0.029630213521652633,-0.86485703468717556,official,3112,2414
mutual,108,38,146,5.9565338488308925e-05,6.9590441935932839e-05,0.039561003734245759,0.0093723743995593415,0.4086415165641536,short,2164,3362
nafta,37,24,61,2.0406643741365096e-05,4.3951858064799688e-05,0.21964660384513479,0.021969371411161558,1.4818890096117068,short,1404,4122
names,85,4,89,4.6880127513946835e-05,7.3253096774666146e-06,-0.26450844217596803,0.016500398510294084,-2.0591705630212798,official,4427,1100
nanotechnology,26,24,50,1.4339803710148445e-05,4.3951858064799688e-05,0.33529606552947477,0.026671992143944032,2.053055690357271,short,1060,4467
narcotic,76,33,109,4.1916349306587761e-05,6.0433804839099571e-05,0.09743282663761299,0.012448242834439439,0.87327550034445467,short,1826,3700
narcotics,55,49,104,3.0334200156083247e-05,8.9735043548966036e-05,0.32350533154144046,0.012825839796235925,2.8565283391610077,short,711,4815
nation,378,69,447,0.00020847868470908124,0.0001263615919362991,-0.10733968957672602,0.0031506896972462138,-1.9123065764397218,official,4307,1219
nation's,676,37,713,0.00037283489646385958,6.7759114516566192e-05,-0.25438385564893196,0.0020538597870933721,-5.6131177091279207,official,5317,209
national,12724,6567,19291,0.0070176793233818775,0.012026327162980814,0.14961008704745904,7.0496934455498993e-05,17.818689476762458,short,22,5504
nationality,898,36,934,0.00049527475891205015,6.5927787097199531e-05,-0.27401566236059249,0.0015773634641360755,-6.8993709952984323,official,5388,138
nationally,85,6,91,4.6880127513946835e-05,1.0987964516199922e-05,-0.23382475515089318,0.015991680434391947,-1.8490277836505544,official,4240,1286
nationals,296,5,301,0.00016325314993092076,9.1566370968332683e-06,-0.30641271845682105,0.0049435996832679968,-4.357979068502658,official,5191,335
nations,364,95,459,0.00020075725194207823,0.0001739761048398321,-0.033841020981316916,0.003020704973689971,-0.61572856491189421,official,2911,2615
nationwide,196,24,220,0.00010810005873804212,4.3951858064799688e-05,-0.17157569837547904,0.0065027907428489209,-2.1276779160172747,official,4466,1060
native,536,357,893,0.00029562056879382949,0.00065378388871389535,0.22821350485510195,0.0015003741737124291,5.8917125623895599,short,189,5337
natives,37,3,40,2.0406643741365096e-05,5.493982258099961e-06,-0.22065190382101996,0.036243410830474262,-1.1590259187480021,official,3384,2145
nato,26,21,47,1.4339803710148445e-05,3.8457875806699727e-05,0.29101123039123777,0.028405096382632652,1.7266790333771964,short,1256,4270
natural,1397,443,1840,0.00077048868396451453,0.00081127804677942757,0.012810451683544777,0.00074753250594083434,0.46854294353330922,short,2125,3401
naturalization,143,45,188,7.8868920405816441e-05,8.2409733871499421e-05,0.010878002379884677,0.0073135774568939913,0.1271991522462734,short,2351,3175
nature,52,9,61,2.8679607420296889e-05,1.6481946774299883e-05,-0.11693850907305858,0.023135855703078179,-0.76880246821278908,official,3028,2497
navajo,37,14,51,2.0406643741365096e-05,2.5638583871133151e-05,0.059008793950253491,0.026748835641463166,0.36079814607704314,short,2202,3323
naval,138,46,184,7.6111265846172513e-05,8.4241061290866068e-05,0.025486812111525481,0.0074540000752737392,0.29520303687815963,short,2237,3289
navigable,29,2,31,1.5994396445934803e-05,3.6626548387333073e-06,-0.23588296598244796,0.046970280857508484,-1.0883911491523643,official,3311,2214
navigation,84,52,136,4.6328596602018054e-05,9.522902580706599e-05,0.20478345593509673,0.0098651873969933558,2.0617794098205811,short,1056,4470
navy,59,8,67,3.2540323803798394e-05,1.4650619354933229e-05,-0.15684112061375899,0.021270425166420505,-1.0754045042658358,official,3305,2221
nazi,40,15,55,2.2061236477151454e-05,2.7469911290499805e-05,0.056576732290777088,0.02481261396939393,0.35917127867275861,short,2204,3321
near,108,1,109,5.9565338488308925e-05,1.8313274193666537e-06,-0.3174740786551471,0.013699787927738712,-2.7123850958277647,official,4785,742
nebraska,41,7,48,2.2612767389080238e-05,1.2819291935566576e-05,-0.11934852777531901,0.029418357130081996,-0.69583754519122543,official,2991,2539
necessary,553,20,573,0.00030499659429661884,3.6626548387333073e-05,-0.27934112847637849,0.0025750241233757128,-5.504834064253056,official,5307,219
necessity,39,3,42,2.1509705565222665e-05,5.493982258099961e-06,-0.22583353285799923,0.034568485125007556,-1.2146418890998463,official,3447,2080
need,387,27,414,0.00021344246291644031,4.9445840322899649e-05,-0.23489920671601006,0.0035165971255647966,-3.9611404526022063,official,5134,392
needed,300,17,317,0.00016545927357863589,3.1132566129233112e-05,-0.25180389331366904,0.0046153414744769241,-3.7064702741881987,official,5079,447
needle,6,19,25,3.3091854715727179e-06,3.4795220967966419e-05,0.71216720116176369,0.05498592113085065,3.0370798889353132,short,645,4880
needs,739,89,828,0.00040758134391537308,0.00016298814032363217,-0.17391366787982321,0.0017292587132476842,-4.1821897013408451,official,5166,360
needy,219,5,224,0.0001207852697124042,9.1566370968332683e-06,-0.29791806528802134,0.0066247325032282728,-3.6602661502543841,official,5061,465
neglect,98,11,109,5.4050029369021062e-05,2.014460161303319e-05,-0.18327830232783526,0.013164835114293885,-1.5973619731089315,official,3961,1565
negligence,30,1,31,1.6545927357863591e-05,1.8313274193666537e-06,-0.28318451048819249,0.0476440265107013,-1.2973742263751389,official,3532,1993
negotiate,60,0,60,3.3091854715727182e-05,0,-0.33119823287434791,0.025000583894457303,-2.0946570847811805,official,4447,1080
negotiated,41,6,47,2.2612767389080238e-05,1.0987964516199922e-05,-0.1450906929462743,0.03023214478372788,-0.83445913913927805,official,3088,2438
negotiating,60,9,69,3.3091854715727182e-05,1.6481946774299883e-05,-0.14115059127225393,0.020573034702115973,-0.98408706271834179,official,3212,2315
negotiation,123,34,157,6.7838302167240715e-05,6.2265132258466224e-05,-0.020560484323841166,0.0088076145848405354,-0.21908073522484142,official,2610,2916
negotiations,103,36,139,5.680768392866499e-05,6.5927787097199531e-05,0.037807539134661283,0.0098471010343364924,0.38099933126716795,short,2186,3340
neighbor,3,32,35,1.6545927357863589e-06,5.8602477419732917e-05,0.92907747054023204,0.041241746498588666,4.5749189523214424,short,316,5210
neighborhood,127,109,236,7.0044425814955869e-05,0.00019961468871096527,0.31113039161009404,0.0056539556034654274,4.1377689720688196,short,394,5132
neighborhoods,85,33,118,4.6880127513946835e-05,6.0433804839099571e-05,0.066034235550777254,0.011549208840683394,0.6144591804274655,short,2005,3521
nelson,15,12,27,8.2729636789317955e-06,2.1975929032399844e-05,0.28785244207683647,0.049451133338037835,1.2944396089710888,short,1543,3983
net,174,91,265,9.5966378675608823e-05,0.00016665079516236549,0.15240569631305689,0.0050874770399219433,2.1367315781335101,short,1006,4520
network,237,103,340,0.00013071282612712236,0.00018862672419476533,0.097698752957489532,0.0039910225622464121,1.5464893333161458,short,1366,4160
networking,15,15,30,8.2729636789317955e-06,2.7469911290499805e-05,0.36196176046339978,0.044445028332816057,1.7169241054247557,short,1260,4265
networks,97,13,110,5.3498498457092274e-05,2.3807256451766497e-05,-0.15858465707699487,0.012961583082129023,-1.3929391454209599,official,3671,1855
neutral,20,9,29,1.1030618238575727e-05,1.6481946774299883e-05,0.10772425389484042,0.046724536626762347,0.49835749394842821,short,2101,3427
neutrality,53,31,84,2.9231138332225674e-05,5.6771150000366263e-05,0.18691500751245727,0.015995506148856312,1.4779004418607558,short,1405,4121
nevada,274,74,348,0.00015111946986848745,0.00013551822903313238,-0.025981545591085009,0.0039779692544414519,-0.41194029128686505,official,2747,2779
new,2603,476,3079,0.0014356349637506308,0.00087171185161852717,-0.10712952266973019,0.00045787294936085952,-5.0065283130257692,official,5262,264
newborn,44,26,70,2.42673601248666e-05,4.7614512903532995e-05,0.19011252058751005,0.019189180389606111,1.3724056811793752,short,1479,4047
newborns,24,13,37,1.3236741886290871e-05,2.3807256451766497e-05,0.16310878793135686,0.036394026512833959,0.85499250353886069,short,1835,3691
newly,95,0,95,5.2395436633234704e-05,0,-0.33120296320323739,0.015790057586836142,-2.6357387209170358,official,4752,772
news,43,15,58,2.3715829212937812e-05,2.7469911290499805e-05,0.037296900709844039,0.023600204130902292,0.24278109433955863,short,2284,3243
newsprint,25,8,33,1.3788272798219658e-05,1.4650619354933229e-05,0.015086323968382942,0.041632207101428328,0.073938172485181239,short,2388,3141
nicotine,20,11,31,1.1030618238575727e-05,2.014460161303319e-05,0.16780327532499051,0.043417950835139552,0.80531496994063556,short,1864,3660
ninth,35,29,64,1.9303581917507522e-05,5.3108495161632956e-05,0.29944498309414769,0.020854282170213997,2.073573426274482,short,1044,4481
nitrogen,37,9,46,2.0406643741365096e-05,1.6481946774299883e-05,-0.049551327761969688,0.03023059484464188,-0.28499152795937804,official,2658,2868
no-fault,23,22,45,1.2685210974362085e-05,4.028920322606638e-05,0.34714873475834374,0.029631839379568998,2.0166767030392374,short,1080,4445
node,26,0,26,1.4339803710148445e-05,0,-0.33119363782827449,0.057692891578830292,-1.3788620927062918,official,3660,1881
noise,132,90,222,7.2802080374599797e-05,0.00016481946774299884,0.23568588070229701,0.0060305708999512497,3.0349696472098988,short,647,4879
nominal,43,0,43,2.3715829212937812e-05,0,-0.33119593533522895,0.034884304820722481,-1.7732499726578297,official,4166,1363
nominating,26,1,27,1.4339803710148445e-05,1.8313274193666537e-06,-0.27613341190503782,0.054582794129404595,-1.1819281522976162,official,3407,2116
nomination,37,4,41,2.0406643741365096e-05,7.3253096774666146e-06,-0.18809248583736959,0.035043318933002353,-1.0047750225797416,official,3226,2301
non-department,44,0,44,2.42673601248666e-05,0,-0.33119607048369737,0.034091492981632388,-1.7937510362478384,official,4186,1338
non-discrimination,3,66,69,1.6545927357863589e-06,0.00012086760967819914,0.9905949280564581,0.021296880196882577,6.7879417390285939,short,146,5380
non-federal,194,4,198,0.00010699699691418455,7.3253096774666146e-06,-0.30106151079867693,0.0075020993845775321,-3.4758724405508441,official,5017,510
non-profit,33,0,33,1.8200520093649949e-05,0,-0.33119458385665368,0.045455129342701649,-1.5534303183962435,official,3915,1620
non-proliferation,21,23,44,1.1582149150504513e-05,4.2120530645433034e-05,0.39226988907435612,0.030310572411070869,2.2531385782419178,short,946,4581
non-regular,31,0,31,1.7097458269792376e-05,0,-0.3311943135622748,0.048387680661882995,-1.5056203243148938,official,3852,1673
nondiscrimination,44,79,123,2.42673601248666e-05,0.00014467486612996565,0.55226044699401733,0.010939102915583454,5.2802329874865022,short,235,5291
nondiscriminatory,58,5,63,3.1988792891869606e-05,9.1566370968332683e-06,-0.21433137870990571,0.022970929058321148,-1.4141532544759503,official,3716,1810
nongovernmental,53,0,53,2.9231138332225674e-05,0,-0.3311972868249331,0.028302470685276498,-1.9686775815294346,official,4351,1175
nonimmigrant,122,10,132,6.7286771255311927e-05,1.8313274193666537e-05,-0.21956215372657084,0.010979845307013833,-2.0953634854727468,official,4449,1077
nonimmigrants,38,0,38,2.095817465329388e-05,0,-0.33119525959454954,0.039474268099849372,-1.6669672550603276,official,4051,1479
nonindigenous,32,2,34,1.7648989181721161e-05,3.6626548387333073e-06,-0.2441821742374799,0.042929876817804559,-1.1785123426448747,official,3397,2126
nonmarket,53,2,55,2.9231138332225674e-05,3.6626548387333073e-06,-0.27712916806722987,0.026803702801794553,-1.6927188913090565,official,4084,1442
nonmilitary,41,0,41,2.2612767389080238e-05,0,-0.33119566503862252,0.036585949743681713,-1.7315198594889014,official,4123,1405
nonnuclear,23,3,26,1.2685210974362085e-05,5.493982258099961e-06,-0.16256917373263846,0.054891505772701479,-0.69388200734930605,official,2985,2544
nonpartisan,26,7,33,1.4339803710148445e-05,1.2819291935566576e-05,-0.026701305869902825,0.041949736430956328,-0.13036706358329886,official,2531,2997
nonprofit,369,37,406,0.00020351490650172215,6.7759114516566192e-05,-0.19736947316724951,0.0035482429012362354,-3.3133957479360121,official,4976,550
nonproliferation,48,49,97,2.6473483772581743e-05,8.9735043548966036e-05,0.36884543766064581,0.013746450698714371,3.1459305186550508,short,612,4915
nonpublic,32,0,32,1.7648989181721161e-05,0,-0.3311944487094074,0.046875583887922824,-1.5297121057037018,official,3883,1646
nonrecognition,24,5,29,1.3236741886290871e-05,9.1566370968332683e-06,-0.081975332207479212,0.048280273121712118,-0.37307687146733837,official,2719,2805
nonrefundable,48,0,48,2.6473483772581743e-05,0,-0.33119661107868836,0.031250583891656789,-1.8735134540177161,official,4278,1251
nonresident,21,5,26,1.1582149150504513e-05,9.1566370968332683e-06,-0.054203935059865316,0.053535244147637655,-0.23426689558634547,official,2620,2906
nontraditional,16,15,31,8.8244945908605804e-06,2.7469911290499805e-05,0.34045542009891605,0.043016310068068442,1.6415105399504819,short,1313,4212
nonviolent,44,8,52,2.42673601248666e-05,1.4650619354933229e-05,-0.10804892921857601,0.027083917226411913,-0.65654534791053287,official,2958,2570
normal,62,1,63,3.4194916539584752e-05,1.8313274193666537e-06,-0.30748152781326255,0.023625583895218471,-2.0004502489358322,official,4373,1154
north,431,160,591,0.00023770982304130691,0.00029301238709866458,0.053859491904733048,0.0023106155321597735,1.1204652912252828,short,1644,3882
northeast,54,19,73,2.9782669244154463e-05,3.4795220967966419e-05,0.039559775376011075,0.018744164864073716,0.28894871620993873,short,2242,3285
northeastern,21,9,30,1.1582149150504513e-05,1.6481946774299883e-05,0.093694270539590008,0.045249452666285939,0.44045989319246137,short,2141,3387
northern,191,172,363,0.00010534240417839818,0.00031498831613106446,0.3271104950953454,0.0036747970058096219,5.3960728149862884,short,217,5309
northwest,64,47,111,3.5297978363442322e-05,8.6072388710232728e-05,0.25977855764500823,0.012043983547564968,2.3671088239727238,short,892,4634
notch,2,68,70,1.1030618238575726e-06,0.00012453026451693245,1.0125748674410335,0.021135849601424839,6.9649385458158042,short,137,5389
note,20,10,30,1.1030618238575727e-05,1.8313274193666537e-05,0.13881528970809676,0.04500058388806643,0.6543773058791309,short,1974,3552
notes,53,0,53,2.9231138332225674e-05,0,-0.3311972868249331,0.028302470685276498,-1.9686775815294346,official,4352,1176
notice,300,38,338,0.00016545927357863589,6.9590441935932839e-05,-0.16681557785687318,0.0042275565488705874,-2.5656173949198156,official,4724,802
notices,47,0,47,2.5921952860652958e-05,0,-0.33119647592977408,0.031915477508444694,-1.8538945757924572,official,4254,1277
notification,202,223,425,0.00011140924420961484,0.0004083860145187638,0.39497399510829112,0.0031386902015500661,7.0500837646071641,short,134,5392
notify,118,2,120,6.5080647607596788e-05,3.6626548387333073e-06,-0.30630762265430178,0.012398985892326662,-2.7508361419431671,official,4802,724
november,54,0,54,2.9782669244154463e-05,0,-0.33119742197451529,0.02777836167083482,-1.9871636467178257,official,4367,1161
noxious,29,11,40,1.5994396445934803e-05,2.014460161303319e-05,0.059677201587906126,0.034101180650904499,0.32316457079143812,short,2220,3307
nuclear,1111,651,1762,0.00061275084315288162,0.0011921941500076915,0.18761315418241953,0.00076307443457608083,6.7917209395155744,short,145,5381
nuisance,34,3,37,1.8752051005578734e-05,5.493982258099961e-06,-0.21184661514663716,0.03908509093152631,-1.0715586982059806,official,3302,2224
number,624,64,688,0.00034415528904356264,0.00011720495483946583,-0.19467021546270757,0.0020925664009572081,-4.2555910381539723,official,5180,346
numbered,26,1,27,1.4339803710148445e-05,1.8313274193666537e-06,-0.27613341190503782,0.054582794129404595,-1.1819281522976162,official,3408,2117
numbers,175,14,189,9.6517909587537612e-05,2.5638583871133151e-05,-0.2220082012751341,0.0076739450470560706,-2.534309640886113,official,4707,819
numerical,75,7,82,4.1364818394658973e-05,1.2819291935566576e-05,-0.20565937396560408,0.017605965707791032,-1.5499531949044296,official,3898,1628
nurse,222,173,395,0.00012243986244819057,0.00031681964355043108,0.27925708908418478,0.0033818929064430782,4.8020235028677218,short,283,5243
nurses,138,21,159,7.6111265846172513e-05,3.8457875806699727e-05,-0.13882745837040389,0.0089231428414033101,-1.469658565411337,official,3800,1726
nursing,427,203,630,0.00023550369939359176,0.0003717594661314307,0.12383410906496373,0.0021471380257415728,2.6724543917855219,short,776,4750
nutrient,34,9,43,1.8752051005578734e-05,1.6481946774299883e-05,-0.030605203030658501,0.032218366108821457,-0.17050750863654482,official,2566,2957
nutrition,548,250,798,0.0003022389397369749,0.00045783185484166345,0.1117415497091736,0.0016977246058113864,2.7119461933085653,short,755,4771
nutritional,98,35,133,5.4050029369021062e-05,6.4096459677832885e-05,0.043505787237819504,0.010281969195015986,0.42905096434435658,short,2147,3379
o,26,15,41,1.4339803710148445e-05,2.7469911290499805e-05,0.1826193452227205,0.032783099882409919,1.0086065236545385,short,1722,3803
oasdi,35,0,35,1.9303581917507522e-05,0,-0.33119485415147842,0.042857726745765795,-1.5998122380313102,official,3974,1559
obamacare,3,53,56,1.6545927357863589e-06,9.706035322643265e-05,0.97579087305184231,0.026124048365737198,6.0372131884649427,short,184,5342
obesity,75,34,109,4.1364818394658973e-05,6.2265132258466224e-05,0.10987105067353653,0.012428373509670958,0.98554425187795625,short,1751,3775
objective,74,1,75,4.0813287482730191e-05,1.8313274193666537e-06,-0.31126546134265531,0.019869888030834275,-2.2081736503622706,official,4522,1004
objectives,150,4,154,8.2729636789317945e-05,7.3253096774666146e-06,-0.29249408964813206,0.0096191715249009015,-2.9822789309994788,official,4891,635
obligated,26,2,28,1.4339803710148445e-05,3.6626548387333073e-06,-0.22583222468961317,0.051852435738963261,-0.99174799660655499,official,3218,2308
obligation,72,13,85,3.9710225658872614e-05,2.3807256451766497e-05,-0.10932516707562456,0.016574092285330685,-0.8491907861978224,official,3104,2423
obligations,423,27,450,0.00023329757574587661,4.9445840322899649e-05,-0.24250706672082778,0.0032424954181169028,-4.2587751672319243,official,5181,345
observance,19,7,26,1.047908732664694e-05,1.2819291935566576e-05,0.051802701634985127,0.052525836412202369,0.22602991486476115,short,2296,3231
observation,23,11,34,1.2685210974362085e-05,2.014460161303319e-05,0.12557010626768239,0.039766665760405981,0.62968982000962226,short,1990,3537
obsolete,24,5,29,1.3236741886290871e-05,9.1566370968332683e-06,-0.081975332207479212,0.048280273121712118,-0.37307687146733837,official,2720,2806
obstetric,17,17,34,9.376025502789367e-06,3.1132566129233112e-05,0.36196238766737743,0.039216270163936973,1.8278068536516698,short,1180,4347
obstetrical,23,4,27,1.2685210974362085e-05,7.3253096774666146e-06,-0.11608005781039488,0.052258648403129139,-0.50778343502461765,official,2838,2689
obtain,306,6,312,0.00016876845905020862,1.0987964516199922e-05,-0.30251868468288556,0.004763361019037249,-4.3832420553466713,official,5193,333
obtained,104,0,104,5.7359214840593779e-05,0,-0.33120417959556292,0.014423660827803003,-2.7577700958792004,official,4807,721
obtaining,158,1,159,8.7141884084748238e-05,1.8313274193666537e-06,-0.32179180746604885,0.0094051580501157209,-3.3181188222046698,official,4979,547
occupancy,40,9,49,2.2061236477151454e-05,1.6481946774299883e-05,-0.066237669824005252,0.028477918258964091,-0.39251018135947069,official,2739,2787
occupation,29,1,30,1.5994396445934803e-05,1.8313274193666537e-06,-0.28159665338839446,0.049207800946019023,-1.269435123751002,official,3504,2021
occupational,376,134,510,0.00020737562288522366,0.0002453978741951316,0.042948150755865555,0.0026820472102911425,0.829299225534191,short,1853,3673
occupations,26,2,28,1.4339803710148445e-05,3.6626548387333073e-06,-0.22583222468961317,0.051852435738963261,-0.99174799660655499,official,3219,2309
occupied,39,8,47,2.1509705565222665e-05,1.4650619354933229e-05,-0.085058735257526052,0.029810309050474066,-0.49264681755073159,official,2809,2718
occur,46,0,46,2.537042194872417e-05,0,-0.33119634078096993,0.032609279543363956,-1.8340658647799333,official,4229,1297
occurred,62,5,67,3.4194916539584752e-05,9.1566370968332683e-06,-0.22119536423367059,0.021641410769781138,-1.5036031840362836,official,3839,1686
occurrence,44,0,44,2.42673601248666e-05,0,-0.33119607048369737,0.034091492981632388,-1.7937510362478384,official,4187,1339
occurring,82,1,83,4.5225534778160477e-05,1.8313274193666537e-06,-0.31318225195829541,0.017965951865254029,-2.3365335787059776,official,4604,921
occurs,31,0,31,1.7097458269792376e-05,0,-0.3311943135622748,0.048387680661882995,-1.5056203243148938,official,3853,1674
ocean,289,186,475,0.00015939243354741925,0.00034062690000219762,0.21718752484978587,0.0028223438303266986,4.0881791202982294,short,405,5121
oceanic,166,50,216,9.1554131380178531e-05,9.1566370968332683e-05,3.2759678127547431e-05,0.0063777834772795784,0.00041020858057271611,short,2440,3086
oceans,36,24,60,1.9855112829436307e-05,4.3951858064799688e-05,0.22843156854562885,0.022322012467350754,1.5289365003643769,short,1371,4153
octane,22,8,30,1.21336800624333e-05,1.4650619354933229e-05,0.048300114391253146,0.045547142592397796,0.22631721543222574,short,2292,3234
october,81,0,81,4.4674003866231695e-05,0,-0.33120107105531993,0.018519102417876777,-2.4337825100796366,official,4671,854
off-budget,23,2,25,1.2685210974362085e-05,3.6626548387333073e-06,-0.21340929925272434,0.057870954256781661,-0.8871213225527651,official,3129,2398
offender,68,86,154,3.7504102011157468e-05,0.00015749415806553223,0.43994800157051195,0.0086717550928164105,4.724412906393419,short,295,5231
offenders,252,50,302,0.00013898578980605416,9.1566370968332683e-05,-0.091588075473961084,0.0046465471965260177,-1.3436116381036538,official,3579,1947
offense,103,2,105,5.680768392866499e-05,3.6626548387333073e-06,-0.3027652116202475,0.014154070605297209,-2.5448681914967088,official,4712,814
offenses,413,5,418,0.00022778226662658875,9.1566370968332683e-06,-0.31335413917611099,0.0035680196065935857,-5.2459218885306926,official,5283,243
offer,195,18,213,0.00010754852782611334,3.2963893548599766e-05,-0.20691068474359398,0.0067805686524261494,-2.5127533415419334,official,4700,826
offered,153,1,154,8.438422952510431e-05,1.8313274193666537e-06,-0.32148580368647295,0.0097095258099104496,-3.262592170602538,official,4957,569
offering,82,14,96,4.5225534778160477e-05,2.5638583871133151e-05,-0.11935092765121169,0.014709470522712497,-0.9840729150617602,official,3209,2317
offers,44,4,48,2.42673601248666e-05,7.3253096774666146e-06,-0.20859195341924064,0.030100918340061469,-1.2022856911007151,official,3429,2099
office,2068,280,2348,0.0011405659258687301,0.00051277167742266308,-0.15720813369151632,0.0006075512252048667,-6.3779859978595788,official,5363,163
officer,279,119,398,0.00015387712442813139,0.00021792796290463179,0.092344355380209464,0.0034119248318499771,1.5809226682159017,short,1344,4182
officers,1075,274,1349,0.00059289573032344535,0.00050178371290646314,-0.039208061408968042,0.0010292684114654542,-1.2221121098703613,official,3455,2071
offices,238,10,248,0.00013126435703905115,1.8313274193666537e-05,-0.27131966213158343,0.005934166099918323,-3.5220978597262484,official,5026,500
official,322,31,353,0.00017759295364106921,5.6771150000366263e-05,-0.20214269153972708,0.0040862321128855364,-3.1622523777574343,official,4931,595
officials,345,21,366,0.00019027816461543128,3.8457875806699727e-05,-0.24632788699640962,0.0039910330562271008,-3.8991587648955113,official,5117,409
offset,175,21,196,9.6517909587537612e-05,3.8457875806699727e-05,-0.17436188038880474,0.0073042966481131812,-2.0401511410664628,official,4398,1128
offsets,29,6,35,1.5994396445934803e-05,1.0987964516199922e-05,-0.083355186914060297,0.040015827791428177,-0.41669350100133673,official,2751,2776
offsetting,22,3,25,1.21336800624333e-05,5.493982258099961e-06,-0.15598766199757463,0.056991465345438898,-0.65340933830646286,official,2948,2574
offshore,202,96,298,0.00011140924420961484,0.00017580743225919875,0.12371564911766519,0.0045386550218568045,1.8363736449273655,short,1172,4354
ohio,67,13,80,3.6952571099228687e-05,2.3807256451766497e-05,-0.095879258274484513,0.017555993160396743,-0.72362233672600962,official,3002,2524
oil,1653,673,2326,0.00091168059741828379,0.0012324833532337579,0.079284110425713372,0.00058534837340976521,3.2770189275506332,short,578,4948
oilheat,15,11,26,8.2729636789317955e-06,2.014460161303319e-05,0.25930581142702813,0.05141785481666003,1.1435503028092306,short,1632,3895
oklahoma,68,14,82,3.7504102011157468e-05,2.5638583871133151e-05,-0.084332953676227618,0.017083917233779489,-0.64521370243473208,official,2934,2594
old,62,27,89,3.4194916539584752e-05,4.9445840322899649e-05,0.098271147926686453,0.015243790114337135,0.79593856713399147,short,1875,3651
old-age,231,18,249,0.00012740364065554963,3.2963893548599766e-05,-0.22460353230796137,0.0058292356250609868,-2.9417839681781821,official,4878,648
older,675,429,1104,0.00037228336555193079,0.00078563946290829446,0.21323358219863486,0.0012150134321588333,6.1173744277434077,short,179,5347
olympic,114,69,183,6.2874523959881648e-05,0.0001263615919362991,0.19766956290828119,0.0073358412626333795,2.3078885861661447,short,922,4604
olympics,13,12,25,7.1699018550742223e-06,2.1975929032399844e-05,0.33529243743584125,0.05334340038773288,1.4517218375206666,short,1420,4107
ombudsman,54,33,87,2.9782669244154463e-05,6.0433804839099571e-05,0.20069641974890473,0.015426115817666416,1.615888280919493,short,1327,4199
omissions,31,0,31,1.7097458269792376e-05,0,-0.3311943135622748,0.048387680661882995,-1.5056203243148938,official,3854,1675
omnibus,380,258,638,0.00020958174653293882,0.00047248247419659668,0.23436670968835571,0.0020989737448272043,5.1155510125548034,short,255,5271
on-line,7,20,27,3.8607163835015045e-06,3.6626548387333073e-05,0.68575216242631676,0.050688944338539876,3.0458643829318803,short,643,4884
on-the-job,18,12,30,9.9275564147181536e-06,2.1975929032399844e-05,0.22842861617403898,0.044643441031045637,1.0811144644464188,short,1676,3854
one-time,46,0,46,2.537042194872417e-05,0,-0.33119634078096993,0.032609279543363956,-1.8340658647799333,official,4230,1298
ongoing,47,9,56,2.5921952860652958e-05,1.6481946774299883e-05,-0.098386975003881716,0.025093937142766171,-0.62108809545574639,official,2918,2608
online,96,102,198,5.2946967545163486e-05,0.00018679539677539869,0.38219256403834301,0.0067352778104427151,4.6569811091717304,short,304,5222
onshore,46,7,53,2.537042194872417e-05,1.2819291935566576e-05,-0.13882130692621608,0.026768260660927683,-0.84848867958633467,official,3101,2426
open,383,176,559,0.00021123633926872516,0.00032231362580853104,0.11384950532913685,0.0024226993646350005,2.3130306372642817,short,917,4609
opening,43,4,47,2.3715829212937812e-05,7.3253096774666146e-06,-0.20603099740958619,0.030719538140033573,-1.1755070118919553,official,3393,2135
operate,267,3,270,0.00014725875348498596,5.493982258099961e-06,-0.31460398382642829,0.0055257849995811433,-4.2322101676227142,official,5174,352
operated,113,0,113,6.232299304795286e-05,0,-0.33120539599690524,0.013274920190012396,-2.8746266289357236,official,4854,671
operating,361,10,371,0.00019910265920629187,1.8313274193666537e-05,-0.2910683886042289,0.0039913761022470056,-4.6071644585066069,official,5219,307
operation,1170,28,1198,0.00064529116695668002,5.1277167742266302e-05,-0.29647744846948498,0.0012385421443267082,-8.4243474394729585,official,5427,99
operational,66,8,74,3.6401040187299898e-05,1.4650619354933229e-05,-0.17297144859089819,0.019338562992289546,-1.2438337101751322,official,3479,2048
operations,796,117,913,0.00043901860589531391,0.0002142653080658985,-0.14444763855673681,0.0015565953944641805,-3.661192598974397,official,5062,464
operator,32,5,37,1.7648989181721161e-05,9.1566370968332683e-06,-0.13448191075448079,0.038302861322107071,-0.68714479635841985,official,2977,2550
operators,175,4,179,9.6517909587537612e-05,7.3253096774666146e-06,-0.297875560591919,0.0082899235538537678,-3.2715955578573874,official,4959,567
opinion,26,10,36,1.4339803710148445e-05,1.8313274193666537e-05,0.063465041596506566,0.037868746582313789,0.32613251810548971,short,2217,3310
opioid,48,28,76,2.6473483772581743e-05,5.1277167742266302e-05,0.18607246797607324,0.017680484644317276,1.3993779783281677,short,1462,4064
opportunities,1125,454,1579,0.00062047227591988466,0.00083142264839246077,0.076789157765797533,0.00086229067752093089,2.6150082225806299,short,795,4731
opportunity,829,904,1733,0.00045721912598896386,0.0016555199871074551,0.39110460800288749,0.00077012321213030827,14.093304197064116,short,39,5487
opposed,37,0,37,2.0406643741365096e-05,0,-0.33119512444674726,0.040541124429630225,-1.6448868926211853,official,4022,1503
opt,25,4,29,1.3788272798219658e-05,7.3253096774666146e-06,-0.13052101225680879,0.04882213270901567,-0.59070692178118833,official,2897,2628
option,245,45,290,0.00013512507342255264,8.2409733871499421e-05,-0.10619207717202173,0.0048548174562564059,-1.524072628579715,official,3873,1653
optional,78,25,103,4.3019411130445331e-05,4.5783185484166341e-05,0.015490966404712481,0.013337945784471675,0.13413250587653111,short,2344,3182
options,169,71,240,9.3208724115964895e-05,0.00013002424677503242,0.088043834606734706,0.005661005799464801,1.170178594158586,short,1614,3912
oral,63,15,78,3.474644745151354e-05,2.7469911290499805e-05,-0.054205123776117858,0.017845470653176966,-0.40576663858046597,official,2745,2782
orange,19,44,63,1.047908732664694e-05,8.0578406452132761e-05,0.62808382087784231,0.021541500241585968,4.2793679848771804,short,361,5165
order,1904,33,1937,0.0010501148563124092,6.0433804839099571e-05,-0.3059848492624333,0.00076854741554023499,-11.037344291073616,official,5475,51
ordered,40,0,40,2.2061236477151454e-05,0,-0.33119552989048628,0.037500583889789808,-1.7102730473778192,official,4103,1426
orderly,178,13,191,9.8172502323323963e-05,2.3807256451766497e-05,-0.23073781712536601,0.00761257181040958,-2.6445578914108601,official,4756,770
orders,245,10,255,0.00013512507342255264,1.8313274193666537e-05,-0.27294984177370374,0.0057741688462402564,-3.5920147162615788,official,5048,478
ordinary,42,0,42,2.3164298301009027e-05,0,-0.33119580018686889,0.03571486960454226,-1.7525091193635514,official,4145,1384
oregon,255,53,308,0.00014064038254184053,9.706035322643265e-05,-0.08245529326058687,0.0045468659923497863,-1.2228198030267972,official,3456,2070
organ,142,95,237,7.8317389493887652e-05,0.0001739761048398321,0.22957926234521153,0.0056511545617790445,3.0539650549047983,short,637,4889
organic,39,39,78,2.1509705565222665e-05,7.1421769355299499e-05,0.36196928705614084,0.017094600995055692,2.7684854041806082,short,736,4790
organisms,22,3,25,1.21336800624333e-05,5.493982258099961e-06,-0.15598766199757463,0.056991465345438898,-0.65340933830646286,official,2949,2575
organization,473,168,641,0.00026087412134231594,0.00030766300645359781,0.042055021053460706,0.0021343440517020682,0.910302301371266,short,1800,3726
organizational,37,3,40,2.0406643741365096e-05,5.493982258099961e-06,-0.22065190382101996,0.036243410830474262,-1.1590259187480021,official,3385,2146
organizations,1161,55,1216,0.00064032738874932093,0.00010072300806516596,-0.26421042751354218,0.0012080645883734966,-7.6015976129839053,official,5404,122
organize,30,3,33,1.6545927357863591e-05,5.493982258099961e-06,-0.19766143956738702,0.043651377539132945,-0.94606935961476091,official,3176,2350
organized,83,13,96,4.5777065690089265e-05,2.3807256451766497e-05,-0.13408625066683655,0.014761488009028937,-1.1036190238827133,official,3326,2201
organs,27,2,29,1.4891334622077231e-05,3.6626548387333073e-06,-0.22941018118383205,0.05011579126061666,-1.0247676145661024,official,3257,2271
orientation,124,1,125,6.8389833079169504e-05,1.8313274193666537e-06,-0.31923024292301427,0.0119531561032243,-2.9198647342325401,official,4869,658
oriented,28,3,31,1.5442865534006018e-05,5.493982258099961e-06,-0.18922230062854517,0.046361501136127789,-0.87880713386516851,official,3119,2409
origin,159,6,165,8.7693414996677026e-05,1.0987964516199922e-05,-0.27714169948494138,0.0089349568887898655,-2.931943825038279,official,4875,651
original,867,14,881,0.00047817730064225777,2.5638583871133151e-05,-0.30755770897000811,0.0016899849025961769,-7.4814401272408517,official,5399,127
orphan,43,44,87,2.3715829212937812e-05,8.0578406452132761e-05,0.36963386302479151,0.015326479382011477,2.9857301141346686,short,665,4860
orphans,12,19,31,6.6183709431454357e-06,3.4795220967966419e-05,0.51278685060937157,0.0432563978423375,2.4655380233649744,short,859,4669
orthotics,43,9,52,2.3715829212937812e-05,1.6481946774299883e-05,-0.081047743506960757,0.026920342305564119,-0.49397007397467246,official,2816,2711
osteoporosis,36,50,86,1.9855112829436307e-05,9.1566370968332683e-05,0.4706084698453683,0.015550246391523102,3.7739062016354854,short,466,5060
ottawa,14,25,39,7.7214327670030089e-06,4.5783185484166341e-05,0.55055755288301711,0.034493508419384214,2.964381129837768,short,672,4854
out-of-pocket,29,1,30,1.5994396445934803e-05,1.8313274193666537e-06,-0.28159665338839446,0.049207800946019023,-1.269435123751002,official,3505,2022
out-of-state,44,0,44,2.42673601248666e-05,0,-0.33119607048369737,0.034091492981632388,-1.7937510362478384,official,4188,1340
outcomes,115,28,143,6.3426054871810423e-05,5.1277167742266302e-05,-0.049341948981057371,0.0097245061241596781,-0.50035992968290155,official,2833,2693
outdated,30,5,35,1.6545927357863591e-05,9.1566370968332683e-06,-0.12355256992935537,0.040385199273543497,-0.61480963961966373,official,2908,2618
outdoor,68,28,96,3.7504102011157468e-05,5.1277167742266302e-05,0.08237556928726697,0.01416266100921007,0.69219108072600111,short,1948,3577
outer,392,77,469,0.00021620011747608425,0.00014101221129123232,-0.093536899378575455,0.0029935260119576782,-1.7095879632208635,official,4093,1433
outlays,71,2,73,3.9158694746943826e-05,3.6626548387333073e-06,-0.29037682752237259,0.020278361675391071,-2.0391328625896072,official,4397,1129
outpatient,229,42,271,0.00012630057883169206,7.6915751613399453e-05,-0.10645995369957362,0.0051954721251816736,-1.4769771055541134,official,3802,1724
outreach,193,97,290,0.00010644546600225576,0.00017763875967856542,0.1403825428047405,0.0046549566569671899,2.0575731495312763,short,1057,4469
outside,252,6,258,0.00013898578980605416,1.0987964516199922e-05,-0.29653593318396076,0.0057492470426402367,-3.910856149975694,official,5120,406
outsourcing,8,25,33,4.4122472954302902e-06,4.5783185484166341e-05,0.70883813776838167,0.041632207102465943,3.4740203513843699,short,529,4997
outstanding,103,10,113,5.680768392866499e-05,1.8313274193666537e-05,-0.20114642867739008,0.012760294837879566,-1.7806639710414245,official,4176,1350
ovarian,20,18,38,1.1030618238575727e-05,3.2963893548599766e-05,0.32687111117182965,0.035099106057909384,1.7447311367332046,short,1235,4292
over-the-counter,28,6,34,1.5442865534006018e-05,1.0987964516199922e-05,-0.076298966043783167,0.041129616146820293,-0.37621951959389655,official,2728,2800
overall,70,0,70,3.8607163835015045e-05,0,-0.33119958438297559,0.021429155325362513,-2.2624930653387847,official,4562,968
overcome,26,1,27,1.4339803710148445e-05,1.8313274193666537e-06,-0.27613341190503782,0.054582794129404595,-1.1819281522976162,official,3409,2118
overdraft,19,10,29,1.047908732664694e-05,1.8313274193666537e-05,0.15431961138863848,0.046474942862192024,0.71583295579540207,short,1939,3589
overlapping,44,4,48,2.42673601248666e-05,7.3253096774666146e-06,-0.20859195341924064,0.030100918340061469,-1.2022856911007151,official,3430,2100
overpayment,31,12,43,1.7097458269792376e-05,2.1975929032399844e-05,0.06522634394329252,0.031695915586554047,0.36637124930320369,short,2198,3328
overpayments,63,4,67,3.474644745151354e-05,7.3253096774666146e-06,-0.24290423619868662,0.021777398630896304,-1.6460085563170832,official,4031,1495
overreach,7,20,27,3.8607163835015045e-06,3.6626548387333073e-05,0.68575216242631676,0.050688944338539876,3.0458643829318803,short,644,4885
overseas,222,115,337,0.00012243986244819057,0.00021060265322716518,0.14951136915855834,0.0040018821123146394,2.3634263493183418,short,893,4633
oversee,45,0,45,2.4818891036795385e-05,0,-0.33119620563227947,0.033333917224290008,-1.8140204400668125,official,4213,1319
oversight,413,296,709,0.00022778226662658875,0.00054207291613252954,0.25190882637896284,0.0018868745368055243,5.7992505545642592,short,190,5336
overtime,112,14,126,6.1771462136024071e-05,2.5638583871133151e-05,-0.16868004879517784,0.011345121725841182,-1.5836497552634574,official,3951,1575
owed,89,2,91,4.9086251161661981e-05,3.6626548387333073e-06,-0.29841143196082243,0.016308827629412725,-2.3367060627337723,official,4606,919
owned,401,17,418,0.00022116389568344332,3.1132566129233112e-05,-0.27082756838704647,0.0035204357747702073,-4.5645151999956353,official,5216,310
owner,60,19,79,3.3091854715727182e-05,3.4795220967966419e-05,0.012451019439525979,0.017398910137020808,0.094393891041568923,short,2374,3152
owners,315,64,379,0.00017373223725756769,0.00011720495483946583,-0.086958987252264919,0.0036988425061382038,-1.4298206114396288,official,3727,1799
ownership,358,211,569,0.0001974480664705055,0.00038641008548636393,0.18934372403515276,0.0023613839597702289,3.896436564822507,short,433,5093
oxides,27,0,27,1.4891334622077231e-05,0,-0.33119377297485109,0.055556139442311518,-1.4051287926382199,official,3705,1834
ozone,68,40,108,3.7504102011157468e-05,7.3253096774666146e-05,0.18869409534385539,0.012439158846676108,1.6918536921068132,short,1274,4252
p,11,18,29,6.06684003121665e-06,3.2963893548599766e-05,0.52323179486762328,0.046277179633002201,2.4322638502293508,short,868,4659
pace,22,17,39,1.21336800624333e-05,3.1132566129233112e-05,0.27643953851060132,0.034251169370687708,1.4936968241392397,short,1399,4126
pacific,144,93,237,7.9420451317745229e-05,0.00017031345000109881,0.21827260996196252,0.0056555588877587552,2.9024281471385303,short,690,4836
package,23,4,27,1.2685210974362085e-05,7.3253096774666146e-06,-0.11608005781039488,0.052258648403129139,-0.50778343502461765,official,2839,2690
packaged,53,0,53,2.9231138332225674e-05,0,-0.3311972868249331,0.028302470685276498,-1.9686775815294346,official,4353,1177
packages,33,0,33,1.8200520093649949e-05,0,-0.33119458385665368,0.045455129342701649,-1.5534303183962435,official,3916,1621
packaging,91,13,104,5.0189312985519558e-05,2.3807256451766497e-05,-0.1488750320350114,0.013675797580733237,-1.2730502189117396,official,3509,2017
packers,56,3,59,3.0885731068012036e-05,5.493982258099961e-06,-0.25584690879936467,0.024825268326384594,-1.6238024728290912,official,4003,1522
pact,3,28,31,1.6545927357863589e-06,5.1277167742266302e-05,0.91314613516645871,0.046361501137653686,4.2409342618014181,short,371,5155
paid,848,28,876,0.00046769821331561079,5.1277167742266302e-05,-0.28371810846256107,0.0016868251806442264,-6.9079950552748217,official,5389,137
pain,66,52,118,3.6401040187299898e-05,9.522902580706599e-05,0.28283415152008295,0.011317719461039676,2.6585962385154422,short,781,4745
paint,32,12,44,1.7648989181721161e-05,2.1975929032399844e-05,0.056576467218141246,0.031015621485440681,0.32125180873222048,short,2224,3305
pakistan,37,17,54,2.0406643741365096e-05,3.1132566129233112e-05,0.11378005530068513,0.025074101925359169,0.71854413197898004,short,1928,3597
paleontological,22,10,32,1.21336800624333e-05,1.8313274193666537e-05,0.11064414245191223,0.042328626216575502,0.5377882885597981,short,2061,3467
palestinian,46,14,60,2.537042194872417e-05,2.5638583871133151e-05,0.0025831213060829583,0.022948059672976265,0.017051862276769698,short,2426,3100
palliative,37,9,46,2.0406643741365096e-05,1.6481946774299883e-05,-0.049551327761969688,0.03023059484464188,-0.28499152795937804,official,2659,2869
palm,49,14,63,2.7025014684510531e-05,2.5638583871133151e-05,-0.012736732669047512,0.021916168311596356,-0.086035110330604556,official,2504,3024
panama,102,64,166,5.6256153016736209e-05,0.00011720495483946583,0.20906432049371659,0.0080797532936416165,2.3258455471877109,short,908,4618
pandemic,27,19,46,1.4891334622077231e-05,3.4795220967966419e-05,0.24588976246984906,0.029083829413951413,1.4418319769335377,short,1427,4100
panel,57,19,76,3.1437261979940824e-05,3.4795220967966419e-05,0.025485642721893242,0.018045696681305946,0.18971809880598536,short,2309,3216
pap,20,6,26,1.1030618238575727e-05,1.0987964516199922e-05,-0.00094844763746237959,0.052989714321671412,-0.0041201930953838365,official,2442,3083
paper,64,12,76,3.5297978363442322e-05,2.1975929032399844e-05,-0.10235181608195454,0.018507077405417304,-0.75236161892036668,official,3014,2512
paperwork,167,155,322,9.2105662292107319e-05,0.00028385575000183132,0.33715804975086705,0.0041420097988228485,5.2387535973179116,short,240,5286
paralysis,18,9,27,9.9275564147181536e-06,1.6481946774299883e-05,0.13881511125415891,0.050000583887305279,0.6207964253960534,short,1999,3524
parcel,35,0,35,1.9303581917507522e-05,0,-0.33119485415147842,0.042857726745765795,-1.5998122380313102,official,3975,1560
parcels,69,0,69,3.8055632923086256e-05,0,-0.33119944923160993,0.021739714331340317,-2.2462737885154294,official,4548,978
parent,125,26,151,6.8941363991098292e-05,4.7614512903532995e-05,-0.082299302767751215,0.0092734898372038195,-0.85462295902241237,official,3110,2416
parental,116,125,241,6.3977585783739211e-05,0.00022891592742083173,0.38689502784314733,0.0055339448296702837,5.2008668565374512,short,246,5280
parenting,32,9,41,1.7648989181721161e-05,1.6481946774299883e-05,-0.016479665186240666,0.033699214027558794,-0.089771503336694827,official,2506,3021
parents,454,103,557,0.00025039503401566902,0.00018862672419476533,-0.064513466364042316,0.0025048552153911501,-1.289018242173205,official,3514,2012
parity,133,279,412,7.3353611286528585e-05,0.0005109403500032964,0.59941832883827395,0.0032826243818690343,10.46211340000562,short,73,5453
park,1057,476,1533,0.00058296817390872716,0.00087171185161852717,0.10800706499309509,0.00088444473325551172,3.6317572700184857,short,493,5033
parking,52,14,66,2.8679607420296889e-05,2.5638583871133151e-05,-0.026701678462037748,0.020975160167898518,-0.18436815895620953,official,2578,2947
parkinson's,18,13,31,9.9275564147181536e-06,2.3807256451766497e-05,0.2543297933504256,0.043136019881061756,1.2245519184956091,short,1583,3942
parks,106,110,216,5.8462276664451348e-05,0.00020144601613033192,0.37433793147030059,0.0061736586622699319,4.7642279124968221,short,288,5238
parkway,21,16,37,1.1582149150504513e-05,2.9301238709866458e-05,0.27181030135214712,0.036109887728712965,1.4303846568794225,short,1446,4081
parole,69,28,97,3.8055632923086256e-05,5.1277167742266302e-05,0.078286245304351354,0.014024680290343611,0.6610571081526504,short,1971,3555
part-time,66,34,100,3.6401040187299898e-05,6.2265132258466224e-05,0.14781540594290021,0.013487366858574185,1.2727881262095191,short,1556,3970
partial,116,14,130,6.3977585783739211e-05,2.5638583871133151e-05,-0.17357057470780113,0.011010069006499644,-1.6541735832885953,official,4036,1491
partially,32,0,32,1.7648989181721161e-05,0,-0.3311944487094074,0.046875583887922824,-1.5297121057037018,official,3884,1647
participant,21,6,27,1.1582149150504513e-05,1.0987964516199922e-05,-0.01273653853468204,0.051136947523485805,-0.056322771044133239,official,2480,3046
participants,237,8,245,0.00013071282612712236,1.4650619354933229e-05,-0.28262601084595573,0.0060278419047646312,-3.640249928366694,official,5057,469
participate,480,3,483,0.00026473483772581746,5.493982258099961e-06,-0.32195126677139996,0.0030966187612696239,-5.7855715370501013,official,5325,201
participated,33,0,33,1.8200520093649949e-05,0,-0.33119458385665368,0.045455129342701649,-1.5534303183962435,official,3917,1622
participating,232,4,236,0.00012795517156747842,7.3253096774666146e-06,-0.30590187732534879,0.0063040027391975942,-3.8527776479452589,official,5110,416
participation,813,104,917,0.00044839463139810331,0.00019045805161413198,-0.16544504018141648,0.0015580507124442872,-4.1914371416741991,official,5167,359
particular,80,0,80,4.4122472954302907e-05,0,-0.33120093590273036,0.018750583899124887,-2.4187119882014847,official,4661,865
particularly,88,0,88,4.85347202497332e-05,0,-0.33120201712655017,0.01704603844644648,-2.5367708658876613,official,4709,816
parties,148,0,148,8.1626574965460382e-05,0,-0.33121012653228021,0.010135719050130361,-3.289851725500792,official,4968,559
partner,30,13,43,1.6545927357863591e-05,2.3807256451766497e-05,0.0968510853930038,0.031556356885412536,0.54520654736166996,short,2054,3472
partners,73,31,104,4.0261756570801403e-05,5.6771150000366263e-05,0.091086147904819725,0.013057708828149961,0.79711107972279904,short,1873,3653
partnership,264,426,690,0.00014560416074919959,0.00078014548065019444,0.51895505962103616,0.0019448594445612712,11.767538839649717,short,56,5470
partnerships,240,74,314,0.00013236741886290873,0.00013551822903313238,0.0057984815369227505,0.0043829576975120731,0.08758518247785603,short,2379,3147
parts,173,28,201,9.5414847763680035e-05,5.1277167742266302e-05,-0.12858755348420559,0.0070411929475925903,-1.5324129408035869,official,3888,1638
party,144,11,155,7.9420451317745229e-05,2.014460161303319e-05,-0.22651325404330436,0.0093691619081937485,-2.3401475815608146,official,4608,918
pass,42,27,69,2.3164298301009027e-05,4.9445840322899649e-05,0.2167814867131419,0.019426259573881378,1.5553480772907313,short,1360,4166
passed,31,0,31,1.7097458269792376e-05,0,-0.3311943135622748,0.048387680661882995,-1.5056203243148938,official,3855,1676
passenger,348,135,483,0.00019193275735121765,0.00024722920161449828,0.065829271385997146,0.0028220764131978498,1.2391807656867908,short,1573,3953
passengers,143,8,151,7.8868920405816441e-05,1.4650619354933229e-05,-0.25273424524407417,0.0096912526365020273,-2.5672853043287041,official,4726,800
passive,23,2,25,1.2685210974362085e-05,3.6626548387333073e-06,-0.21340929925272434,0.057870954256781661,-0.8871213225527651,official,3130,2399
passport,41,28,69,2.2612767389080238e-05,5.1277167742266302e-05,0.23619469316684238,0.019400771339691293,1.6957453589191349,short,1272,4254
passports,27,6,33,1.4891334622077231e-05,1.0987964516199922e-05,-0.068826816059127438,0.042308276196214703,-0.33461469843200353,official,2693,2831
past,21,8,29,1.1582149150504513e-05,1.4650619354933229e-05,0.060852715607417451,0.047027610914738012,0.28061023378377176,short,2259,3270
patent,204,160,364,0.00011251230603347242,0.00029301238709866458,0.28137155769600142,0.0036695443020276788,4.6448760291279942,short,306,5220
patented,28,1,29,1.5442865534006018e-05,1.8313274193666537e-06,-0.27990016499353665,0.050877776869739884,-1.2409065910146566,official,3469,2057
patents,79,10,89,4.3570942042374119e-05,1.8313274193666537e-05,-0.16689326197344911,0.01605397495522674,-1.3171872329233221,official,3551,1975
path,15,18,33,8.2729636789317955e-06,3.2963893548599766e-05,0.4225877285164259,0.040441760359843065,2.1013667482422926,short,1021,4504
pathogen,6,20,26,3.3091854715727179e-06,3.6626548387333073e-05,0.72487071416369808,0.052989714322525916,3.148942749765248,short,608,4918
pathogens,25,0,25,1.3788272798219658e-05,0,-0.33119350268180803,0.060000583886289226,-1.3520852339749585,official,3606,1931
pathology,19,13,32,1.047908732664694e-05,2.3807256451766497e-05,0.23679717944468415,0.041830649248193408,1.1577884758168366,short,1621,3905
pathways,14,29,43,7.7214327670030089e-06,5.3108495161632956e-05,0.59558302925609752,0.031433332430271674,3.359286940171629,short,565,4961
patient,573,382,955,0.00031602721253519455,0.00069956707419806176,0.22851968289815972,0.0014029775448392687,6.1009610551080433,short,180,5346
patients,292,139,431,0.00016104702628320561,0.00025455451129196486,0.12420711188670275,0.0031380958189056412,2.2172433620684782,short,966,4560
patriot,46,40,86,2.537042194872417e-05,7.3253096774666146e-05,0.31544877417496053,0.015512849415232207,2.5326959488925351,short,830,4696
patrol,40,20,60,2.2061236477151454e-05,3.6626548387333073e-05,0.13881707427274215,0.022500583895678029,0.92543515394981346,short,1786,3740
paul,31,53,84,1.7097458269792376e-05,9.706035322643265e-05,0.53702544829989129,0.015995506150199203,4.2461552866303052,short,369,5157
pay,1569,595,2164,0.00086535200081626579,0.0010896398145231589,0.059668160594418929,0.00063091564618736687,2.3755107555285213,short,888,4638
pay-as-you-go,36,9,45,1.9855112829436307e-05,1.6481946774299883e-05,-0.043508878159414621,0.030864781422370185,-0.24765453359685466,official,2625,2901
payable,214,0,214,0.00011802761515276027,0,-0.33121904734144536,0.0070099297247921627,-3.9560199370785245,official,5132,394
paycheck,2,38,40,1.1030618238575726e-06,6.9590441935932839e-05,0.98101304693176239,0.036630620522145829,5.1256936445855263,short,251,5275
payday,23,13,36,1.2685210974362085e-05,2.3807256451766497e-05,0.17624263602608359,0.037357899697328778,0.91184233969071704,short,1799,3730
payer,13,17,30,7.1699018550742223e-06,3.1132566129233112e-05,0.45091041425676259,0.044532993586662906,2.1367283922744451,short,1007,4518
paying,47,10,57,2.5921952860652958e-05,1.8313274193666537e-05,-0.077743087673768585,0.024541341644080505,-0.49626384324746797,official,2820,2707
payment,1711,342,2053,0.0009436693903101534,0.00062631397742339556,-0.09021976429628964,0.00068379572933169634,-3.4501541237174687,official,5010,516
payments,1490,111,1601,0.00082178105877389162,0.00020327734354969856,-0.22902698400429333,0.0009082163071055452,-7.5996222623499134,official,5402,124
payroll,125,31,156,6.8941363991098292e-05,5.6771150000366263e-05,-0.045291978283804823,0.00890689636285227,-0.47990811189147548,official,2803,2722
pays,20,23,43,1.1030618238575727e-05,4.2120530645433034e-05,0.40848469035702273,0.031025114916424776,2.319097911610545,short,915,4612
peace,336,269,605,0.00018531438640807221,0.00049262707580962988,0.28816961434484334,0.0022074480539384963,6.1334233053434311,short,178,5348
peaceful,66,3,69,3.6401040187299898e-05,5.493982258099961e-06,-0.26665917640409198,0.021296880193037108,-1.8272523939962864,official,4220,1306
peacekeeping,31,20,51,1.7097458269792376e-05,3.6626548387333073e-05,0.2179224716702528,0.026280212887050673,1.3442733117057741,short,1501,4023
peak,21,8,29,1.1582149150504513e-05,1.4650619354933229e-05,0.060852715607417451,0.047027610914738012,0.28061023378377176,short,2260,3271
peanut,11,25,36,6.06684003121665e-06,4.5783185484166341e-05,0.62269305096462269,0.037670622258013882,3.2082826458551637,short,594,4932
peanuts,31,0,31,1.7097458269792376e-05,0,-0.3311943135622748,0.048387680661882995,-1.5056203243148938,official,3856,1677
peck,17,13,30,9.376025502789367e-06,2.3807256451766497e-05,0.27301310667028389,0.044532993586418761,1.293726731613845,short,1547,3981
pedestrian,14,14,28,7.7214327670030089e-06,2.5638583871133151e-05,0.36196144686223697,0.047619631506891448,1.658705559703975,short,1304,4226
pediatric,100,50,150,5.5153091192878632e-05,9.1566370968332683e-05,0.1388224282424293,0.00900058391851403,1.46326941096889,short,1413,4113
peer,25,4,29,1.3788272798219658e-05,7.3253096774666146e-06,-0.13052101225680879,0.04882213270901567,-0.59070692178118833,official,2898,2629
pell,88,41,129,4.85347202497332e-05,7.5084424194032807e-05,0.11786464594359991,0.010491231785115433,1.1507217315873226,short,1625,3902
penal,17,8,25,9.376025502789367e-06,1.4650619354933229e-05,0.12079629215351595,0.054113137999331616,0.51928077488736624,short,2086,3445
penalties,907,58,965,0.00050023853711940924,0.00010621699032326591,-0.24240742179016905,0.0015122892500210709,-6.233449996223559,official,5355,171
penalty,401,205,606,0.00022116389568344332,0.00037542212097016399,0.14553202619487671,0.0022266783164995758,3.0841098327241432,short,632,4894
penalty-free,45,1,46,2.4818891036795385e-05,1.8313274193666537e-06,-0.29876048113659692,0.032266190624942924,-1.6632184829229784,official,4041,1486
pending,178,0,178,9.8172502323323963e-05,0,-0.33121418138542325,0.0084275502141319594,-3.607931213624739,official,5052,473
pennsylvania,118,10,128,6.5080647607596788e-05,1.8313274193666537e-05,-0.2161322544613995,0.011312001372938469,-2.0321223809162916,official,4394,1132
pension,812,495,1307,0.00044784310048617452,0.00090650707258649365,0.20002238793715232,0.0010274438899040305,6.2402149675280825,short,174,5352
pensions,119,31,150,6.5632178519525576e-05,5.6771150000366263e-05,-0.034259463220122299,0.0092429179147663788,-0.35634937879844153,official,2709,2817
pentagon,17,12,29,9.376025502789367e-06,2.1975929032399844e-05,0.24689081415788472,0.046129958225176765,1.1495117137519399,short,1627,3900
people,505,60,565,0.00027852311052403711,0.00010987964516199922,-0.17574655428437147,0.0025351634552526038,-3.4904694080773702,official,5020,506
people's,129,13,142,7.1147487638813432e-05,2.3807256451766497e-05,-0.19674824809229285,0.01014223371798317,-1.9536378773965466,official,4339,1187
peoples,33,6,39,1.8200520093649949e-05,1.0987964516199922e-05,-0.10804834008981601,0.036111695001033749,-0.56858338212400239,official,2886,2639
percent,784,24,808,0.0004324002349521685,4.3951858064799688e-05,-0.28705208379897229,0.001830647850982988,-6.709007831467364,official,5381,145
percentage,215,4,219,0.00011857914606468906,7.3253096774666146e-06,-0.30394296953366862,0.0067890363299840462,-3.6888248584800412,official,5073,453
perform,195,3,198,0.00010754852782611334,5.493982258099961e-06,-0.30857265614648277,0.0075202375670442431,-3.5582926102821526,official,5032,494
performance,530,137,667,0.00029231138332225676,0.00025089185645323157,-0.036027531913910948,0.0020797870270983726,-0.78999633974447669,official,3052,2474
performed,187,0,187,0.00010313628053068304,0,-0.33121539786090182,0.0080219742984292842,-3.6980253623458812,official,5075,452
performers,34,1,35,1.8752051005578734e-05,1.8313274193666537e-06,-0.28863465584402803,0.042271115289650156,-1.4038691211362171,official,3684,1846
performing,154,24,178,8.4935760437033098e-05,4.3951858064799688e-05,-0.13492025819525111,0.0079631271657381146,-1.5119427193770389,official,3867,1659
period,1253,32,1285,0.00069106823264676923,5.8602477419732917e-05,-0.2942179477207798,0.0011538966574239525,-8.6613523055583723,official,5434,92
periodic,172,4,176,9.4863316851751247e-05,7.3253096774666146e-06,-0.29731002369647186,0.0084297026957208445,-3.2381981666851178,official,4951,575
periods,227,0,227,0.00012519751700783451,0,-0.33122080452768898,0.0066085134488524438,-4.074419283826658,official,5155,371
perishable,32,21,53,1.7648989181721161e-05,3.8457875806699727e-05,0.22337599221162208,0.025278803289971886,1.4049414943912577,short,1456,4071
perkins,44,15,59,2.42673601248666e-05,2.7469911290499805e-05,0.031293946230606551,0.023222835272730651,0.2053537846299055,short,2302,3224
permanency,14,31,45,7.7214327670030089e-06,5.6771150000366263e-05,0.61516497195726316,0.030107631172063786,3.5453025644027001,short,511,5016
permanent,1031,116,1147,0.00056862837019857866,0.00021243398064653182,-0.18304744601942158,0.0012514866154801356,-5.1742876581969766,official,5277,249
permanently,255,15,270,0.00014064038254184053,2.7469911290499805e-05,-0.2489797594972547,0.0054141177789727981,-3.3837649962237251,official,4995,531
permit,1674,19,1693,0.00092326274656878834,3.4795220967966419e-05,-0.31462066248284781,0.00088169672351131017,-10.595650577776585,official,5470,56
permits,111,0,111,6.1219931224095283e-05,0,-0.33120512568471661,0.013514097419873293,-2.8490726690254786,official,4844,682
permitted,67,0,67,3.6952571099228687e-05,0,-0.33119917892921791,0.022388643597583486,-2.2134787653827841,official,4524,1002
permitting,151,29,180,8.3281167701246733e-05,5.3108495161632956e-05,-0.097834460787714406,0.0078064209557031751,-1.1073014597604276,official,3330,2196
persecution,27,7,34,1.4891334622077231e-05,1.2819291935566576e-05,-0.035345248692845388,0.040784270414206659,-0.17501879641426113,official,2574,2952
persian,77,46,123,4.2467880218516549e-05,8.4241061290866068e-05,0.19354864125641313,0.010917743675281861,1.8523526881862864,short,1165,4361
person,420,4,424,0.00023164298301009027,7.3253096774666146e-06,-0.31712721749677364,0.0035218667010170146,-5.3437614157865729,official,5291,235
person's,37,0,37,2.0406643741365096e-05,0,-0.33119512444674726,0.040541124429630225,-1.6448868926211853,official,4023,1504
personal,824,182,1006,0.00045446147142931992,0.00033330159032473098,-0.070117390242221411,0.0013887830556151104,-1.8815186990256101,official,4280,1246
personalized,29,7,36,1.5994396445934803e-05,1.2819291935566576e-05,-0.051230875717697799,0.038641013227387305,-0.26061987172390622,official,2638,2889
personally,60,0,60,3.3091854715727182e-05,0,-0.33119823287434791,0.025000583894457303,-2.0946570847811805,official,4448,1081
personnel,891,200,1091,0.00049141404252854863,0.00036626548387333073,-0.06676294725031795,0.0012797183536932338,-1.8662864419373701,official,4268,1258
persons,2094,98,2192,0.0011549057295788786,0.00017947008709793207,-0.26508425469049168,0.00067058339996292193,-10.236642426653276,official,5465,61
pertaining,93,0,93,5.1292374809377128e-05,0,-0.33120269289505622,0.016129616160223369,-2.6078454076533366,official,4740,786
pest,20,18,38,1.1030618238575727e-05,3.2963893548599766e-05,0.32687111117182965,0.035099106057909384,1.7447311367332046,short,1236,4293
pesticide,40,44,84,2.2061236477151454e-05,8.0578406452132761e-05,0.39372009402242902,0.015877600031776351,3.1246052013101706,short,619,4907
pesticides,87,11,98,4.7983189337804412e-05,2.014460161303319e-05,-0.16705770801530484,0.014580301236008085,-1.3835130828960223,official,3668,1858
pet,18,45,63,9.9275564147181536e-06,8.2409733871499421e-05,0.64965689002984384,0.021605522169509075,4.4197903088713257,short,339,5187
petition,24,4,28,1.3236741886290871e-05,7.3253096774666146e-06,-0.12355220779484988,0.050481353118002704,-0.54990164224923399,official,2871,2654
petitions,35,0,35,1.9303581917507522e-05,0,-0.33119485415147842,0.042857726745765795,-1.5998122380313102,official,3976,1561
petroleum,575,255,830,0.00031713027435905213,0.00046698849193849672,0.10353647405928168,0.0016339868482043135,2.5613509745263481,short,821,4705
pharmaceutical,91,54,145,5.0189312985519558e-05,9.8891680645799297e-05,0.19144201066727895,0.0092629976813251511,1.9891222219628759,short,1091,4435
pharmaceuticals,57,32,89,3.1437261979940824e-05,5.8602477419732917e-05,0.17414763703878222,0.015114361781589033,1.4165198974578734,short,1450,4076
pharmacies,97,6,103,5.3498498457092274e-05,1.0987964516199922e-05,-0.24502284477130942,0.01417489583146442,-2.0580060152158293,official,4423,1103
pharmacists,31,3,34,1.7097458269792376e-05,5.493982258099961e-06,-0.20151514403003468,0.042412226300215079,-0.97850298373477296,official,3205,2324
pharmacy,56,49,105,3.0885731068012036e-05,8.9735043548966036e-05,0.31751971465457807,0.012705270525680476,2.8169473978653645,short,724,4802
phase,87,3,90,4.7983189337804412e-05,5.493982258099961e-06,-0.28160359458959583,0.016402989587809117,-2.1987542379655447,official,4521,1006
phased,29,2,31,1.5994396445934803e-05,3.6626548387333073e-06,-0.23588296598244796,0.046970280857508484,-1.0883911491523643,official,3312,2215
phaseout,23,2,25,1.2685210974362085e-05,3.6626548387333073e-06,-0.21340929925272434,0.057870954256781661,-0.8871213225527651,official,3131,2400
philippine,33,7,40,1.8200520093649949e-05,1.2819291935566576e-05,-0.078356101538849643,0.034975809771884199,-0.41897579262841655,official,2754,2772
philippines,47,8,55,2.5921952860652958e-05,1.4650619354933229e-05,-0.11988379230872503,0.025677521335422029,-0.74814180521241724,official,3013,2513
phone,37,48,85,2.0406643741365096e-05,8.7903716129599375e-05,0.44830167966597934,0.015716102207178253,3.5760035708812774,short,501,5025
phones,11,14,25,6.06684003121665e-06,2.5638583871133151e-05,0.44200455996570298,0.053419387305947134,1.9123936743801768,short,1137,4390
photographs,47,0,47,2.5921952860652958e-05,0,-0.33119647592977408,0.031915477508444694,-1.8538945757924572,official,4255,1278
photovoltaic,22,13,35,1.21336800624333e-05,2.3807256451766497e-05,0.19010966003906482,0.038377776871872535,0.97043014424081364,short,1759,3766
physical,309,75,384,0.00017042305178599498,0.00013734955645249903,-0.050030838058177096,0.0036222346551343285,-0.83128412540728902,official,3084,2442
physically,53,8,61,2.9231138332225674e-05,1.4650619354933229e-05,-0.14013846010252173,0.023265267342928775,-0.91876261943751814,official,3154,2372
physician,266,169,435,0.00014670722257305717,0.00030949433387296449,0.21306326322124391,0.0030827466549160146,3.837422845149153,short,455,5071
physicians,323,47,370,0.00017814448455299799,8.6072388710232728e-05,-0.1460092851417123,0.003841666947456183,-2.3557034562552328,official,4620,906
pick-sloan,29,3,32,1.5994396445934803e-05,5.493982258099961e-06,-0.19357131916931714,0.044965455082485319,-0.91285439989954598,official,3148,2380
piling,13,13,26,7.1699018550742223e-06,2.3807256451766497e-05,0.36196113326162127,0.051282635169367333,1.5983679866104943,short,1340,4189
pilot,683,143,826,0.00037669561284736105,0.00026187982096943151,-0.081008933887845913,0.0016952663496039887,-1.9674963980088511,official,4347,1179
pilots,45,19,64,2.4818891036795385e-05,3.4795220967966419e-05,0.089452226674378466,0.021223088594240345,0.61402614289230772,short,2007,3519
pine,28,22,50,1.5442865534006018e-05,4.028920322606638e-05,0.28192043715104553,0.026709985602868049,1.7250025173642631,short,1259,4269
pipeline,205,164,369,0.00011306383694540119,0.00030033769677613123,0.28789498011288117,0.0036189168632181179,4.7856924915086712,short,284,5242
pipelines,65,7,72,3.584950927537111e-05,1.2819291935566576e-05,-0.18858166020489264,0.019958081818779057,-1.3348733276882867,official,3567,1959
piracy,35,24,59,1.9303581917507522e-05,4.3951858064799688e-05,0.23750892184139438,0.022687074539113564,1.5768510776263873,short,1346,4180
pistol,61,0,61,3.3643385627655964e-05,0,-0.33119836802470992,0.02459074782911691,-2.1120408799705559,official,4461,1069
place,260,4,264,0.00014339803710148444,7.3253096774666146e-06,-0.30858099333452849,0.0056403241724613451,-4.1088202271501766,official,5158,368
placed,102,0,102,5.6256153016736209e-05,0,-0.33120390928537802,0.014706466257200485,-2.7311231834487839,official,4797,731
placement,164,24,188,9.0451069556320954e-05,4.3951858064799688e-05,-0.14509923919001366,0.0075584741487806544,-1.6689682284372362,official,4055,1471
places,100,9,109,5.5153091192878632e-05,1.6481946774299883e-05,-0.20970204715666441,0.013259849172844094,-1.8210982544996523,official,4218,1308
placing,26,1,27,1.4339803710148445e-05,1.8313274193666537e-06,-0.27613341190503782,0.054582794129404595,-1.1819281522976162,official,3410,2119
plain,54,35,89,2.9782669244154463e-05,6.4096459677832885e-05,0.21940240020531476,0.015058107025400896,1.7879533551313991,short,1203,4323
plains,33,21,54,1.8200520093649949e-05,3.8457875806699727e-05,0.21354201523481287,0.024828170101235357,1.3552236778722755,short,1498,4028
plan,1253,309,1562,0.00069106823264676923,0.00056588017258429597,-0.04656285332135468,0.00089029759449911776,-1.5605295095736269,official,3922,1604
planned,33,6,39,1.8200520093649949e-05,1.0987964516199922e-05,-0.10804834008981601,0.036111695001033749,-0.56858338212400239,official,2887,2640
planning,711,298,1009,0.00039213847838136706,0.00054573557097126277,0.087404853005843997,0.001347090424142977,2.3814264464911856,short,886,4640
plans,2019,17,2036,0.0011135409111842195,3.1132566129233112e-05,-0.3189569422702867,0.0007342855419604393,-11.770626272919861,official,5482,44
plant,207,60,267,0.00011416689876925877,0.00010987964516199922,-0.0092911449343784369,0.0051683925633184752,-0.12923837488381815,official,2528,2998
planting,42,5,47,2.3164298301009027e-05,9.1566370968332683e-06,-0.17543902706266046,0.030467308178677602,-1.0050997557351422,official,3230,2297
plants,242,1,243,0.0001334704806867663,1.8313274193666537e-06,-0.32505586839141642,0.0061608002630703486,-4.1413262626663618,official,5163,363
plastic,42,17,59,2.3164298301009027e-05,3.1132566129233112e-05,0.077571832491546644,0.023059468731113544,0.510833537806064,short,2092,3434
plastics,24,11,35,1.3236741886290871e-05,2.014460161303319e-05,0.11306270177038691,0.038688866866449817,0.5748126989910185,short,2033,3490
play,17,20,37,9.376025502789367e-06,3.6626548387333073e-05,0.4160309551774759,0.036062962057951717,2.1907607348979345,short,978,4548
pledge,15,11,26,8.2729636789317955e-06,2.014460161303319e-05,0.25930581142702813,0.05141785481666003,1.1435503028092306,short,1633,3896
plug-in,21,4,25,1.1582149150504513e-05,7.3253096774666146e-06,-0.099389553078838233,0.056222472942005629,-0.41916572724057177,official,2760,2767
plus,20,51,71,1.1030618238575727e-05,9.3397698387699343e-05,0.65513877806952792,0.019186316200623815,4.7297426126231361,short,294,5232
plutonium,19,11,30,1.047908732664694e-05,2.014460161303319e-05,0.18371119350408449,0.044798991055872608,0.86796357927448986,short,1828,3697
point,92,28,120,5.074084389744834e-05,5.1277167742266302e-05,0.002583187019791211,0.011474321799001574,0.024115281561267531,short,2423,3103
points,30,1,31,1.6545927357863591e-05,1.8313274193666537e-06,-0.28318451048819249,0.0476440265107013,-1.2973742263751389,official,3533,1994
poison,26,15,41,1.4339803710148445e-05,2.7469911290499805e-05,0.1826193452227205,0.032783099882409919,1.0086065236545385,short,1723,3804
poisoning,19,27,46,1.047908732664694e-05,4.9445840322899649e-05,0.47803877611610801,0.029083829414439714,2.8030918680362165,short,732,4795
poland,22,3,25,1.21336800624333e-05,5.493982258099961e-06,-0.15598766199757463,0.056991465345438898,-0.65340933830646286,official,2950,2576
polar,22,19,41,1.21336800624333e-05,3.4795220967966419e-05,0.31317244527334864,0.03254026643086539,1.7360930202993992,short,1246,4281
police,223,146,369,0.00012299139336011935,0.00026737380322753142,0.22265270647755919,0.0036315207374981854,3.6947385706435267,short,474,5052
policies,735,18,753,0.00040537522026765793,3.2963893548599766e-05,-0.29563406701927608,0.0019696439293044993,-6.6613249088458328,official,5378,148
policing,21,10,31,1.1582149150504513e-05,1.8313274193666537e-05,0.12428705400049722,0.043621597021508057,0.59507966968927262,short,2021,3506
policy,1762,702,2464,0.00097179746681852149,0.0012855918483953908,0.073247069869247561,0.00055307085198768994,3.1145827267990636,short,621,4905
policyholder,14,16,30,7.7214327670030089e-06,2.9301238709866458e-05,0.40641410692263769,0.044466987050487974,1.9273026663315229,short,1132,4394
political,619,167,786,0.00034139763448391876,0.00030583167903423119,-0.026229339363274207,0.0017616457897160088,-0.62492522763694369,official,2919,2607
politics,17,9,26,9.376025502789367e-06,1.6481946774299883e-05,0.15610674350869758,0.051827826411988853,0.68570950009021792,short,1959,3566
poll,12,17,29,6.6183709431454357e-06,3.1132566129233112e-05,0.47703239316799717,0.046129958225481937,2.2210397971033933,short,965,4563
polling,45,5,50,2.4818891036795385e-05,9.1566370968332683e-06,-0.18459048772359665,0.028708717863720586,-1.0894377469247187,official,3315,2212
pollutant,25,4,29,1.3788272798219658e-05,7.3253096774666146e-06,-0.13052101225680879,0.04882213270901567,-0.59070692178118833,official,2899,2630
pollutants,76,6,82,4.1916349306587761e-05,1.0987964516199922e-05,-0.22330874079818486,0.01769333418764486,-1.6788074292372475,official,4064,1463
polluter,0,29,29,0,5.3108495161632956e-05,1.0551172506066742,0.051724721820027235,4.6392912906077903,short,307,5219
pollution,906,240,1146,0.00049968700620748045,0.00043951858064799688,-0.030450720471349335,0.0012094143188749479,-0.8756086021981403,official,3115,2411
polygraph,18,16,34,9.9275564147181536e-06,2.9301238709866458e-05,0.32274109062469947,0.039231353120135364,1.6294371679975943,short,1318,4207
pool,51,21,72,2.8128076508368104e-05,3.8457875806699727e-05,0.082374725510621971,0.018883353371395635,0.59945200935002863,short,2017,3510
pools,57,0,57,3.1437261979940824e-05,0,-0.33119782742392978,0.02631637336744138,-2.0416178755799019,official,4403,1121
poor,95,11,106,5.2395436633234704e-05,2.014460161303319e-05,-0.17918181964675384,0.013522716830982258,-1.5408556874366641,official,3897,1630
popularly,43,0,43,2.3715829212937812e-05,0,-0.33119593533522895,0.034884304820722481,-1.7732499726578297,official,4167,1364
population,217,28,245,0.00011968220788854664,5.1277167742266302e-05,-0.16415280264497412,0.0058280897668503287,-2.1502313318124977,official,4489,1037
populations,158,10,168,8.7141884084748238e-05,1.8313274193666537e-05,-0.24317364107157147,0.0086860461109401019,-2.6091883594997451,official,4745,781
pornography,59,47,106,3.2540323803798394e-05,8.6072388710232728e-05,0.28646262175708692,0.012597137681086045,2.5523017857356729,short,825,4701
port,98,90,188,5.4050029369021062e-05,0.00016481946774299884,0.33361350384234889,0.0070942097284868218,3.9608793126139337,short,420,5106
portability,83,40,123,4.5777065690089265e-05,7.3253096774666146e-05,0.12783782142784972,0.01098992216879421,1.2194445373245941,short,1594,3932
portable,34,5,39,1.8752051005578734e-05,9.1566370968332683e-06,-0.1443151019641018,0.036426486754120628,-0.75614160924646767,official,3017,2509
portfolio,19,9,28,1.047908732664694e-05,1.6481946774299883e-05,0.12272883835794701,0.048304206659246528,0.55841123397970827,short,2046,3481
portion,402,0,402,0.00022171542659537211,0,-0.33124446078939229,0.00373192725786555,-5.4222812398245281,official,5300,226
portions,83,0,83,4.5777065690089265e-05,0,-0.33120134136082946,0.018072873056451534,-2.4636470410086058,official,4687,838
ports,162,37,199,8.9348007732463391e-05,6.7759114516566192e-05,-0.063094387252531803,0.0070079551672433725,-0.75369402022121823,official,3015,2511
pose,27,0,27,1.4891334622077231e-05,0,-0.33119377297485109,0.055556139442311518,-1.4051287926382199,official,3706,1835
posed,53,0,53,2.9231138332225674e-05,0,-0.3311972868249331,0.028302470685276498,-1.9686775815294346,official,4354,1178
position,141,0,141,7.7765858581958878e-05,0,-0.33120918041429626,0.010638881785701897,-3.211104020873214,official,4949,578
positions,176,0,176,9.70694404994664e-05,0,-0.33121391105876263,0.0085233111942576018,-3.5876031473415115,official,5046,480
positive,45,27,72,2.4818891036795385e-05,4.9445840322899649e-05,0.19490900645895337,0.018648602546924489,1.4272786228552061,short,1447,4079
possess,31,0,31,1.7097458269792376e-05,0,-0.3311943135622748,0.048387680661882995,-1.5056203243148938,official,3857,1678
possessing,25,0,25,1.3788272798219658e-05,0,-0.33119350268180803,0.060000583886289226,-1.3520852339749585,official,3607,1932
possession,208,10,218,0.00011471842968118756,1.8313274193666537e-05,-0.26316028545073245,0.0067339666845999549,-3.2068959346245212,official,4946,580
possessions,35,5,40,1.9303581917507522e-05,9.1566370968332683e-06,-0.14887105364682185,0.035556139445650538,-0.78950150413612197,official,3049,2475
possible,132,0,132,7.2802080374599797e-05,0,-0.33120796398490171,0.011364220274897311,-3.1069262856862307,official,4925,601
post,114,55,169,6.2874523959881648e-05,0.00010072300806516596,0.12816548553941942,0.0079984385421331544,1.4330735522502673,short,1440,4086
post-9,50,16,66,2.7576545596439316e-05,2.9301238709866458e-05,0.015086535281179536,0.020816395503226077,0.10456509765249061,short,2368,3160
post-hospital,34,0,34,1.8752051005578734e-05,0,-0.3311947190040101,0.044118230947213094,-1.576791820221908,official,3942,1590
post-secondary,25,4,29,1.3788272798219658e-05,7.3253096774666146e-06,-0.13052101225680879,0.04882213270901567,-0.59070692178118833,official,2900,2631
post-traumatic,32,7,39,1.7648989181721161e-05,1.2819291935566576e-05,-0.072082607506347429,0.0358242213670198,-0.38083960709714165,official,2730,2794
postage,85,8,93,4.6880127513946835e-05,1.4650619354933229e-05,-0.20471387456671408,0.015519551529746932,-1.6432653376609034,official,4014,1513
postal,490,278,768,0.00027025014684510529,0.00050910902258392973,0.17746581169449449,0.0017515195808826447,4.2404036668487652,short,372,5154
posthumously,62,0,62,3.4194916539584752e-05,0,-0.33119850317518207,0.024194132282020834,-2.129282770545442,official,4475,1057
posting,39,2,41,2.1509705565222665e-05,3.6626548387333073e-06,-0.25887383567882871,0.035756397843633617,-1.3690246824632681,official,3624,1905
postpartum,22,13,35,1.21336800624333e-05,2.3807256451766497e-05,0.19010966003906482,0.038377776871872535,0.97043014424081364,short,1760,3767
postsecondary,171,31,202,9.4311785939822458e-05,5.6771150000366263e-05,-0.10859210907335282,0.0069733945705063513,-1.3003975674729653,official,3537,1989
potential,377,15,392,0.00020792715379715245,2.7469911290499805e-05,-0.27436495282815088,0.0037579765469022844,-4.4756034652766186,official,5208,318
potentially,31,0,31,1.7097458269792376e-05,0,-0.3311943135622748,0.048387680661882995,-1.5056203243148938,official,3858,1679
poultry,203,71,274,0.00011196077512154363,0.00013002424677503242,0.037989409320754675,0.0049955707320764485,0.53748950012658103,short,2062,3464
pounds,27,0,27,1.4891334622077231e-05,0,-0.33119377297485109,0.055556139442311518,-1.4051287926382199,official,3707,1836
poverty,162,56,218,8.9348007732463391e-05,0.0001025543354845326,0.034917146465826221,0.0062817979186164169,0.44055158084736101,short,2137,3389
pow,16,23,39,8.8244945908605804e-06,4.2120530645433034e-05,0.4817664151060459,0.034311434330842959,2.6008606529445868,short,798,4728
powder,25,9,34,1.3788272798219658e-05,1.6481946774299883e-05,0.045620388341754747,0.040205550384800136,0.22751811035077671,short,2289,3236
power,795,288,1083,0.00043846707498338512,0.00052742229677759625,0.047311883372913144,0.0012624601165250801,1.3315620318783543,short,1512,4014
powerplant,28,23,51,1.5442865534006018e-05,4.2120530645433034e-05,0.29658083431134585,0.02617232525537553,1.8332509897680387,short,1173,4353
powerplants,105,0,105,5.7910745752522567e-05,0,-0.33120431475082235,0.014286298190673752,-2.7709974782839271,official,4811,717
powers,208,117,325,0.00011471842968118756,0.0002142653080658985,0.17476991016363108,0.0041392000102455917,2.7164921650519225,short,752,4774
practicable,41,0,41,2.2612767389080238e-05,0,-0.33119566503862252,0.036585949743681713,-1.7315198594889014,official,4124,1406
practical,48,4,52,2.6473483772581743e-05,7.3253096774666146e-06,-0.21786613079760642,0.027857726749977288,-1.3053196730809609,official,3541,1984
practice,257,45,302,0.00014174344436569808,8.2409733871499421e-05,-0.11488217730221351,0.0046713370997435531,-1.6808619791962556,official,4065,1461
practices,1096,295,1391,0.0006044778794739498,0.00054024158871316286,-0.026776998054016232,0.00099579490601144852,-0.84854902126591858,official,3102,2424
practitioner,42,13,55,2.3164298301009027e-05,2.3807256451766497e-05,0.006753940726392571,0.025015744597540523,0.042702227283136822,short,2414,3112
practitioners,122,2,124,6.7286771255311927e-05,3.6626548387333073e-06,-0.30710816332393165,0.012002132496430342,-2.8032520749630736,official,4825,701
prairie,25,17,42,1.3788272798219658e-05,3.1132566129233112e-05,0.234806131031009,0.031875109567995392,1.3151751351540539,short,1525,4001
prayer,24,28,52,1.3236741886290871e-05,5.1277167742266302e-05,0.41325967228848981,0.025658478631141422,2.579927940213536,short,808,4719
preborn,26,5,31,1.4339803710148445e-05,9.1566370968332683e-06,-0.097576542941558486,0.045322221314895203,-0.45834218814117572,official,2787,2740
precedent,26,0,26,1.4339803710148445e-05,0,-0.33119363782827449,0.057692891578830292,-1.3788620927062918,official,3661,1882
preceding,68,0,68,3.7504102011157468e-05,0,-0.33119931408035796,0.022059407425736092,-2.2299365591132045,official,4534,993
precipitation,14,12,26,7.7214327670030089e-06,2.1975929032399844e-05,0.31066725498678593,0.051316373360939228,1.371410600070974,short,1484,4044
predator,21,19,40,1.1582149150504513e-05,3.4795220967966419e-05,0.32862632431888983,0.033343179056273181,1.7996947383818593,short,1196,4332
predators,32,30,62,1.7648989181721161e-05,5.493982258099961e-05,0.34045998903898678,0.021508446986486896,2.3214618666321178,short,912,4615
predatory,70,25,95,3.8607163835015045e-05,4.5783185484166341e-05,0.043505083822886093,0.014394523298090949,0.36261132710069127,short,2201,3325
predictable,36,1,37,1.9855112829436307e-05,1.8313274193666537e-06,-0.29092064141968699,0.040015003499821226,-1.4543304820808742,official,3764,1766
preemption,33,4,37,1.8200520093649949e-05,7.3253096774666146e-06,-0.17296878367500668,0.038676542077487136,-0.87951633963662557,official,3122,2405
preexisting,22,3,25,1.21336800624333e-05,5.493982258099961e-06,-0.15598766199757463,0.056991465345438898,-0.65340933830646286,official,2951,2577
preference,158,32,190,8.7141884084748238e-05,5.8602477419732917e-05,-0.087575035072196883,0.0073786516496465396,-1.0195107657033906,official,3249,2277
preferences,75,13,88,4.1364818394658973e-05,2.3807256451766497e-05,-0.11667692981405686,0.016036543325948689,-0.92136054727807148,official,3155,2371
preferential,73,2,75,4.0261756570801403e-05,3.6626548387333073e-06,-0.29145876369590873,0.019744353641849798,-2.0742240135865186,official,4436,1090
preferred,31,5,36,1.7097458269792376e-05,9.1566370968332683e-06,-0.12916544198072621,0.039316200925928871,-0.65141920985745039,official,2941,2588
pregnancies,37,1,38,2.0406643741365096e-05,1.8313274193666537e-06,-0.29197396255191599,0.038974942863743069,-1.4789428100164579,official,3805,1723
pregnancy,87,66,153,4.7983189337804412e-05,0.00012086760967819914,0.27040772329992535,0.0087334606325196878,2.8935161331017265,short,693,4833
pregnant,192,43,235,0.00010589393509032697,7.8747079032766114e-05,-0.067212495586080223,0.0059396266147915683,-0.87210835803256859,official,3113,2413
prekindergarten,55,16,71,3.0334200156083247e-05,2.9301238709866458e-05,-0.0084169849111930262,0.019431344708072201,-0.060381670035537863,official,2485,3041
premium,187,34,221,0.00010313628053068304,6.2265132258466224e-05,-0.10805658847768562,0.0063731329537167394,-1.3535514321522357,official,3613,1913
premiums,231,4,235,0.00012740364065554963,7.3253096774666146e-06,-0.30579445177491849,0.0063306071007365374,-3.8433233210417441,official,5107,419
prenotification,48,0,48,2.6473483772581743e-05,0,-0.33119661107868836,0.031250583891656789,-1.8735134540177161,official,4279,1252
prepaid,52,25,77,2.8679607420296889e-05,4.5783185484166341e-05,0.12712165651660179,0.017556443453074243,0.95940344258783472,short,1765,3761
preparation,151,33,184,8.3281167701246733e-05,6.0433804839099571e-05,-0.072281720587380249,0.0075939534831531083,-0.8294582204782186,official,3083,2443
prepare,329,18,347,0.0001814536700245707,3.2963893548599766e-05,-0.25437505618149103,0.0042195999307688588,-3.9159657456805754,official,5122,404
prepared,71,1,72,3.9158694746943826e-05,1.8313274193666537e-06,-0.31043727934031828,0.020692221027312174,-2.1580937861452263,official,4494,1033
preparedness,172,158,330,9.4863316851751247e-05,0.00028934973225993129,0.33372000525001155,0.0040417961675009622,5.2492231789004,short,239,5287
preparing,51,11,62,2.8128076508368104e-05,2.014460161303319e-05,-0.074973277331329413,0.022548771554705648,-0.49928101487969462,official,2829,2698
prepayment,23,15,38,1.2685210974362085e-05,2.7469911290499805e-05,0.22137872869091879,0.035261951041491289,1.1789156149407185,short,1611,3917
preschool,24,4,28,1.3236741886290871e-05,7.3253096774666146e-06,-0.12355220779484988,0.050481353118002704,-0.54990164224923399,official,2872,2655
prescribe,379,9,388,0.00020903021562101003,1.6481946774299883e-05,-0.29664065254148042,0.0038232566240200272,-4.7974885069137621,official,5242,284
prescribed,82,7,89,4.5225534778160477e-05,1.2819291935566576e-05,-0.21536624944483584,0.016265203784693507,-1.6886820636446529,official,4071,1455
prescribing,67,7,74,3.6952571099228687e-05,1.2819291935566576e-05,-0.19235959284975834,0.019438461492057815,-1.3796944105790467,official,3666,1860
prescription,824,438,1262,0.00045446147142931992,0.00080212140968259431,0.15742218561259147,0.0010682058814172214,4.8165764213997306,short,281,5245
prescriptions,40,8,48,2.2061236477151454e-05,1.4650619354933229e-05,-0.09002988312659177,0.029221363112924295,-0.52666741689389329,official,2849,2678
presence,76,0,76,4.1916349306587761e-05,0,-0.33120039529349299,0.019737426003454517,-2.3574668201706119,official,4624,904
present,232,2,234,0.00012795517156747842,3.6626548387333073e-06,-0.3184272313825236,0.0063837948175642254,-3.9853892121027461,official,5141,386
presentation,21,4,25,1.1582149150504513e-05,7.3253096774666146e-06,-0.099389553078838233,0.056222472942005629,-0.41916572724057177,official,2761,2768
presented,38,0,38,2.095817465329388e-05,0,-0.33119525959454954,0.039474268099849372,-1.6669672550603276,official,4052,1480
presently,58,0,58,3.1988792891869606e-05,0,-0.33119796257395784,0.025862652859507791,-2.0594493774876743,official,4431,1096
preservation,585,1069,1654,0.00032264558347834001,0.0019576890113029528,0.55806286870042054,0.00081445430345474662,19.554637344451358,short,19,5507
preserve,665,87,752,0.00036676805643264291,0.00015932548548489887,-0.16218032310463926,0.00189819547658881,-3.7224398964464593,official,5084,442
preserving,50,155,205,2.7576545596439316e-05,0.00028385575000183132,0.70686034563240341,0.0066999303429901135,8.635718457378184,short,99,5427
president,1323,19,1342,0.0007296753964817843,3.4795220967966419e-05,-0.31019764077825229,0.0011105725739983556,-9.3081852581926352,official,5451,75
president's,124,15,139,6.8389833079169504e-05,2.7469911290499805e-05,-0.17325440059977737,0.010296371776138045,-1.7074270859506724,official,4090,1436
presidential,352,242,594,0.0001941388809989328,0.00044318123548673022,0.23840413999360699,0.0022538387351202418,5.0217186105259746,short,265,5261
presidents,46,19,65,2.537042194872417e-05,3.4795220967966419e-05,0.083245963491531683,0.020914354810554796,0.57562672426046357,short,2032,3494
press,35,25,60,1.9303581917507522e-05,4.5783185484166341e-05,0.25073790995587864,0.022291605567809843,1.6793813521481151,short,1292,4237
presumption,83,0,83,4.5777065690089265e-05,0,-0.33120134136082946,0.018072873056451534,-2.4636470410086058,official,4688,839
pretrial,52,21,73,2.8679607420296889e-05,3.8457875806699727e-05,0.076940497550690878,0.018638881771113419,0.56356636264331783,short,2039,3488
prevailing,103,5,108,5.680768392866499e-05,9.1566370968332683e-06,-0.26252493489198869,0.013589477920979694,-2.2520040813243813,official,4553,973
prevent,1970,86,2056,0.001086515896499709,0.00015749415806553223,-0.26930413418233456,0.00071582326823107123,-10.065610359987724,official,5461,65
preventing,199,114,313,0.00010975465147382848,0.00020877132580779853,0.18044071038115383,0.0042956293351745778,2.7530945610324733,short,741,4785
prevention,1489,2230,3719,0.00082122952786196283,0.0040838601451876379,0.49578506374591846,0.00036069265328467058,26.105065702190771,short,10,5516
preventive,167,71,238,9.2105662292107319e-05,0.00013002424677503242,0.091420558568829691,0.0057059656974972565,1.2102617067036896,short,1599,3927
previous,54,0,54,2.9782669244154463e-05,0,-0.33119742197451529,0.02777836167083482,-1.9871636467178257,official,4368,1162
previously,62,0,62,3.4194916539584752e-05,0,-0.33119850317518207,0.024194132282020834,-2.129282770545442,official,4476,1058
price,775,335,1110,0.00042743645674480941,0.00061349468548782895,0.096184169340157943,0.0012231296613423566,2.7502194532593007,short,742,4784
price-anderson,19,17,36,1.047908732664694e-05,3.1132566129233112e-05,0.32492084569991597,0.037050326600013984,1.6880354178181614,short,1276,4250
priced,29,3,32,1.5994396445934803e-05,5.493982258099961e-06,-0.19357131916931714,0.044965455082485319,-0.91285439989954598,official,3149,2381
prices,551,22,573,0.00030389353247276126,4.028920322606638e-05,-0.27419517565150109,0.002570935999758106,-5.4077197487583204,official,5298,228
pricing,79,66,145,4.3570942042374119e-05,0.00012086760967819914,0.3021880796049139,0.0092042061255004637,3.1498085733313297,short,606,4920
primaries,26,39,65,1.4339803710148445e-05,7.1421769355299499e-05,0.49550243653295922,0.020604979502400259,3.4519118831848061,short,537,4989
primarily,66,0,66,3.6401040187299898e-05,0,-0.33119904377818798,0.022727856623130299,-2.1968976977465036,official,4518,1009
primary,383,90,473,0.00021123633926872516,0.00016481946774299884,-0.057045067462727417,0.0029450072296990275,-1.051174738314963,official,3286,2240
prime,15,12,27,8.2729636789317955e-06,2.1975929032399844e-05,0.28785244207683647,0.049451133338037835,1.2944396089710888,short,1544,3984
principal,214,16,230,0.00011802761515276027,2.9301238709866458e-05,-0.22855771302083561,0.0063178768377695751,-2.8754796875755253,official,4856,670
principals,59,3,62,3.2540323803798394e-05,5.493982258099961e-06,-0.25945284663129442,0.023649662089639908,-1.6871199854855177,official,4068,1458
principles,144,13,157,7.9420451317745229e-05,2.3807256451766497e-05,-0.20936839918896943,0.009205195995278373,-2.1822003071015854,official,4510,1016
printed,30,5,35,1.6545927357863591e-05,9.1566370968332683e-06,-0.12355256992935537,0.040385199273543497,-0.61480963961966373,official,2909,2619
printing,34,28,62,1.8752051005578734e-05,5.1277167742266302e-05,0.29742650532899084,0.021528361674410867,2.027095352037394,short,1075,4451
prior,273,6,279,0.00015056793895655866,1.0987964516199922e-05,-0.29913601523478661,0.005320950078660831,-4.1008521521539603,official,5157,369
priorities,117,130,247,6.4529116695667999e-05,0.00023807256451766499,0.39709090491244403,0.0054003565871902585,5.4035443619665058,short,215,5311
prioritize,35,5,40,1.9303581917507522e-05,9.1566370968332683e-06,-0.14887105364682185,0.035556139445650538,-0.78950150413612197,official,3050,2476
priority,235,67,302,0.00012960976430326479,0.0001226989370975658,-0.013246087566420428,0.0045728084482248464,-0.19588271596490375,official,2595,2931
prison,159,141,300,8.7693414996677026e-05,0.00025821716613069816,0.32199351141605703,0.0044468068926991535,4.8286195133131642,short,280,5246
prisoner,29,58,87,1.5994396445934803e-05,0.00010621699032326591,0.58512271624763201,0.015517825283609168,4.6971186445781727,short,298,5227
prisoners,164,32,196,9.0451069556320954e-05,5.8602477419732917e-05,-0.094809150611569137,0.0071643266182101302,-1.120114881899593,official,3353,2173
prisons,108,22,130,5.9565338488308925e-05,4.028920322606638e-05,-0.086437819881494349,0.010781211952826967,-0.83247272372951153,official,3086,2441
privacy,485,596,1081,0.00026749249228546134,0.0010914711419425255,0.43064094047443646,0.0012354566952189061,12.251846630139783,short,49,5477
private,1691,293,1984,0.00093263877207157763,0.00053657893387442951,-0.11683441790264304,0.00071186755748804079,-4.378962223924705,official,5192,334
privately,47,0,47,2.5921952860652958e-05,0,-0.33119647592977408,0.031915477508444694,-1.8538945757924572,official,4256,1279
privatization,29,58,87,1.5994396445934803e-05,0.00010621699032326591,0.58512271624763201,0.015517825283609168,4.6971186445781727,short,299,5228
privilege,56,29,85,3.0885731068012036e-05,5.3108495161632956e-05,0.14940106004361553,0.015864712308183562,1.1861444426993932,short,1604,3922
privileges,70,8,78,3.8607163835015045e-05,1.4650619354933229e-05,-0.18091379135733199,0.018385247632647352,-1.3342491451027689,official,3564,1961
prize,32,22,54,1.7648989181721161e-05,4.028920322606638e-05,0.23834864828027946,0.024786385607986131,1.5139310365499237,short,1386,4140
pro,23,22,45,1.2685210974362085e-05,4.028920322606638e-05,0.34714873475834374,0.029631839379568998,2.0166767030392374,short,1081,4446
probation,25,9,34,1.3788272798219658e-05,1.6481946774299883e-05,0.045620388341754747,0.040205550384800136,0.22751811035077671,short,2290,3237
problem,81,7,88,4.4674003866231695e-05,1.2819291935566576e-05,-0.21407257258069912,0.016444059454206482,-1.669385008058818,official,4057,1470
problems,209,1,210,0.00011526996059311635,1.8313274193666537e-06,-0.32408352862917056,0.0071265552672867853,-3.8389913190195433,official,5106,420
procedural,48,34,82,2.6473483772581743e-05,6.2265132258466224e-05,0.24802156762410377,0.01631358124914703,1.9418460367118646,short,1124,4402
procedure,421,68,489,0.00023219451392201906,0.00012453026451693245,-0.12894868985012842,0.0028948172340914559,-2.3966596225201933,official,4640,886
procedures,1742,261,2003,0.00096076684857994584,0.0004779764564546966,-0.14144979928243728,0.00070930317422185775,-5.3111232996614941,official,5287,239
proceeding,54,0,54,2.9782669244154463e-05,0,-0.33119742197451529,0.02777836167083482,-1.9871636467178257,official,4369,1163
proceedings,323,32,355,0.00017814448455299799,5.8602477419732917e-05,-0.19879483455190261,0.0040594895471179936,-3.1201062385384595,official,4927,599
proceeds,173,4,177,9.5414847763680035e-05,7.3253096774666146e-06,-0.29750065319218244,0.0083825886576037786,-3.2493676012909223,official,4953,573
process,1077,139,1216,0.00059399879214730293,0.00025455451129196486,-0.16418571058227371,0.0011747014526270437,-4.7903980733410139,official,5240,286
processed,56,5,61,3.0885731068012036e-05,9.1566370968332683e-06,-0.21056746076187949,0.023699107593519557,-1.3678083910831893,official,3620,1906
processes,174,0,174,9.5966378675608823e-05,0,-0.33121364073254789,0.0086212735762359449,-3.5671592749899337,official,5036,489
processing,224,29,253,0.00012354292427204814,5.3108495161632956e-05,-0.16366962407565921,0.0056431192907532082,-2.1787553644110647,official,4509,1017
procure,40,0,40,2.2061236477151454e-05,0,-0.33119552989048628,0.037500583889789808,-1.7102730473778192,official,4104,1427
procurement,410,156,566,0.00022612767389080238,0.000285687077421198,0.060534206562127935,0.0024102157372765083,1.2330278769513019,short,1577,3949
produce,136,14,150,7.5008204022314936e-05,2.5638583871133151e-05,-0.19418042446596573,0.009594648388429803,-1.9823982886900893,official,4361,1165
produced,398,1,399,0.00021950930294765695,1.8313274193666537e-06,-0.32748642237342374,0.0037552891179352698,-5.3440634936966473,official,5292,234
producer,97,30,127,5.3498498457092274e-05,5.493982258099961e-05,0.0065571631888090565,0.010834296377803225,0.062996386123220019,short,2397,3129
producers,695,51,746,0.0003833139837905065,9.3397698387699343e-05,-0.23035192196742216,0.0019492517280276203,-5.2174449593798684,official,5281,245
producing,104,16,120,5.7359214840593779e-05,2.9301238709866458e-05,-0.13704098510893559,0.011817810800193175,-1.260613505147552,official,3488,2038
product,665,230,895,0.00036676805643264291,0.00042120530645433035,0.035067614934415126,0.0015304986333545909,0.89637504229359577,short,1808,3718
production,1380,310,1690,0.00076111265846172513,0.00056771150000366265,-0.066620748096377191,0.00082631719307908595,-2.3175873439362089,official,4591,935
productive,77,6,83,4.2467880218516549e-05,1.0987964516199922e-05,-0.22458810290252096,0.01748653895637102,-1.6983798038024194,official,4087,1439
productivity,217,69,286,0.00011968220788854664,0.0001263615919362991,0.013486312751767926,0.0048055569304447576,0.19454557790512261,short,2307,3219
products,2241,205,2446,0.0012359807736324101,0.00037542212097016399,-0.20810981581532317,0.0005911567005360554,-8.5593592855511247,official,5430,96
profession,37,0,37,2.0406643741365096e-05,0,-0.33119512444674726,0.040541124429630225,-1.6448868926211853,official,4024,1505
professional,564,165,729,0.00031106343432783551,0.00030216902419549785,-0.0070597271976708953,0.0018925474983165962,-0.16227982299395388,official,2562,2964
professionals,276,65,341,0.00015222253169234503,0.00011903628225883249,-0.05656694071722157,0.0040843836941536985,-0.8851144374967983,official,3124,2402
professions,90,52,142,4.963778207359077e-05,9.522902580706599e-05,0.1830890159727474,0.0094655679196128956,1.8818671120312767,short,1147,4379
proficiency,41,21,62,2.2612767389080238e-05,3.8457875806699727e-05,0.14607255875858804,0.02175751453136783,0.99029365342352105,short,1739,3789
profiling,29,23,52,1.5994396445934803e-05,4.2120530645433034e-05,0.28500241729407705,0.025679596239673141,1.7785023691358175,short,1215,4311
profit,56,18,74,3.0885731068012036e-05,3.2963893548599766e-05,0.016211692332792182,0.018562456808522254,0.11899004396578132,short,2356,3169
profit-sharing,27,2,29,1.4891334622077231e-05,3.6626548387333073e-06,-0.22941018118383205,0.05011579126061666,-1.0247676145661024,official,3258,2272
profiteering,14,15,29,7.7214327670030089e-06,2.7469911290499805e-05,0.38495141383151044,0.045983670568899335,1.7951638804544889,short,1199,4327
profits,68,36,104,3.7504102011157468e-05,6.5927787097199531e-05,0.15611196736992383,0.012957394538152695,1.3714417158715766,short,1481,4045
program,14342,1411,15753,0.0079100563388826532,0.0025840029887263484,-0.20090150217893665,9.207725591934185e-05,-20.936640700649857,official,5509,17
programming,125,20,145,6.8941363991098292e-05,3.6626548387333073e-05,-0.13052734729221527,0.0097648936798255797,-1.3208933459450241,official,3556,1970
programs,8011,345,8356,0.004418314135461507,0.00063180795968149558,-0.27080313623083629,0.00017661372874672797,-20.377056980720575,official,5508,18
progress,105,30,135,5.7910745752522567e-05,5.493982258099961e-05,-0.012737120955529591,0.010227856641065012,-0.12594442760924568,official,2526,3000
progressive,25,7,32,1.3788272798219658e-05,1.2819291935566576e-05,-0.017532802637411748,0.043185469178498512,-0.084368926446948711,official,2499,3030
prohibit,4056,5,4061,0.0022370093787831575,9.1566370968332683e-06,-0.32989066949377666,0.00036972501368513658,-17.156575881934728,official,5506,20
prohibited,125,10,135,6.8941363991098292e-05,1.8313274193666537e-05,-0.22200323837271085,0.010743289482863275,-2.141857978885723,official,4482,1044
prohibiting,285,19,304,0.00015718630989970409,3.4795220967966419e-05,-0.23884679764398165,0.0047943520540349093,-3.4494865987398375,official,5009,517
prohibition,194,316,510,0.00010699699691418455,0.00057869946451986258,0.52188908302828096,0.002631692317273913,10.173271993367193,short,75,5451
prohibitions,145,1,146,7.9971982229674017e-05,1.8313274193666537e-06,-0.32095277213055162,0.010239731119863336,-3.171734708194518,official,4937,589
project,834,306,1140,0.00045997678054860781,0.00056038619032619606,0.050720854861171283,0.0011987327105024306,1.4649587175536802,short,1410,4116
projected,27,0,27,1.4891334622077231e-05,0,-0.33119377297485109,0.055556139442311518,-1.4051287926382199,official,3708,1837
projects,1641,71,1712,0.00090506222647513833,0.00013002424677503242,-0.26979111715881654,0.00085967716213612429,-9.2015279931792691,official,5450,76
proliferation,51,39,90,2.8128076508368104e-05,7.1421769355299499e-05,0.27302017931313749,0.014844720469895597,2.2408290988484012,short,954,4572
prominently,49,0,49,2.7025014684510531e-05,0,-0.33119674622771456,0.030612828789849347,-1.8929290237748404,official,4287,1238
promise,20,80,100,1.1030618238575727e-05,0.00014650619354933229,0.7674553621911997,0.013889472797564679,6.5119378062278628,short,160,5367
promote,3585,26,3611,0.001977238319264699,4.7614512903532995e-05,-0.32088262108257481,0.00041450270167297414,-15.760954441693396,official,5501,25
promotes,30,0,30,1.6545927357863591e-05,0,-0.33119417841525234,0.050000583887456082,-1.4811367452309805,official,3814,1711
promoting,215,141,356,0.00011857914606468906,0.00025821716613069816,0.22319209422562736,0.0037639698918749435,3.6379417153284281,short,489,5037
promotion,423,657,1080,0.00023329757574587661,0.0012031821145238916,0.50689120123845477,0.0012416254063381141,14.385317688204765,short,36,5490
prompt,132,43,175,7.2802080374599797e-05,7.8747079032766114e-05,0.019605828538436398,0.0078450688774524425,0.22135371733534315,short,2298,3228
promptly,59,0,59,3.2540323803798394e-05,0,-0.33119809772409781,0.02542431270778325,-2.0771278221171716,official,4438,1088
promulgate,110,0,110,6.0668400312166495e-05,0,-0.33120499052878927,0.013636947542490032,-2.8362093674203441,official,4840,687
promulgated,38,0,38,2.095817465329388e-05,0,-0.33119525959454954,0.039474268099849372,-1.6669672550603276,official,4053,1481
promulgation,34,2,36,1.8752051005578734e-05,3.6626548387333073e-06,-0.24895572328425075,0.040602087648376875,-1.2355147445225048,official,3462,2064
proof,42,1,43,2.3164298301009027e-05,1.8313274193666537e-06,-0.29650979345681705,0.03449256250017662,-1.5965271645048911,official,3959,1568
propane,27,10,37,1.4891334622077231e-05,1.8313274193666537e-05,0.053222413357532972,0.036902179634380888,0.27705663446353374,short,2268,3257
proper,154,8,162,8.4935760437033098e-05,1.4650619354933229e-05,-0.2580039434132626,0.0090474938219528515,-2.7124528413998243,official,4786,740
properly,26,0,26,1.4339803710148445e-05,0,-0.33119363782827449,0.057692891578830292,-1.3788620927062918,official,3662,1883
properties,103,4,107,5.680768392866499e-05,7.3253096774666146e-06,-0.2756323982846709,0.013771497676584154,-2.3487655985104134,official,4617,910
property,1769,335,2104,0.00097565818320202301,0.00061349468548782895,-0.1005730455437579,0.00066878627189196618,-3.8889998526399139,official,5115,411
proportion,31,0,31,1.7097458269792376e-05,0,-0.3311943135622748,0.048387680661882995,-1.5056203243148938,official,3859,1680
proposal,40,0,40,2.2061236477151454e-05,0,-0.33119552989048628,0.037500583889789808,-1.7102730473778192,official,4105,1428
proposals,121,14,135,6.6735240343383152e-05,2.5638583871133151e-05,-0.17928415266108644,0.010618243308788806,-1.7398650598372476,official,4129,1397
propose,32,0,32,1.7648989181721161e-05,0,-0.3311944487094074,0.046875583887922824,-1.5297121057037018,official,3885,1648
proposed,384,8,392,0.00021178787018065394,1.4650619354933229e-05,-0.30077922964889581,0.0037892437662518331,-4.8862037230291033,official,5253,273
proposing,66,0,66,3.6401040187299898e-05,0,-0.33119904377818798,0.022727856623130299,-2.1968976977465036,official,4519,1010
proprietary,54,7,61,2.9782669244154463e-05,1.2819291935566576e-05,-0.16347152338757809,0.023402118421972148,-1.0685984095957697,official,3299,2226
propulsion,27,6,33,1.4891334622077231e-05,1.0987964516199922e-05,-0.068826816059127438,0.042308276196214703,-0.33461469843200353,official,2694,2832
prosecute,81,0,81,4.4674003866231695e-05,0,-0.33120107105531993,0.018519102417876777,-2.4337825100796366,official,4672,855
prosecution,202,108,310,0.00011140924420961484,0.00019778336129159859,0.15913503137486273,0.0043460534570083651,2.4138943718348931,short,877,4649
prosecutions,32,6,38,1.7648989181721161e-05,1.0987964516199922e-05,-0.10235018382866556,0.037013570902676284,-0.53199571478863428,official,2855,2672
prosecutor,53,44,97,2.9231138332225674e-05,8.0578406452132761e-05,0.30009423512514388,0.013759449154005036,2.5583333294283563,short,823,4703
prosecutors,42,14,56,2.3164298301009027e-05,2.5638583871133151e-05,0.025485426180033244,0.024490379812745645,0.16285239136117141,short,2333,3195
prospective,243,9,252,0.00013402201159869507,1.6481946774299883e-05,-0.27810910301504244,0.005852203584541687,-3.6354275280166557,official,5056,470
prospectively,51,0,51,2.8128076508368104e-05,0,-0.3311970165261009,0.029412348598239272,-1.931174702006593,official,4322,1207
prosperity,32,51,83,1.7648989181721161e-05,9.3397698387699343e-05,0.51488328975723263,0.016158922644015219,4.050443665916033,short,411,5115
prostate,87,44,131,4.7983189337804412e-05,8.0578406452132761e-05,0.14225595501203081,0.01030202559130176,1.4015517673111528,short,1461,4065
prosthetic,29,8,37,1.5994396445934803e-05,1.4650619354933229e-05,-0.021035525028239022,0.037374321263315337,-0.10880947100196493,official,2516,3010
prosthetics,51,13,64,2.8128076508368104e-05,2.3807256451766497e-05,-0.039170708780845942,0.021683249057110315,-0.26601078875724166,official,2641,2885
protect,3079,194,3273,0.0016981636778287332,0.00035527751935713085,-0.24385250045090956,0.00044644919206850891,-11.540940247522947,official,5478,48
protected,168,26,194,9.2657193204036107e-05,4.7614512903532995e-05,-0.13607064683854375,0.0073084694119996563,-1.5916634095111488,official,3956,1570
protecting,164,449,613,9.0451069556320954e-05,0.00082226601129562751,0.67460527670418724,0.0022292049236551947,14.288108421132762,short,37,5489
protection,3684,5878,9562,0.0020318398795456487,0.01076454257103719,0.51737190921851894,0.00014084781112963984,43.594107807840281,short,4,5522
protections,708,47,755,0.0003904838856455807,8.6072388710232728e-05,-0.23925335108808099,0.0019309938519042249,-5.4446201222565938,official,5303,223
protective,96,39,135,5.2946967545163486e-05,7.1421769355299499e-05,0.07859917240521952,0.010076714680127592,0.7829941049877972,short,1880,3646
protects,21,7,28,1.1582149150504513e-05,1.2819291935566576e-05,0.025485123027612744,0.048980175724151268,0.11515334686751032,short,2360,3166
protein,40,6,46,2.2061236477151454e-05,1.0987964516199922e-05,-0.1411492345448675,0.030859260099069672,-0.80349979969493113,official,3060,2466
protocol,58,20,78,3.1988792891869606e-05,3.6626548387333073e-05,0.034270785881945542,0.017557606709002506,0.25863744734044092,short,2275,3251
protocols,31,1,32,1.7097458269792376e-05,1.8313274193666537e-06,-0.2846738491865608,0.046176630064030035,-1.3247577108447939,official,3558,1969
provide,35137,3,35140,0.019379141652441766,5.493982258099961e-06,-0.33587897294213409,4.3276776620046515e-05,-51.057008302564988,official,5522,4
provided,1140,0,1140,0.00062874523959881637,0,-0.33134426014806984,0.0013163736203005644,-9.1325039020802858,official,5449,77
provider,151,89,240,8.3281167701246733e-05,0.00016298814032363217,0.18932678019464078,0.0055976423767460657,2.5305182555286359,short,831,4695
providers,672,28,700,0.00037062877281614443,5.1277167742266302e-05,-0.27184497814914899,0.0021030733929546862,-5.9278076123800556,official,5336,190
provides,164,2,166,9.0451069556320954e-05,3.6626548387333073e-06,-0.31319288609095075,0.008983267902002403,-3.3044159752226885,official,4973,553
providing,2122,40,2162,0.0011703485951128846,7.3253096774666146e-05,-0.30383312319000133,0.00068814369861956183,-11.582319723301422,official,5479,47
provision,1084,22,1106,0.00059785950853080434,4.028920322606638e-05,-0.30163502013913224,0.0013437299672792579,-8.2285963893172518,official,5422,104
provisional,22,4,26,1.21336800624333e-05,7.3253096774666146e-06,-0.10804775096748642,0.054167250553433403,-0.4642451072996992,official,2796,2732
provisions,2345,17,2362,0.0012933399884730039,3.1132566129233112e-05,-0.32072305926144118,0.00063337865911158972,-12.743786080232907,official,5489,37
prudent,27,10,37,1.4891334622077231e-05,1.8313274193666537e-05,0.053222413357532972,0.036902179634380888,0.27705663446353374,short,2269,3258
psoriasis,21,6,27,1.1582149150504513e-05,1.0987964516199922e-05,-0.01273653853468204,0.051136947523485805,-0.056322771044133239,official,2481,3047
psychiatric,67,18,85,3.6952571099228687e-05,3.2963893548599766e-05,-0.027195453508339185,0.016288269133889175,-0.21308792342174579,official,2605,2921
psychological,38,20,58,2.095817465329388e-05,3.6626548387333073e-05,0.15432153109976099,0.023237763382390763,1.0123469083847778,short,1719,3808
psychologists,20,10,30,1.1030618238575727e-05,1.8313274193666537e-05,0.13881528970809676,0.04500058388806643,0.6543773058791309,short,1975,3553
psychotropic,33,14,47,1.8200520093649949e-05,2.5638583871133151e-05,0.090806108615510084,0.028894026515228738,0.53420879208079775,short,2066,3462
public,9351,1662,11013,0.0051573655574460812,0.0030436661709873783,-0.11270036238668713,0.00012858829373563332,-9.9385858998967063,official,5458,68
public's,24,1,25,1.3236741886290871e-05,1.8313274193666537e-06,-0.27176949832468722,0.05887028561319485,-1.1200892813165559,official,3351,2182
public-private,64,27,91,3.5297978363442322e-05,4.9445840322899649e-05,0.089220030886977497,0.014926773077752344,0.73026317997123591,short,1921,3604
publication,57,5,62,3.1437261979940824e-05,9.1566370968332683e-06,-0.21247927686041734,0.023329318374095406,-1.3911230756618385,official,3670,1857
publicly,139,12,151,7.6662796758101301e-05,2.1975929032399844e-05,-0.21418706663415854,0.0095838291036502068,-2.1878810797096078,official,4514,1012
publish,68,1,69,3.7504102011157468e-05,1.8313274193666537e-06,-0.30953736855384406,0.021585568255325725,-2.1068389712087932,official,4453,1073
published,38,0,38,2.095817465329388e-05,0,-0.33119525959454954,0.039474268099849372,-1.6669672550603276,official,4054,1482
pueblo,15,16,31,8.2729636789317955e-06,2.9301238709866458e-05,0.38346841442947799,0.043016310068129476,1.84889828994573,short,1169,4359
puerto,158,88,246,8.7141884084748238e-05,0.00016115681290426552,0.17170130958749219,0.0054698434440410846,2.3215933946489149,short,910,4616
pulmonary,28,26,54,1.5442865534006018e-05,4.7614512903532995e-05,0.33727232723517275,0.024695705845863506,2.1461989969574433,short,997,4529
pump,9,16,25,4.9637782073590768e-06,2.9301238709866458e-05,0.54917456215472349,0.053802592495587165,2.3676026154125887,short,889,4635
pumps,30,2,32,1.6545927357863591e-05,3.6626548387333073e-06,-0.23881996080242551,0.045541380851991761,-1.1190964688922045,official,3340,2186
punish,81,1,82,4.4674003866231695e-05,1.8313274193666537e-06,-0.31296303475861542,0.018183745995890392,-2.3208729473380241,official,4593,933
punishment,58,39,97,3.1988792891869606e-05,7.1421769355299499e-05,0.23119648813190885,0.013805137985169275,1.967708931700322,short,1102,4424
punitive,31,7,38,1.7097458269792376e-05,1.2819291935566576e-05,-0.065488006634787155,0.036715559735160934,-0.34177216896578355,official,2700,2826
purchase,979,92,1071,0.00053994876277828178,0.00016848212258173214,-0.20497092553157348,0.0013482342420254336,-5.5822538978997898,official,5312,214
purchased,85,0,85,4.6880127513946835e-05,0,-0.33120161166678486,0.017647642723821202,-2.4931539119570605,official,4694,832
purchasers,140,0,140,7.7214327670030089e-05,0,-0.33120904525502937,0.010714869627413793,-3.199696182797124,official,4944,582
purchases,141,3,144,7.7765858581958878e-05,5.493982258099961e-06,-0.30011724708027288,0.010312076932504698,-2.9554109760236162,official,4881,645
purchasing,196,39,235,0.00010810005873804212,7.1421769355299499e-05,-0.091031915514985684,0.0059704045890273958,-1.1781261617452776,official,3395,2132
purple,24,10,34,1.3236741886290871e-05,1.8313274193666537e-05,0.085704923814724054,0.039969235926617476,0.42868950372487674,short,2150,3378
purpose,821,8,829,0.00045280687869353356,1.4650619354933229e-05,-0.31685683963284728,0.0018013878107569989,-7.4655099104668139,official,5398,128
purposes,49009,13,49022,0.027029978462717888,2.3807256451766497e-05,-0.33754615300893587,3.1190007766978187e-05,-60.440134382095934,official,5523,3
pursuant,368,0,368,0.00020296337558979336,0,-0.33123986444879883,0.004076670922868262,-5.1878781895847581,official,5278,248
pursue,87,0,87,4.7983189337804412e-05,0,-0.33120188197318434,0.017241963211103384,-2.5223156750254532,official,4703,823
pursuing,50,0,50,2.7576545596439316e-05,0,-0.33119688137685088,0.030000583892123546,-1.912147478136577,official,4304,1225
putting,1,30,31,5.5153091192878628e-07,5.493982258099961e-05,1.0071083450294047,0.047644026512471349,4.6139402459961829,short,312,5214
quadrennial,25,12,37,1.3788272798219658e-05,2.1975929032399844e-05,0.12664497585220325,0.036537779413192743,0.66254730345562585,short,1970,3557
qualification,21,5,26,1.1582149150504513e-05,9.1566370968332683e-06,-0.054203935059865316,0.053535244147637655,-0.23426689558634547,official,2621,2907
qualifications,34,2,36,1.8752051005578734e-05,3.6626548387333073e-06,-0.24895572328425075,0.040602087648376875,-1.2355147445225048,official,3463,2065
qualified,998,39,1037,0.00055042785010492876,7.1421769355299499e-05,-0.27540572363646909,0.0014213526460799323,-7.3050306185579181,official,5395,131
qualify,95,0,95,5.2395436633234704e-05,0,-0.33120296320323739,0.015790057586836142,-2.6357387209170358,official,4753,773
qualifying,139,7,146,7.6662796758101301e-05,1.2819291935566576e-05,-0.26010984712537422,0.010045303557198564,-2.5952264647784098,official,4735,791
quality,1563,654,2217,0.00086204281534469306,0.0011976881322657916,0.086975770372377248,0.00061344539596431473,3.5116427585576648,short,521,5005
quantitative,28,0,28,1.5442865534006018e-05,0,-0.33119390812154137,0.053572012458417903,-1.430913428383751,official,3735,1788
quantities,29,0,29,1.5994396445934803e-05,0,-0.33119404326834001,0.051724721818257192,-1.456241606872426,official,3782,1751
quantity,54,1,55,2.9782669244154463e-05,1.8313274193666537e-06,-0.30404598416493656,0.027032038677099815,-1.849268072051039,official,4242,1284
quarantine,23,9,32,1.2685210974362085e-05,1.6481946774299883e-05,0.068196868316151793,0.042572645972729348,0.33052103964474117,short,2215,3312
quarter,24,11,35,1.3236741886290871e-05,2.014460161303319e-05,0.11306270177038691,0.038688866866449817,0.5748126989910185,short,2034,3491
quarterly,44,2,46,2.42673601248666e-05,3.6626548387333073e-06,-0.26665665186089704,0.031945028335756562,-1.4919380250468064,official,3834,1691
questions,32,0,32,1.7648989181721161e-05,0,-0.3311944487094074,0.046875583887922824,-1.5297121057037018,official,3886,1649
quota,78,18,96,4.3019411130445331e-05,3.2963893548599766e-05,-0.06090225835623464,0.014519640165300681,-0.50542354614779994,official,2834,2692
quotas,72,2,74,3.9710225658872614e-05,3.6626548387333073e-06,-0.29092505805602897,0.020007793703181925,-2.0567501102213654,official,4421,1105
race,174,22,196,9.5966378675608823e-05,4.028920322606638e-05,-0.16706453024350054,0.0072904425935466886,-1.9566236859455748,official,4342,1184
racial,162,32,194,8.9348007732463391e-05,5.8602477419732917e-05,-0.092446209379870581,0.0072343514527917346,-1.0868992936961304,official,3309,2217
racing,46,15,61,2.537042194872417e-05,2.7469911290499805e-05,0.019862076786887783,0.02250427302497169,0.13240127353281317,short,2347,3180
racketeering,20,8,28,1.1030618238575727e-05,1.4650619354933229e-05,0.07427587108449174,0.048611694998588723,0.33688166245696732,short,2212,3314
radiation,171,90,261,9.4311785939822458e-05,0.00016481946774299884,0.1543349704177146,0.0051644016106817152,2.1476046670892601,short,995,4531
radio,192,98,290,0.00010589393509032697,0.00017947008709793207,0.14503631295429464,0.0046525923384310294,2.1263230651986986,short,1012,4514
radioactive,156,71,227,8.6038822260890661e-05,0.00013002424677503242,0.11102633278468055,0.0059672546931958627,1.4372711490476329,short,1434,4092
radiological,29,7,36,1.5994396445934803e-05,1.2819291935566576e-05,-0.051230875717697799,0.038641013227387305,-0.26061987172390622,official,2639,2890
radon,48,37,85,2.6473483772581743e-05,6.7759114516566192e-05,0.27563908975723983,0.015716102206506804,2.1987121930969029,short,976,4551
rail,534,276,810,0.00029451750696997192,0.00050544636774519638,0.14885973857207269,0.0016654420185225054,3.6476443980071416,short,487,5039
railroad,431,287,718,0.00023770982304130691,0.00052559096935822958,0.22812316163447566,0.0018659309603564901,5.2810660181833571,short,234,5292
railroads,63,8,71,3.474644745151354e-05,1.4650619354933229e-05,-0.16643981528024376,0.020121498312778194,-1.1733486198669674,official,3390,2137
rain,13,22,35,7.1699018550742223e-06,4.028920322606638e-05,0.53381542889960265,0.038377776872421859,2.7249040556637572,short,749,4778
raise,143,75,218,7.8868920405816441e-05,0.00013734955645249903,0.15326603825367613,0.006183636321681057,1.9490544041901472,short,1122,4404
raised,33,0,33,1.8200520093649949e-05,0,-0.33119458385665368,0.045455129342701649,-1.5534303183962435,official,3918,1623
raising,34,9,43,1.8752051005578734e-05,1.6481946774299883e-05,-0.030605203030658501,0.032218366108821457,-0.17050750863654482,official,2567,2958
ranch,52,40,92,2.8679607420296889e-05,7.3253096774666146e-05,0.27495660195503291,0.014520785924569018,2.2817554185932361,short,936,4591
ranchers,103,17,120,5.680768392866499e-05,3.1132566129233112e-05,-0.1252400807124765,0.011784158915226038,-1.1537030574298619,official,3379,2147
range,100,45,145,5.5153091192878632e-05,8.2409733871499421e-05,0.10772959732830678,0.0093453744648399079,1.1143886560387744,short,1649,3877
rangeland,43,9,52,2.3715829212937812e-05,1.6481946774299883e-05,-0.081047743506960757,0.026920342305564119,-0.49397007397467246,official,2817,2712
rangelands,13,12,25,7.1699018550742223e-06,2.1975929032399844e-05,0.33529243743584125,0.05334340038773288,1.4517218375206666,short,1421,4108
rank,28,1,29,1.5442865534006018e-05,1.8313274193666537e-06,-0.27990016499353665,0.050877776869739884,-1.2409065910146566,official,3470,2058
rape,123,87,210,6.7838302167240715e-05,0.00015932548548489887,0.24756912480421711,0.0063705903047832097,3.1017489451560523,short,628,4898
rapid,111,27,138,6.1219931224095283e-05,4.9445840322899649e-05,-0.049553251276908128,0.010077254231943516,-0.4936294330857196,official,2812,2714
rapidly,23,2,25,1.2685210974362085e-05,3.6626548387333073e-06,-0.21340929925272434,0.057870954256781661,-0.8871213225527651,official,3132,2401
rare,101,38,139,5.5704622104807421e-05,6.9590441935932839e-05,0.057471268429976519,0.0098169680960051436,0.58004554105469985,short,2030,3496
rate,1216,277,1493,0.00067066158890540417,0.00050727769516456305,-0.063683019772180494,0.00093469590144107221,-2.0829962100583468,official,4440,1086
rated,30,0,30,1.6545927357863591e-05,0,-0.33119417841525234,0.050000583887456082,-1.4811367452309805,official,3815,1712
ratepayer,0,25,25,0,4.5783185484166341e-05,1.0551154556143878,0.060000583887815116,4.3074698510237281,short,354,5172
rates,1426,33,1459,0.00078648308041044928,6.0433804839099571e-05,-0.29762835542828547,0.0010174459606247931,-9.3307945852181398,official,5452,74
rating,75,32,107,4.1364818394658973e-05,5.8602477419732917e-05,0.092428526557057467,0.012689334006201501,0.82051517089801784,short,1859,3667
ratings,35,7,42,1.9303581917507522e-05,1.2819291935566576e-05,-0.090029656136691116,0.033395760143002898,-0.49265163084962632,official,2811,2716
ratio,52,9,61,2.8679607420296889e-05,1.6481946774299883e-05,-0.11693850907305858,0.023135855703078179,-0.76880246821278908,official,3029,2498
raw,31,5,36,1.7097458269792376e-05,9.1566370968332683e-06,-0.12916544198072621,0.039316200925928871,-0.65141920985745039,official,2942,2589
reach,48,10,58,2.6473483772581743e-05,1.8313274193666537e-05,-0.081976332007016595,0.024140428511693027,-0.52761361588545419,official,2850,2676
reached,46,0,46,2.537042194872417e-05,0,-0.33119634078096993,0.032609279543363956,-1.8340658647799333,official,4231,1299
reactor,32,17,49,1.7648989181721161e-05,3.1132566129233112e-05,0.15716594785716964,0.027497778056788609,0.94778461549839732,short,1771,3755
reactors,27,0,27,1.4891334622077231e-05,0,-0.33119377297485109,0.055556139442311518,-1.4051287926382199,official,3709,1838
readiness,96,92,188,5.2946967545163486e-05,0.00016848212258173214,0.34780073383938159,0.0070931392619391007,4.1296310320789527,short,398,5128
reading,44,19,63,2.42673601248666e-05,3.4795220967966419e-05,0.095850049055533404,0.021541500240060005,0.65306192845152367,short,1977,3549
readjustment,99,72,171,5.4601560280949844e-05,0.00013185557419439906,0.2566154720824354,0.0078195139659106294,2.9019702632085904,short,691,4835
ready,67,35,102,3.6952571099228687e-05,6.4096459677832885e-05,0.15204591886607943,0.013217013742701957,1.3225378095072307,short,1520,4006
reaffirm,510,0,510,0.00028128076508368105,0,-0.33125906178399234,0.0029417604700846165,-6.1075089711258874,official,5347,179
reagan,28,31,59,1.5442865534006018e-05,5.6771150000366263e-05,0.39586873526179822,0.0226059478807904,2.6329332110579098,short,790,4736
real,580,200,780,0.00031988792891869607,0.00036626548387333073,0.034281017269353065,0.0017562863556638826,0.81800514864713214,short,1860,3666
realign,30,6,36,1.6545927357863591e-05,1.0987964516199922e-05,-0.09002942914793266,0.038961622850261481,-0.45610620167917837,official,2780,2746
realignment,91,26,117,5.0189312985519558e-05,4.7614512903532995e-05,-0.012737023881689069,0.0118012832100464,-0.11724743397305806,official,2521,3005
realistic,51,10,61,2.8128076508368104e-05,1.8313274193666537e-05,-0.093864342768585018,0.023013662366125988,-0.61873940445206177,official,2915,2611
reallocation,18,7,25,9.9275564147181536e-06,1.2819291935566576e-05,0.066493552189822225,0.054506397840204841,0.28481036696314938,short,2251,3282
reappraisal,1,25,26,5.5153091192878628e-07,4.5783185484166341e-05,0.99795690663380654,0.056645464062340424,4.1930420584915362,short,384,5142
reason,157,0,157,8.659035317281945e-05,0,-0.33121134297770283,0.0095547240444843126,-3.3884113468020973,official,4998,529
reasonable,534,21,555,0.00029451750696997192,3.8457875806699727e-05,-0.27501316336873316,0.0026549687679419481,-5.3373265324768795,official,5290,236
reasonably,63,0,63,3.474644745151354e-05,0,-0.33119863832576613,0.023810107704681244,-2.1463861762620318,official,4486,1039
reasons,30,2,32,1.6545927357863591e-05,3.6626548387333073e-06,-0.23881996080242551,0.045541380851991761,-1.1190964688922045,official,3341,2187
reauthorization,84,921,1005,4.6328596602018054e-05,0.0016866525532366881,0.93254464625585953,0.0014380686164980787,24.591206053141949,short,12,5514
reauthorize,1292,0,1292,0.00071257793821199197,0,-0.33136482256661548,0.0011615748941976776,-9.7226083967054873,official,5456,70
reauthorizing,48,4,52,2.6473483772581743e-05,7.3253096774666146e-06,-0.21786613079760642,0.027857726749977288,-1.3053196730809609,official,3542,1985
rebate,41,38,79,2.2612767389080238e-05,6.9590441935932839e-05,0.33665076002734651,0.016880925781552817,2.5910838597590153,short,804,4722
rebates,41,0,41,2.2612767389080238e-05,0,-0.33119566503862252,0.036585949743681713,-1.7315198594889014,official,4125,1407
rebuild,25,43,68,1.3788272798219658e-05,7.8747079032766114e-05,0.53890368223704144,0.019762281080000971,3.8334748209658862,short,457,5069
rebuilding,71,67,138,3.9158694746943826e-05,0.0001226989370975658,0.34265325508202338,0.0096633216924541555,3.4857131360221216,short,524,5002
recall,39,40,79,2.1509705565222665e-05,7.3253096774666146e-05,0.37040860446004586,0.016878521517057272,2.8511092938240759,short,713,4813
recalls,25,0,25,1.3788272798219658e-05,0,-0.33119350268180803,0.060000583886289226,-1.3520852339749585,official,3608,1933
recapture,24,5,29,1.3236741886290871e-05,9.1566370968332683e-06,-0.081975332207479212,0.048280273121712118,-0.37307687146733837,official,2721,2807
receipt,305,12,317,0.00016821692813827983,2.1975929032399844e-05,-0.27496112413542306,0.0046478146747862374,-4.0331733910697167,official,5145,381
receipts,120,4,124,6.6183709431454364e-05,7.3253096774666146e-06,-0.28319532789747726,0.01191144456537568,-2.5947998682632032,official,4734,792
receive,829,3,832,0.00045721912598896386,5.493982258099961e-06,-0.32589705406794423,0.0018002358249467004,-7.6809640901102343,official,5406,120
received,395,2,397,0.00021785471021187059,3.6626548387333073e-06,-0.32369541126714019,0.0037694759000250024,-5.2722507509365855,official,5286,240
receives,57,0,57,3.1437261979940824e-05,0,-0.33119782742392978,0.02631637336744138,-2.0416178755799019,official,4404,1122
receiving,500,4,504,0.00027576545596439317,7.3253096774666146e-06,-0.31937458670392616,0.0029651038716026474,-5.8651672315653105,official,5331,195
recent,90,1,91,4.963778207359077e-05,1.8313274193666537e-06,-0.31476311234243859,0.016395010997597461,-2.4582609070128147,official,4684,842
recently,45,0,45,2.4818891036795385e-05,0,-0.33119620563227947,0.033333917224290008,-1.8140204400668125,official,4214,1320
recidivism,32,10,42,1.7648989181721161e-05,1.8313274193666537e-05,0.0091358446559510753,0.032744866635149653,0.050486712650914957,short,2407,3120
recipient,77,4,81,4.2467880218516549e-05,7.3253096774666146e-06,-0.25799533143410436,0.018094403706005981,-1.9179607238166851,official,4312,1215
recipients,267,20,287,0.00014725875348498596,3.6626548387333073e-05,-0.22838699450101885,0.0050629670905122373,-3.2097323333650372,official,4947,579
reciprocal,45,28,73,2.4818891036795385e-05,5.1277167742266302e-05,0.20639943225148727,0.0183761502693966,1.522583894152878,short,1376,4150
reciprocity,35,61,96,1.9303581917507522e-05,0.00011171097258136588,0.54302818253756691,0.01400359844443431,4.5888360887072714,short,315,5211
reclamation,555,224,779,0.00030609965612047642,0.00041021734193813042,0.076796138810945713,0.0017472182364709099,1.8372396435343747,short,1171,4355
recognition,406,252,658,0.00022392155024308726,0.00046149450968039675,0.20566921602472021,0.0020393347724006416,4.5543356068807679,short,319,5207
recognize,226,0,226,0.00012464598609590572,0,-0.33122066935884931,0.006637752074793452,-4.0654340186209268,official,5151,376
recognized,127,0,127,7.0044425814955869e-05,0,-0.33120728819469214,0.011811607532141239,-3.0475116940658515,official,4908,618
recognizing,57,12,69,3.1437261979940824e-05,2.1975929032399844e-05,-0.079878014187617197,0.020282770846143751,-0.56087181650871321,official,2882,2644
recombinant,18,10,28,9.9275564147181536e-06,1.8313274193666537e-05,0.17090387454864064,0.048055503796066504,0.77961527811124665,short,1890,3643
recommend,99,0,99,5.4601560280949844e-05,0,-0.33120350382093555,0.015152099055074305,-2.6906581394902518,official,4776,749
recommendation,29,1,30,1.5994396445934803e-05,1.8313274193666537e-06,-0.28159665338839446,0.049207800946019023,-1.269435123751002,official,3506,2023
recommendations,505,9,514,0.00027852311052403711,1.6481946774299883e-05,-0.30510273517802844,0.0028939841589720734,-5.6715011729172646,official,5319,207
recommended,35,4,39,1.9303581917507522e-05,7.3253096774666146e-06,-0.18091085613441038,0.036769911356802451,-0.94344880217359728,official,3172,2357
reconciliation,200,90,290,0.00011030618238575726,0.00016481946774299884,0.10773627736636016,0.0046729792275322871,1.5760320316884602,short,1347,4179
reconstruction,195,103,298,0.00010754852782611334,0.00018862672419476533,0.15542917919836619,0.0045227471082521578,2.3111673908278441,short,919,4607
reconstructive,16,13,29,8.8244945908605804e-06,2.3807256451766497e-05,0.29296785634370615,0.046032329919762194,1.3654899080112264,short,1488,4037
record,153,53,206,8.438422952510431e-05,9.706035322643265e-05,0.035465836063735878,0.0066471031131057423,0.43500474512691906,short,2144,3382
recorded,93,0,93,5.1292374809377128e-05,0,-0.33120269289505622,0.016129616160223369,-2.6078454076533366,official,4741,787
recording,47,27,74,2.5921952860652958e-05,4.9445840322899649e-05,0.1812927920757339,0.018166036808299861,1.3450872084392995,short,1500,4026
recordings,45,9,54,2.4818891036795385e-05,1.6481946774299883e-05,-0.090030110117641726,0.025974609867632337,-0.55861586365611249,official,2880,2647
recordkeeping,52,15,67,2.8679607420296889e-05,2.7469911290499805e-05,-0.010447485768317222,0.020599067192763817,-0.072792730626686439,official,2491,3035
records,510,156,666,0.00028128076508368105,0.000285687077421198,0.0038244031009728729,0.0020674691936641955,0.084109323154743329,short,2380,3146
recover,68,7,75,3.7504102011157468e-05,1.2819291935566576e-05,-0.19417437528997006,0.019188712842611741,-1.4017449324601978,official,3678,1848
recovering,21,14,35,1.1582149150504513e-05,2.5638583871133151e-05,0.22842910823064599,0.038265890011926408,1.167738327561723,short,1615,3911
recovery,768,685,1453,0.00042357574036130789,0.0012544592822661578,0.32407404779927873,0.00091855874531863763,10.692783792379064,short,70,5456
recreation,292,187,479,0.00016104702628320561,0.00034245822742156424,0.21560281453208852,0.0027991023663973811,4.075163475998683,short,407,5119
recreational,334,127,461,0.00018421132458421464,0.00023257858225956502,0.060353743682117766,0.0029591259031395822,1.1094877009452118,short,1655,3871
recruit,69,8,77,3.8055632923086256e-05,1.4650619354933229e-05,-0.1790040439143592,0.018614604849759121,-1.3120063336717569,official,3544,1981
recruiting,43,14,57,2.3715829212937812e-05,2.5638583871133151e-05,0.019467218707822198,0.0240850909368652,0.12543818540586349,short,2353,3173
recruitment,176,104,280,9.70694404994664e-05,0.00019045805161413198,0.19012968569156996,0.004797733074960767,2.7449338901899725,short,743,4783
recyclable,16,10,26,8.8244945908605804e-06,1.8313274193666537e-05,0.20780870177268973,0.051587885474434526,0.91493420843654538,short,1794,3735
recycle,18,9,27,9.9275564147181536e-06,1.6481946774299883e-05,0.13881511125415891,0.050000583887305279,0.6207964253960534,short,2000,3525
recycled,78,21,99,4.3019411130445331e-05,3.8457875806699727e-05,-0.02670205106457324,0.013983634752298567,-0.22580553653236846,official,2613,2913
recycling,256,234,490,0.00014119191345376929,0.000428530616131797,0.33209327140491673,0.0027222820524548537,6.3649283095890743,short,170,5356
red,73,70,143,4.0261756570801403e-05,0.00012819291935566577,0.34799236196956862,0.0093250492284819488,3.6036627879768934,short,497,5029
redesign,40,6,46,2.2061236477151454e-05,1.0987964516199922e-05,-0.1411492345448675,0.030859260099069672,-0.80349979969493113,official,3061,2467
redesignate,74,0,74,4.0813287482730191e-05,0,-0.33120012498954132,0.020270854167994873,-2.3262397223788542,official,4598,931
redevelopment,74,71,145,4.0813287482730191e-05,0.00013002424677503242,0.34818559544393146,0.0091964235939207099,3.6307915560293553,short,494,5032
redistricting,64,35,99,3.5297978363442322e-05,6.4096459677832885e-05,0.16605371254511425,0.013598239798013044,1.4239909921074458,short,1449,4077
redress,20,20,40,1.1030618238575727e-05,3.6626548387333073e-05,0.36196332847746149,0.033333917224343847,1.9825374362568102,short,1096,4431
reduce,2637,42,2679,0.0014543870147562096,7.6915751613399453e-05,-0.30810252484686806,0.00055620781496091469,-13.06401631209855,official,5492,34
reduced,198,7,205,0.00010920312056189969,1.2819291935566576e-05,-0.28041685005405093,0.0071989546389655077,-3.304984202975259,official,4974,552
reducing,429,100,529,0.00023660676121744934,0.00018313274193666537,-0.058772570623844445,0.0026342504653913252,-1.1451072222434151,official,3364,2162
reduction,849,1401,2250,0.00046824974422753958,0.0025656897145326821,0.52639313805287458,0.00059716679103583405,21.540828108572079,short,14,5512
reductions,393,11,404,0.00021675164838801304,2.014460161303319e-05,-0.29066728543999965,0.0036649276739297997,-4.8013509398328846,official,5243,283
reef,33,42,75,1.8200520093649949e-05,7.6915751613399453e-05,0.4420141518600893,0.017806851706789379,3.3123986829554237,short,570,4956
reemployment,73,39,112,4.0261756570801403e-05,7.1421769355299499e-05,0.15888870385934162,0.012028505870670475,1.4487290877842303,short,1423,4104
reentry,30,17,47,1.6545927357863591e-05,3.1132566129233112e-05,0.17703829229917645,0.028612596879474015,1.0466189015659293,short,1703,3823
reestablish,63,0,63,3.474644745151354e-05,0,-0.33119863832576613,0.023810107704681244,-2.1463861762620318,official,4487,1040
reference,50,0,50,2.7576545596439316e-05,0,-0.33119688137685088,0.030000583892123546,-1.912147478136577,official,4305,1226
referendum,44,6,50,2.42673601248666e-05,1.0987964516199922e-05,-0.15598928899792064,0.028496024621973034,-0.92406525257218641,official,3162,2365
referral,101,20,121,5.5704622104807421e-05,3.6626548387333073e-05,-0.091965109998197292,0.011597286995979205,-0.85397447954911865,official,3107,2419
referred,97,0,97,5.3498498457092274e-05,0,-0.33120323351186443,0.015464501428865579,-2.6633399687992081,official,4763,763
refinance,35,12,47,1.9303581917507522e-05,2.1975929032399844e-05,0.032775907973112695,0.029144858385748238,0.19198785517192418,short,2308,3218
refinancing,71,69,140,3.9158694746943826e-05,0.0001263615919362991,0.35245454394480369,0.0095246094054462233,3.6114327044934731,short,496,5030
refined,48,3,51,2.6473483772581743e-05,5.493982258099961e-06,-0.24418388785912626,0.028620112512068641,-1.4433821689094328,official,3750,1776
refineries,26,1,27,1.4339803710148445e-05,1.8313274193666537e-06,-0.27613341190503782,0.054582794129404595,-1.1819281522976162,official,3411,2120
refiners,33,0,33,1.8200520093649949e-05,0,-0.33119458385665368,0.045455129342701649,-1.5534303183962435,official,3919,1624
refinery,15,18,33,8.2729636789317955e-06,3.2963893548599766e-05,0.4225877285164259,0.040441760359843065,2.1013667482422926,short,1022,4505
refining,33,1,34,1.8200520093649949e-05,1.8313274193666537e-06,-0.28739151245719796,0.04349738559420753,-1.3779782435681713,official,3636,1892
reflect,72,0,72,3.9710225658872614e-05,0,-0.33119985468603375,0.020833917230591175,-2.2945877480440044,official,4582,945
reforestation,11,20,31,6.06684003121665e-06,3.6626548387333073e-05,0.55612055920462389,0.043417950835688869,2.6689122160996974,short,778,4748
reform,2314,4357,6671,0.0012762425302032115,0.0079790935661805101,0.56848535408018908,0.00020256058819163582,39.943103502844913,short,5,5521
reforming,45,19,64,2.4818891036795385e-05,3.4795220967966419e-05,0.089452226674378466,0.021223088594240345,0.61402614289230772,short,2008,3520
reforms,225,19,244,0.00012409445518397693,3.4795220967966419e-05,-0.21651356330192861,0.0059350614694299048,-2.8104282151750901,official,4827,699
refrain,28,0,28,1.5442865534006018e-05,0,-0.33119390812154137,0.053572012458417903,-1.430913428383751,official,3736,1789
refueling,27,5,32,1.4891334622077231e-05,9.1566370968332683e-06,-0.10466387997058213,0.04397676345762791,-0.49909727483303673,official,2825,2703
refuge,239,121,360,0.00013181588795097994,0.00022159061774336511,0.1425847297235201,0.0037490351326711483,2.3286984901871959,short,905,4621
refugee,68,152,220,3.7504102011157468e-05,0.00027836176774373136,0.61794945468780682,0.006160978206312318,7.872780027959938,short,111,5415
refugees,124,13,137,6.8389833079169504e-05,2.3807256451766497e-05,-0.19193898157766931,0.010498668204409136,-1.8732514644309657,official,4271,1255
refuges,21,6,27,1.1582149150504513e-05,1.0987964516199922e-05,-0.01273653853468204,0.051136947523485805,-0.056322771044133239,official,2482,3048
refund,147,46,193,8.1075044053531594e-05,8.4241061290866068e-05,0.0094757666691798192,0.0071258608173043192,0.11225241428284309,short,2364,3162
refundable,407,7,414,0.00022447308115501605,1.2819291935566576e-05,-0.3059850904269954,0.0035939076862156402,-5.1040721704821594,official,5274,252
refunds,87,4,91,4.7983189337804412e-05,7.3253096774666146e-06,-0.26595956511166285,0.016144877219499799,-2.093139824927432,official,4444,1083
regard,313,0,313,0.00017262917543371011,0,-0.33123242946447817,0.0047929162218784353,-4.7844600336109266,official,5239,287
regarding,1543,5,1548,0.00085101219710611729,9.1566370968332683e-06,-0.32655547704348464,0.00096801914193328216,-10.495786781733381,official,5469,57
regardless,76,1,77,4.1916349306587761e-05,1.8313274193666537e-06,-0.31178186069007907,0.019357044431416896,-2.2409456368039273,official,4542,984
regime,86,3,89,4.7431658425875623e-05,5.493982258099961e-06,-0.2810506168906084,0.016584434833085446,-2.1823992554179741,official,4511,1015
region,228,32,260,0.0001257490479197633,5.8602477419732917e-05,-0.15162100203918172,0.0054744218052053244,-2.0492277771604015,official,4412,1114
regional,531,233,764,0.00029286291423418555,0.00042669928871243032,0.10047465746600359,0.0017757938723127896,2.3842964807901841,short,883,4643
regions,56,3,59,3.0885731068012036e-05,5.493982258099961e-06,-0.25584690879936467,0.024825268326384594,-1.6238024728290912,official,4004,1523
register,133,13,146,7.3353611286528585e-05,2.3807256451766497e-05,-0.20036266435946182,0.0098741214821035667,-2.0163576400119978,official,4386,1141
registered,200,32,232,0.00011030618238575726,5.8602477419732917e-05,-0.13053209897292639,0.0061032775392479205,-1.6708434552766351,official,4058,1468
registering,30,1,31,1.6545927357863591e-05,1.8313274193666537e-06,-0.28318451048819249,0.0476440265107013,-1.2973742263751389,official,3534,1995
registration,554,247,801,0.00030554812520854763,0.00045233787258356349,0.10507516882936674,0.0016927899358824582,2.5538686813749112,short,824,4702
registries,41,8,49,2.2612767389080238e-05,1.4650619354933229e-05,-0.094803297026409439,0.028655554652612367,-0.56003998047517045,official,2881,2645
registry,147,50,197,8.1075044053531594e-05,9.1566370968332683e-05,0.030706306701510755,0.0069561436696212991,0.36816568868586641,short,2196,3330
regular,185,3,188,0.00010203321870682547,5.493982258099961e-06,-0.30737159228937472,0.0079171511662081695,-3.4544527621207841,official,5011,514
regularly,27,1,28,1.4891334622077231e-05,1.8313274193666537e-06,-0.27808349892057116,0.052665160689558212,-1.2117513504523192,official,3442,2090
regulate,1076,2,1078,0.00059344726123537414,3.6626548387333073e-06,-0.32855306235892989,0.0013907626115715953,-8.8100630413771537,official,5441,85
regulated,150,6,156,8.2729636789317945e-05,1.0987964516199922e-05,-0.2740492904744336,0.009441397279610601,-2.8203989593913232,official,4831,695
regulating,97,5,102,5.3498498457092274e-05,9.1566370968332683e-06,-0.25852979946595944,0.014371503925228558,-2.1565498440937807,official,4492,1034
regulation,1027,211,1238,0.00056642224655086351,0.00038641008548636393,-0.084788171112591293,0.001132216411062475,-2.5198259540888031,official,4701,825
regulations,834,54,888,0.00045997678054860781,9.8891680645799297e-05,-0.24136786451927872,0.0016428753092370785,-5.95493666405019,official,5338,188
regulators,29,0,29,1.5994396445934803e-05,0,-0.33119404326834001,0.051724721818257192,-1.456241606872426,official,3783,1752
regulatory,1257,856,2113,0.00069327435629448438,0.0015676162709778556,0.23548394727995614,0.00063413407336269923,9.3512735687504609,short,87,5439
rehabilitate,50,0,50,2.7576545596439316e-05,0,-0.33119688137685088,0.030000583892123546,-1.912147478136577,official,4306,1227
rehabilitation,748,364,1112,0.00041254512212273218,0.00066660318064946196,0.13077857743198074,0.00121572534598018,3.7507565241074197,short,468,5058
rehabilitative,34,9,43,1.8752051005578734e-05,1.6481946774299883e-05,-0.030605203030658501,0.032218366108821457,-0.17050750863654482,official,2568,2959
reimburse,96,2,98,5.2946967545163486e-05,3.6626548387333073e-06,-0.3007429933748611,0.015155223078705574,-2.4429487232808031,official,4675,852
reimbursed,25,0,25,1.3788272798219658e-05,0,-0.33119350268180803,0.060000583886289226,-1.3520852339749585,official,3609,1934
reimbursement,382,168,550,0.00021068480835679637,0.00030766300645359781,0.10111757937905352,0.0024663030526503975,2.0361203495538072,short,1067,4459
reimbursements,55,0,55,3.0334200156083247e-05,0,-0.3311975571242094,0.027273311166017691,-2.0054793342462425,official,4378,1150
reinstate,113,0,113,6.232299304795286e-05,0,-0.33120539599690524,0.013274920190012396,-2.8746266289357236,official,4855,672
reinstatement,22,17,39,1.21336800624333e-05,3.1132566129233112e-05,0.27643953851060132,0.034251169370687708,1.4936968241392397,short,1400,4127
reinsurance,82,20,102,4.5225534778160477e-05,3.6626548387333073e-05,-0.048959763503768627,0.013632087825651118,-0.41933211406327286,official,2764,2762
reintegration,21,18,39,1.1582149150504513e-05,3.2963893548599766e-05,0.31066900145183673,0.034211110206444538,1.6796327634333976,short,1286,4240
reinvestment,142,168,310,7.8317389493887652e-05,0.00030766300645359781,0.41794181422278243,0.0043050235528001189,6.3698331647959767,short,168,5358
related,2103,376,2479,0.0011598695077862375,0.00068857910968186183,-0.11122228670069134,0.00056909248728756478,-4.6623019155404757,official,5225,301
relates,34,0,34,1.8752051005578734e-05,0,-0.3311947190040101,0.044118230947213094,-1.576791820221908,official,3943,1591
relating,3589,8,3597,0.0019794444429124141,1.4650619354933229e-05,-0.32833801639839599,0.00041713670876449737,-16.076146863612365,official,5503,23
relation,26,0,26,1.4339803710148445e-05,0,-0.33119363782827449,0.057692891578830292,-1.3788620927062918,official,3663,1884
relations,603,173,776,0.00033257313989305815,0.00031681964355043108,-0.011751884085123621,0.001779488013647986,-0.2785864348720743,official,2649,2877
relationship,128,4,132,7.0595956726884643e-05,7.3253096774666146e-06,-0.28608519305890034,0.01119967893412953,-2.7032897280906303,official,4781,745
relationships,91,6,97,5.0189312985519558e-05,1.0987964516199922e-05,-0.23976552413257934,0.015028470703706488,-1.9558220656844576,official,4341,1186
relative,65,1,66,3.584950927537111e-05,1.8313274193666537e-06,-0.30855598313254085,0.022559544816506502,-2.0543233656859314,official,4418,1110
relatives,43,0,43,2.3715829212937812e-05,0,-0.33119593533522895,0.034884304820722481,-1.7732499726578297,official,4168,1365
release,230,44,274,0.00012685210974362085,8.0578406452132761e-05,-0.098579168707143339,0.0051293650192675818,-1.3764275246090276,official,3632,1894
released,71,0,71,3.9158694746943826e-05,0,-0.33119971953444782,0.021127344460404745,-2.278596908378792,official,4572,954
releases,56,0,56,3.0885731068012036e-05,0,-0.33119769227401363,0.026786298179238079,-2.0236292703388661,official,4391,1138
relevant,59,1,60,3.2540323803798394e-05,1.8313274193666537e-06,-0.30630009735813246,0.024797387862006973,-1.9451100033443245,official,4330,1197
reliability,119,58,177,6.5632178519525576e-05,0.00010621699032326591,0.13119306172297307,0.0076342814526186836,1.5015050045040417,short,1392,4134
reliable,124,33,157,6.8389833079169504e-05,6.0433804839099571e-05,-0.029375490293620743,0.0088224606750568913,-0.31274491588679015,official,2676,2850
relief,1519,2263,3782,0.00083777545521982648,0.0041442939500267372,0.49410462675757838,0.00035465452706196421,26.237120305510004,short,9,5517
relieve,39,0,39,2.1509705565222665e-05,0,-0.33119539474246373,0.038462122351094884,-1.6887589620191619,official,4078,1451
relieving,26,0,26,1.4339803710148445e-05,0,-0.33119363782827449,0.057692891578830292,-1.3788620927062918,official,3664,1885
religion,115,12,127,6.3426054871810423e-05,2.1975929032399844e-05,-0.19251689373521863,0.011327059920101672,-1.8088820399006647,official,4198,1328
religious,210,144,354,0.00011582149150504513,0.00026371114838879813,0.23753912552740353,0.0037816657457738906,3.8627231594106011,short,443,5083
relocate,34,0,34,1.8752051005578734e-05,0,-0.3311947190040101,0.044118230947213094,-1.576791820221908,official,3944,1592
relocation,132,91,223,7.2802080374599797e-05,0.00016665079516236549,0.23925525125006253,0.0060021987223022408,3.0882062214520523,short,631,4895
rely,28,0,28,1.5442865534006018e-05,0,-0.33119390812154137,0.053572012458417903,-1.430913428383751,official,3737,1790
remain,83,0,83,4.5777065690089265e-05,0,-0.33120134136082946,0.018072873056451534,-2.4636470410086058,official,4689,840
remaining,52,0,52,2.8679607420296889e-05,0,-0.33119715167546104,0.028846737738744143,-1.9500162931698077,official,4337,1192
remains,51,4,55,2.8128076508368104e-05,7.3253096774666146e-06,-0.22394969119696206,0.02638369870005839,-1.3787408033624746,official,3638,1887
remedial,65,4,69,3.584950927537111e-05,7.3253096774666146e-06,-0.24543029188746601,0.021161900600952327,-1.6871388605244553,official,4069,1456
remediation,81,43,124,4.4674003866231695e-05,7.8747079032766114e-05,0.15694923927675575,0.010866656644602127,1.5056056735744003,short,1390,4136
remedies,256,46,302,0.00014119191345376929,8.4241061290866068e-05,-0.11021338274709258,0.0046662618674794968,-1.6134287020266316,official,3986,1540
remedy,99,39,138,5.4601560280949844e-05,7.1421769355299499e-05,0.070050769702023175,0.0098697107118665486,0.70511621170181993,short,1942,3584
remembrance,8,17,25,4.4122472954302902e-06,3.1132566129233112e-05,0.60312566077076291,0.054113137999880941,2.5927249495363838,short,802,4724
remote,61,24,85,3.3643385627655964e-05,4.3951858064799688e-05,0.069700843038550175,0.016024210896855337,0.55061711287336146,short,2052,3474
removal,295,51,346,0.00016270161901899198,9.3397698387699343e-05,-0.11715310398703771,0.0040795380544778308,-1.8342068264861833,official,4234,1292
remove,555,7,562,0.00030609965612047642,1.2819291935566576e-05,-0.31263618865576071,0.0026533084040693995,-6.0693947026561066,official,5344,182
removed,44,0,44,2.42673601248666e-05,0,-0.33119607048369737,0.034091492981632388,-1.7937510362478384,official,4189,1341
removing,63,17,80,3.474644745151354e-05,3.1132566129233112e-05,-0.026177480805369413,0.017302869243684963,-0.19900719889603596,official,2596,2929
remuneration,32,1,33,1.7648989181721161e-05,1.8313274193666537e-06,-0.28607356468799772,0.044796963978714965,-1.3516163506585397,official,3587,1940
renal,34,9,43,1.8752051005578734e-05,1.6481946774299883e-05,-0.030605203030658501,0.032218366108821457,-0.17050750863654482,official,2569,2960
rename,27,0,27,1.4891334622077231e-05,0,-0.33119377297485109,0.055556139442311518,-1.4051287926382199,official,3710,1839
render,42,0,42,2.3164298301009027e-05,0,-0.33119580018686889,0.03571486960454226,-1.7525091193635514,official,4146,1385
rendering,245,0,245,0.00013512507342255264,0,-0.33122323758585814,0.0061230329172271723,-4.2328950507291685,official,5175,351
renegotiation,29,18,47,1.5994396445934803e-05,3.2963893548599766e-05,0.20561514429498651,0.028543094013979555,1.2170392226408144,short,1596,3930
renew,41,2,43,2.2612767389080238e-05,3.6626548387333073e-06,-0.26220189606717526,0.034127568017596116,-1.4193292647043079,official,3719,1807
renewable,570,298,868,0.00031437261979940819,0.00054573557097126277,0.15233959799338948,0.001553627326465228,3.8649099495262904,short,442,5084
renewal,153,167,320,8.438422952510431e-05,0.00030583167903423119,0.39118006079406875,0.0041681369605490234,6.0590665045765224,short,182,5344
renewed,22,3,25,1.21336800624333e-05,5.493982258099961e-06,-0.15598766199757463,0.056991465345438898,-0.65340933830646286,official,2952,2578
renovate,24,5,29,1.3236741886290871e-05,9.1566370968332683e-06,-0.081975332207479212,0.048280273121712118,-0.37307687146733837,official,2722,2808
renovation,106,17,123,5.8462276664451348e-05,3.1132566129233112e-05,-0.13012922148496919,0.011510253280129458,-1.2129206540368873,official,3444,2082
rent,31,18,49,1.7097458269792376e-05,3.2963893548599766e-05,0.1846269291132252,0.027425957027317174,1.1148441276012471,short,1648,3879
rental,249,91,340,0.0001373311970702678,0.00016665079516236549,0.04964614828382885,0.004018562449484858,0.78315946173100381,short,1879,3647
rental-purchase,21,7,28,1.1582149150504513e-05,1.2819291935566576e-05,0.025485123027612744,0.048980175724151268,0.11515334686751032,short,2361,3167
renters,14,11,25,7.7214327670030089e-06,2.014460161303319e-05,0.28191739295747453,0.053419387305764031,1.2197544727420522,short,1591,3936
rents,36,1,37,1.9855112829436307e-05,1.8313274193666537e-06,-0.29092064141968699,0.040015003499821226,-1.4543304820808742,official,3765,1767
reorganization,245,453,698,0.00013512507342255264,0.0008295913209730941,0.56144740314136943,0.0019298391887902482,12.780519779668284,short,43,5483
reorganize,178,0,178,9.8172502323323963e-05,0,-0.33121418138542325,0.0084275502141319594,-3.607931213624739,official,5053,474
reorganizing,27,3,30,1.4891334622077231e-05,5.493982258099961e-06,-0.18458895256073227,0.047847473839792293,-0.84387126462052398,official,3095,2434
repair,226,96,322,0.00012464598609590572,0.00017580743225919875,0.091175740081189005,0.0042177459773250483,1.4039094173199842,short,1459,4067
repairing,37,4,41,2.0406643741365096e-05,7.3253096774666146e-06,-0.18809248583736959,0.035043318933002353,-1.0047750225797416,official,3227,2302
repatriation,18,14,32,9.9275564147181536e-06,2.5638583871133151e-05,0.27857929734838649,0.041739714323559926,1.3635595282763848,short,1495,4032
repayment,235,79,314,0.00012960976430326479,0.00014467486612996565,0.027671918812719909,0.0043666068454227365,0.4187619651591209,short,2159,3367
repeal,1494,312,1806,0.00082398718242160677,0.00057137415484239599,-0.081555110557126831,0.00077575815595270407,-2.9281141659002059,official,4874,652
repealing,82,9,91,4.5225534778160477e-05,1.6481946774299883e-05,-0.18617139541936112,0.01578093072305066,-1.4819946890618252,official,3826,1700
repeat,30,22,52,1.6545927357863591e-05,4.028920322606638e-05,0.25930872047615772,0.025709219358666116,1.6172333078706929,short,1323,4203
replace,188,0,188,0.00010368781144261183,0,-0.33121553302540185,0.0079793073285864529,-3.7079007384108897,official,5081,446
replacement,161,52,213,8.8796476820534603e-05,9.522902580706599e-05,0.017432661408754768,0.0064479656304446504,0.21709625815871877,short,2299,3227
replacing,75,0,75,4.1364818394658973e-05,0,-0.3312002601414612,0.020000583897957981,-2.341905313174014,official,4614,916
report,757,61,818,0.00041750890033009127,0.00011171097258136588,-0.22134355333769307,0.0017731611378162143,-5.2564528773616299,official,5284,242
reported,87,1,88,4.7983189337804412e-05,1.8313274193666537e-06,-0.31420385685695784,0.016950824671518462,-2.4133265778822803,official,4653,873
reporting,858,311,1169,0.00047321352243489867,0.00056954282742302932,0.047465892481891814,0.001169599759261248,1.3879154684285595,short,1467,4059
reports,470,52,522,0.00025921952860652957,9.522902580706599e-05,-0.18517684640023724,0.0027508088003472481,-3.5306647463895278,official,5027,499
repository,42,5,47,2.3164298301009027e-05,9.1566370968332683e-06,-0.17543902706266046,0.030467308178677602,-1.0050997557351422,official,3231,2298
represent,36,0,36,1.9855112829436307e-05,0,-0.33119498929905689,0.041667250555522978,-1.6225060899795725,official,4001,1535
representation,159,82,241,8.7693414996677026e-05,0.00015016884838806561,0.1481601427862369,0.0055965591739054778,1.9804817185290644,short,1098,4428
representative,152,20,172,8.3832698613175522e-05,3.6626548387333073e-05,-0.16130265518723874,0.0082953370082372718,-1.7710242142165411,official,4159,1367
representatives,570,54,624,0.00031437261979940819,9.8891680645799297e-05,-0.20401276330734852,0.0023130312211200816,-4.2419602138464407,official,5176,350
representing,42,0,42,2.3164298301009027e-05,0,-0.33119580018686889,0.03571486960454226,-1.7525091193635514,official,4147,1386
reproductive,36,24,60,1.9855112829436307e-05,4.3951858064799688e-05,0.22843156854562885,0.022322012467350754,1.5289365003643769,short,1372,4154
republic,254,17,271,0.00014008885162991174,3.1132566129233112e-05,-0.23850742691083582,0.0053775680717259612,-3.252437418227633,official,4954,572
republics,26,5,31,1.4339803710148445e-05,9.1566370968332683e-06,-0.097576542941558486,0.045322221314895203,-0.45834218814117572,official,2788,2741
request,128,2,130,7.0595956726884643e-05,3.6626548387333073e-06,-0.30821700762207449,0.011452310478921878,-2.8801164187072059,official,4858,668
requesting,29,1,30,1.5994396445934803e-05,1.8313274193666537e-06,-0.28159665338839446,0.049207800946019023,-1.269435123751002,official,3507,2024
requests,67,2,69,3.6952571099228687e-05,3.6626548387333073e-06,-0.28802610957316332,0.021438032115403887,-1.967158708299503,official,4346,1180
require,10091,5,10096,0.0055654984322733832,9.1566370968332683e-06,-0.33181452252401122,0.00014912317626546566,-27.172075782583143,official,5514,12
required,577,1,578,0.0003182333361829097,1.8313274193666537e-06,-0.32867363647678793,0.0025935005979872681,-6.4538920010697627,official,5366,160
requirement,563,14,577,0.00031051190341590672,2.5638583871133151e-05,-0.29508028766588268,0.0025698243757762557,-5.8208777193047618,official,5330,196
requirements,2323,48,2371,0.0012812063084105707,8.7903716129599375e-05,-0.3012664950700783,0.00062701632243483923,-12.031268297071135,official,5483,43
requires,43,7,50,2.3715829212937812e-05,1.2819291935566576e-05,-0.12759383888925058,0.028297131713716606,-0.75850508390895932,official,3019,2507
requiring,757,7,764,0.00041750890033009127,1.2819291935566576e-05,-0.31757705600348007,0.0019550631163725643,-7.1823857621364731,official,5393,133
resale,22,3,25,1.21336800624333e-05,5.493982258099961e-06,-0.15598766199757463,0.056991465345438898,-0.65340933830646286,official,2953,2579
rescind,100,2,102,5.5153091192878632e-05,3.6626548387333073e-06,-0.3019323591766252,0.014566463569270948,-2.5016848407958858,official,4697,829
rescission,24,22,46,1.3236741886290871e-05,4.028920322606638e-05,0.33297614852667401,0.028992180531188298,1.9555669345440867,short,1115,4413
rescissions,39,26,65,2.1509705565222665e-05,4.7614512903532995e-05,0.2284320606150132,0.020604979501606755,1.5913692575759693,short,1342,4184
rescue,90,56,146,4.963778207359077e-05,0.0001025543354845326,0.20640591603254244,0.0091883671030448793,2.1532922227237283,short,992,4534
research,3974,2105,6079,0.0021917838440049971,0.0038549442177668062,0.15667558573312057,0.00022224786420323037,10.509511480344838,short,71,5455
reservation,129,68,197,7.1147487638813432e-05,0.00012453026451693245,0.1548025828070454,0.0068416534988197161,1.8715337564679932,short,1154,4373
reservations,63,3,66,3.474644745151354e-05,5.493982258099961e-06,-0.26375601129480764,0.022245275503725206,-1.7684120766772713,official,4157,1370
reserve,1232,426,1658,0.00067948608349626479,0.00078014548065019444,0.035014360609933348,0.0008264515040496607,1.2179725850341472,short,1595,3931
reserves,125,31,156,6.8941363991098292e-05,5.6771150000366263e-05,-0.045291978283804823,0.00890689636285227,-0.47990811189147548,official,2804,2723
reservist,5,30,35,2.7576545596439317e-06,5.493982258099961e-05,0.84747765887632198,0.040385199275069415,4.2171314957474548,short,380,5147
reservists,30,52,82,1.6545927357863591e-05,9.522902580706599e-05,0.54131726586903106,0.01639184189850126,4.2280294266128191,short,376,5150
reservoir,46,24,70,2.537042194872417e-05,4.3951858064799688e-05,0.15166620088117533,0.019259571425768805,1.0928624365039137,short,1668,3858
resettlement,29,29,58,1.5994396445934803e-05,5.3108495161632956e-05,0.36196615093737883,0.022989089642887053,2.3873004106616929,short,880,4645
reside,34,0,34,1.8752051005578734e-05,0,-0.3311947190040101,0.044118230947213094,-1.576791820221908,official,3945,1593
residence,338,9,347,0.00018641744823192979,1.6481946774299883e-05,-0.29257269679163045,0.0042694267406372813,-4.4776383329907867,official,5209,317
residences,91,3,94,5.0189312985519558e-05,5.493982258099961e-06,-0.28369874235663772,0.01571526765849621,-2.2630623500985161,official,4563,963
residency,83,20,103,4.5777065690089265e-05,3.6626548387333073e-05,-0.051607504119193237,0.013507009292547958,-0.44405141323027786,official,2774,2752
resident,146,44,190,8.0523513141602805e-05,8.0578406452132761e-05,0.00016702534990464812,0.0072502786771784953,0.0019615755533251957,short,2438,3088
residential,561,99,660,0.00030940884159204915,0.00018130141451729872,-0.11349803953683413,0.0021371079162169457,-2.4551336200423397,official,4682,844
residents,461,20,481,0.00025425575039917048,3.6626548387333073e-05,-0.26949545408381148,0.0030581631032443033,-4.8732772697042535,official,5251,276
residing,133,1,134,7.3353611286528585e-05,1.8313274193666537e-06,-0.32003434979188228,0.011153309671256099,-3.0303634140509641,official,4902,624
residual,31,9,40,1.7097458269792376e-05,1.6481946774299883e-05,-0.00890267325065075,0.034493254197898761,-0.047935068193804546,official,2473,3053
resiliency,33,23,56,1.8200520093649949e-05,4.2120530645433034e-05,0.24277440058800615,0.023894766799208676,1.5705490061673459,short,1348,4178
resistance,26,15,41,1.4339803710148445e-05,2.7469911290499805e-05,0.1826193452227205,0.032783099882409919,1.0086065236545385,short,1724,3805
resolution,908,569,1477,0.00050079006803133803,0.001042025301619626,0.20877730519077264,0.00090863002512796764,6.9261157577921999,short,138,5388
resolutions,93,0,93,5.1292374809377128e-05,0,-0.33120269289505622,0.016129616160223369,-2.6078454076533366,official,4742,788
resolve,88,0,88,4.85347202497332e-05,0,-0.33120201712655017,0.01704603844644648,-2.5367708658876613,official,4710,817
resolving,34,4,38,1.8752051005578734e-05,7.3253096774666146e-06,-0.17704224420950965,0.037698996587979886,-0.91182608192065728,official,3142,2386
resource,499,230,729,0.00027521392505246438,0.00042120530645433035,0.11474180665184619,0.0018576691798019077,2.6621804865741652,short,780,4746
resources,1856,572,2428,0.0010236413725398274,0.001047519283877726,0.005688049508625781,0.0005673445199463799,0.23880308648542323,short,2285,3241
respect,4531,53,4584,0.0024989865619493307,9.706035322643265e-05,-0.3144864136440324,0.00032595090046944319,-17.419103327527562,official,5507,19
respecting,126,9,135,6.949289490302708e-05,1.6481946774299883e-05,-0.232763041436991,0.010776445981475976,-2.2422097937498142,official,4543,983
respective,30,0,30,1.6545927357863591e-05,0,-0.33119417841525234,0.050000583887456082,-1.4811367452309805,official,3816,1713
respectively,27,0,27,1.4891334622077231e-05,0,-0.33119377297485109,0.055556139442311518,-1.4051287926382199,official,3711,1840
respiratory,32,27,59,1.7648989181721161e-05,4.9445840322899649e-05,0.30545263773879938,0.022617501861627091,2.0310544314047356,short,1074,4453
respite,36,16,52,1.9855112829436307e-05,2.9301238709866458e-05,0.1041302618716422,0.026070102610144408,0.64491962133192526,short,1980,3547
respond,215,7,222,0.00011857914606468906,1.2819291935566576e-05,-0.2842800521386426,0.0066557256792192133,-3.4845658774372774,official,5019,507
responder,27,31,58,1.4891334622077231e-05,5.6771150000366263e-05,0.40795243197084652,0.023001244834415412,2.6898858854803502,short,772,4754
responders,78,63,141,4.3019411130445331e-05,0.00011537362742009919,0.29102305083626945,0.0094687547471828705,2.9907558108507377,short,663,4863
responding,61,7,68,3.3643385627655964e-05,1.2819291935566576e-05,-0.18037233707000944,0.021085855214581034,-1.2421507970582761,official,3477,2049
response,609,255,864,0.00033588232536463087,0.00046698849193849672,0.087123485636369402,0.0015731257728118834,2.1966128468047414,short,977,4549
responsibilities,185,16,201,0.00010203321870682547,2.9301238709866458e-05,-0.21400078269278389,0.007199552434347117,-2.5221018008884011,official,4702,824
responsibility,400,343,743,0.00022061236477151453,0.00062814530484276224,0.31090178483595032,0.0017962850265919317,7.3355991311217768,short,129,5397
responsible,290,205,495,0.00015994396445934803,0.00037542212097016399,0.24740648449230562,0.0027030407874012322,4.7586611242200565,short,290,5236
responsive,43,10,53,2.3715829212937812e-05,1.8313274193666537e-05,-0.059257732410001651,0.026290266433116567,-0.36546646693942397,official,2712,2814
responsiveness,18,9,27,9.9275564147181536e-06,1.6481946774299883e-05,0.13881511125415891,0.050000583887305279,0.6207964253960534,short,2001,3526
restate,29,0,29,1.5994396445934803e-05,0,-0.33119404326834001,0.051724721818257192,-1.456241606872426,official,3784,1753
restitution,78,77,155,4.3019411130445331e-05,0.00014101221129123232,0.35767998776622356,0.0086027742424776548,3.8563405487932552,short,446,5080
restoration,441,979,1420,0.00024322513216059477,0.0017928695435599541,0.61627501933081508,0.00095477013517946926,19.944591746271044,short,17,5509
restore,970,55,1025,0.00053498498457092269,0.00010072300806516596,-0.25183240673309992,0.0014277631818719531,-6.6647448348794907,official,5379,147
restoring,78,125,203,4.3019411130445331e-05,0.00022891592742083173,0.51666155056002694,0.006608083284477752,6.3557731649386389,short,171,5355
restrain,41,1,42,2.2612767389080238e-05,1.8313274193666537e-06,-0.29568852783967259,0.035304590614890295,-1.573688912936926,official,3929,1597
restraint,32,16,48,1.7648989181721161e-05,2.9301238709866458e-05,0.13881636044136769,0.028125583892633366,0.82773225682031792,short,1855,3672
restraints,36,3,39,1.9855112829436307e-05,5.493982258099961e-06,-0.21786495776651549,0.037143441032596675,-1.1304368722216545,official,3358,2169
restrict,373,0,373,0.0002057210301494373,0,-0.33124054037316597,0.0040220316886933304,-5.2230085944736118,official,5282,244
restricted,51,11,62,2.8128076508368104e-05,2.014460161303319e-05,-0.074973277331329413,0.022548771554705648,-0.49928101487969462,official,2830,2699
restricting,45,2,47,2.4818891036795385e-05,3.6626548387333073e-06,-0.26801640652527325,0.031278312374242917,-1.5154434107898607,official,3870,1658
restriction,49,34,83,2.7025014684510531e-05,6.2265132258466224e-05,0.24133770403983235,0.016123350024666434,1.9006298058846356,short,1142,4384
restrictions,467,17,484,0.00025756493587074321,3.1132566129233112e-05,-0.27900639961453422,0.0030481166893268456,-5.0535709856254556,official,5268,258
restrictive,32,2,34,1.7648989181721161e-05,3.6626548387333073e-06,-0.2441821742374799,0.042929876817804559,-1.1785123426448747,official,3398,2127
restructure,74,2,76,4.0813287482730191e-05,3.6626548387333073e-06,-0.2919785143437057,0.019487763385492917,-2.0915579190440861,official,4442,1084
restructuring,51,76,127,2.8128076508368104e-05,0.00013918088387186568,0.49340669845838292,0.010544669817207248,4.8049464119815193,short,282,5244
result,550,3,553,0.00030334200156083247,5.493982258099961e-06,-0.32313666791859674,0.0027057634744877004,-6.2121413269854875,official,5353,173
resulting,344,5,349,0.00018972663370350249,9.1566370968332683e-06,-0.30982028164745223,0.0042684441622800771,-4.7421473248124357,official,5232,294
results,116,39,155,6.3977585783739211e-05,7.1421769355299499e-05,0.027698218882804326,0.0088452599946362773,0.29450762364632693,short,2238,3288
retail,214,26,240,0.00011802761515276027,4.7614512903532995e-05,-0.17266108806364322,0.0059626256061021208,-2.2360200989823951,official,4537,989
retailers,77,0,77,4.2467880218516549e-05,0,-0.33120053044563491,0.019481103378944223,-2.3729262910952897,official,4631,894
retain,101,5,106,5.5704622104807421e-05,9.1566370968332683e-06,-0.26124294177255436,0.013840510788903177,-2.2205906480423661,official,4530,996
retainer,29,23,52,1.5994396445934803e-05,4.2120530645433034e-05,0.28500241729407705,0.025679596239673141,1.7785023691358175,short,1216,4312
retaining,23,6,29,1.2685210974362085e-05,1.0987964516199922e-05,-0.033939016475974526,0.047802781689786716,-0.15522893146988517,official,2554,2972
retaliation,32,4,36,1.7648989181721161e-05,7.3253096774666146e-06,-0.16867372424536775,0.039706466242041626,-0.84648022174345205,official,3097,2429
retarded,39,19,58,2.1509705565222665e-05,3.4795220967966419e-05,0.13105475533312472,0.02329687523267869,0.85862582580435598,short,1833,3693
retention,254,140,394,0.00014008885162991174,0.00025638583871133154,0.16849070061847016,0.0034164530335363398,2.8826253981465171,short,699,4827
retire,42,0,42,2.3164298301009027e-05,0,-0.33119580018686889,0.03571486960454226,-1.7525091193635514,official,4148,1387
retired,366,84,450,0.00020186031376593581,0.00015383150322679891,-0.062073230407483138,0.0030987333627255334,-1.1150959628044093,official,3332,2194
retiree,44,92,136,2.42673601248666e-05,0.00016848212258173214,0.59838117418532022,0.0099421043856466572,6.00120914374937,short,185,5341
retirees,87,63,150,4.7983189337804412e-05,0.00011537362742009919,0.25520559507677376,0.0089148288827591952,2.7029230745651773,short,759,4766
retirement,2252,752,3004,0.0012420476136636269,0.0013771582193637237,0.025974485618560195,0.00045708406181797963,1.2149234558438697,short,1597,3929
retraining,89,43,132,4.9086251161661981e-05,7.8747079032766114e-05,0.12858759722145585,0.010239756505999413,1.2707328772476698,short,1557,3969
retroactive,44,12,56,2.42673601248666e-05,2.1975929032399844e-05,-0.023705985799372442,0.024706466247197405,-0.15081783544149729,official,2546,2980
retrofit,28,8,36,1.5442865534006018e-05,1.4650619354933229e-05,-0.012736587067719185,0.038352856616617317,-0.065036058102891037,official,2489,3040
return,283,72,355,0.00015608324807584654,0.00013185557419439906,-0.03960315109800483,0.0039099024615367696,-0.63335438402854871,official,2928,2598
returning,54,12,66,2.9782669244154463e-05,2.1975929032399844e-05,-0.068827772556010913,0.021154430050436154,-0.4732199555681087,official,2802,2724
returns,179,6,185,9.8724033235252751e-05,1.0987964516199922e-05,-0.28294488301952114,0.0079834387654907479,-3.1666994379725146,official,4933,593
reunification,6,19,25,3.3091854715727179e-06,3.4795220967966419e-05,0.71216720116176369,0.05498592113085065,3.0370798889353132,short,646,4881
reuse,54,67,121,2.9782669244154463e-05,0.0001226989370975658,0.43363581423574615,0.0110340185632393,4.1281767971230243,short,399,5127
revenue,11441,231,11672,0.0063100651633772441,0.00042303663387369703,-0.30309720860549927,0.00012786476006467474,-26.804425456349271,official,5513,13
revenues,416,2,418,0.00022943685936237511,3.6626548387333073e-06,-0.32407696638297168,0.003580577126479129,-5.4159126139702956,official,5299,227
reverse,61,19,80,3.3643385627655964e-05,3.4795220967966419e-05,0.008317298508025317,0.017193792582854965,0.063430253481390475,short,2396,3131
review,1514,490,2004,0.00083501780066018254,0.00089735043548966028,0.017967544044643624,0.00068579910413887868,0.68610448994220485,short,1956,3570
reviewing,31,0,31,1.7097458269792376e-05,0,-0.3311943135622748,0.048387680661882995,-1.5056203243148938,official,3860,1681
reviews,65,4,69,3.584950927537111e-05,7.3253096774666146e-06,-0.24543029188746601,0.021161900600952327,-1.6871388605244553,official,4070,1457
revise,1547,0,1547,0.00085321832075383245,0,-0.33139932451440934,0.000970202858378477,-10.639478565608881,official,5471,55
revised,158,5,163,8.7141884084748238e-05,9.1566370968332683e-06,-0.28553919751989554,0.0090682296686900848,-2.9985029415065338,official,4897,629
revising,37,0,37,2.0406643741365096e-05,0,-0.33119512444674726,0.040541124429630225,-1.6448868926211853,official,4025,1506
revision,58,122,180,3.1988792891869606e-05,0.00022342194516273176,0.60016031154569305,0.007513522880326029,6.9238151647564905,short,139,5387
revisions,30,7,37,1.6545927357863591e-05,1.2819291935566576e-05,-0.058546842134385102,0.037653229751118011,-0.30171879056367257,official,2667,2859
revitalization,133,333,466,7.3353611286528585e-05,0.00060983203064909571,0.65018788693391905,0.002921597546931015,12.028976562071611,short,53,5473
revitalize,83,5,88,4.5777065690089265e-05,9.1566370968332683e-06,-0.24711598041028715,0.016601225289714396,-1.9179211989577596,official,4310,1216
revocation,27,7,34,1.4891334622077231e-05,1.2819291935566576e-05,-0.035345248692845388,0.040784270414206659,-0.17501879641426113,official,2575,2953
revoke,28,1,29,1.5442865534006018e-05,1.8313274193666537e-06,-0.27990016499353665,0.050877776869739884,-1.2409065910146566,official,3471,2059
revolution,28,19,47,1.5442865534006018e-05,3.4795220967966419e-05,0.23412842706834702,0.028485432377431587,1.3872116884879027,short,1470,4057
revolutionary,40,23,63,2.2061236477151454e-05,4.2120530645433034e-05,0.18158027986281589,0.021337228737383133,1.2430817046320912,short,1571,3955
revolving,110,47,157,6.0668400312166495e-05,8.6072388710232728e-05,0.092834617197128821,0.0086478630563383251,0.99828730676345578,short,1730,3796
reward,44,18,62,2.42673601248666e-05,3.2963893548599766e-05,0.080546728065097994,0.021934546160173658,0.54385556509836541,short,2055,3471
rewarding,30,6,36,1.6545927357863591e-05,1.0987964516199922e-05,-0.09002942914793266,0.038961622850261481,-0.45610620167917837,official,2781,2747
rewards,28,19,47,1.5442865534006018e-05,3.4795220967966419e-05,0.23412842706834702,0.028485432377431587,1.3872116884879027,short,1471,4058
rhode,43,18,61,2.3715829212937812e-05,3.2963893548599766e-05,0.087016275975205559,0.022274196359275217,0.58304150361082852,short,2028,3499
ribbon,21,12,33,1.1582149150504513e-05,2.1975929032399844e-05,0.17963804657160587,0.040741324629629358,0.8899810330100667,short,1814,3713
rice,51,26,77,2.8128076508368104e-05,4.7614512903532995e-05,0.14466055580400194,0.017521821764089375,1.0928498581626105,short,1669,3857
richard,122,6,128,6.7286771255311927e-05,1.0987964516199922e-05,-0.26167785724083892,0.011463270477857787,-2.4440647366310895,official,4676,850
rico,159,95,254,8.7693414996677026e-05,0.0001739761048398321,0.1936025302232558,0.0052872209644826348,2.6625470958157775,short,779,4747
ridge,24,17,41,1.3236741886290871e-05,3.1132566129233112e-05,0.24801718231131886,0.032626578586020992,1.3730805094182434,short,1478,4049
right,633,374,1007,0.00034911906725092174,0.00068491645484312848,0.19015100649434835,0.0013344531975785392,5.2053142712665261,short,244,5282
right-of-way,25,33,58,1.3788272798219658e-05,6.0433804839099571e-05,0.45398738524116311,0.023037787656100098,2.991048119686897,short,662,4864
right-to-know,13,71,84,7.1699018550742223e-06,0.00013002424677503242,0.8307012995200509,0.016761475158133497,6.4163607129634928,short,165,5361
rights,2324,1444,3768,0.0012817578393224994,0.0026444367935654482,0.20627872708401007,0.00035659948115226878,10.923557253949518,short,66,5460
rights-of-way,55,6,61,3.0334200156083247e-05,1.0987964516199922e-05,-0.18694525581092059,0.023546646684557665,-1.2182878547627327,official,3450,2076
rigorous,35,0,35,1.9303581917507522e-05,0,-0.33119485415147842,0.042857726745765795,-1.5998122380313102,official,3977,1562
rio,67,50,117,3.6952571099228687e-05,9.1566370968332683e-05,0.26502849420940144,0.011423390471603539,2.4796766819206684,short,853,4673
rising,29,1,30,1.5994396445934803e-05,1.8313274193666537e-06,-0.28159665338839446,0.049207800946019023,-1.269435123751002,official,3508,2025
risk,516,210,726,0.00028458995055525373,0.00038457875806699731,0.079118778705179693,0.0018741131101945379,1.8276022135994623,short,1181,4345
risk-based,28,12,40,1.5442865534006018e-05,2.1975929032399844e-05,0.093694670756651277,0.033937235474232635,0.50860035446934937,short,2094,3432
risks,202,4,206,0.00011140924420961484,7.3253096774666146e-06,-0.3022280934175452,0.0072134690828381757,-3.5584653726748403,official,5033,493
rita,64,20,84,3.5297978363442322e-05,3.6626548387333073e-05,0.0091360074368278532,0.01637272527342052,0.071399629323339139,short,2390,3136
river,889,569,1458,0.00049031098070469105,0.001042025301619626,0.21551128091162308,0.0009200000083722645,7.1051964891522577,short,132,5394
rivers,482,107,589,0.00026583789954967503,0.00019595203387223195,-0.06905848224801403,0.0023710724497286364,-1.4182233032484073,official,3718,1808
riverside,28,1,29,1.5442865534006018e-05,1.8313274193666537e-06,-0.27990016499353665,0.050877776869739884,-1.2409065910146566,official,3472,2060
road,35,38,73,1.9303581917507522e-05,6.9590441935932839e-05,0.38936835305906214,0.018268852168078917,2.8807463443712762,short,702,4825
roadless,36,24,60,1.9855112829436307e-05,4.3951858064799688e-05,0.22843156854562885,0.022322012467350754,1.5289365003643769,short,1373,4155
roads,56,24,80,3.0885731068012036e-05,4.3951858064799688e-05,0.093696271659110764,0.016968909692444977,0.71927562106904652,short,1927,3600
robert,158,33,191,8.7141884084748238e-05,6.0433804839099571e-05,-0.081475358747738369,0.0073301991542253737,-0.95163059091337765,official,3180,2346
rock,78,52,130,4.3019411130445331e-05,9.522902580706599e-05,0.22843845771076055,0.010302781716166045,2.2505671221239454,short,949,4577
rocky,65,58,123,3.584950927537111e-05,0.00010621699032326591,0.3240293682652684,0.010844594727324013,3.1115566389656135,short,624,4902
rodenticide,79,13,92,4.3570942042374119e-05,2.3807256451766497e-05,-0.12575099279613511,0.015372346642902738,-1.0142414093268688,official,3245,2284
rogue,17,9,26,9.376025502789367e-06,1.6481946774299883e-05,0.15610674350869758,0.051827826411988853,0.68570950009021792,short,1960,3567
role,211,3,214,0.00011637302241697391,5.493982258099961e-06,-0.31026193037398464,0.0069618200379289218,-3.7184940757919671,official,5082,444
rollover,37,19,56,2.0406643741365096e-05,3.4795220967966419e-05,0.14684920265695567,0.02408660540005983,0.94620185223760012,short,1774,3753
ronald,30,30,60,1.6545927357863591e-05,5.493982258099961e-05,0.36196646454678216,0.022222806118510637,2.4281129613768737,short,870,4656
roosevelt,31,20,51,1.7097458269792376e-05,3.6626548387333073e-05,0.2179224716702528,0.026280212887050673,1.3442733117057741,short,1502,4024
round,27,6,33,1.4891334622077231e-05,1.0987964516199922e-05,-0.068826816059127438,0.042308276196214703,-0.33461469843200353,official,2695,2833
route,62,32,94,3.4194916539584752e-05,5.8602477419732917e-05,0.14838893712059686,0.014347348251109792,1.2388413821962734,short,1576,3951
routes,28,11,39,1.5442865534006018e-05,2.014460161303319e-05,0.069288594643476031,0.034925957024556177,0.37075549386693479,short,2193,3334
routine,25,4,29,1.3788272798219658e-05,7.3253096774666146e-06,-0.13052101225680879,0.04882213270901567,-0.59070692178118833,official,2901,2632
royalties,50,12,62,2.7576545596439316e-05,2.1975929032399844e-05,-0.052478093962680106,0.022442668837741431,-0.35030053633854585,official,2707,2820
royalty,88,55,143,4.85347202497332e-05,0.00010072300806516596,0.20781916535239908,0.0093800932966948605,2.1457643088722804,short,998,4528
ru-486,16,13,29,8.8244945908605804e-06,2.3807256451766497e-05,0.29296785634370615,0.046032329919762194,1.3654899080112264,short,1489,4038
rule,513,117,630,0.00028293535781946736,0.0002142653080658985,-0.063406253099959287,0.0022141627590032014,-1.347495485958589,official,3583,1943
rulemaking,159,36,195,8.7693414996677026e-05,6.5927787097199531e-05,-0.064927479857754378,0.0071544470142288936,-0.76760979940241281,official,3026,2500
rules,1254,43,1297,0.00069161976355869802,7.8747079032766114e-05,-0.28200902370463332,0.0011388559786589749,-8.3565805170965515,official,5426,100
runaway,55,39,94,3.0334200156083247e-05,7.1421769355299499e-05,0.24836994702686432,0.014230790293227082,2.0820182654903929,short,1038,4488
rural,1586,1098,2684,0.00087472802631905508,0.0020107975064645859,0.24087489875867174,0.00049918697701541994,10.781021738487963,short,69,5457
russell,116,2,118,6.3977585783739211e-05,3.6626548387333073e-06,-0.30588709597892638,0.012607421514953176,-2.724256650639695,official,4792,735
russia,17,9,26,9.376025502789367e-06,1.6481946774299883e-05,0.15610674350869758,0.051827826411988853,0.68570950009021792,short,1961,3568
russian,65,22,87,3.584950927537111e-05,4.028920322606638e-05,0.02942550580108616,0.015753843197127929,0.23443944118300017,short,2286,3240
rx,6,32,38,3.3091854715727179e-06,5.8602477419732917e-05,0.82627621358608216,0.037013570904263229,4.2948179319931743,short,357,5168
ryan,11,22,33,6.06684003121665e-06,4.028920322606638e-05,0.58510899357170842,0.040909674798589882,2.892835644171039,short,695,4832
s,127,54,181,7.0044425814955869e-05,9.8891680645799297e-05,0.091449856768935689,0.0075026563216829796,1.055785038030566,short,1696,3830
saccharin,30,7,37,1.6545927357863591e-05,1.2819291935566576e-05,-0.058546842134385102,0.037653229751118011,-0.30171879056367257,official,2668,2860
sacramento,42,16,58,2.3164298301009027e-05,2.9301238709866458e-05,0.060853467513727111,0.023514097408480643,0.39684523817469991,short,2172,3354
safe,947,879,1826,0.00052229977359656067,0.0016097368016232886,0.33739587358836509,0.00073089039459062362,12.479972822503303,short,47,5479
safeguard,104,40,144,5.7359214840593779e-05,7.3253096774666146e-05,0.063467962722482341,0.0094676245897150173,0.65227997143604832,short,1978,3548
safeguarding,30,51,81,1.6545927357863591e-05,9.3397698387699343e-05,0.53524760972531382,0.016585350487237815,4.1561614493356656,short,391,5135
safeguards,94,17,111,5.1843905721305916e-05,3.1132566129233112e-05,-0.10902773392662723,0.012691132687885225,-0.96780261951560942,official,3196,2330
safer,39,59,98,2.1509705565222665e-05,0.00010804831774263257,0.49824314181624096,0.013669280731512155,4.2615589266899017,short,366,5160
safety,3365,2505,5870,0.001855901518640366,0.004587475185513468,0.26487855787536052,0.00022827209562266873,17.531553055185203,short,23,5503
said,62,0,62,3.4194916539584752e-05,0,-0.33119850317518207,0.024194132282020834,-2.129282770545442,official,4477,1059
sailors,21,12,33,1.1582149150504513e-05,2.1975929032399844e-05,0.17963804657160587,0.040741324629629358,0.8899810330100667,short,1815,3714
saint,41,29,70,2.2612767389080238e-05,5.3108495161632956e-05,0.24755417803183377,0.019110603008580269,1.7907421869871223,short,1202,4324
salaries,91,1,92,5.0189312985519558e-05,1.8313274193666537e-06,-0.31494145296739617,0.016217752948346455,-2.4730590517654791,official,4692,834
salary,96,75,171,5.2946967545163486e-05,0.00013734955645249903,0.2800606170469262,0.0078109429274079347,3.1688399823392621,short,603,4923
sale,1066,73,1139,0.00058793195211608626,0.00013368690161376571,-0.23660992272061421,0.00127918139832057,-6.6155641646086139,official,5376,150
sales,533,156,689,0.00029396597605804313,0.000285687077421198,-0.0069524850716913278,0.0020023466090421846,-0.15537117020098645,official,2556,2970
salmon,90,70,160,4.963778207359077e-05,0.00012819291935566577,0.27859469755464517,0.008348410009025406,3.049095038430492,short,639,4887
salt,33,11,44,1.8200520093649949e-05,2.014460161303319e-05,0.025485296256682943,0.031169415060225854,0.14435284922418445,short,2341,3186
salvador,39,16,55,2.1509705565222665e-05,2.9301238709866458e-05,0.081344060507507976,0.024723388808860946,0.51733498433519398,short,2089,3436
samaritan,4,63,67,2.2061236477151451e-06,0.00011537362742009919,0.9668393606198542,0.021777398634497611,6.5516595549659513,short,158,5368
samoa,43,16,59,2.3715829212937812e-05,2.9301238709866458e-05,0.054473725403282103,0.023137838797161289,0.35811761355738314,short,2206,3320
samples,41,0,41,2.2612767389080238e-05,0,-0.33119566503862252,0.036585949743681713,-1.7315198594889014,official,4126,1408
san,209,115,324,0.00011526996059311635,0.00021060265322716518,0.16795840838723031,0.0041546608989942464,2.6057572762831849,short,796,4730
sanctions,332,140,472,0.00018310826276035706,0.00025638583871133154,0.089108028930201755,0.0028783520218043823,1.6609053487601846,short,1298,4228
sanctity,10,24,34,5.5153091192878634e-06,4.3951858064799688e-05,0.63821985152302219,0.03996923592747198,3.19232710602842,short,596,4930
sanctuaries,56,17,73,3.0885731068012036e-05,3.1132566129233112e-05,0.0019543829569759197,0.018863632994136077,0.014229741071181922,short,2427,3099
sanctuary,74,49,123,4.0813287482730191e-05,8.9735043548966036e-05,0.22625979269302121,0.010890679532503165,2.1681029257661764,short,986,4540
sand,27,15,42,1.4891334622077231e-05,2.7469911290499805e-05,0.17090490197108288,0.032037197163483293,0.95483265325481559,short,1768,3759
sands,23,16,39,1.2685210974362085e-05,2.9301238709866458e-05,0.24215992824557731,0.034311434330415697,1.307322821494503,short,1528,3999
sandy,25,14,39,1.3788272798219658e-05,2.5638583871133151e-05,0.17336879046970388,0.034493508418712814,0.93347401790233964,short,1778,3748
sanitation,98,22,120,5.4050029369021062e-05,4.028920322606638e-05,-0.066714320720056008,0.01162999339423262,-0.61862766026389671,official,2914,2612
sanity,0,36,36,0,6.5927787097199531e-05,1.0551203918592122,0.041667250557720296,5.1689769372152163,short,248,5278
santa,50,37,87,2.7576545596439316e-05,6.7759114516566192e-05,0.26226754273351816,0.015364370105041917,2.1158611633641353,short,1017,4509
sarbanes-oxley,26,1,27,1.4339803710148445e-05,1.8313274193666537e-06,-0.27613341190503782,0.054582794129404595,-1.1819281522976162,official,3412,2121
satellite,104,111,215,5.7359214840593779e-05,0.00020327734354969856,0.38369909330918262,0.0062028648382302862,4.8718579166499456,short,272,5254
satisfaction,25,3,28,1.3788272798219658e-05,5.493982258099961e-06,-0.1743496849673285,0.051126572931603352,-0.77107713624863894,official,3036,2494
satisfy,47,0,47,2.5921952860652958e-05,0,-0.33119647592977408,0.031915477508444694,-1.8538945757924572,official,4257,1280
saturday,23,4,27,1.2685210974362085e-05,7.3253096774666146e-06,-0.11608005781039488,0.052258648403129139,-0.50778343502461765,official,2840,2691
saudi,25,10,35,1.3788272798219658e-05,1.8313274193666537e-05,0.074276092845966701,0.038889472778122172,0.37664570783608481,short,2188,3339
save,103,308,411,5.680768392866499e-05,0.0005640488451649293,0.69771946295890253,0.003336929871164785,12.078341317710379,short,52,5474
savers,11,56,67,6.06684003121665e-06,0.0001025543354845326,0.81745622859035194,0.020951178020834935,5.6475525899270771,short,199,5327
saving,77,103,180,4.2467880218516549e-05,0.00018862672419476533,0.45836368593301735,0.0074252034170026902,5.3193188706881358,short,224,5302
savings,1185,822,2007,0.00065356413063561184,0.0015053511387193893,0.24144156732492039,0.0006673494031639455,9.3462071704062524,short,88,5438
scale,19,6,25,1.047908732664694e-05,1.0987964516199922e-05,0.011754751763856319,0.054985921130057187,0.050128846320716028,short,2411,3117
scenic,486,175,661,0.00026804402319739013,0.00032048229838916442,0.045693405216377769,0.002068595875757983,1.0046521014771699,short,1726,3800
schedule,217,15,232,0.00011968220788854664,2.7469911290499805e-05,-0.23570009190201269,0.0062763384236729147,-2.9751343032267195,official,4890,636
scheduled,68,0,68,3.7504102011157468e-05,0,-0.33119931408035796,0.022059407425736092,-2.2299365591132045,official,4535,994
schedules,78,28,106,4.3019411130445331e-05,5.1277167742266302e-05,0.044863122365004671,0.012898053082761743,0.39502757812842404,short,2179,3347
scheduling,22,8,30,1.21336800624333e-05,1.4650619354933229e-05,0.048300114391253146,0.045547142592397796,0.22631721543222574,short,2293,3235
scheme,14,11,25,7.7214327670030089e-06,2.014460161303319e-05,0.28191739295747453,0.053419387305764031,1.2197544727420522,short,1592,3937
schip,88,46,134,4.85347202497332e-05,8.4241061290866068e-05,0.15224527528016374,0.010060643974595615,1.5178572646175084,short,1379,4147
scholarly,48,4,52,2.6473483772581743e-05,7.3253096774666146e-06,-0.21786613079760642,0.027857726749977288,-1.3053196730809609,official,3543,1986
scholarship,182,137,319,0.00010037862597103912,0.00025089185645323157,0.26788065084750201,0.0041895744034444625,4.1386280000683939,short,393,5133
scholarships,134,25,159,7.3905142198457373e-05,4.5783185484166341e-05,-0.10328668619013115,0.0088483358110606532,-1.0980283305761145,official,3319,2207
school,1600,734,2334,0.00088244945908605812,0.0013441943258151237,0.11343947626232875,0.00058072391609801191,4.7073810717715734,short,296,5230
school-age,23,15,38,1.2685210974362085e-05,2.7469911290499805e-05,0.22137872869091879,0.035261951041491289,1.1789156149407185,short,1612,3918
school-based,56,18,74,3.0885731068012036e-05,3.2963893548599766e-05,0.016211692332792182,0.018562456808522254,0.11899004396578132,short,2357,3170
schoolbus,19,22,41,1.047908732664694e-05,4.028920322606638e-05,0.41075452528603584,0.032540266431048501,2.2770460018634333,short,938,4588
schoolbuses,35,0,35,1.9303581917507522e-05,0,-0.33119485415147842,0.042857726745765795,-1.5998122380313102,official,3978,1563
schools,1261,428,1689,0.00069548047994219954,0.00078380813548892779,0.03017353709976156,0.0008119339083298583,1.0589266636840675,short,1695,3831
science,860,463,1323,0.00047431658425875625,0.00084790459516676073,0.1613270551361321,0.0010185798358336232,5.0548662526714034,short,260,5266
sciences,86,23,109,4.7431658425875623e-05,4.2120530645433034e-05,-0.028241880938718822,0.012704546611259583,-0.25056132231692307,official,2631,2895
scientific,319,59,378,0.00017593836090528284,0.00010804831774263257,-0.10491179714688137,0.0037236337212886968,-1.7192571900847209,official,4115,1411
scientists,31,6,37,1.7097458269792376e-05,1.0987964516199922e-05,-0.096352030033710179,0.037962280195885441,-0.49452098320495314,official,2818,2708
sclerosis,33,12,45,1.8200520093649949e-05,2.1975929032399844e-05,0.048300422768500439,0.030364956361324722,0.27718173025611281,short,2266,3259
scope,97,0,97,5.3498498457092274e-05,0,-0.33120323351186443,0.015464501428865579,-2.6633399687992081,official,4764,764
score,16,27,43,8.8244945908605804e-06,4.9445840322899649e-05,0.53292480843383139,0.031235450720225068,3.0153799946850199,short,655,4872
scouts,53,24,77,2.9231138332225674e-05,4.3951858064799688e-05,0.10954673007975835,0.017593881691207222,0.82588311084979793,short,1857,3669
scrap,19,7,26,1.047908732664694e-05,1.2819291935566576e-05,0.051802701634985127,0.052525836412202369,0.22602991486476115,short,2297,3232
screen,18,16,34,9.9275564147181536e-06,2.9301238709866458e-05,0.32274109062469947,0.039231353120135364,1.6294371679975943,short,1319,4208
screening,445,206,651,0.00024543125580830992,0.00037725344838953067,0.1160048174744599,0.0020798539476434251,2.5436631924818824,short,828,4698
screenings,31,2,33,1.7097458269792376e-05,3.6626548387333073e-06,-0.24158125739053204,0.044197012459706836,-1.1491236964766174,official,3371,2157
sea,84,49,133,4.6328596602018054e-05,8.9735043548966036e-05,0.1860770266895031,0.010103384339866362,1.8512254867368523,short,1166,4360
seabed,35,30,65,1.9303581917507522e-05,5.493982258099961e-05,0.31067249444131839,0.020526899686928987,2.1684086171481458,short,985,4541
seafood,41,32,73,2.2612767389080238e-05,5.8602477419732917e-05,0.27972777723621078,0.018296323247815344,2.0680149885844119,short,1052,4474
seal,11,15,26,6.06684003121665e-06,2.7469911290499805e-05,0.46461645509645955,0.051417854816904175,2.0489794848426066,short,1063,4464
seaports,22,3,25,1.21336800624333e-05,5.493982258099961e-06,-0.15598766199757463,0.056991465345438898,-0.65340933830646286,official,2954,2580
search,39,33,72,2.1509705565222665e-05,6.0433804839099571e-05,0.30639674336184264,0.018533402432090607,2.2506427658678931,short,947,4578
searches,35,5,40,1.9303581917507522e-05,9.1566370968332683e-06,-0.14887105364682185,0.035556139445650538,-0.78950150413612197,official,3051,2477
seas,37,14,51,2.0406643741365096e-05,2.5638583871133151e-05,0.059008793950253491,0.026748835641463166,0.36079814607704314,short,2203,3324
seashore,18,13,31,9.9275564147181536e-06,2.3807256451766497e-05,0.2543297933504256,0.043136019881061756,1.2245519184956091,short,1584,3943
seasonal,53,27,80,2.9231138332225674e-05,4.9445840322899649e-05,0.14444171619598656,0.016865175285777457,1.1122366718813272,short,1650,3875
second,134,138,272,7.3905142198457373e-05,0.00025272318387259819,0.37180487826048036,0.0049026625297982395,5.310055785180138,short,228,5298
secondary,1633,113,1746,0.00090064997917970802,0.00020693999838843188,-0.23575414807702622,0.00083445345597260557,-8.1612801124365344,official,5421,105
secret,52,36,88,2.8679607420296889e-05,6.5927787097199531e-05,0.24060532690438663,0.015207957175078703,1.9510562825390594,short,1118,4408
secretaries,44,0,44,2.42673601248666e-05,0,-0.33119607048369737,0.034091492981632388,-1.7937510362478384,official,4190,1342
secretary,7813,1,7814,0.0043091110148996076,1.8313274193666537e-06,-0.33205700257743143,0.00019253657205787477,-23.930734340865616,official,5511,15
secrets,13,14,27,7.1699018550742223e-06,2.5638583871133151e-05,0.38665419459603001,0.049390827790049489,1.7398009893034465,short,1241,4284
section,2040,44,2084,0.0011251230603347242,8.0578406452132761e-05,-0.29994010717287445,0.0007129922081116944,-11.232906668630577,official,5476,50
sections,89,0,89,4.9086251161661981e-05,0,-0.33120215228002969,0.016854516485494981,-2.5511441648774187,official,4714,813
sector,483,46,529,0.00026638943046160382,8.4241061290866068e-05,-0.20340139485649189,0.0027278567340132541,-3.8944232384133475,official,5116,410
sectors,79,6,85,4.3570942042374119e-05,1.0987964516199922e-05,-0.22705784901133619,0.017087155865278755,-1.7370072408394133,official,4128,1398
secure,412,191,603,0.00022723073571465996,0.00034978353709903088,0.11642666359229104,0.0022452515515773313,2.4570836927140616,short,860,4666
secured,57,6,63,3.1437261979940824e-05,1.0987964516199922e-05,-0.19143319257856461,0.022826670852045389,-1.2670564205684232,official,3496,2030
securing,34,123,157,1.8752051005578734e-05,0.00022525327258209841,0.74452383496939767,0.0088076145902736633,7.9332192052532573,short,108,5418
securities,1015,121,1136,0.00055980387560771816,0.00022159061774336511,-0.17533077710953204,0.0012610291478511143,-4.9373691048031407,official,5256,270
security,11871,3315,15186,0.0065472234555066225,0.0060708503952004575,-0.018281393099127463,9.1597795689961223e-05,-1.9101469353664495,official,4298,1228
sediment,21,7,28,1.1582149150504513e-05,1.2819291935566576e-05,0.025485123027612744,0.048980175724151268,0.11515334686751032,short,2362,3168
seed,29,16,45,1.5994396445934803e-05,2.9301238709866458e-05,0.16876908815992842,0.029907540028397576,0.97589379718635139,short,1754,3772
seeds,21,9,30,1.1582149150504513e-05,1.6481946774299883e-05,0.093694270539590008,0.045249452666285939,0.44045989319246137,short,2142,3388
seek,121,1,122,6.6735240343383152e-05,1.8313274193666537e-06,-0.31893593590649161,0.012245891547249654,-2.882094730732458,official,4859,667
seeking,153,0,153,8.438422952510431e-05,0,-0.33121080233417999,0.0098045054847896475,-3.3449655231451052,official,4986,539
segment,57,0,57,3.1437261979940824e-05,0,-0.33119782742392978,0.02631637336744138,-2.0416178755799019,official,4405,1123
segments,85,0,85,4.6880127513946835e-05,0,-0.33120161166678486,0.017647642723821202,-2.4931539119570605,official,4695,833
seizure,19,23,42,1.047908732664694e-05,4.2120530645433034e-05,0.42547821558744658,0.031778641899226578,2.3867650108740168,short,882,4644
seizures,20,8,28,1.1030618238575727e-05,1.4650619354933229e-05,0.07427587108449174,0.048611694998588723,0.33688166245696732,short,2213,3315
select,74,17,91,4.0813287482730191e-05,3.1132566129233112e-05,-0.061859562466151985,0.015320449222595031,-0.49977104847425713,official,2832,2695
selected,161,13,174,8.8796476820534603e-05,2.3807256451766497e-05,-0.22108078416409782,0.0083332521316104094,-2.4218304497891991,official,4664,862
selecting,29,0,29,1.5994396445934803e-05,0,-0.33119404326834001,0.051724721818257192,-1.456241606872426,official,3785,1754
selection,87,26,113,4.7983189337804412e-05,4.7614512903532995e-05,-0.0018864672561846874,0.012194828512730092,-0.017082893080385988,official,2451,3075
selective,53,27,80,2.9231138332225674e-05,4.9445840322899649e-05,0.14444171619598656,0.016865175285777457,1.1122366718813272,short,1651,3876
self,35,23,58,1.9303581917507522e-05,4.2120530645433034e-05,0.22381230908309746,0.023098951079783079,1.4726103155189056,short,1408,4118
self-defense,11,31,42,6.06684003121665e-06,5.6771150000366263e-05,0.68213700859662652,0.032567138557436863,3.7799130639513523,short,465,5061
self-determination,73,44,117,4.0261756570801403e-05,8.0578406452132761e-05,0.19634722876183375,0.011474921929406271,1.8329469952010702,short,1175,4351
self-employed,108,29,137,5.9565338488308925e-05,5.3108495161632956e-05,-0.027314947920059396,0.010106312952801426,-0.27170898840639768,official,2644,2882
self-employment,106,11,117,5.8462276664451348e-05,2.014460161303319e-05,-0.19319384061412137,0.012297388841166943,-1.7421551271581277,official,4130,1396
self-governance,17,15,32,9.376025502789367e-06,2.7469911290499805e-05,0.32028879377567776,0.04168534289882532,1.5687366924638524,short,1349,4176
self-government,41,15,56,2.2612767389080238e-05,2.7469911290499805e-05,0.049927145233587211,0.024394369287208319,0.31966268089717409,short,2231,3295
self-help,36,11,47,1.9855112829436307e-05,2.014460161303319e-05,0.0035595301893440734,0.029290155973523975,0.020798491569392414,short,2425,3102
self-management,29,10,39,1.5994396445934803e-05,1.8313274193666537e-05,0.034270217650618662,0.035114629508414076,0.18288278107560013,short,2314,3213
self-sufficiency,126,48,174,6.949289490302708e-05,8.7903716129599375e-05,0.060856475324841952,0.0078384217618313306,0.6873730195875013,short,1952,3575
sell,170,2,172,9.376025502789367e-05,3.6626548387333073e-06,-0.31382045985359319,0.0086716869656875539,-3.3699965665061624,official,4989,537
sellers,66,7,73,3.6401040187299898e-05,1.2819291935566576e-05,-0.19049602045066294,0.019694828502235022,-1.3574061289394057,official,3617,1909
selling,65,2,67,3.584950927537111e-05,3.6626548387333073e-06,-0.28674624856607878,0.022069095095159003,-1.9302140913277483,official,4318,1208
semiautomatic,26,3,29,1.4339803710148445e-05,5.493982258099961e-06,-0.17964239347919531,0.049432402069223995,-0.80798439936737965,official,3067,2461
semiconductor,16,17,33,8.8244945908605804e-06,3.1132566129233112e-05,0.38216523012828674,0.040408747154499922,1.9011372838952811,short,1141,4385
semipostal,35,13,48,1.9303581917507522e-05,2.3807256451766497e-05,0.053991416454666208,0.028442219286485413,0.32014224125101026,short,2228,3301
senate,366,59,425,0.00020186031376593581,0.00010804831774263257,-0.12927899573692514,0.0033309221888944262,-2.2399881764889877,official,4541,985
senator,29,13,42,1.5994396445934803e-05,2.3807256451766497e-05,0.10661227914272331,0.032266909115121707,0.59351068888476644,short,2025,3503
senior,214,264,478,0.00011802761515276027,0.00048347043871279656,0.43180990870415137,0.0027933796082267007,8.1701047478625135,short,105,5421
seniors,113,307,420,6.232299304795286e-05,0.00056221751774556273,0.67248462400159603,0.003252272423543185,11.792038827715716,short,54,5472
sense,180,114,294,9.9275564147181539e-05,0.00020877132580779853,0.21204374276637594,0.0045612689895392832,3.1396599934143237,short,616,4910
sensible,21,25,46,1.1582149150504513e-05,4.5783185484166341e-05,0.41995269472814911,0.029010464069297831,2.4656023443433521,short,856,4671
sensing,19,11,30,1.047908732664694e-05,2.014460161303319e-05,0.18371119350408449,0.044798991055872608,0.86796357927448986,short,1829,3698
sensitive,82,4,86,4.5225534778160477e-05,7.3253096774666146e-06,-0.26220653973038921,0.017064075964261381,-2.0072530726314031,official,4380,1146
sent,24,1,25,1.3236741886290871e-05,1.8313274193666537e-06,-0.27176949832468722,0.05887028561319485,-1.1200892813165559,official,3352,2183
sentence,43,5,48,2.3715829212937812e-05,9.1566370968332683e-06,-0.17861410402442601,0.029857519409274846,-1.0336866031598477,official,3270,2259
sentences,69,0,69,3.8055632923086256e-05,0,-0.33119944923160993,0.021739714331340317,-2.2462737885154294,official,4549,979
sentencing,119,125,244,6.5632178519525576e-05,0.00022891592742083173,0.37839088057276093,0.0054654319819429096,5.1183315437588917,short,253,5273
separate,151,7,158,8.3281167701246733e-05,1.2819291935566576e-05,-0.26545601315328149,0.0092974359330550583,-2.7530301669560089,official,4803,723
separated,61,9,70,3.3643385627655964e-05,1.6481946774299883e-05,-0.1437966194835667,0.020292399531701213,-1.0094434029316968,official,3234,2292
separately,42,0,42,2.3164298301009027e-05,0,-0.33119580018686889,0.03571486960454226,-1.7525091193635514,official,4149,1388
separation,133,31,164,7.3353611286528585e-05,5.6771150000366263e-05,-0.05877958727721655,0.0084957924158302767,-0.6377119953357121,official,2930,2596
september,1134,47,1181,0.00062543605412724375,8.6072388710232728e-05,-0.27219802818103389,0.0012468818493852232,-7.7085434252841294,official,5407,119
seq,71,0,71,3.9158694746943826e-05,0,-0.33119971953444782,0.021127344460404745,-2.278596908378792,official,4573,955
sequester,20,13,33,1.1030618238575727e-05,2.3807256451766497e-05,0.22030967019145287,0.040607638852034146,1.0932756901612612,short,1667,3862
sequestration,88,26,114,4.85347202497332e-05,4.7614512903532995e-05,-0.004668443780932563,0.012093936101009027,-0.042451036481892912,official,2470,3056
sequoia,22,14,36,1.21336800624333e-05,2.5638583871133151e-05,0.21354036059258519,0.037241963200055635,1.1065312625256789,short,1660,3870
series,40,0,40,2.2061236477151454e-05,0,-0.33119552989048628,0.037500583889789808,-1.7102730473778192,official,4106,1429
seriously,57,0,57,3.1437261979940824e-05,0,-0.33119782742392978,0.02631637336744138,-2.0416178755799019,official,4406,1124
servants,17,8,25,9.376025502789367e-06,1.4650619354933229e-05,0.12079629215351595,0.054113137999331616,0.51928077488736624,short,2087,3446
serve,264,36,300,0.00014560416074919959,6.5927787097199531e-05,-0.15600556087207806,0.0047498240742514276,-2.2636085049775887,official,4565,961
served,185,3,188,0.00010203321870682547,5.493982258099961e-06,-0.30737159228937472,0.0079171511662081695,-3.4544527621207841,official,5012,515
service,7710,1239,8949,0.0042523033309709423,0.0022690146725952839,-0.13027079889547988,0.00015876835704384525,-10.33868018549847,official,5468,58
service-connected,242,0,242,0.0001334704806867663,0,-0.33122283207365832,0.006198931044373115,-4.2068968496709074,official,5170,356
service-connection,29,0,29,1.5994396445934803e-05,0,-0.33119404326834001,0.051724721818257192,-1.456241606872426,official,3786,1755
servicemember,14,33,47,7.7214327670030089e-06,6.0433804839099571e-05,0.63312274358094989,0.028894026516388453,3.724636384459084,short,472,5054
servicemembers,136,109,245,7.5008204022314936e-05,0.00019961468871096527,0.28848513054604652,0.0054501146173620042,3.9076946048545702,short,432,5094
servicers,28,0,28,1.5442865534006018e-05,0,-0.33119390812154137,0.053572012458417903,-1.430913428383751,official,3738,1791
services,7860,1560,9420,0.0043350329677602608,0.0028568707742119798,-0.091880910447708075,0.00014953123464308264,-7.513794799385825,official,5400,126
servicing,23,21,44,1.2685210974362085e-05,3.8457875806699727e-05,0.33165802229956576,0.030310572410948793,1.9049932346105383,short,1140,4386
serving,233,21,254,0.00012850670247940721,3.8457875806699727e-05,-0.20955803623662383,0.0056903356677306394,-2.7780200580650032,official,4812,714
sesquicentennial,18,20,38,9.9275564147181536e-06,3.6626548387333073e-05,0.39705491857533382,0.035099106058031453,2.1193493574477449,short,1015,4511
set,242,2,244,0.0001334704806867663,3.6626548387333073e-06,-0.31895184194827308,0.0061232377566547867,-4.0760035458783808,official,5156,370
set-aside,24,6,30,1.3236741886290871e-05,1.0987964516199922e-05,-0.043508602637635008,0.04629688018411858,-0.20220843699872579,official,2601,2927
setting,118,4,122,6.5080647607596788e-05,7.3253096774666146e-06,-0.28241411260163574,0.012103758512345797,-2.567002372370303,official,4725,801
settings,26,1,27,1.4339803710148445e-05,1.8313274193666537e-06,-0.27613341190503782,0.054582794129404595,-1.1819281522976162,official,3413,2122
settle,57,0,57,3.1437261979940824e-05,0,-0.33119782742392978,0.02631637336744138,-2.0416178755799019,official,4407,1125
settlement,472,349,821,0.00026032259043038715,0.00063913326935896217,0.26208855996884672,0.0016286801530783213,6.4942673390259626,short,162,5364
settlements,31,24,55,1.7097458269792376e-05,4.3951858064799688e-05,0.27706419310579911,0.024286718719600746,1.7778535410230987,short,1218,4309
seven,32,2,34,1.7648989181721161e-05,3.6626548387333073e-06,-0.2441821742374799,0.042929876817804559,-1.1785123426448747,official,3399,2128
severance,24,11,35,1.3236741886290871e-05,2.014460161303319e-05,0.11306270177038691,0.038688866866449817,0.5748126989910185,short,2035,3492
severe,174,13,187,9.5966378675608823e-05,2.3807256451766497e-05,-0.22862121806737257,0.0077706670273843181,-2.5935067602078714,official,4733,793
severely,70,1,71,3.8607163835015045e-05,1.8313274193666537e-06,-0.31014572643956129,0.02098167136753467,-2.1411434323548768,official,4481,1045
sewage,65,24,89,3.584950927537111e-05,4.3951858064799688e-05,0.052394258225612944,0.0153436479183206,0.42297956279403293,short,2155,3371
sewer,47,13,60,2.5921952860652958e-05,2.3807256451766497e-05,-0.020412854994814822,0.023045008424760437,-0.13446687589147904,official,2536,2990
sex,384,72,456,0.00021178787018065394,0.00013185557419439906,-0.10236814148118967,0.003084999575700801,-1.8430506237787339,official,4236,1290
sexual,533,133,666,0.00029396597605804313,0.00024356654677576496,-0.043937505786942666,0.0020861768565733799,-0.96196625584025575,official,3194,2332
sexually,70,8,78,3.8607163835015045e-05,1.4650619354933229e-05,-0.18091379135733199,0.018385247632647352,-1.3342491451027689,official,3565,1962
shale,76,47,123,4.1916349306587761e-05,8.6072388710232728e-05,0.20446148911914541,0.010908062481346466,1.9576620008116818,short,1111,4416
shall,1405,0,1405,0.00077490093125994483,0,-0.3313801107705272,0.0010681998668859046,-10.139118036855635,official,5463,63
share,206,72,278,0.00011361536785732998,0.00013185557419439906,0.037809774263152462,0.0049238425093554835,0.53883029799865845,short,2056,3470
shared,71,9,80,3.9158694746943826e-05,1.6481946774299883e-05,-0.16669196733097458,0.017859055512145377,-1.2473416629886733,official,3481,2045
shareholder,28,37,65,1.5442865534006018e-05,6.7759114516566192e-05,0.45434319624356689,0.020557193638553035,3.1688531632886177,short,602,4925
shareholders,68,3,71,3.7504102011157468e-05,5.493982258099961e-06,-0.26845962720967798,0.020708342015037632,-1.8655475293859005,official,4267,1259
sharing,219,103,322,0.0001207852697124042,0.00018862672419476533,0.12064357231416345,0.0042019539738570102,1.8611378559652707,short,1161,4365
sheep,24,7,31,1.3236741886290871e-05,1.2819291935566576e-05,-0.0077900712930922822,0.044498191543619087,-0.036929229940049754,official,2468,3060
shelf,379,67,446,0.00020903021562101003,0.0001226989370975658,-0.11317164268770341,0.0031620229395580473,-2.0125890783035807,official,4384,1142
shellfish,21,10,31,1.1582149150504513e-05,1.8313274193666537e-05,0.12428705400049722,0.043621597021508057,0.59507966968927262,short,2022,3507
shelter,40,38,78,2.2061236477151454e-05,6.9590441935932839e-05,0.34487426979583269,0.017095849827336411,2.6376395537978703,short,785,4741
shelters,34,10,44,1.8752051005578734e-05,1.8313274193666537e-05,-0.0057678311387849845,0.031339615230364985,-0.032581097331032968,official,2461,3065
sherman,63,0,63,3.474644745151354e-05,0,-0.33119863832576613,0.023810107704681244,-2.1463861762620318,official,4488,1041
shield,17,24,41,9.376025502789367e-06,4.3951858064799688e-05,0.47590978824867491,0.032626578586448254,2.6347467074321238,short,788,4738
ship,41,25,66,2.2612767389080238e-05,4.5783185484166341e-05,0.19999340625221507,0.020335389278917843,1.4024566046903149,short,1460,4066
shipbuilding,18,24,42,9.9275564147181536e-06,4.3951858064799688e-05,0.45727557356113557,0.031818765709903232,2.5635178082637271,short,818,4710
shipment,42,10,52,2.3164298301009027e-05,1.8313274193666537e-05,-0.054204529411473246,0.02676791402360559,-0.33130524698927982,official,2689,2837
shipping,87,79,166,4.7983189337804412e-05,0.00014467486612996565,0.32984947275199872,0.0080347857470403905,3.6798375264763457,short,476,5050
ships,36,14,50,1.9855112829436307e-05,2.5638583871133151e-05,0.066494260784967452,0.027253490869722227,0.40278481854904535,short,2170,3358
shooting,31,17,48,1.7097458269792376e-05,3.1132566129233112e-05,0.16689991307685759,0.028043427125411052,0.99664517170611089,short,1734,3795
shoreline,46,15,61,2.537042194872417e-05,2.7469911290499805e-05,0.019862076786887783,0.02250427302497169,0.13240127353281317,short,2348,3181
short,56,38,94,3.0885731068012036e-05,6.9590441935932839e-05,0.2341331693359443,0.014243008147135928,1.9618332127467215,short,1106,4420
short-term,57,11,68,3.1437261979940824e-05,2.014460161303319e-05,-0.096911595492430891,0.02065881174509699,-0.67425329041115911,official,2971,2555
shortage,152,59,211,8.3832698613175522e-05,0.00010804831774263257,0.06598211541237653,0.0064591085736437478,0.82099392335403709,short,1858,3668
shortages,108,11,119,5.9565338488308925e-05,2.014460161303319e-05,-0.19546817040782827,0.012098177944818322,-1.777117174263819,official,4173,1353
shoshone,15,10,25,8.2729636789317955e-06,1.8313274193666537e-05,0.22842812411955826,0.053572012458328148,0.9869169154630365,short,1750,3781
showing,26,0,26,1.4339803710148445e-05,0,-0.33119363782827449,0.057692891578830292,-1.3788620927062918,official,3665,1886
shrimp,21,11,32,1.1582149150504513e-05,2.014460161303319e-05,0.15286735676282071,0.042124322370384465,0.74481479072049628,short,1915,3611
shutdown,43,43,86,2.3715829212937812e-05,7.8747079032766114e-05,0.36197054151902819,0.015504459872142065,2.9069991637004695,short,689,4837
sick,45,3,48,2.4818891036795385e-05,5.493982258099961e-06,-0.23882153927242733,0.030361115201137812,-1.3706123265902364,official,3630,1900
sierra,16,14,30,8.8244945908605804e-06,2.5638583871133151e-05,0.31750941400422583,0.044466987050365905,1.5056975871977496,short,1389,4138
signals,44,0,44,2.42673601248666e-05,0,-0.33119607048369737,0.034091492981632388,-1.7937510362478384,official,4191,1343
signed,28,0,28,1.5442865534006018e-05,0,-0.33119390812154137,0.053572012458417903,-1.430913428383751,official,3739,1792
significance,40,3,43,2.2061236477151454e-05,5.493982258099961e-06,-0.22824621441104043,0.033787907096539976,-1.2417178880590105,official,3476,2052
significant,282,10,292,0.00015553171716391776,1.8313274193666537e-05,-0.28027894963677547,0.0050540025061076924,-3.9425095573549296,official,5129,397
significantly,73,0,73,4.0261756570801403e-05,0,-0.33119998983773158,0.020548529102970673,-2.3104679306380591,official,4587,942
signing,22,6,28,1.21336800624333e-05,1.0987964516199922e-05,-0.023705705050545589,0.049412348593237898,-0.10664368127485746,official,2514,3013
silver,50,20,70,2.7576545596439316e-05,3.6626548387333073e-05,0.07427720167321894,0.019445028342456257,0.53266142117110704,short,2069,3457
similar,231,0,231,0.00012740364065554963,0,-0.33122134520416502,0.0064940904278740722,-4.1101639976411448,official,5159,367
similarly,30,0,30,1.6545927357863591e-05,0,-0.33119417841525234,0.050000583887456082,-1.4811367452309805,official,3817,1714
simon,9,16,25,4.9637782073590768e-06,2.9301238709866458e-05,0.54917456215472349,0.053802592495587165,2.3676026154125887,short,890,4636
simple,16,31,47,8.8244945908605804e-06,5.6771150000366263e-05,0.57554290559168564,0.028694112586844248,3.3976708637292954,short,556,4970
simplification,131,431,562,7.2250549462671008e-05,0.0007893021177470277,0.72183346774653323,0.0024506348263781605,14.581349298922895,short,33,5493
simplified,77,18,95,4.2467880218516549e-05,3.2963893548599766e-05,-0.05815193048725753,0.014664094914220271,-0.48021586653300985,official,2805,2721
simplify,342,1,343,0.00018862357187964492,1.8313274193666537e-06,-0.32686590123705628,0.0043674147193563098,-4.9460374508389258,official,5257,269
simplifying,42,18,60,2.3164298301009027e-05,3.2963893548599766e-05,0.093695471201037606,0.022625018284696229,0.62290831792965684,short,1998,3528
single,208,38,246,0.00011471842968118756,6.9590441935932839e-05,-0.10717696239392538,0.0057243538725579007,-1.4165705456228086,official,3717,1809
single-employer,24,7,31,1.3236741886290871e-05,1.2819291935566576e-05,-0.0077900712930922822,0.044498191543619087,-0.036929229940049754,official,2469,3061
single-family,37,0,37,2.0406643741365096e-05,0,-0.33119512444674726,0.040541124429630225,-1.6448868926211853,official,4026,1507
sioux,46,27,73,2.537042194872417e-05,4.9445840322899649e-05,0.18800964885328675,0.018403945243677035,1.3858769514172413,short,1472,4054
site,403,184,587,0.00022226695750730089,0.00033696424516346427,0.11196859869775899,0.0023077019000287318,2.3308074049657286,short,903,4623
sites,321,21,342,0.00017704142272914042,3.8457875806699727e-05,-0.24044906186874471,0.0042637005241409742,-3.6823896440599202,official,5070,456
siting,52,20,72,2.8679607420296889e-05,3.6626548387333073e-05,0.063466015275277954,0.018934665244902137,0.46122455042141408,short,2128,3398
situated,30,0,30,1.6545927357863591e-05,0,-0.33119417841525234,0.050000583887456082,-1.4811367452309805,official,3818,1715
situations,49,1,50,2.7025014684510531e-05,1.8313274193666537e-06,-0.30134333433501759,0.02970943713044958,-1.748293639183967,official,4134,1394
size,128,16,144,7.0595956726884643e-05,2.9301238709866458e-05,-0.16868131376219075,0.0099270545032735576,-1.6929992731855183,official,4086,1441
skies,3,31,34,1.6545927357863589e-06,5.6771150000366263e-05,0.92543991937675152,0.042412226301924101,4.49368570644104,short,329,5198
skill,35,11,46,1.9303581917507522e-05,2.014460161303319e-05,0.010559375747870803,0.029890122553329918,0.061076535803742296,short,2403,3124
skilled,157,39,196,8.659035317281945e-05,7.1421769355299499e-05,-0.044929203406436358,0.0070887642673168197,-0.53363394959169186,official,2860,2666
skills,219,98,317,0.0001207852697124042,0.00017947008709793207,0.10611579736900012,0.0042758941564320883,1.6228058649012915,short,1321,4205
skin,33,5,38,1.8200520093649949e-05,9.1566370968332683e-06,-0.13952492093497959,0.037340904885370119,-0.72203685532453044,official,2999,2525
slaughter,47,20,67,2.5921952860652958e-05,3.6626548387333073e-05,0.091669349824842428,0.0202667665954363,0.64392000553659778,short,1982,3544
slavery,50,15,65,2.7576545596439316e-05,2.7469911290499805e-05,-0.00094846331546349916,0.021196236070452779,-0.0065146511386180604,official,2447,3080
slope,29,2,31,1.5994396445934803e-05,3.6626548387333073e-06,-0.23588296598244796,0.046970280857508484,-1.0883911491523643,official,3313,2216
sludge,91,27,118,5.0189312985519558e-05,4.9445840322899649e-05,-0.0036436352255435622,0.011681824628994768,-0.033711614415778753,official,2463,3063
small,3133,1847,4980,0.0017279463470728875,0.0033824617435702095,0.1897809658338625,0.00027032134803934991,11.542834803745235,short,59,5467
smaller,40,9,49,2.2061236477151454e-05,1.6481946774299883e-05,-0.066237669824005252,0.028477918258964091,-0.39251018135947069,official,2740,2788
smart,50,64,114,2.7576545596439316e-05,0.00011720495483946583,0.44389614205151062,0.011716122414666156,4.1009967034676471,short,402,5124
smarter,1,33,34,5.5153091192878628e-07,6.0433804839099571e-05,1.0113162878075759,0.04349738559616069,4.8490361807091551,short,277,5250
smith,29,40,69,1.5994396445934803e-05,7.3253096774666146e-05,0.46835149079804417,0.019378977458257778,3.3643911212552906,short,563,4963
smithsonian,76,31,107,4.1916349306587761e-05,5.6771150000366263e-05,0.079728228911594812,0.012711441593229561,0.70715515821624164,short,1941,3585
smoke,29,19,48,1.5994396445934803e-05,3.4795220967966419e-05,0.22284886097103396,0.027912970014157823,1.3338512316393154,short,1509,4017
smokeless,24,9,33,1.3236741886290871e-05,1.6481946774299883e-05,0.056576202147988752,0.041353967347352125,0.27821157860501305,short,2265,3263
smoking,71,59,130,3.9158694746943826e-05,0.00010804831774263257,0.30041604473512251,0.010266713583510285,2.9648819129145596,short,670,4856
smoky,14,17,31,7.7214327670030089e-06,3.1132566129233112e-05,0.42650131423478221,0.043056139444282611,2.0554306592793328,short,1058,4468
smuggling,87,38,125,4.7983189337804412e-05,6.9590441935932839e-05,0.099126277425213516,0.010852534369175547,0.95153159230255879,short,1770,3756
snake,18,12,30,9.9275564147181536e-06,2.1975929032399844e-05,0.22842861617403898,0.044643441031045637,1.0811144644464188,short,1677,3855
social,8001,1275,9276,0.0044127988263422194,0.0023349424596924833,-0.13170956965542846,0.00015324429689407803,-10.639596803380703,official,5472,54
socially,28,2,30,1.5442865534006018e-05,3.6626548387333073e-06,-0.23275293782696416,0.048491963197922976,-1.0569642248172721,official,3293,2238
society,60,32,92,3.3091854715727182e-05,5.8602477419732917e-05,0.15836435247043745,0.014644047401331987,1.3086601151821593,short,1526,4000
sodium,29,3,32,1.5994396445934803e-05,5.493982258099961e-06,-0.19357131916931714,0.044965455082485319,-0.91285439989954598,official,3150,2382
soft,71,40,111,3.9158694746943826e-05,7.3253096774666146e-05,0.17523856091657919,0.012117605959598219,1.5919200953943564,short,1341,4185
software,72,26,98,3.9710225658872614e-05,4.7614512903532995e-05,0.046442121955475812,0.013947452975121476,0.39324626066772356,short,2181,3345
soil,81,28,109,4.4674003866231695e-05,5.1277167742266302e-05,0.034915528243541161,0.012563011875331615,0.31150981278473022,short,2235,3291
solar,413,254,667,0.00022778226662658875,0.00046515716451913004,0.20275895422868651,0.0020122863076649741,4.5199658809178835,short,325,5201
sold,184,1,185,0.00010148168779489668,1.8313274193666537e-06,-0.32311733337595783,0.0080869551099844762,-3.5930870567735655,official,5049,477
soldier,6,20,26,3.3091854715727179e-06,3.6626548387333073e-05,0.72487071416369808,0.052989714322525916,3.148942749765248,short,609,4919
soldiers,47,54,101,2.5921952860652958e-05,9.8891680645799297e-05,0.40818778049101745,0.013208953567304609,3.5516142741072634,short,508,5018
sole,50,19,69,2.7576545596439316e-05,3.4795220967966419e-05,0.060172146740626431,0.019767581605891576,0.42797533028079227,short,2151,3374
solely,69,0,69,3.8055632923086256e-05,0,-0.33119944923160993,0.021739714331340317,-2.2462737885154294,official,4550,980
solicitation,53,13,66,2.9231138332225674e-05,2.3807256451766497e-05,-0.047719913211443199,0.021062173089290117,-0.32881230107495185,official,2688,2838
solicitations,97,1,98,5.3498498457092274e-05,1.8313274193666537e-06,-0.31593531263219887,0.015229799132602037,-2.5600655338786393,official,4720,807
solid,605,119,724,0.00033367620171691572,0.00021792796290463179,-0.093286415054842919,0.0019392691248363478,-2.1183580240162851,official,4462,1064
solution,23,8,31,1.2685210974362085e-05,1.4650619354933229e-05,0.03653513766651173,0.044160128047721889,0.17385836300284216,short,2323,3204
solutions,38,32,70,2.095817465329388e-05,5.8602477419732917e-05,0.3048078670655876,0.019063764726630985,2.2076073794602205,short,970,4556
solvency,101,55,156,5.5704622104807421e-05,0.00010072300806516596,0.16475013684389062,0.0086309709967682096,1.7733561090791234,short,1221,4305
sought,25,0,25,1.3788272798219658e-05,0,-0.33119350268180803,0.060000583886289226,-1.3520852339749585,official,3610,1935
sound,230,98,328,0.00012685210974362085,0.00017947008709793207,0.09205033537398144,0.0041401164987079951,1.430602877319421,short,1442,4084
soundness,48,24,72,2.6473483772581743e-05,4.3951858064799688e-05,0.13881778811146717,0.018750583898722726,1.0137660008999145,short,1717,3809
source,232,65,297,0.00012795517156747842,0.00011903628225883249,-0.017389349231573092,0.0046533740612094577,-0.25491732187588584,official,2634,2892
sources,364,8,372,0.00020075725194207823,1.4650619354933229e-05,-0.2991474188963732,0.0039908585673109542,-4.7353500799146326,official,5230,296
south,245,91,336,0.00013512507342255264,0.00016665079516236549,0.053998038848432017,0.004063674735008441,0.84706847206573599,short,1839,3687
southeast,45,52,97,2.4818891036795385e-05,9.522902580706599e-05,0.41009355843560691,0.013754246823366331,3.4967496560999138,short,522,5004
southern,103,103,206,5.680768392866499e-05,0.00018862672419476533,0.36198935951716749,0.0064730758442051138,4.4992534366734516,short,327,5199
southwest,37,37,74,2.0406643741365096e-05,6.7759114516566192e-05,0.36196865982799409,0.018018601918001007,2.696562089391016,short,768,4759
sovereign,52,4,56,2.8679607420296889e-05,7.3253096774666146e-06,-0.22583484104160512,0.025926509819693862,-1.4025518193429438,official,3679,1847
sovereignty,42,80,122,2.3164298301009027e-05,0.00014650619354933229,0.57038855063917993,0.011048639938925055,5.4264572883088817,short,209,5317
soviet,108,29,137,5.9565338488308925e-05,5.3108495161632956e-05,-0.027314947920059396,0.010106312952801426,-0.27170898840639768,official,2645,2883
space,540,270,810,0.00029782669244154459,0.00049445840322899655,0.13886170332977965,0.0016672507526995374,3.4008073226998485,short,554,4972
special,1325,314,1639,0.00073077845830564188,0.00057503680968112923,-0.055254187379209618,0.00084999896880894835,-1.8952041413456122,official,4290,1236
specialists,54,7,61,2.9782669244154463e-05,1.2819291935566576e-05,-0.16347152338757809,0.023402118421972148,-1.0685984095957697,official,3300,2227
specialized,279,0,279,0.00015387712442813139,0,-0.33122783346081519,0.0053769280315929761,-4.5171000726239745,official,5214,312
specially,42,2,44,2.3164298301009027e-05,3.6626548387333073e-06,-0.26375362190659679,0.033367621302372155,-1.4438956505536864,official,3753,1772
specialty,50,19,69,2.7576545596439316e-05,3.4795220967966419e-05,0.060172146740626431,0.019767581605891576,0.42797533028079227,short,2152,3375
species,588,214,802,0.00032430017621412637,0.0003919040677444639,0.048543229402858934,0.0017042605096796904,1.1758736936563601,short,1613,3913
specific,191,1,192,0.00010534240417839818,1.8313274193666537e-06,-0.32341310947503032,0.0077928971330261014,-3.6636008252862737,official,5063,463
specifically,99,0,99,5.4601560280949844e-05,0,-0.33120350382093555,0.015152099055074305,-2.6906581394902518,official,4777,750
specified,181,1,182,9.9827095059110328e-05,1.8313274193666537e-06,-0.32298363898060245,0.0082198857339478258,-3.562440612006649,official,5034,491
specify,95,0,95,5.2395436633234704e-05,0,-0.33120296320323739,0.015790057586836142,-2.6357387209170358,official,4754,774
spectrum,153,68,221,8.438422952510431e-05,0.00012453026451693245,0.10413778526093509,0.006134588340085026,1.329583523856678,short,1514,4013
speculation,37,15,52,2.0406643741365096e-05,2.7469911290499805e-05,0.078015036939032001,0.026161912084013965,0.48232922531771599,short,2112,3416
speech,42,56,98,2.3164298301009027e-05,0.0001025543354845326,0.45728669037987579,0.013636947543107607,3.9158854241658752,short,429,5097
speed,40,15,55,2.2061236477151454e-05,2.7469911290499805e-05,0.056576732290777088,0.02481261396939393,0.35917127867275861,short,2205,3322
speedy,18,20,38,9.9275564147181536e-06,3.6626548387333073e-05,0.39705491857533382,0.035099106058031453,2.1193493574477449,short,1016,4512
spending,571,311,882,0.00031492415071133697,0.00056954282742302932,0.16486022885537022,0.0015270383183598841,4.2188193653924886,short,378,5148
spent,176,25,201,9.70694404994664e-05,4.5783185484166341e-05,-0.14976569958658814,0.0070778825838525294,-1.7801667402275938,official,4175,1352
spill,100,75,175,5.5153091192878632e-05,0.00013734955645249903,0.26666701912896862,0.0076369475622387441,3.0514720893891458,short,638,4888
spills,54,1,55,2.9782669244154463e-05,1.8313274193666537e-06,-0.30404598416493656,0.027032038677099815,-1.849268072051039,official,4243,1285
spirits,33,20,53,1.8200520093649949e-05,3.6626548387333073e-05,0.19807371649857686,0.025327121007774879,1.2446118675988198,short,1570,3956
spokane,29,29,58,1.5994396445934803e-05,5.3108495161632956e-05,0.36196615093737883,0.022989089642887053,2.3873004106616929,short,881,4646
sponsor,48,3,51,2.6473483772581743e-05,5.493982258099961e-06,-0.24418388785912626,0.028620112512068641,-1.4433821689094328,official,3751,1777
sponsored,28,5,33,1.5442865534006018e-05,9.1566370968332683e-06,-0.11133218830208946,0.042709815985096398,-0.53871230467515263,official,2866,2662
sponsors,72,12,84,3.9710225658872614e-05,2.1975929032399844e-05,-0.12355510493041066,0.016827506977713923,-0.95246890045871069,official,3182,2345
sport,47,14,61,2.5921952860652958e-05,2.5638583871133151e-05,-0.002686126521023624,0.022593176488137776,-0.017870545820665548,official,2453,3073
sporting,27,1,28,1.4891334622077231e-05,1.8313274193666537e-06,-0.27808349892057116,0.052665160689558212,-1.2117513504523192,official,3443,2091
sports,192,152,344,0.00010589393509032697,0.00027836176774373136,0.28444108890182207,0.0038823846440729812,4.5650238648919856,short,317,5209
spousal,22,5,27,1.21336800624333e-05,9.1566370968332683e-06,-0.064128068291262608,0.051658747152367263,-0.28214751094817486,official,2655,2875
spouse,192,46,238,0.00010589393509032697,8.4241061290866068e-05,-0.052859220238092419,0.0058472920947216225,-0.69126307312927593,official,2981,2545
spouses,377,60,437,0.00020792715379715245,0.00010987964516199922,-0.13143731273977188,0.0032411576492258538,-2.3087057974749428,official,4583,943
spread,82,1,83,4.5225534778160477e-05,1.8313274193666537e-06,-0.31318225195829541,0.017965951865254029,-2.3365335787059776,official,4605,922
sprinkler,41,16,57,2.2612767389080238e-05,2.9301238709866458e-05,0.067450657921762414,0.02390329566437311,0.43627195750634773,short,2143,3383
squad,19,11,30,1.047908732664694e-05,2.014460161303319e-05,0.18371119350408449,0.044798991055872608,0.86796357927448986,short,1830,3699
ssi,37,43,80,2.0406643741365096e-05,7.8747079032766114e-05,0.41198177295067318,0.016677673749571079,3.1901438396959989,short,597,4929
st,46,18,64,2.537042194872417e-05,3.2963893548599766e-05,0.068197798682241739,0.021286614938618071,0.46743050821912507,short,2126,3400
stability,264,142,406,0.00014560416074919959,0.00026004849355006483,0.16098267867549154,0.0033179388155676489,2.794762858531525,short,734,4792
stabilization,232,263,495,0.00012795517156747842,0.00048163911129342994,0.40380064793654036,0.0026953610442057548,7.7778316351413617,short,117,5409
stabilize,134,3,137,7.3905142198457373e-05,5.493982258099961e-06,-0.29853610575078982,0.010833477955837162,-2.8682229824879824,official,4851,675
stable,96,15,111,5.2946967545163486e-05,2.7469911290499805e-05,-0.13448607283639902,0.012768009718179414,-1.1901883900777046,official,3417,2109
staff,159,15,174,8.7693414996677026e-05,2.7469911290499805e-05,-0.20445317627058479,0.0082945922159874102,-2.2448965989854326,official,4544,982
staffing,56,41,97,3.0885731068012036e-05,7.5084424194032807e-05,0.25878365089093869,0.013782908429607466,2.2042781725115064,short,972,4554
stafford,171,5,176,9.4311785939822458e-05,9.1566370968332683e-06,-0.28889155957143586,0.0084072901806920182,-3.1506984163979785,official,4930,596
stage,28,7,35,1.5442865534006018e-05,1.2819291935566576e-05,-0.043508694477839782,0.039683123571589866,-0.21841030601859998,official,2609,2919
stalking,63,17,80,3.474644745151354e-05,3.1132566129233112e-05,-0.026177480805369413,0.017302869243684963,-0.19900719889603596,official,2597,2930
stamp,391,273,664,0.00021564858656415546,0.00049995238548709647,0.24341397687447319,0.0020156872098261304,5.4216807601799495,short,210,5316
stamps,90,5,95,4.963778207359077e-05,9.1566370968332683e-06,-0.2532385022196344,0.015405989308336204,-2.040257298725265,official,4399,1127
stand,9,23,32,4.9637782073590768e-06,4.2120530645433034e-05,0.65572727981706791,0.042572645973583845,3.1780295429643566,short,600,4927
standard,442,72,514,0.00024377666307252356,0.00013185557419439906,-0.12750849731174263,0.0027530937510666575,-2.4301250783630466,official,4669,857
standardization,15,31,46,8.2729636789317955e-06,5.6771150000366263e-05,0.59490049811556744,0.029381039503045988,3.4706494793791656,short,532,4994
standardized,34,5,39,1.8752051005578734e-05,9.1566370968332683e-06,-0.1443151019641018,0.036426486754120628,-0.75614160924646767,official,3018,2510
standards,2638,449,3087,0.0014549385456681383,0.00082226601129562751,-0.12004457517753497,0.00045806254816811433,-5.6089316360926507,official,5316,210
standby,24,24,48,1.3236741886290871e-05,4.3951858064799688e-05,0.36196458289859912,0.027778361670899438,2.1717646720993717,short,983,4543
standing,43,14,57,2.3715829212937812e-05,2.5638583871133151e-05,0.019467218707822198,0.0240850909368652,0.12543818540586349,short,2354,3174
star,52,56,108,2.8679607420296889e-05,0.0001025543354845326,0.38666777174569589,0.012348144884687594,3.4796624567237271,short,528,4998
star-spangled,13,17,30,7.1699018550742223e-06,3.1132566129233112e-05,0.45091041425676259,0.044532993586662906,2.1367283922744451,short,1008,4519
start,166,136,302,9.1554131380178531e-05,0.0002490605290338649,0.29574627040313395,0.0044204411188260191,4.4482221823693289,short,335,5191
start-up,35,19,54,1.9303581917507522e-05,3.4795220967966419e-05,0.1637839239807839,0.024935169087382809,1.0372062213340096,short,1706,3820
startup,23,29,52,1.2685210974362085e-05,5.3108495161632956e-05,0.43892800293139622,0.025679596240039366,2.7390451649484939,short,744,4782
stat,48,3,51,2.6473483772581743e-05,5.493982258099961e-06,-0.24418388785912626,0.028620112512068641,-1.4433821689094328,official,3752,1778
state,7161,834,7995,0.0039495128603220389,0.0015273270677517892,-0.17899318220833127,0.00017982938346306529,-13.347691533161175,official,5494,32
state's,74,4,78,4.0813287482730191e-05,7.3253096774666146e-06,-0.25521242302484737,0.018774653218542828,-1.8625839178332557,official,4266,1261
statement,151,27,178,8.3281167701246733e-05,4.9445840322899649e-05,-0.11109900653626958,0.0079181463819445585,-1.2485283617898773,official,3482,2044
statements,274,11,285,0.00015111946986848745,2.014460161303319e-05,-0.27386505936164163,0.0051678710916747781,-3.809612394366761,official,5103,423
states,25305,920,26225,0.013956489726357938,0.0016848212258173214,-0.28205418658830528,5.6835492033006427e-05,-37.413017611624724,official,5520,6
states-flag,31,4,35,1.7097458269792376e-05,7.3253096774666146e-06,-0.16413843393333316,0.040793124681407868,-0.81267481123816721,official,3072,2458
states-israel,6,24,30,3.3091854715727179e-06,4.3951858064799688e-05,0.76743212356938173,0.046296880185217236,3.5666797093020035,short,506,5020
states-mexico,43,44,87,2.3715829212937812e-05,8.0578406452132761e-05,0.36963386302479151,0.015326479382011477,2.9857301141346686,short,666,4861
statewide,48,2,50,2.6473483772581743e-05,3.6626548387333073e-06,-0.27177229312168194,0.029435434755667907,-1.584053886952234,official,3954,1574
station,357,57,414,0.00019689653555857671,0.00010438566290389926,-0.13089589525194611,0.0034207430923144876,-2.2380294571699384,official,4538,988
stations,192,4,196,0.00010589393509032697,7.3253096774666146e-06,-0.30075507115540923,0.0075779035140713744,-3.4549234022147877,official,5013,513
statistical,70,21,91,3.8607163835015045e-05,3.8457875806699727e-05,-0.00094847376775142322,0.015140335455768894,-0.0077082816558204951,official,2448,3078
statistics,115,63,178,6.3426054871810423e-05,0.00011537362742009919,0.1665941108550637,0.0075629308024802071,1.9156430199656478,short,1134,4392
statue,21,11,32,1.1582149150504513e-05,2.014460161303319e-05,0.15286735676282071,0.042124322370384465,0.74481479072049628,short,1916,3612
status,735,106,841,0.00040537522026765793,0.0001941207064528653,-0.14744090341050775,0.0016910680588345642,-3.5853985619933595,official,5044,482
statute,97,12,109,5.3498498457092274e-05,2.1975929032399844e-05,-0.17013629113075623,0.013119415648581646,-1.4853873308816006,official,3827,1699
statutes,196,7,203,0.00010810005873804212,1.2819291935566576e-05,-0.27992017862237084,0.0072687543543246179,-3.2832519470940298,official,4964,562
statutory,199,6,205,0.00010975465147382848,1.0987964516199922e-05,-0.28762389119316012,0.0072151679463086952,-3.3861152459422885,official,4996,530
stay,70,20,90,3.8607163835015045e-05,3.6626548387333073e-05,-0.012736878273702956,0.015341492993588534,-0.1028322137367534,official,2511,3015
steam,46,11,57,2.537042194872417e-05,2.014460161303319e-05,-0.053265507082493002,0.024415204111447413,-0.34089127531409652,official,2698,2828
steel,158,113,271,8.7141884084748238e-05,0.00020693999838843188,0.2511720481810702,0.0049357529482714326,3.5751527359325381,short,502,5024
steelhead,20,7,27,1.1030618238575727e-05,1.2819291935566576e-05,0.038170417699983972,0.050688944337746414,0.16953926232411401,short,2326,3202
stem,168,141,309,9.2657193204036107e-05,0.00025821716613069816,0.30372872160427455,0.0043192422421045422,4.6214906769674187,short,310,5216
step,15,27,42,8.2729636789317955e-06,4.9445840322899649e-05,0.55302238219496047,0.032037197164215742,3.0896938730512344,short,630,4896
stephanie,9,16,25,4.9637782073590768e-06,2.9301238709866458e-05,0.54917456215472349,0.053802592495587165,2.3676026154125887,short,891,4637
steps,65,10,75,3.584950927537111e-05,1.8313274193666537e-05,-0.13703840671787404,0.018908146923778426,-0.99659296354226801,official,3223,2304
stevenson-wydler,29,0,29,1.5994396445934803e-05,0,-0.33119404326834001,0.051724721818257192,-1.456241606872426,official,3787,1756
stewardship,82,104,186,4.5225534778160477e-05,0.00019045805161413198,0.44088658874509967,0.0071802030758639874,5.2030562920420405,short,245,5281
stewart,37,17,54,2.0406643741365096e-05,3.1132566129233112e-05,0.11378005530068513,0.025074101925359169,0.71854413197898004,short,1929,3598
stimulate,237,3,240,0.00013071282612712236,5.493982258099961e-06,-0.31252867691091701,0.0062122463328001644,-3.9652040325712905,official,5136,391
stimulus,32,67,99,1.7648989181721161e-05,0.0001226989370975658,0.59877326356986593,0.013658268079450539,5.1234745547208558,short,252,5274
stock,289,102,391,0.00015939243354741925,0.00018679539677539869,0.040380148141109018,0.0034995697791596982,0.68259103357665629,short,1963,3563
stockpile,44,11,55,2.42673601248666e-05,2.014460161303319e-05,-0.043509061842541996,0.025253109146487068,-0.27379296888652527,official,2648,2879
stocks,65,7,72,3.584950927537111e-05,1.2819291935566576e-05,-0.18858166020489264,0.019958081818779057,-1.3348733276882867,official,3568,1960
stockyards,32,3,35,1.7648989181721161e-05,5.493982258099961e-06,-0.20515238158997029,0.04124174649681861,-1.0102015692235367,official,3238,2290
stolen,85,17,102,4.6880127513946835e-05,3.1132566129233112e-05,-0.090031926087261738,0.013751538832722456,-0.76775188515190462,official,3027,2499
stop,60,424,484,3.3091854715727182e-05,0.0007764828258114612,0.87443438439579779,0.0029401408993406457,16.126612657378036,short,27,5499
stopping,2,37,39,1.1030618238575726e-06,6.7759114516566192e-05,0.97913466335487342,0.03754872253109591,5.0529481597132193,short,262,5264
storage,334,107,441,0.00018421132458421464,0.00019595203387223195,0.015372191505653277,0.0031157240888136798,0.27539515166905193,short,2271,3255
store,55,11,66,3.0334200156083247e-05,2.014460161303319e-05,-0.09003056410317356,0.021252059693459311,-0.61757464550430918,official,2913,2613
stored,37,5,42,2.0406643741365096e-05,9.1566370968332683e-06,-0.15734595093184112,0.033935407483343838,-0.85413995395559283,official,3109,2418
stores,23,5,28,1.2685210974362085e-05,9.1566370968332683e-06,-0.073361879383730511,0.04991145732757972,-0.32837517951179263,official,2686,2843
storm,63,35,98,3.474644745151354e-05,6.4096459677832885e-05,0.1709090117846781,0.013730561022166909,1.4585483212716448,short,1416,4111
storms,23,5,28,1.2685210974362085e-05,9.1566370968332683e-06,-0.073361879383730511,0.04991145732757972,-0.32837517951179263,official,2687,2844
stormwater,26,16,42,1.4339803710148445e-05,2.9301238709866458e-05,0.20289602799530648,0.031947845554519121,1.1351487023033131,short,1638,3891
straits,31,8,39,1.7097458269792376e-05,1.4650619354933229e-05,-0.036391183403413407,0.035562893920439848,-0.19297348118277927,official,2594,2933
strategic,281,125,406,0.00015498018625198897,0.00022891592742083173,0.10440290541482788,0.0033394272299148119,1.8066606799506093,short,1188,4338
strategies,122,8,130,6.7286771255311927e-05,1.4650619354933229e-05,-0.24023124417445274,0.011215214691130635,-2.2684316323802451,official,4566,960
strategy,192,69,261,0.00010589393509032697,0.0001263615919362991,0.045162601302767058,0.005238392494648845,0.62399330635475303,short,1997,3529
streamline,138,4,142,7.6111265846172513e-05,7.3253096774666146e-06,-0.28924278081977484,0.010421327553760736,-2.8333550845488462,official,4838,688
streamlined,10,19,29,5.5153091192878634e-06,3.4795220967966419e-05,0.56960359593809784,0.046474942862741356,2.642185410140736,short,784,4742
streamlining,28,55,83,1.5442865534006018e-05,0.00010072300806516596,0.57970143762668158,0.016255969723785374,4.5467171376229123,short,320,5206
street,84,80,164,4.6328596602018054e-05,0.00014650619354933229,0.34572108427370551,0.0081312026438667747,3.8339679149018986,short,456,5070
streets,362,41,403,0.00019965419011822066,7.5084424194032807e-05,-0.18212474380569255,0.0035600257717557245,-3.0524065927259207,official,4910,616
strength,67,10,77,3.6952571099228687e-05,1.8313274193666537e-05,-0.14195269181980663,0.018439281217042764,-1.0453738655339224,official,3284,2244
strengthen,1613,47,1660,0.00088961936094113236,8.6072388710232728e-05,-0.28920952640963282,0.00089193744712061905,-9.6837907255773885,official,5455,71
strengthened,31,7,38,1.7097458269792376e-05,1.2819291935566576e-05,-0.065488006634787155,0.036715559735160934,-0.34177216896578355,official,2701,2827
strengthening,232,161,393,0.00012795517156747842,0.00029484371451803126,0.24141099378497444,0.0034056381336365418,4.1367358859362167,short,395,5131
strengths,96,0,96,5.2946967545163486e-05,0,-0.33120309835749495,0.015625583902858998,-2.6495752802958665,official,4758,768
stress,51,9,60,2.8128076508368104e-05,1.6481946774299883e-05,-0.11346949397688988,0.023502346527204041,-0.74015641135440791,official,3009,2517
strict,27,2,29,1.4891334622077231e-05,3.6626548387333073e-06,-0.22941018118383205,0.05011579126061666,-1.0247676145661024,official,3259,2273
strike,43,21,64,2.3715829212937812e-05,3.8457875806699727e-05,0.13178309092855756,0.021111084171548888,0.90699401421387815,short,1802,3725
striking,24,2,26,1.3236741886290871e-05,3.6626548387333073e-06,-0.21786378474810419,0.055714869600930382,-0.92299528981652157,official,3159,2368
strip,11,23,34,6.06684003121665e-06,4.2120530645433034e-05,0.59835466906926982,0.039766665761138416,3.0005377479054189,short,658,4869
striped,16,12,28,8.8244945908605804e-06,2.1975929032399844e-05,0.26665009928234795,0.047727856614994485,1.2205505874273119,short,1587,3941
stroke,32,6,38,1.7648989181721161e-05,1.0987964516199922e-05,-0.10235018382866556,0.037013570902676284,-0.53199571478863428,official,2856,2673
strong,45,25,70,2.4818891036795385e-05,4.5783185484166341e-05,0.17090695685311275,0.01922255186170373,1.2326909870715537,short,1578,3948
stronger,36,28,64,1.9855112829436307e-05,5.1277167742266302e-05,0.278583147239301,0.02087014911449115,1.9283775392810079,short,1131,4396
structural,40,4,44,2.2061236477151454e-05,7.3253096774666146e-06,-0.19766234229579283,0.03273867912906267,-1.0924293525904194,official,3318,2208
structure,431,20,451,0.00023770982304130691,3.6626548387333073e-05,-0.2654261868575194,0.0032575130855466605,-4.6505110807786769,official,5223,303
structured,18,9,27,9.9275564147181536e-06,1.6481946774299883e-05,0.13881511125415891,0.050000583887305279,0.6207964253960534,short,2002,3527
structures,164,11,175,9.0451069556320954e-05,2.014460161303319e-05,-0.23831360586494554,0.0083267805153644948,-2.6116217647083388,official,4746,780
struggling,24,5,29,1.3236741886290871e-05,9.1566370968332683e-06,-0.081975332207479212,0.048280273121712118,-0.37307687146733837,official,2723,2809
student,779,643,1422,0.00042964258039252456,0.0011775435306527584,0.29835885480351276,0.00093918468984373251,9.7356158567227613,short,81,5445
students,1088,192,1280,0.00060006563217851949,0.0003516148645183975,-0.11352755172410589,0.0011022293144312655,-3.4195211451668537,official,5005,521
studies,207,36,243,0.00011416689876925877,6.5927787097199531e-05,-0.11609056584971356,0.0058070355522692498,-1.5234201147736868,official,3872,1654
study,1687,678,2365,0.00093043264842386259,0.0012416399903305913,0.075666674342868667,0.00057599925148767834,3.1527801461399738,short,605,4921
sub-saharan,51,4,55,2.8128076508368104e-05,7.3253096774666146e-06,-0.22394969119696206,0.02638369870005839,-1.3787408033624746,official,3639,1888
subchapter,57,9,66,3.1437261979940824e-05,1.6481946774299883e-05,-0.13274284998916031,0.021463998530553238,-0.90605763164715603,official,3137,2389
subcontracting,30,3,33,1.6545927357863591e-05,5.493982258099961e-06,-0.19766143956738702,0.043651377539132945,-0.94606935961476091,official,3177,2351
subcontractors,32,2,34,1.7648989181721161e-05,3.6626548387333073e-06,-0.2441821742374799,0.042929876817804559,-1.1785123426448747,official,3400,2129
subdivisions,80,0,80,4.4122472954302907e-05,0,-0.33120093590273036,0.018750583899124887,-2.4187119882014847,official,4662,866
subject,660,10,670,0.00036401040187299897,1.8313274193666537e-05,-0.30896909738902778,0.0022230519720057261,-6.5530010283891107,official,5370,156
subjects,58,6,64,3.1988792891869606e-05,1.0987964516199922e-05,-0.19357389222697208,0.022483019492946725,-1.2909798510688484,official,3521,2006
submerged,33,2,35,1.8200520093649949e-05,3.6626548387333073e-06,-0.24663629834604706,0.041733493268713208,-1.2072983980784959,official,3432,2095
submission,58,0,58,3.1988792891869606e-05,0,-0.33119796257395784,0.025862652859507791,-2.0594493774876743,official,4432,1097
submit,281,1,282,0.00015498018625198897,1.8313274193666537e-06,-0.32591320497557952,0.0053103517852070492,-4.4723966251986811,official,5206,320
submitted,111,0,111,6.1219931224095283e-05,0,-0.33120512568471661,0.013514097419873293,-2.8490726690254786,official,4845,683
submitting,25,0,25,1.3788272798219658e-05,0,-0.33119350268180803,0.060000583886289226,-1.3520852339749585,official,3611,1936
subscribers,30,0,30,1.6545927357863591e-05,0,-0.33119417841525234,0.050000583887456082,-1.4811367452309805,official,3819,1716
subsequent,77,0,77,4.2467880218516549e-05,0,-0.33120053044563491,0.019481103378944223,-2.3729262910952897,official,4632,895
subsequently,28,0,28,1.5442865534006018e-05,0,-0.33119390812154137,0.053572012458417903,-1.430913428383751,official,3740,1793
subsidiaries,34,0,34,1.8752051005578734e-05,0,-0.3311947190040101,0.044118230947213094,-1.576791820221908,official,3946,1594
subsidies,159,53,212,8.7693414996677026e-05,9.706035322643265e-05,0.025487115304134278,0.0064695866285858512,0.31687094384404996,short,2234,3292
subsidized,42,1,43,2.3164298301009027e-05,1.8313274193666537e-06,-0.29650979345681705,0.03449256250017662,-1.5965271645048911,official,3960,1569
subsidy,85,67,152,4.6880127513946835e-05,0.0001226989370975658,0.28298722457197201,0.0087862032483810928,3.0190215083545513,short,651,4875
subsistence,27,7,34,1.4891334622077231e-05,1.2819291935566576e-05,-0.035345248692845388,0.040784270414206659,-0.17501879641426113,official,2576,2954
substance,295,81,376,0.00016270161901899198,0.00014833752096869894,-0.022132209821055682,0.0036790807463215345,-0.36488425110521094,official,2711,2815
substances,825,94,919,0.00045501300234124871,0.00017214477742046546,-0.18137738252808067,0.0015611454273461779,-4.5905154097959482,official,5217,309
substantial,209,9,218,0.00011526996059311635,1.6481946774299883e-05,-0.26990114781493801,0.006747790650202222,-3.2856699166444541,official,4965,561
substantially,88,0,88,4.85347202497332e-05,0,-0.33120201712655017,0.01704603844644648,-2.5367708658876613,official,4711,818
substantive,36,2,38,1.9855112829436307e-05,3.6626548387333073e-06,-0.25323255034606795,0.038514097402958643,-1.2903563597528465,official,3519,2009
substitute,40,12,52,2.2061236477151454e-05,2.1975929032399844e-05,-0.00094845808940569043,0.026495149110714024,-0.0058268650637365573,official,2445,3081
subtitle,102,2,104,5.6256153016736209e-05,3.6626548387333073e-06,-0.30249290590355749,0.014288915101037931,-2.530553748441807,official,4705,821
success,40,123,163,2.2061236477151454e-05,0.00022525327258209841,0.70479268082846502,0.0084231957968923816,7.6793230446224117,short,119,5407
successful,79,11,90,4.3570942042374119e-05,2.014460161303319e-05,-0.15282688203575034,0.015818733764453613,-1.2151052418399615,official,3449,2077
successor,58,0,58,3.1988792891869606e-05,0,-0.33119796257395784,0.025862652859507791,-2.0594493774876743,official,4433,1098
sudan,51,28,79,2.8128076508368104e-05,5.1277167742266302e-05,0.16725711300890289,0.017038685985431602,1.2813463811220567,short,1553,3973
sudden,28,12,40,1.5442865534006018e-05,2.1975929032399844e-05,0.093694670756651277,0.033937235474232635,0.50860035446934937,short,2095,3433
suffer,77,0,77,4.2467880218516549e-05,0,-0.33120053044563491,0.019481103378944223,-2.3729262910952897,official,4633,896
suffered,82,0,82,4.5225534778160477e-05,0,-0.33120120620801785,0.018293266826420913,-2.4487602972326772,official,4680,846
suffering,88,1,89,4.85347202497332e-05,1.8313274193666537e-06,-0.31439445006239275,0.01676141252652176,-2.4283963054270914,official,4666,860
sufficient,133,0,133,7.3353611286528585e-05,0,-0.33120809914327864,0.011278779400216142,-3.118673406409362,official,4926,600
sugar,119,77,196,6.5632178519525576e-05,0.00014101221129123232,0.2188746850721035,0.006838190768505505,2.6468231716472559,short,783,4743
suicide,71,50,121,3.9158694746943826e-05,9.1566370968332683e-05,0.24613808329569409,0.01105687046145324,2.3407913481989238,short,900,4626
suit,30,6,36,1.6545927357863591e-05,1.0987964516199922e-05,-0.09002942914793266,0.038961622850261481,-0.45610620167917837,official,2782,2748
suitability,181,1,182,9.9827095059110328e-05,1.8313274193666537e-06,-0.32298363898060245,0.0082198857339478258,-3.562440612006649,official,5035,492
suitable,67,0,67,3.6952571099228687e-05,0,-0.33119917892921791,0.022388643597583486,-2.2134787653827841,official,4525,1003
suits,42,0,42,2.3164298301009027e-05,0,-0.33119580018686889,0.03571486960454226,-1.7525091193635514,official,4150,1389
sulfur,49,8,57,2.7025014684510531e-05,1.4650619354933229e-05,-0.12709779992840531,0.024819161543011788,-0.80676022803020719,official,3063,2463
sum,37,0,37,2.0406643741365096e-05,0,-0.33119512444674726,0.040541124429630225,-1.6448868926211853,official,4027,1508
summer,111,62,173,6.1219931224095283e-05,0.00011354230000073253,0.17258115418207787,0.0077770298341142624,1.9569804477300767,short,1112,4414
summit,21,15,36,1.1582149150504513e-05,2.7469911290499805e-05,0.25073531449037567,0.037152286676149546,1.3008365511591846,short,1534,3994
sums,31,0,31,1.7097458269792376e-05,0,-0.3311943135622748,0.048387680661882995,-1.5056203243148938,official,3861,1682
sunday,44,0,44,2.42673601248666e-05,0,-0.33119607048369737,0.034091492981632388,-1.7937510362478384,official,4192,1344
sundry,37,0,37,2.0406643741365096e-05,0,-0.33119512444674726,0.040541124429630225,-1.6448868926211853,official,4028,1509
sunset,78,142,220,4.3019411130445331e-05,0.00026004849355006483,0.5565609664632305,0.0061187195776818849,7.1151239402836,short,131,5395
sunshine,6,126,132,3.3091854715727179e-06,0.00023074725484019837,0.98771868964288423,0.011122929722794758,9.365342723458502,short,86,5440
super,22,19,41,1.21336800624333e-05,3.4795220967966419e-05,0.31317244527334864,0.03254026643086539,1.7360930202993992,short,1247,4282
superfund,70,96,166,3.8607163835015045e-05,0.00017580743225919875,0.46650337638741668,0.0080546659537794919,5.1979371550030411,short,247,5279
superior,32,19,51,1.7648989181721161e-05,3.4795220967966419e-05,0.19161589225240405,0.026334490950315228,1.1807801995742631,short,1607,3919
supervision,165,20,185,9.1002600468249742e-05,3.6626548387333073e-05,-0.17297944383251895,0.0077357755624823839,-1.9667201432338917,official,4345,1181
supervisory,38,10,48,2.095817465329388e-05,1.8313274193666537e-05,-0.031947877306212291,0.028869870179356161,-0.18802672963832856,official,2590,2936
supplement,110,175,285,6.0668400312166495e-05,0.00032048229838916442,0.5143614522859199,0.0047061425707543821,7.4978349137612961,short,123,5403
supplemental,758,283,1041,0.00041806043124202006,0.00051826565968076299,0.055408123595285907,0.0013117355189345425,1.5298551179876738,short,1370,4156
supplementary,107,16,123,5.9013807576380137e-05,2.9301238709866458e-05,-0.1416556002427054,0.01154265460141011,-1.3185023209099391,official,3552,1974
supplementation,27,0,27,1.4891334622077231e-05,0,-0.33119377297485109,0.055556139442311518,-1.4051287926382199,official,3712,1841
supplements,216,7,223,0.00011913067697661785,1.2819291935566576e-05,-0.28448909991602989,0.0066263143479023305,-3.4948586383753244,official,5021,505
suppliers,93,2,95,5.1292374809377128e-05,3.6626548387333073e-06,-0.29978559916448688,0.015629011189433367,-2.3979770133858036,official,4642,885
supplies,351,22,373,0.00019358735008700401,4.028920322606638e-05,-0.24398613999774099,0.0039134450080902019,-3.9001879712991698,official,5118,408
supply,551,235,786,0.00030389353247276126,0.00043036194355116362,0.092342296995628459,0.0017279591640914022,2.2214366663642044,short,962,4564
support,2254,647,2901,0.0012431506754874845,0.0011848688403302251,-0.011640295092417041,0.00047641994774209228,-0.53329685392329895,official,2859,2667
supported,62,2,64,3.4194916539584752e-05,3.6626548387333073e-06,-0.2846775900506664,0.023088606983535973,-1.873503095664524,official,4272,1253
supporting,132,72,204,7.2802080374599797e-05,0.00013185557419439906,0.16526123362030987,0.0065999628144482554,2.0342308953547747,short,1069,4457
supportive,65,17,82,3.584950927537111e-05,3.1132566129233112e-05,-0.033356835990341338,0.016904315090074746,-0.25655829455611512,official,2635,2891
supports,69,8,77,3.8055632923086256e-05,1.4650619354933229e-05,-0.1790040439143592,0.018614604849759121,-1.3120063336717569,official,3545,1982
suppression,63,14,77,3.474644745151354e-05,2.5638583871133151e-05,-0.068828091394216528,0.018132452031147384,-0.51113716295984857,official,2841,2685
supreme,74,19,93,4.0813287482730191e-05,3.4795220967966419e-05,-0.037539359304735953,0.014917179283985792,-0.30735727804625562,official,2669,2857
surcharge,26,5,31,1.4339803710148445e-05,9.1566370968332683e-06,-0.097576542941558486,0.045322221314895203,-0.45834218814117572,official,2789,2742
surety,39,17,56,2.1509705565222665e-05,3.1132566129233112e-05,0.098541964032506257,0.024225529821021396,0.63311787012856824,short,1986,3540
surface,342,211,553,0.00018862357187964492,0.00038641008548636393,0.20374960331822933,0.0024268029817335014,4.1359903037402557,short,396,5130
surgery,63,18,81,3.474644745151354e-05,3.2963893548599766e-05,-0.012736829738447142,0.01704603844591147,-0.097555017584405962,official,2508,3018
surgical,62,17,79,3.4194916539584752e-05,3.1132566129233112e-05,-0.022455392810666552,0.017509449148156074,-0.16970100523962878,official,2565,2962
surplus,201,91,292,0.00011085771329768605,0.00016665079516236549,0.10949654453266078,0.0046399475775253263,1.6074737035163682,short,1335,4191
surpluses,40,0,40,2.2061236477151454e-05,0,-0.33119552989048628,0.037500583889789808,-1.7102730473778192,official,4107,1430
surrounding,64,0,64,3.5297978363442322e-05,0,-0.33119877347646387,0.023438083895390812,-2.1633543816925012,official,4499,1029
surtax,27,7,34,1.4891334622077231e-05,1.2819291935566576e-05,-0.035345248692845388,0.040784270414206659,-0.17501879641426113,official,2577,2955
surveillance,262,124,386,0.00014450109892534202,0.00022708460000146505,0.12249732495383547,0.003504578168387383,2.0692298237358648,short,1049,4477
survey,154,38,192,8.4935760437033098e-05,6.9590441935932839e-05,-0.046406170054963169,0.0072385834249454389,-0.54544245064440444,official,2868,2658
survival,30,42,72,1.6545927357863591e-05,7.6915751613399453e-05,0.47319748472279777,0.018576435293010285,3.4718522745913316,short,530,4996
surviving,276,41,317,0.00015222253169234503,7.5084424194032807e-05,-0.14272326003292335,0.0044802206871392657,-2.1322840270447543,official,4478,1048
survivor,98,62,160,5.4050029369021062e-05,0.00011354230000073253,0.2116894320697611,0.0083810574183330894,2.312329765978713,short,918,4608
survivors,529,156,685,0.00029175985241032797,0.000285687077421198,-0.0051287436090348137,0.0020133679209686133,-0.11430083852478352,official,2518,3008
survivorship,16,11,27,8.8244945908605804e-06,2.014460161303319e-05,0.23834587437592525,0.049572187314599933,1.0705047481551244,short,1691,3837
suspected,28,0,28,1.5442865534006018e-05,0,-0.33119390812154137,0.053572012458417903,-1.430913428383751,official,3741,1794
suspend,206,2,208,0.00011361536785732998,3.6626548387333073e-06,-0.31682833102853536,0.007177947628224113,-3.7395889423696844,official,5091,435
suspension,101,50,151,5.5704622104807421e-05,9.1566370968332683e-05,0.13584166495558136,0.0089439622651108445,1.4363755924300901,short,1436,4090
sustain,36,4,40,1.9855112829436307e-05,7.3253096774666146e-06,-0.18458972013896435,0.035885751354148773,-0.97442067365905649,official,3198,2328
sustainability,38,50,88,2.095817465329388e-05,9.1566370968332683e-05,0.45294613676501427,0.015183468652146009,3.6758777653957586,short,477,5049
sustainable,151,61,212,8.3281167701246733e-05,0.00011171097258136588,0.077032984312753072,0.0064184085332992056,0.96153045581187646,short,1764,3762
sustained,84,4,88,4.6328596602018054e-05,7.3253096774666146e-06,-0.26375840072656409,0.016684102606999481,-2.0419959425002276,official,4408,1118
swap,12,13,25,6.6183709431454357e-06,2.3807256451766497e-05,0.38862951548721547,0.053343400387793914,1.6826563660431537,short,1281,4247
swaps,24,4,28,1.3236741886290871e-05,7.3253096774666146e-06,-0.12355220779484988,0.050481353118002704,-0.54990164224923399,official,2873,2656
swine,32,7,39,1.7648989181721161e-05,1.2819291935566576e-05,-0.072082607506347429,0.0358242213670198,-0.38083960709714165,official,2731,2795
syndrome,141,66,207,7.7765858581958878e-05,0.00012086760967819914,0.11923693422989068,0.0065371508141890853,1.4747436977528983,short,1407,4119
synthetic,98,43,141,5.4050029369021062e-05,7.8747079032766114e-05,0.10043531415409745,0.0096194669430918721,1.0240258952363712,short,1712,3814
syria,76,29,105,4.1916349306587761e-05,5.3108495161632956e-05,0.06130256776369869,0.012988132352346783,0.53790466817585247,short,2057,3469
systematic,33,7,40,1.8200520093649949e-05,1.2819291935566576e-05,-0.078356101538849643,0.034975809771884199,-0.41897579262841655,official,2755,2773
systemic,27,11,38,1.4891334622077231e-05,2.014460161303319e-05,0.079391371966631041,0.035793362539915947,0.41963534177701983,short,2158,3369
systems,1090,202,1292,0.00060116869400237707,0.00036992813871206408,-0.10458302019417509,0.0010897435185755709,-3.168101098588576,official,4936,590
t,160,10,170,8.8244945908605814e-05,1.8313274193666537e-05,-0.24419588388747471,0.0085864425065989083,-2.6353099765428176,official,4751,775
tahoe,21,12,33,1.1582149150504513e-05,2.1975929032399844e-05,0.17963804657160587,0.040741324629629358,0.8899810330100667,short,1816,3715
tailings,19,9,28,1.047908732664694e-05,1.6481946774299883e-05,0.12272883835794701,0.048304206659246528,0.55841123397970827,short,2047,3482
taiwan,19,12,31,1.047908732664694e-05,2.1975929032399844e-05,0.21113698391975433,0.043256397841910245,1.0151708480369732,short,1716,3811
taken,182,2,184,0.00010037862597103912,3.6626548387333073e-06,-0.31495330364937679,0.0081091684466995818,-3.497502287812877,official,5022,504
takeovers,27,2,29,1.4891334622077231e-05,3.6626548387333073e-06,-0.22941018118383205,0.05011579126061666,-1.0247676145661024,official,3260,2274
takes,29,5,34,1.5994396445934803e-05,9.1566370968332683e-06,-0.11761769926324028,0.041514625402736254,-0.57726086803898979,official,2891,2636
taking,193,24,217,0.00010644546600225576,4.3951858064799688e-05,-0.16941848412807126,0.006588985916169735,-2.0871396181463386,official,4441,1085
talent,22,18,40,1.21336800624333e-05,3.2963893548599766e-05,0.29527078619689107,0.033370995459297788,1.6163518308115497,short,1326,4201
talented,45,34,79,2.4818891036795385e-05,6.2265132258466224e-05,0.26907248551458451,0.01691465755212293,2.0688913586772211,short,1050,4476
talkers,15,15,30,8.2729636789317955e-06,2.7469911290499805e-05,0.36196176046339978,0.044445028332816057,1.7169241054247557,short,1261,4266
tanf,30,27,57,1.6545927357863591e-05,4.9445840322899649e-05,0.32687379847843623,0.023399598673730284,2.1368591922399589,short,1005,4522
tank,28,25,53,1.5442865534006018e-05,4.5783185484166341e-05,0.32422416309183255,0.025166775727208081,2.043767969244338,short,1066,4461
tanker,7,26,33,3.8607163835015045e-06,4.7614512903532995e-05,0.75062576760776523,0.041949736432116011,3.6648723342753708,short,481,5046
tanks,34,0,34,1.8752051005578734e-05,0,-0.3311947190040101,0.044118230947213094,-1.576791820221908,official,3947,1595
tape,13,20,33,7.1699018550742223e-06,3.6626548387333073e-05,0.5036147915416489,0.040607638852461402,2.4991631475674554,short,841,4685
tar,31,12,43,1.7097458269792376e-05,2.1975929032399844e-05,0.06522634394329252,0.031695915586554047,0.36637124930320369,short,2199,3329
target,77,16,93,4.2467880218516549e-05,2.9301238709866458e-05,-0.08249672471387548,0.015057248770917417,-0.6723012111874096,official,2967,2559
targeted,85,61,146,4.6880127513946835e-05,0.00011171097258136588,0.25227402599102078,0.0091605061216523936,2.6358021229140949,short,787,4740
targeting,64,21,85,3.5297978363442322e-05,3.8457875806699727e-05,0.02145061897935463,0.016145955561697664,0.16881380246055391,short,2327,3199
targets,45,0,45,2.4818891036795385e-05,0,-0.33119620563227947,0.033333917224290008,-1.8140204400668125,official,4215,1321
tariff,223,47,270,0.00012299139336011935,8.6072388710232728e-05,-0.079659391088075182,0.0051835556447547802,-1.1064278524535647,official,3328,2198
tariffs,32,4,36,1.7648989181721161e-05,7.3253096774666146e-06,-0.16867372424536775,0.039706466242041626,-0.84648022174345205,official,3098,2430
tarp,15,23,38,8.2729636789317955e-06,4.2120530645433034e-05,0.5025473010571595,0.035261951041979586,2.6762321021622211,short,775,4751
task,213,56,269,0.00011747608424083149,0.0001025543354845326,-0.03216553196343952,0.0051521958202593188,-0.44812023784959076,official,2776,2749
tax,6735,4370,11105,0.0037145606918403758,0.0080029008226322768,0.22079560499071338,0.00012126091998628243,20.050721046383028,short,16,5510
tax-exempt,228,43,271,0.0001257490479197633,7.8747079032766114e-05,-0.10126757171450151,0.0051893053381572235,-1.4057748961116008,official,3713,1813
tax-free,65,8,73,3.584950927537111e-05,1.4650619354933229e-05,-0.17085266858066994,0.019592639721919391,-1.2206054092196907,official,3451,2074
taxable,123,4,127,6.7838302167240715e-05,7.3253096774666146e-06,-0.28432136665497687,0.011634171696597686,-2.6359778925825954,official,4755,771
taxation,249,88,337,0.0001373311970702678,0.00016115681290426552,0.040732274765556298,0.0040600097825910786,0.63925645884919435,short,1985,3541
taxes,1106,58,1164,0.00060999318859323768,0.00010621699032326591,-0.2574574159268721,0.0012594433956902361,-7.2546435604765218,official,5394,132
taxing,32,7,39,1.7648989181721161e-05,1.2819291935566576e-05,-0.072082607506347429,0.0358242213670198,-0.38083960709714165,official,2732,2796
taxpayer,437,351,788,0.00024101900851287961,0.00064279592419769541,0.28926537959532617,0.0016948737420044348,7.026317702812249,short,136,5390
taxpayer's,38,6,44,2.095817465329388e-05,1.0987964516199922e-05,-0.13274162841442028,0.032195705842309026,-0.73978950458605952,official,3008,2518
taxpayers,541,143,684,0.00029837822335347338,0.00026187982096943151,-0.030943317374511281,0.002026100422270988,-0.68744251589986893,official,2979,2547
tay-sachs,23,24,47,1.2685210974362085e-05,4.3951858064799688e-05,0.37614935303386865,0.028370805220856093,2.2331838997305646,short,958,4568
teach,47,35,82,2.5921952860652958e-05,6.4096459677832885e-05,0.26432794131110349,0.016299530433232637,2.0704060446699923,short,1048,4479
teacher,199,221,420,0.00010975465147382848,0.00040472335968003045,0.39695353133395628,0.0031761552797739882,7.0435046641179158,short,135,5391
teachers,440,184,624,0.00024267360124866598,0.00033696424516346427,0.086751555663484581,0.0021780574237839152,1.8588425649594189,short,1163,4363
teaching,203,103,306,0.00011196077512154363,0.00018862672419476533,0.14324298420113912,0.0044102082754625439,2.1569685369749618,short,990,4536
team,52,36,88,2.8679607420296889e-05,6.5927787097199531e-05,0.24060532690438663,0.015207957175078703,1.9510562825390594,short,1119,4409
teams,90,3,93,4.963778207359077e-05,5.493982258099961e-06,-0.28319172200194487,0.015881731443325563,-2.2471477609804738,official,4552,974
technical,785,424,1209,0.00043295176586409729,0.0007764828258114612,0.16231741941368227,0.001114458573578739,4.8622038703309611,short,274,5252
technician,11,16,27,6.06684003121665e-06,2.9301238709866458e-05,0.48557670574817813,0.049572187314905106,2.180915320881482,short,980,4546
technicians,36,3,39,1.9855112829436307e-05,5.493982258099961e-06,-0.21786495776651549,0.037143441032596675,-1.1304368722216545,official,3359,2170
techniques,66,2,68,3.6401040187299898e-05,3.6626548387333073e-06,-0.28739552362919518,0.021748984749324862,-1.9487696398219347,official,4333,1194
technological,99,24,123,5.4601560280949844e-05,4.3951858064799688e-05,-0.050290348260695339,0.011307809503565231,-0.47292840714637124,official,2801,2725
technologies,637,83,720,0.00035132519089863689,0.00015200017580743226,-0.16276874541563657,0.001982833741804304,-3.655340730717072,official,5060,466
technology,1422,822,2244,0.00078427695676273413,0.0015053511387193893,0.1834065459896248,0.00059951918379186006,7.4905427995269154,short,124,5402
teen,17,32,49,9.376025502789367e-06,5.8602477419732917e-05,0.56676353154997905,0.027497778057704172,3.4178507694799181,short,549,4977
teenage,20,15,35,1.1030618238575727e-05,2.7469911290499805e-05,0.26665090494035404,0.038182402071356654,1.3646190779720324,short,1493,4036
telecommunications,527,157,684,0.0002906567905864704,0.00028751840484056462,-0.002653796309585843,0.0020154085233453018,-0.059113413770653683,official,2484,3042
telehealth,67,36,103,3.6952571099228687e-05,6.5927787097199531e-05,0.16063965280124926,0.013077181452183092,1.4047391355680687,short,1458,4068
telemarketing,45,23,68,2.4818891036795385e-05,4.2120530645433034e-05,0.14543298391570048,0.019839152408863053,1.0325268595044204,short,1708,3819
telemedicine,25,19,44,1.3788272798219658e-05,3.4795220967966419e-05,0.27099042580528199,0.030366353388087252,1.5550975116546015,short,1361,4165
telephone,557,151,708,0.00030720271794433399,0.00027653044032436474,-0.025108940664756219,0.0019552422428380156,-0.56784277533518213,official,2885,2641
television,311,146,457,0.00017152611360985256,0.00026737380322753142,0.12010801059133414,0.0029610421220734218,2.2072406249346623,short,971,4555
telework,11,14,25,6.06684003121665e-06,2.5638583871133151e-05,0.44200455996570298,0.053419387305947134,1.9123936743801768,short,1138,4391
teller,26,6,32,1.4339803710148445e-05,1.0987964516199922e-05,-0.060900615640861133,0.043557752672318067,-0.29180246120268305,official,2664,2863
temporarily,271,1,272,0.00014946487713270108,1.8313274193666537e-06,-0.32571664748580709,0.005505208233153259,-4.3898843668117191,official,5195,331
temporary,856,141,997,0.00047211046061104109,0.00025821716613069816,-0.12562898806074951,0.0014189841514178219,-3.3350403222934224,official,4985,541
tenant,27,33,60,1.4891334622077231e-05,6.0433804839099571e-05,0.42865959073459514,0.022247524942077754,2.8739002741374495,short,703,4823
tenants,48,38,86,2.6473483772581743e-05,6.9590441935932839e-05,0.28440938765816703,0.015527786599041051,2.2823862924538827,short,933,4593
tender,37,11,48,2.0406643741365096e-05,2.014460161303319e-05,-0.003156820291422946,0.028714442317054008,-0.018629434263562721,official,2454,3072
tennessee,80,20,100,4.4122472954302907e-05,3.6626548387333073e-05,-0.043509888435799837,0.013889472793902175,-0.36918588551943593,official,2715,2812
tenure,24,16,40,1.3236741886290871e-05,2.9301238709866458e-05,0.22842960028938641,0.033482726747909225,1.248366111081431,short,1567,3958
term,173,94,267,9.5414847763680035e-05,0.00017214477742046546,0.16407909149802968,0.0050433943237291135,2.3104244936765372,short,920,4606
terminal,238,17,255,0.00013126435703905115,3.1132566129233112e-05,-0.23277458949887375,0.0057054520951653875,-3.0817012733600726,official,4921,605
terminally,20,19,39,1.1030618238575727e-05,3.4795220967966419e-05,0.34486844637077141,0.034191115743433823,1.8650772470822754,short,1159,4369
terminate,324,0,324,0.00017869601546492678,0,-0.33123391643439781,0.0046302135857051504,-4.8678174943951165,official,5249,277
terminated,68,11,79,3.7504102011157468e-05,2.014460161303319e-05,-0.12867011374728143,0.01791441609910939,-0.96133854597156276,official,3192,2334
terminating,27,5,32,1.4891334622077231e-05,9.1566370968332683e-06,-0.10466387997058213,0.04397676345762791,-0.49909727483303673,official,2826,2704
termination,274,175,449,0.00015111946986848745,0.00032048229838916442,0.21473971035887907,0.0029862739629578842,3.929592707281361,short,427,5099
terminations,25,1,26,1.3788272798219658e-05,1.8313274193666537e-06,-0.27403464010177281,0.056645464060875568,-1.1513911711087681,official,3377,2153
terms,248,2,250,0.00013677966615833901,3.6626548387333073e-06,-0.31924655451730821,0.0059768700356925041,-4.1294224317825323,official,5161,365
territorial,84,22,106,4.6328596602018054e-05,4.028920322606638e-05,-0.033038231658103712,0.013076241801272519,-0.28891848084649091,official,2661,2865
territories,87,34,121,4.7983189337804412e-05,6.2265132258466224e-05,0.067847593458626676,0.011259889121687091,0.6393922838827133,short,1984,3542
territory,59,8,67,3.2540323803798394e-05,1.4650619354933229e-05,-0.15684112061375899,0.021270425166420505,-1.0754045042658358,official,3306,2222
terror,17,15,32,9.376025502789367e-06,2.7469911290499805e-05,0.32028879377567776,0.04168534289882532,1.5687366924638524,short,1350,4177
terrorism,433,211,644,0.00023881288486516449,0.00038641008548636393,0.13116002455594256,0.0020986797937192596,2.8630464809032592,short,709,4817
terrorist,338,153,491,0.00018641744823192979,0.00028019309516309803,0.10945861049152228,0.0027596516530695087,2.0836405378515122,short,1035,4491
terrorists,91,61,152,5.0189312985519558e-05,0.00011171097258136588,0.23020285474046709,0.0088106459378520362,2.4524876575985846,short,861,4665
tertiary,41,13,54,2.2612767389080238e-05,2.3807256451766497e-05,0.012773076990754362,0.025452272817652551,0.080063071118522164,short,2382,3145
test,311,77,388,0.00017152611360985256,0.00014101221129123232,-0.045663758300328539,0.0035817367746453352,-0.76300049503932466,official,3023,2503
testing,460,196,656,0.00025370421948724169,0.00035894017419586414,0.09206323397266658,0.002070350313410213,2.0233187605280643,short,1078,4448
tests,125,13,138,6.8941363991098292e-05,2.3807256451766497e-05,-0.19292819886997137,0.010425381838567472,-1.8895123057857461,official,4284,1242
texas,144,56,200,7.9420451317745229e-05,0.0001025543354845326,0.066498512673140553,0.0068138106747363649,0.80559525714700331,short,1863,3663
textile,53,34,87,2.9231138332225674e-05,6.2265132258466224e-05,0.21611327423526738,0.015407903855608338,1.7410436650647363,short,1239,4288
theft,175,170,345,9.6517909587537612e-05,0.00031132566129233111,0.35234778866398742,0.0038654084672488515,5.6672693422802887,short,198,5328
therapeutic,49,12,61,2.7025014684510531e-05,2.1975929032399844e-05,-0.048065105368106487,0.0227901231233185,-0.31838790623789992,official,2678,2848
therapies,13,23,36,7.1699018550742223e-06,4.2120530645433034e-05,0.54768276651581971,0.037357899697939137,2.8335954709056881,short,718,4808
therapist,24,14,38,1.3236741886290871e-05,2.5638583871133151e-05,0.18606942895823586,0.035360385379011303,0.98950166657903793,short,1743,3786
therapists,38,12,50,2.095817465329388e-05,2.1975929032399844e-05,0.011754876459855623,0.027493252514556851,0.070893269965188674,short,2394,3135
therapy,181,103,284,9.9827095059110328e-05,0.00018862672419476533,0.1783661055046224,0.0047351009156003645,2.5920758767168448,short,803,4723
therefor,45,0,45,2.4818891036795385e-05,0,-0.33119620563227947,0.033333917224290008,-1.8140204400668125,official,4216,1322
thereof,223,0,223,0.00012299139336011935,0,-0.33122026385299463,0.0067270413316034457,-4.0383583189776582,official,5146,380
thereto,96,0,96,5.2946967545163486e-05,0,-0.33120309835749495,0.015625583902858998,-2.6495752802958665,official,4759,769
thereunder,153,0,153,8.438422952510431e-05,0,-0.33121080233417999,0.0098045054847896475,-3.3449655231451052,official,4987,540
thermal,31,20,51,1.7097458269792376e-05,3.6626548387333073e-05,0.2179224716702528,0.026280212887050673,1.3442733117057741,short,1503,4025
third-party,42,0,42,2.3164298301009027e-05,0,-0.33119580018686889,0.03571486960454226,-1.7525091193635514,official,4151,1390
thomas,35,48,83,1.9303581917507522e-05,8.7903716129599375e-05,0.46648656519652043,0.016108747960200853,3.675430774089818,short,478,5048
threat,159,52,211,8.7693414996677026e-05,9.522902580706599e-05,0.020609929686736805,0.0065055680043976036,0.25552529575121646,short,2276,3250
threaten,30,0,30,1.6545927357863591e-05,0,-0.33119417841525234,0.050000583887456082,-1.4811367452309805,official,3820,1717
threatened,160,3,163,8.8244945908605814e-05,5.493982258099961e-06,-0.30372775649673223,0.0091206555364195807,-3.1803246494197697,official,4939,587
threatening,29,0,29,1.5994396445934803e-05,0,-0.33119404326834001,0.051724721818257192,-1.456241606872426,official,3788,1757
threats,69,20,89,3.8055632923086256e-05,3.6626548387333073e-05,-0.0092904444811949816,0.015504009753102198,-0.074612995480248592,official,2492,3034
threshold,102,6,108,5.6256153016736209e-05,1.0987964516199922e-05,-0.248963118545241,0.013534418492492008,-2.140007103158498,official,4480,1046
thrift,106,53,159,5.8462276664451348e-05,9.706035322643265e-05,0.1388229636621503,0.0084911499585335771,1.5065309433609235,short,1387,4139
tick-borne,26,13,39,1.4339803710148445e-05,2.3807256451766497e-05,0.13881582507266366,0.034615968505734507,0.7461063482390532,short,1913,3614
ticket,21,18,39,1.1582149150504513e-05,3.2963893548599766e-05,0.31066900145183673,0.034211110206444538,1.6796327634333976,short,1287,4241
tier,25,1,26,1.3788272798219658e-05,1.8313274193666537e-06,-0.27403464010177281,0.056645464060875568,-1.1513911711087681,official,3378,2154
tiger,14,11,25,7.7214327670030089e-06,2.014460161303319e-05,0.28191739295747453,0.053419387305764031,1.2197544727420522,short,1593,3938
timber,156,81,237,8.6038822260890661e-05,0.00014833752096869894,0.15021409424610432,0.0056897672908494618,1.9914225991286176,short,1090,4436
time,599,105,704,0.00033036701624534299,0.00019228937903349865,-0.11470244722576695,0.0020041377027079587,-2.5621756809052378,official,4721,805
timely,213,56,269,0.00011747608424083149,0.0001025543354845326,-0.03216553196343952,0.0051521958202593188,-0.44812023784959076,official,2777,2750
times,62,7,69,3.4194916539584752e-05,1.2819291935566576e-05,-0.18251216430908634,0.020792066420086599,-1.2657355797375436,official,3494,2032
timing,23,6,29,1.2685210974362085e-05,1.0987964516199922e-05,-0.033939016475974526,0.047802781689786716,-0.15522893146988517,official,2555,2973
tip,34,10,44,1.8752051005578734e-05,1.8313274193666537e-05,-0.0057678311387849845,0.031339615230364985,-0.032581097331032968,official,2462,3066
tire,16,22,38,8.8244945908605804e-06,4.028920322606638e-05,0.46732528220310066,0.035185769075851026,2.4913557864791418,short,850,4678
tires,33,1,34,1.8200520093649949e-05,1.8313274193666537e-06,-0.28739151245719796,0.04349738559420753,-1.3779782435681713,official,3637,1893
tissue,55,18,73,3.0334200156083247e-05,3.2963893548599766e-05,0.020786943484175424,0.01880209488760087,0.15159592078335546,short,2336,3190
title,16314,71,16385,0.0089976752972062198,0.00013002424677503242,-0.32688492932370483,9.1937818306453209e-05,-34.091632760692477,official,5518,8
titles,774,0,774,0.00042688492583288062,0,-0.33129475857314716,0.0019385685572614153,-7.5244365223528327,official,5401,125
tobacco,468,191,659,0.000258116466782672,0.00034978353709903088,0.079901359785480963,0.0020643660805002499,1.7585746684772228,short,1227,4299
today,6,29,35,3.3091854715727179e-06,5.3108495161632956e-05,0.80728027585956141,0.040015827792832012,4.0356030246583634,short,413,5113
toddlers,25,3,28,1.3788272798219658e-05,5.493982258099961e-06,-0.1743496849673285,0.051126572931603352,-0.77107713624863894,official,3037,2495
toll,41,15,56,2.2612767389080238e-05,2.7469911290499805e-05,0.049927145233587211,0.024394369287208319,0.31966268089717409,short,2232,3296
toll-free,43,2,45,2.3715829212937812e-05,3.6626548387333073e-06,-0.26523707005844521,0.032640815999395958,-1.4680935079644291,official,3799,1729
tomorrow,1,26,27,5.5153091192878628e-07,4.7614512903532995e-05,1.0000559920382965,0.054582794130930493,4.2805190530653681,short,360,5167
tomorrow's,1,27,28,5.5153091192878628e-07,4.9445840322899649e-05,1.0020063926553604,0.052665160691145144,4.3662518781472288,short,347,5179
tongass,18,8,26,9.9275564147181536e-06,1.4650619354933229e-05,0.10412910452370561,0.052139621320165946,0.45602452252356601,short,2131,3396
tools,81,23,104,4.4674003866231695e-05,4.2120530645433034e-05,-0.014212307830508308,0.013280005059566845,-0.12332907813860622,official,2525,3001
tornado,11,16,27,6.06684003121665e-06,2.9301238709866458e-05,0.48557670574817813,0.049572187314905106,2.180915320881482,short,981,4547
torpedoes,28,0,28,1.5442865534006018e-05,0,-0.33119390812154137,0.053572012458417903,-1.430913428383751,official,3742,1795
tort,68,28,96,3.7504102011157468e-05,5.1277167742266302e-05,0.08237556928726697,0.01416266100921007,0.69219108072600111,short,1949,3578
torture,90,48,138,4.963778207359077e-05,8.7903716129599375e-05,0.15836747825993491,0.0097628929138934197,1.6027904220246751,short,1336,4190
total,223,20,243,0.00012299139336011935,3.6626548387333073e-05,-0.21009570987663828,0.0059487880539917425,-2.7239738639612043,official,4790,736
totally,49,0,49,2.7025014684510531e-05,0,-0.33119674622771456,0.030612828789849347,-1.8929290237748404,official,4288,1239
totals,36,1,37,1.9855112829436307e-05,1.8313274193666537e-06,-0.29092064141968699,0.040015003499821226,-1.4543304820808742,official,3766,1768
tourism,78,70,148,4.3019411130445331e-05,0.00012819291935566577,0.32593799174368243,0.0090125186436328213,3.4333011364244177,short,543,4983
town,45,21,66,2.4818891036795385e-05,3.8457875806699727e-05,0.11833831595047428,0.020503845779711562,0.82643313471783297,short,1856,3670
towns,20,6,26,1.1030618238575727e-05,1.0987964516199922e-05,-0.00094844763746237959,0.052989714321671412,-0.0041201930953838365,official,2443,3084
toxic,228,85,313,0.0001257490479197633,0.00015566283064616555,0.054997113802112807,0.004361575608256972,0.83275681599295159,short,1849,3677
trace,19,18,37,1.047908732664694e-05,3.2963893548599766e-05,0.34394406062402005,0.036039544929149354,1.811749562046125,short,1186,4341
track,43,34,77,2.3715829212937812e-05,6.2265132258466224e-05,0.28400496122631935,0.017342926242842355,2.1565758531232078,short,991,4535
tracked,31,0,31,1.7097458269792376e-05,0,-0.3311943135622748,0.048387680661882995,-1.5056203243148938,official,3862,1683
tracking,60,33,93,3.3091854715727182e-05,6.0433804839099571e-05,0.16780774202840654,0.014473039553099339,1.3948648141198845,short,1466,4060
trade,2271,1199,3470,0.0012525267009902738,0.0021957615758206178,0.15550003082927866,0.00038894907166774317,7.8846806838426149,short,110,5416
traded,38,2,40,2.095817465329388e-05,3.6626548387333073e-06,-0.25708638995706323,0.036630620519948497,-1.3432503056644247,official,3577,1951
trademark,79,51,130,4.3570942042374119e-05,9.3397698387699343e-05,0.21813204572235989,0.010310134787575548,2.1482622693935909,short,993,4533
trademarked,47,0,47,2.5921952860652958e-05,0,-0.33119647592977408,0.031915477508444694,-1.8538945757924572,official,4258,1281
trademarks,33,5,38,1.8200520093649949e-05,9.1566370968332683e-06,-0.13952492093497959,0.037340904885370119,-0.72203685532453044,official,3000,2526
trades,29,8,37,1.5994396445934803e-05,1.4650619354933229e-05,-0.021035525028239022,0.037374321263315337,-0.10880947100196493,official,2517,3011
trading,175,77,252,9.6517909587537612e-05,0.00014101221129123232,0.10124169781649783,0.0053820179964884649,1.3800246594766259,short,1473,4053
traditional,52,14,66,2.8679607420296889e-05,2.5638583871133151e-05,-0.026701678462037748,0.020975160167898518,-0.18436815895620953,official,2579,2948
traffic,283,91,374,0.00015608324807584654,0.00016665079516236549,0.016313033422074241,0.0036731916229318607,0.26916149595273964,short,2273,3253
traffickers,35,10,45,1.9303581917507522e-05,1.8313274193666537e-05,-0.012736635601125812,0.030682402073385205,-0.072712662152087992,official,2490,3036
trafficking,387,220,607,0.00021344246291644031,0.00040289203226066383,0.17807097852863407,0.0022158100956859513,3.7829175590646393,short,464,5062
trail,224,137,361,0.00012354292427204814,0.00025089185645323157,0.20097649593189715,0.0037180178109921845,3.2960177132092694,short,572,4954
trails,241,59,300,0.00013291894977483752,0.00010804831774263257,-0.048145928767848289,0.0046345281098990523,-0.70722370425084957,official,2995,2531
train,120,9,129,6.6183709431454364e-05,1.6481946774299883e-05,-0.22825433406048212,0.011263024979732429,-2.150757811625835,official,4490,1036
trained,36,8,44,1.9855112829436307e-05,1.4650619354933229e-05,-0.068827134888467256,0.031731353121980811,-0.38638067352910799,official,2735,2792
training,1974,768,2742,0.0010887220201474242,0.00140645945807359,0.066690058806758046,0.00049752895810087805,2.9898673365315327,short,664,4862
trains,20,9,29,1.1030618238575727e-05,1.6481946774299883e-05,0.10772425389484042,0.046724536626762347,0.49835749394842821,short,2102,3428
trans-alaska,25,3,28,1.3788272798219658e-05,5.493982258099961e-06,-0.1743496849673285,0.051126572931603352,-0.77107713624863894,official,3038,2496
transaction,87,25,112,4.7983189337804412e-05,4.5783185484166341e-05,-0.011367381493274209,0.012324979609252523,-0.10239230756555871,official,2510,3017
transactions,431,18,449,0.00023770982304130691,3.2963893548599766e-05,-0.27168577226521684,0.003278275245844287,-4.7450870985837099,official,5234,292
transfer,1153,291,1444,0.00063591514145389062,0.00053291627903569627,-0.041417716364584578,0.00096201279574313191,-1.3353518897191141,official,3569,1957
transferred,69,0,69,3.8055632923086256e-05,0,-0.33119944923160993,0.021739714331340317,-2.2462737885154294,official,4551,981
transferring,26,2,28,1.4339803710148445e-05,3.6626548387333073e-06,-0.22583222468961317,0.051852435738963261,-0.99174799660655499,official,3220,2310
transfers,180,27,207,9.9275564147181539e-05,4.9445840322899649e-05,-0.14115873218524122,0.0068580675320835437,-1.70453871761584,official,4088,1438
transient,25,0,25,1.3788272798219658e-05,0,-0.33119350268180803,0.060000583886289226,-1.3520852339749585,official,3612,1937
transit,217,94,311,0.00011968220788854664,0.00017214477742046546,0.096760696708013683,0.0043636591551879256,1.4647839629285644,short,1411,4115
transition,423,186,609,0.00023329757574587661,0.00034062690000219762,0.10107153126423896,0.0022274379172494791,2.1415392636358748,short,1000,4526
transitional,85,38,123,4.6880127513946835e-05,6.9590441935932839e-05,0.10582890687073032,0.011019456343395828,1.0081478444915117,short,1725,3801
transmission,168,36,204,9.2657193204036107e-05,6.5927787097199531e-05,-0.076304424593818254,0.0068554226399404799,-0.92157907338029643,official,3156,2370
transmit,37,0,37,2.0406643741365096e-05,0,-0.33119512444674726,0.040541124429630225,-1.6448868926211853,official,4029,1510
transmitted,101,3,104,5.5704622104807421e-05,5.493982258099961e-06,-0.2882363919976676,0.014224427077920355,-2.4167482971854608,official,4657,870
transparency,330,601,931,0.00018200520093649948,0.0011006277790393589,0.55685125767823251,0.0014463470604556407,14.642085760456123,short,32,5494
transparent,35,29,64,1.9303581917507522e-05,5.3108495161632956e-05,0.29944498309414769,0.020854282170213997,2.073573426274482,short,1045,4482
transplant,40,50,90,2.2061236477151454e-05,9.1566370968332683e-05,0.43608206042928011,0.014835748739675475,3.5802510953785474,short,500,5026
transplantation,41,18,59,2.2612767389080238e-05,3.2963893548599766e-05,0.1005948288073597,0.022987596882335565,0.66348157905012173,short,1968,3558
transport,132,48,180,7.2802080374599797e-05,8.7903716129599375e-05,0.04830319834096386,0.0075916770428028036,0.55437932553029756,short,2050,3476
transportation,2578,1077,3655,0.0014218466909524112,0.0019723396306578862,0.086582345020085327,0.00037234832196620656,4.4869852687129326,short,332,5194
transportational,30,0,30,1.6545927357863591e-05,0,-0.33119417841525234,0.050000583887456082,-1.4811367452309805,official,3821,1718
transported,47,4,51,2.5921952860652958e-05,7.3253096774666146e-06,-0.2156817938343405,0.028386483707072301,-1.2801406468836081,official,3512,2015
transporting,59,0,59,3.2540323803798394e-05,0,-0.33119809772409781,0.02542431270778325,-2.0771278221171716,official,4439,1089
trapping,15,18,33,8.2729636789317955e-06,3.2963893548599766e-05,0.4225877285164259,0.040441760359843065,2.1013667482422926,short,1023,4506
trauma,98,52,150,5.4050029369021062e-05,9.522902580706599e-05,0.15680609863001216,0.0089833370326571956,1.6544136429306309,short,1307,4219
traumatic,77,39,116,4.2467880218516549e-05,7.1421769355299499e-05,0.1426990795482439,0.011633543963392107,1.3230161757907821,short,1519,4007
travel,432,231,663,0.0002382613539532357,0.00042303663387369703,0.15919847849739988,0.0020323942911188702,3.531302562641168,short,514,5012
travelers,14,23,37,7.7214327670030089e-06,4.2120530645433034e-05,0.52448441507617893,0.036275093694415075,2.753774134168288,short,740,4787
traveling,47,6,53,2.5921952860652958e-05,1.0987964516199922e-05,-0.16567934498931791,0.026949736435562761,-1.0092322218076311,official,3233,2294
treasury,985,53,1038,0.00054325794824985451,9.706035322643265e-05,-0.25563917530783353,0.0014114897833792505,-6.8043796702841481,official,5385,141
treat,264,12,276,0.00014560416074919959,2.1975929032399844e-05,-0.26668189945683807,0.0053246580196777875,-3.6546658886970871,official,5059,467
treated,173,1,174,9.5414847763680035e-05,1.8313274193666537e-06,-0.32260468227485362,0.008596714015813741,-3.4794005414566302,official,5018,508
treaties,29,4,33,1.5994396445934803e-05,7.3253096774666146e-06,-0.15426154014446247,0.043156643173491875,-0.74256390440534525,official,3010,2515
treating,42,3,45,2.3164298301009027e-05,5.493982258099961e-06,-0.23275438114588098,0.032328170098036325,-1.2945156441016059,official,3526,2001
treatment,2476,776,3252,0.001365590537935675,0.0014211100774285234,0.0098742246515692855,0.00042342785826941109,0.4798586079965832,short,2115,3411
treatments,92,23,115,5.074084389744834e-05,4.2120530645433034e-05,-0.043510163973866867,0.012077878594687541,-0.39590901423931435,official,2742,2785
treaty,175,59,234,9.6517909587537612e-05,0.00010804831774263257,0.028417335096765584,0.0058585409970069247,0.37126893463204119,short,2190,3336
tree,24,11,35,1.3236741886290871e-05,2.014460161303319e-05,0.11306270177038691,0.038688866866449817,0.5748126989910185,short,2036,3493
trees,38,9,47,2.095817465329388e-05,1.6481946774299883e-05,-0.055343606099711451,0.029622432631468534,-0.32155635229466062,official,2680,2846
trends,19,14,33,1.047908732664694e-05,2.5638583871133151e-05,0.26086465427209049,0.040507948864460769,1.2961197012830836,short,1538,3989
trial,86,28,114,4.7431658425875623e-05,5.1277167742266302e-05,0.019467689881608408,0.012042837429895772,0.17739852621774199,short,2318,3209
trials,49,33,82,2.7025014684510531e-05,6.0433804839099571e-05,0.23170004823378321,0.016329823861778468,1.8131568457388938,short,1184,4342
tribal,350,243,593,0.00019303581917507522,0.00044501256290609684,0.24158114559891608,0.0022572016695791087,5.0848465924091997,short,257,5269
tribe,424,118,542,0.00023384910665780539,0.00021609663548526514,-0.018971293638987419,0.0025509322166938461,-0.37561894346814151,official,2725,2801
tribes,310,52,362,0.00017097458269792377,9.522902580706599e-05,-0.12245387322140111,0.003904138143413611,-1.959791809467188,official,4343,1183
tribunal,21,18,39,1.1582149150504513e-05,3.2963893548599766e-05,0.31066900145183673,0.034211110206444538,1.6796327634333976,short,1288,4242
tribunals,21,5,26,1.1582149150504513e-05,9.1566370968332683e-06,-0.054203935059865316,0.053535244147637655,-0.23426689558634547,official,2622,2908
tributaries,39,0,39,2.1509705565222665e-05,0,-0.33119539474246373,0.038462122351094884,-1.6887589620191619,official,4079,1452
tricare,79,31,110,4.3570942042374119e-05,5.6771150000366263e-05,0.068973166468929037,0.012383787780584155,0.61980262875223169,short,2003,3523
trigger,20,11,31,1.1030618238575727e-05,2.014460161303319e-05,0.16780327532499051,0.043417950835139552,0.80531496994063556,short,1865,3661
troops,7,48,55,3.8607163835015045e-06,8.7903716129599375e-05,0.86957225356853662,0.025838354018362417,5.4097008724675897,short,213,5313
tropical,66,19,85,3.6401040187299898e-05,3.4795220967966419e-05,-0.010932274663829844,0.016238485073127498,-0.08579021954188229,official,2501,3025
troubled,71,13,84,3.9158694746943826e-05,2.3807256451766497e-05,-0.10676084366375349,0.016761475154593152,-0.82462382499590059,official,3080,2446
truck,29,46,75,1.5994396445934803e-05,8.4241061290866068e-05,0.51337342624449711,0.01788043132606771,3.8392322850906448,short,454,5072
trucking,12,25,37,6.6183709431454357e-06,4.5783185484166341e-05,0.5972807402939786,0.03653777941398622,3.124693587097195,short,618,4908
trucks,60,9,69,3.3091854715727182e-05,1.6481946774299883e-05,-0.14115059127225393,0.020573034702115973,-0.98408706271834179,official,3213,2316
true,19,25,44,1.047908732664694e-05,4.5783185484166341e-05,0.45293748556913194,0.03036635338845348,2.5992134395386919,short,799,4727
truman,16,16,32,8.8244945908605804e-06,2.9301238709866458e-05,0.36196207406511505,0.041667250555566047,1.7732323509933461,short,1224,4304
trust,1213,431,1644,0.00066900699616961781,0.0007893021177470277,0.042175583922197113,0.00083252950242003584,1.4617102346539808,short,1414,4112
trustee,32,3,35,1.7648989181721161e-05,5.493982258099961e-06,-0.20515238158997029,0.04124174649681861,-1.0102015692235367,official,3239,2291
trustees,78,4,82,4.3019411130445331e-05,7.3253096774666146e-06,-0.25887820902953607,0.017878490876579976,-1.9361101725657195,official,4325,1202
trusts,137,11,148,7.5559734934243724e-05,2.014460161303319e-05,-0.22164150095211355,0.0097986640215918346,-2.2390698867014041,official,4540,986
truth,308,361,669,0.0001698715208740662,0.00066110919839136204,0.41490489088273197,0.0019949992985027645,9.2891757691980441,short,90,5436
tsunami,24,16,40,1.3236741886290871e-05,2.9301238709866458e-05,0.22842960028938641,0.033482726747909225,1.248366111081431,short,1568,3959
tuberculosis,46,34,80,2.537042194872417e-05,6.2265132258466224e-05,0.26188263870575668,0.016709021662269501,2.0259615424042385,short,1076,4450
tubman,24,19,43,1.3236741886290871e-05,3.4795220967966419e-05,0.28440410480916789,0.031054989284042475,1.6138760192791517,short,1333,4195
tuition,246,132,378,0.00013567660433448143,0.00024173521935639828,0.16024340600630538,0.0035639323930292,2.6842035037012377,short,774,4753
tule,13,14,27,7.1699018550742223e-06,2.5638583871133151e-05,0.38665419459603001,0.049390827790049489,1.7398009893034465,short,1242,4285
tumor,19,8,27,1.047908732664694e-05,1.4650619354933229e-05,0.088664743681412972,0.050311142893455424,0.39529277027769427,short,2177,3352
tuna,24,13,37,1.3236741886290871e-05,2.3807256451766497e-05,0.16310878793135686,0.036394026512833959,0.85499250353886069,short,1836,3692
tunnel,19,24,43,1.047908732664694e-05,4.3951858064799688e-05,0.43952349295992832,0.031054989284347662,2.4941145827353974,short,846,4681
turkey,21,4,25,1.1582149150504513e-05,7.3253096774666146e-06,-0.099389553078838233,0.056222472942005629,-0.41916572724057177,official,2762,2769
two-thirds,37,0,37,2.0406643741365096e-05,0,-0.33119512444674726,0.040541124429630225,-1.6448868926211853,official,4030,1511
two-year,52,1,53,2.8679607420296889e-05,1.8313274193666537e-06,-0.3030258259653813,0.028042911935212748,-1.8095395914270715,official,4203,1326
type,46,0,46,2.537042194872417e-05,0,-0.33119634078096993,0.032609279543363956,-1.8340658647799333,official,4232,1300
types,112,0,112,6.1771462136024071e-05,0,-0.33120526084075408,0.013393441049450309,-2.8618781653608236,official,4850,676
u,32,0,32,1.7648989181721161e-05,0,-0.3311944487094074,0.046875583887922824,-1.5297121057037018,official,3887,1650
u.s.,623,97,720,0.00034360375813163386,0.00017763875967856542,-0.13510572443444069,0.0019691759006524763,-3.0446087727931088,official,4907,619
u.s.c.,137,0,137,7.5559734934243724e-05,0,-0.33120863977789838,0.010949489021916952,-3.1652260464067306,official,4932,594
udall,14,25,39,7.7214327670030089e-06,4.5783185484166341e-05,0.55055755288301711,0.034493508419384214,2.964381129837768,short,673,4855
ukraine,25,16,41,1.3788272798219658e-05,2.9301238709866458e-05,0.21535738357763101,0.032695958691637696,1.1910026512018228,short,1603,3923
ultimately,30,0,30,1.6545927357863591e-05,0,-0.33119417841525234,0.050000583887456082,-1.4811367452309805,official,3822,1719
ultrasound,26,5,31,1.4339803710148445e-05,9.1566370968332683e-06,-0.097576542941558486,0.045322221314895203,-0.45834218814117572,official,2790,2743
unable,109,0,109,6.0116869400237707e-05,0,-0.33120485537297384,0.013762051795801266,-2.823287470438296,official,4836,694
unaccompanied,48,16,64,2.6473483772581743e-05,2.9301238709866458e-05,0.02548551279633493,0.021429155324938821,0.17409682465726115,short,2321,3205
unauthorized,163,5,168,8.9899538644392166e-05,9.1566370968332683e-06,-0.28688951047683808,0.0088020787770313573,-3.0578913040848161,official,4914,613
unborn,48,38,86,2.6473483772581743e-05,6.9590441935932839e-05,0.28440938765816703,0.015527786599041051,2.2823862924538827,short,934,4594
unclaimed,18,7,25,9.9275564147181536e-06,1.2819291935566576e-05,0.066493552189822225,0.054506397840204841,0.28481036696314938,short,2252,3283
undelivered,28,0,28,1.5442865534006018e-05,0,-0.33119390812154137,0.053572012458417903,-1.430913428383751,official,3743,1796
underage,37,21,58,2.0406643741365096e-05,3.8457875806699727e-05,0.17753244063972851,0.023185127532847263,1.1659313476136592,short,1617,3910
underemployed,79,0,79,4.3570942042374119e-05,0,-0.33120080075025449,0.018987925671043401,-2.4035469872260289,official,4648,877
undergraduate,54,4,58,2.9782669244154463e-05,7.3253096774666146e-06,-0.22941293268756624,0.025058187580870635,-1.4492491981164615,official,3756,1771
underground,70,28,98,3.8607163835015045e-05,5.1277167742266302e-05,0.074278088758866545,0.013889472793923715,0.63025723482547547,short,1988,3539
underrepresented,29,4,33,1.5994396445934803e-05,7.3253096774666146e-06,-0.15426154014446247,0.043156643173491875,-0.74256390440534525,official,3011,2516
underserved,153,22,175,8.438422952510431e-05,4.028920322606638e-05,-0.14786362869850578,0.0081255065424243721,-1.6403485451847817,official,4011,1515
understand,34,3,37,1.8752051005578734e-05,5.493982258099961e-06,-0.21184661514663716,0.03908509093152631,-1.0715586982059806,official,3303,2225
understanding,103,24,127,5.680768392866499e-05,4.3951858064799688e-05,-0.058845565883183681,0.010970926554806826,-0.56181339512582928,official,2883,2643
undertake,121,6,127,6.6735240343383152e-05,1.0987964516199922e-05,-0.2611362221163116,0.011551638967457551,-2.4296589338749812,official,4668,858
undertaken,44,0,44,2.42673601248666e-05,0,-0.33119607048369737,0.034091492981632388,-1.7937510362478384,official,4193,1345
underutilized,27,4,31,1.4891334622077231e-05,7.3253096774666146e-06,-0.14313974650808881,0.045813391769706988,-0.6687503478191662,official,2965,2562
underwriting,39,3,42,2.1509705565222665e-05,5.493982258099961e-06,-0.22583353285799923,0.034568485125007556,-1.2146418890998463,official,3448,2081
undocumented,32,6,38,1.7648989181721161e-05,1.0987964516199922e-05,-0.10235018382866556,0.037013570902676284,-0.53199571478863428,official,2857,2674
undue,32,2,34,1.7648989181721161e-05,3.6626548387333073e-06,-0.2441821742374799,0.042929876817804559,-1.1785123426448747,official,3401,2130
unemployed,323,38,361,0.00017814448455299799,6.9590441935932839e-05,-0.17706604762895317,0.0039688379352861639,-2.8106295678728479,official,4828,698
unemployment,739,313,1052,0.00040758134391537308,0.00057320548226176267,0.090377963800251315,0.0012915321697956571,2.5148375621901735,short,838,4688
unfair,347,53,400,0.00019138122643928886,9.706035322643265e-05,-0.13823911880467321,0.0035467775814919085,-2.3212075763066427,official,4594,932
unfunded,23,18,41,1.2685210974362085e-05,3.2963893548599766e-05,0.28061638609767492,0.032574736433494705,1.5547929834560417,short,1362,4164
unified,89,12,101,4.9086251161661981e-05,2.1975929032399844e-05,-0.15768584016594822,0.014113299321619102,-1.3273285021341079,official,3560,1967
uniform,579,163,742,0.00031933639800676728,0.00029850636935676455,-0.016257409980038773,0.0018625587103155952,-0.37670065239172323,official,2729,2797
uniformed,406,138,544,0.00022392155024308726,0.00025272318387259819,0.030531788753853206,0.0025194912546313316,0.60826919294178006,short,2014,3512
uniformity,19,20,39,1.047908732664694e-05,3.6626548387333073e-05,0.37905789698011816,0.03419111574349485,2.0499766401469266,short,1061,4465
uninsured,84,34,118,4.6328596602018054e-05,6.2265132258466224e-05,0.077573785132750928,0.011530026327994811,0.72243675534151275,short,1925,3601
unintended,36,5,41,1.9855112829436307e-05,9.1566370968332683e-06,-0.1532095903923878,0.034726727312123944,-0.82215560720049319,official,3077,2450
union,357,124,481,0.00019689653555857671,0.00022708460000146505,0.036174812657103317,0.0028467939847144552,0.67799777856327093,short,1964,3562
unions,89,2,91,4.9086251161661981e-05,3.6626548387333073e-06,-0.29841143196082243,0.016308827629412725,-2.3367060627337723,official,4607,920
unique,43,8,51,2.3715829212937812e-05,1.4650619354933229e-05,-0.10380250318963213,0.027588034307558507,-0.62495313059155388,official,2920,2606
unit,368,55,423,0.00020296337558979336,0.00010072300806516596,-0.14175523553864799,0.0033568566949090067,-2.44665484726361,official,4677,849
united,21305,1057,22362,0.011750366078642792,0.0019357130822705529,-0.26351536030873657,6.6190172604015121e-05,-32.389868029630122,official,5516,10
uniting,0,28,28,0,5.1277167742266302e-05,1.0551168018579791,0.053572012460126904,4.558600756973342,short,318,5208
units,652,3,655,0.00035959815457756866,5.493982258099961e-06,-0.32441451665263976,0.0022854518135259658,-6.7860060878604349,official,5384,142
unity,19,29,48,1.047908732664694e-05,5.3108495161632956e-05,0.50108030482768662,0.027912970014768196,2.9991922723992768,short,661,4865
universal,214,138,352,0.00011802761515276027,0.00025272318387259819,0.21780137937360067,0.0038081847498639713,3.5294060118927795,short,515,5011
universities,89,23,112,4.9086251161661981e-05,4.2120530645433034e-05,-0.036074780033668929,0.012383115693513899,-0.32418187247409896,official,2681,2845
university,135,78,213,7.4456673110386148e-05,0.000142843538710599,0.1830946025215674,0.0063105732701569219,2.3048418714900043,short,924,4602
unjust,25,4,29,1.3788272798219658e-05,7.3253096774666146e-06,-0.13052101225680879,0.04882213270901567,-0.59070692178118833,official,2902,2633
unjustified,46,1,47,2.537042194872417e-05,1.8313274193666537e-06,-0.29944719372373818,0.031586605396860805,-1.684879204142256,official,4067,1460
unlawful,195,15,210,0.00010754852782611334,2.7469911290499805e-05,-0.2258492320658565,0.0069141641772951946,-2.7161188799862774,official,4789,737
unlawfully,55,0,55,3.0334200156083247e-05,0,-0.3311975571242094,0.027273311166017691,-2.0054793342462425,official,4379,1151
unless,346,0,346,0.00019082969552736007,0,-0.33123689041465276,0.0043358440768179116,-5.030392481736575,official,5265,261
unlimited,23,7,30,1.2685210974362085e-05,1.2819291935566576e-05,0.0025830884504838281,0.045895535443212239,0.012057410783526906,short,2433,3098
unmanned,30,2,32,1.6545927357863591e-05,3.6626548387333073e-06,-0.23881996080242551,0.045541380851991761,-1.1190964688922045,official,3342,2188
unmarried,27,2,29,1.4891334622077231e-05,3.6626548387333073e-06,-0.22941018118383205,0.05011579126061666,-1.0247676145661024,official,3261,2275
unnecessary,139,27,166,7.6662796758101301e-05,4.9445840322899649e-05,-0.095671200734175343,0.0084606195956936445,-1.0401120797242516,official,3274,2252
unobligated,30,0,30,1.6545927357863591e-05,0,-0.33119417841525234,0.050000583887456082,-1.4811367452309805,official,3823,1720
unpaid,49,2,51,2.7025014684510531e-05,3.6626548387333073e-06,-0.27292694061728895,0.028868508420780876,-1.60632801736872,official,3982,1546
unreasonable,84,14,98,4.6328596602018054e-05,2.5638583871133151e-05,-0.1235558292355563,0.01442366082725721,-1.0287870505133743,official,3265,2261
unregulated,22,4,26,1.21336800624333e-05,7.3253096774666146e-06,-0.10804775096748642,0.054167250553433403,-0.4642451072996992,official,2797,2733
unsafe,54,9,63,2.9782669244154463e-05,1.6481946774299883e-05,-0.12355401848863323,0.022436481331604193,-0.82485858879424245,official,3081,2445
unsolicited,53,9,62,2.9231138332225674e-05,1.6481946774299883e-05,-0.12029831888038345,0.022780743111639943,-0.7970317370369876,official,3056,2470
unused,38,2,40,2.095817465329388e-05,3.6626548387333073e-06,-0.25708638995706323,0.036630620519948497,-1.3432503056644247,official,3578,1952
unwarranted,88,4,92,4.85347202497332e-05,7.3253096774666146e-06,-0.26666170099537112,0.015972806124391836,-2.1099396571140456,official,4455,1071
update,130,19,149,7.169901855074222e-05,3.4795220967966419e-05,-0.14529978915023811,0.0095371942594503073,-1.4878346534449183,official,3830,1697
upgrade,17,26,43,9.376025502789367e-06,4.7614512903532995e-05,0.50172836877324478,0.031160004181931936,2.8422999275739418,short,716,4810
upland,22,3,25,1.21336800624333e-05,5.493982258099961e-06,-0.15598766199757463,0.056991465345438898,-0.65340933830646286,official,2955,2581
upper,89,69,158,4.9086251161661981e-05,0.0001263615919362991,0.2775376737155284,0.0084544532611047964,3.0184165955176829,short,653,4873
uranium,146,55,201,8.0523513141602805e-05,0.00010072300806516596,0.057814671016052088,0.0067886783111261364,0.70169025298517018,short,1943,3583
urban,1102,293,1395,0.00060778706494552252,0.00053657893387442951,-0.029606017304088184,0.00099348186238835652,-0.93929068893245138,official,3168,2358
urgent,66,49,115,3.6401040187299898e-05,8.9735043548966036e-05,0.26333952233942881,0.011623006764347053,2.4426250025943341,short,865,4661
urgently,39,0,39,2.1509705565222665e-05,0,-0.33119539474246373,0.038462122351094884,-1.6887589620191619,official,4080,1453
usa,44,61,105,2.42673601248666e-05,0.00011171097258136588,0.47001996653629696,0.012736089690198212,4.1648393382920403,short,389,5137
use,4866,273,5139,0.0026837494174454745,0.00049995238548709647,-0.25304544739157464,0.00028530969896678476,-14.980981249182019,official,5498,28
used,1499,25,1524,0.00082674483698125072,4.5783185484166341e-05,-0.30687458015192437,0.00097695925128102952,-9.8179923732494938,official,5457,69
useful,79,5,84,4.3570942042374119e-05,9.1566370968332683e-06,-0.24316520752737247,0.01737150828169674,-1.8449418044425367,official,4239,1288
user,95,57,152,5.2395436633234704e-05,0.00010438566290389926,0.19491571203030311,0.0088338559105748549,2.0738230304151557,short,1043,4483
users,126,17,143,6.949289490302708e-05,3.1132566129233112e-05,-0.15758990799733041,0.0099680560338250169,-1.5784221496943234,official,3949,1577
uses,224,3,227,0.00012354292427204814,5.493982258099961e-06,-0.31145990274665181,0.0065657049207953119,-3.843806026753493,official,5109,417
using,388,35,423,0.0002139939938283691,6.4096459677832885e-05,-0.20947854990233772,0.0034170357175475918,-3.5835609848401648,official,5043,483
usury,22,12,34,1.21336800624333e-05,2.1975929032399844e-05,0.16524917397494931,0.039596857181047447,0.83044129819905244,short,1852,3675
utah,214,75,289,0.00011802761515276027,0.00013734955645249903,0.038525489148319991,0.0047359082703133633,0.55981756458517129,short,2042,3484
ute,30,15,45,1.6545927357863591e-05,2.7469911290499805e-05,0.13881618198467294,0.030000583891872202,0.80144780109093505,short,1867,3659
utilities,101,17,118,5.5704622104807421e-05,3.1132566129233112e-05,-0.12184591615274165,0.011974201362100643,-1.1134935333135609,official,3331,2195
utility,310,111,421,0.00017097458269792377,0.00020327734354969856,0.044195002776968195,0.0032482722897034023,0.77543777196469021,short,1892,3634
utilization,315,105,420,0.00017373223725756769,0.00019228937903349865,0.025489367817943531,0.0032658901073447412,0.44602405392770772,short,2135,3391
utilize,98,0,98,5.4050029369021062e-05,0,-0.33120336866634581,0.015306706352305362,-2.6770338950575132,official,4770,756
utilized,40,2,42,2.2061236477151454e-05,3.6626548387333073e-06,-0.26057706519228141,0.03492297856887086,-1.3943780889413113,official,3676,1854
utilizing,58,8,66,3.1988792891869606e-05,1.4650619354933229e-05,-0.15426366445029593,0.021578613538891629,-1.0501513016803203,official,3285,2241
v,266,11,277,0.00014670722257305717,2.014460161303319e-05,-0.27222279894986734,0.0053144267941493259,-3.7341888727454844,official,5088,438
va,22,68,90,1.21336800624333e-05,0.00012453026451693245,0.70608076029851041,0.015258269258231464,5.7161253045751028,short,195,5331
vaccine,82,71,153,4.5225534778160477e-05,0.00013002424677503242,0.31403837413801305,0.0087201887837180334,3.3629450935032654,short,564,4962
vaccines,88,22,110,4.85347202497332e-05,4.028920322606638e-05,-0.043510072127455501,0.012626846533731851,-0.38720624413790394,official,2736,2790
valid,44,2,46,2.42673601248666e-05,3.6626548387333073e-06,-0.26665665186089704,0.031945028335756562,-1.4919380250468064,official,3835,1692
validity,30,1,31,1.6545927357863591e-05,1.8313274193666537e-06,-0.28318451048819249,0.0476440265107013,-1.2973742263751389,official,3535,1996
valley,279,196,475,0.00015387712442813139,0.00035894017419586414,0.24538408315821769,0.0028171569159648438,4.6231807147054429,short,309,5217
valor,12,13,25,6.6183709431454357e-06,2.3807256451766497e-05,0.38862951548721547,0.053343400387793914,1.6826563660431537,short,1282,4248
valuable,19,9,28,1.047908732664694e-05,1.6481946774299883e-05,0.12272883835794701,0.048304206659246528,0.55841123397970827,short,2048,3483
valuation,30,5,35,1.6545927357863591e-05,9.1566370968332683e-06,-0.12355256992935537,0.040385199273543497,-0.61480963961966373,official,2910,2620
value,363,58,421,0.00020020572103014944,0.00010621699032326591,-0.13077440089990233,0.0033637768585751395,-2.2548058343221169,official,4554,972
value-added,27,18,45,1.4891334622077231e-05,3.2963893548599766e-05,0.22843009235025313,0.029762488653960074,1.3240936228833022,short,1518,4009
values,65,8,73,3.584950927537111e-05,1.4650619354933229e-05,-0.17085266858066994,0.019592639721919391,-1.2206054092196907,official,3452,2075
various,381,8,389,0.00021013327744486758,1.4650619354933229e-05,-0.30054508517849854,0.0038181769580958075,-4.8638660284905031,official,5248,278
vegetable,21,17,38,1.1582149150504513e-05,3.1132566129233112e-05,0.29175758841945765,0.035131554614551724,1.556587277270294,short,1359,4168
vegetables,36,4,40,1.9855112829436307e-05,7.3253096774666146e-06,-0.18458972013896435,0.035885751354148773,-0.97442067365905649,official,3199,2329
vehicle,687,344,1031,0.0003789017364950762,0.00062997663226212891,0.13931151309300738,0.0013099290463909161,3.849134820751607,short,451,5075
vehicles,754,42,796,0.00041585430759430491,7.6915751613399453e-05,-0.25311813168989694,0.0018390627815960815,-5.9023502669634897,official,5334,192
vendors,28,0,28,1.5442865534006018e-05,0,-0.33119390812154137,0.053572012458417903,-1.430913428383751,official,3744,1797
venture,43,37,80,2.3715829212937812e-05,6.7759114516566192e-05,0.31195742839195262,0.016677673749204841,2.4156143154470944,short,875,4651
ventures,33,12,45,1.8200520093649949e-05,2.1975929032399844e-05,0.048300422768500439,0.030364956361324722,0.27718173025611281,short,2267,3260
verification,81,99,180,4.4674003866231695e-05,0.00018130141451729872,0.42868191196915362,0.0074162309437093418,4.9778698369680257,short,268,5258
verify,36,5,41,1.9855112829436307e-05,9.1566370968332683e-06,-0.1532095903923878,0.034726727312123944,-0.82215560720049319,official,3078,2451
vermont,27,2,29,1.4891334622077231e-05,3.6626548387333073e-06,-0.22941018118383205,0.05011579126061666,-1.0247676145661024,official,3262,2276
vessel,106,88,194,5.8462276664451348e-05,0.00016115681290426552,0.30010681852785659,0.0068800165552168578,3.6181046248999023,short,495,5031
vessels,309,18,327,0.00017042305178599498,3.2963893548599766e-05,-0.24973077649094932,0.0044714617265374226,-3.7346276532960814,official,5089,437
vest,22,17,39,1.21336800624333e-05,3.1132566129233112e-05,0.27643953851060132,0.034251169370687708,1.4936968241392397,short,1401,4128
vesting,44,2,46,2.42673601248666e-05,3.6626548387333073e-06,-0.26665665186089704,0.031945028335756562,-1.4919380250468064,official,3836,1693
vet,11,17,28,6.06684003121665e-06,3.1132566129233112e-05,0.50506404216671541,0.047863831751274802,2.3085682506121317,short,921,4605
veteran,130,122,252,7.169901855074222e-05,0.00022342194516273176,0.34082942662815618,0.0052921817852812272,4.6851090843482996,short,301,5225
veteran's,22,13,35,1.21336800624333e-05,2.3807256451766497e-05,0.19010966003906482,0.038377776871872535,0.97043014424081364,short,1761,3768
veterans,4960,2539,7499,0.0027355933231667804,0.0046497403177719341,0.14636224028796896,0.00018047049373229329,10.89496765215365,short,67,5459
veterinary,29,19,48,1.5994396445934803e-05,3.4795220967966419e-05,0.22284886097103396,0.027912970014157823,1.3338512316393154,short,1510,4018
veto,21,46,67,1.1582149150504513e-05,8.4241061290866068e-05,0.61202586514962221,0.020213777784658951,4.3047311496900038,short,355,5171
vets,0,26,26,0,4.7614512903532995e-05,1.0551159043618341,0.057692891580417224,4.3927755782265141,short,343,5183
vi,108,16,124,5.9565338488308925e-05,2.9301238709866458e-05,-0.14314530866084674,0.011453785880813781,-1.3375270974305982,official,3571,1955
viability,49,8,57,2.7025014684510531e-05,1.4650619354933229e-05,-0.12709779992840531,0.024819161543011788,-0.80676022803020719,official,3064,2464
viable,49,0,49,2.7025014684510531e-05,0,-0.33119674622771456,0.030612828789849347,-1.8929290237748404,official,4289,1240
vice,62,2,64,3.4194916539584752e-05,3.6626548387333073e-06,-0.2846775900506664,0.023088606983535973,-1.873503095664524,official,4273,1254
vicinity,43,0,43,2.3715829212937812e-05,0,-0.33119593533522895,0.034884304820722481,-1.7732499726578297,official,4169,1366
victim,86,89,175,4.7431658425875623e-05,0.00016298814032363217,0.37341406972514868,0.0076198803391296296,4.27776183863591,short,362,5164
victims,833,461,1294,0.00045942524963667902,0.00084424194032802738,0.16980772278291312,0.0010405305257361031,5.2641714458948696,short,237,5289
video,125,48,173,6.8941363991098292e-05,8.7903716129599375e-05,0.063030918272849235,0.0078811754995747243,0.7099996505295415,short,1940,3586
vietnam,258,154,412,0.00014229497527762686,0.00028202442258246465,0.19330766682243627,0.0032599057517497085,3.3856850584593796,short,558,4968
vietnam-era,31,0,31,1.7097458269792376e-05,0,-0.3311943135622748,0.048387680661882995,-1.5056203243148938,official,3863,1684
view,19,8,27,1.047908732664694e-05,1.4650619354933229e-05,0.088664743681412972,0.050311142893455424,0.39529277027769427,short,2178,3353
viewing,18,16,34,9.9275564147181536e-06,2.9301238709866458e-05,0.32274109062469947,0.039231353120135364,1.6294371679975943,short,1320,4209
vii,261,2,263,0.00014394956801341323,3.6626548387333073e-06,-0.31983918057117577,0.0056825657941841348,-4.2428670922672271,official,5177,349
viii,91,2,93,5.0189312985519558e-05,3.6626548387333073e-06,-0.29911321053911522,0.01596168230045026,-2.3675342102507457,official,4629,897
violate,40,0,40,2.2061236477151454e-05,0,-0.33119552989048628,0.037500583889789808,-1.7102730473778192,official,4108,1431
violated,29,0,29,1.5994396445934803e-05,0,-0.33119404326834001,0.051724721818257192,-1.456241606872426,official,3789,1758
violation,131,6,137,7.2250549462671008e-05,1.0987964516199922e-05,-0.26620030599323563,0.010724934189383212,-2.570462263122494,official,4728,798
violations,329,7,336,0.0001814536700245707,1.2819291935566576e-05,-0.30014086381510019,0.00441979525284394,-4.5146496409207924,official,5213,313
violence,622,367,989,0.00034305222721970512,0.00067209716290756187,0.18972180330239574,0.0013587797249151855,5.1468642647814917,short,249,5277
violent,361,130,491,0.00019910265920629187,0.00023807256451766499,0.045711162541531181,0.0027845988813174384,0.8662454059510919,short,1831,3695
virgin,82,32,114,4.5225534778160477e-05,5.8602477419732917e-05,0.067452296941766576,0.011951939793832852,0.61698917552579446,short,2004,3522
virginia,113,44,157,6.232299304795286e-05,8.0578406452132761e-05,0.066844479054244843,0.0086794120015947027,0.7174974978019697,short,1931,3595
virus,75,6,81,4.1364818394658973e-05,1.0987964516199922e-05,-0.22199827569307828,0.017905093183544107,-1.659057004402793,official,4037,1489
visa,156,115,271,8.6038822260890661e-05,0.00021060265322716518,0.26104093865889233,0.0049331779005613351,3.7165949613788154,short,473,5053
visas,108,5,113,5.9565338488308925e-05,9.1566370968332683e-06,-0.26553337295415069,0.013000047056146236,-2.3288775265115023,official,4600,927
vision,52,47,99,2.8679607420296889e-05,8.6072388710232728e-05,0.32829790516711732,0.013472415531212518,2.8284296215787648,short,721,4805
visitation,29,6,35,1.5994396445934803e-05,1.0987964516199922e-05,-0.083355186914060297,0.040015827791428177,-0.41669350100133673,official,2752,2777
visitor,75,43,118,4.1364818394658973e-05,7.8747079032766114e-05,0.18068039296034755,0.011393111185100845,1.6927384477590823,short,1273,4253
visitors,24,12,36,1.3236741886290871e-05,2.1975929032399844e-05,0.13881564661734913,0.037500583889588726,0.71683533604187211,short,1935,3593
visual,47,15,62,2.5921952860652958e-05,2.7469911290499805e-05,0.014414975440029565,0.022161908809458092,0.096830087659040068,short,2371,3155
vital,52,23,75,2.8679607420296889e-05,4.2120530645433034e-05,0.10274074229964114,0.018078681280046388,0.76411605525024728,short,1901,3625
vocational,315,99,414,0.00017373223725756769,0.00018130141451729872,0.010561024694634824,0.0033216438344030133,0.18324390010368211,short,2312,3214
voice,36,14,50,1.9855112829436307e-05,2.5638583871133151e-05,0.066494260784967452,0.027253490869722227,0.40278481854904535,short,2171,3359
volcanic,17,9,26,9.376025502789367e-06,1.6481946774299883e-05,0.15610674350869758,0.051827826411988853,0.68570950009021792,short,1962,3569
volume,42,2,44,2.3164298301009027e-05,3.6626548387333073e-06,-0.26375362190659679,0.033367621302372155,-1.4438956505536864,official,3754,1773
voluntarily,82,0,82,4.5225534778160477e-05,0,-0.33120120620801785,0.018293266826420913,-2.4487602972326772,official,4681,847
voluntary,530,175,705,0.00029231138332225676,0.00032048229838916442,0.02305961980337301,0.0019466642912651249,0.52264477298996526,short,2077,3449
volunteer,334,213,547,0.00018421132458421464,0.00039007274032509722,0.21426831874651953,0.0024514472746202821,4.3275957286317741,short,351,5175
volunteers,119,30,149,6.5632178519525576e-05,5.493982258099961e-05,-0.041646738318268817,0.0093185193794128353,-0.43142721520648825,official,2768,2758
vote,351,62,413,0.00019358735008700401,0.00011354230000073253,-0.11331554575814096,0.0034147476620912613,-1.9391445618223651,official,4327,1199
voter,241,194,435,0.00013291894977483752,0.00035527751935713085,0.28994973280521386,0.0030696990538972746,5.2332901336575572,short,241,5285
voters,95,36,131,5.2395436633234704e-05,6.5927787097199531e-05,0.059419185714322253,0.010413386626382718,0.58227842598622681,short,2029,3497
votes,27,6,33,1.4891334622077231e-05,1.0987964516199922e-05,-0.068826816059127438,0.042308276196214703,-0.33461469843200353,official,2696,2834
voting,372,234,606,0.00020516949923750851,0.000428530616131797,0.20990402362463811,0.0022135551142001158,4.4614455166716667,short,333,5193
voucher,54,23,77,2.9782669244154463e-05,4.2120530645433034e-05,0.091932942581163246,0.017634171686088131,0.69229887968831905,short,1947,3579
vouchers,40,0,40,2.2061236477151454e-05,0,-0.33119552989048628,0.037500583889789808,-1.7102730473778192,official,4109,1432
vulnerabilities,24,2,26,1.3236741886290871e-05,3.6626548387333073e-06,-0.21786378474810419,0.055714869600930382,-0.92299528981652157,official,3160,2369
vulnerable,51,32,83,2.8128076508368104e-05,5.8602477419732917e-05,0.20905685243710614,0.016158922642855452,1.6445921253336073,short,1310,4216
wage,430,192,622,0.00023715829212937812,0.0003516148645183975,0.10549708238592537,0.0021796556080756644,2.2596777502799861,short,942,4584
wagering,28,1,29,1.5442865534006018e-05,1.8313274193666537e-06,-0.27990016499353665,0.050877776869739884,-1.2409065910146566,official,3473,2061
wages,258,17,275,0.00014229497527762686,3.1132566129233112e-05,-0.23983780703291657,0.0053014140878020078,-3.2939862397140489,official,4970,556
waiting,166,25,191,9.1554131380178531e-05,4.5783185484166341e-05,-0.14051153391023696,0.0074313340043662421,-1.6299661455514387,official,4009,1517
waive,182,1,183,0.00010037862597103912,1.8313274193666537e-06,-0.32302868869438583,0.0081750925593180798,-3.5726852352572931,official,5039,487
waiver,153,55,208,8.438422952510431e-05,0.00010072300806516596,0.045237134253353517,0.0065729484036708896,0.55797529854433792,short,2049,3477
waivers,79,0,79,4.3570942042374119e-05,0,-0.33120080075025449,0.018987925671043401,-2.4035469872260289,official,4649,878
wall,63,25,88,3.474644745151354e-05,4.5783185484166341e-05,0.072067742874681429,0.015472657980933153,0.57937327381052839,short,2031,3495
war,1010,572,1582,0.00055704622104807422,0.001047519283877726,0.17697412108822874,0.0008506393073572856,6.0678807972286339,short,181,5345
warehouse,24,4,28,1.3236741886290871e-05,7.3253096774666146e-06,-0.12355220779484988,0.050481353118002704,-0.54990164224923399,official,2874,2657
warfare,12,13,25,6.6183709431454357e-06,2.3807256451766497e-05,0.38862951548721547,0.053343400387793914,1.6826563660431537,short,1283,4249
warming,25,20,45,1.3788272798219658e-05,3.6626548387333073e-05,0.2878546806052853,0.029670913562507058,1.6711207677855295,short,1297,4229
warning,87,63,150,4.7983189337804412e-05,0.00011537362742009919,0.25520559507677376,0.0089148288827591952,2.7029230745651773,short,760,4767
warnings,21,5,26,1.1582149150504513e-05,9.1566370968332683e-06,-0.054203935059865316,0.053535244147637655,-0.23426689558634547,official,2623,2909
warrior,9,34,43,4.9637782073590768e-06,6.2265132258466224e-05,0.75453280080891005,0.032218366110347382,4.2036482462984281,short,383,5143
warriors,6,32,38,3.3091854715727179e-06,5.8602477419732917e-05,0.82627621358608216,0.037013570904263229,4.2948179319931743,short,358,5169
wartime,21,35,56,1.1582149150504513e-05,6.4096459677832885e-05,0.52902400925981574,0.023976607871684073,3.4165006857136802,short,550,4976
washington,303,74,377,0.00016711386631442225,0.00013551822903313238,-0.048676145389935144,0.0036884671084808302,-0.80148098288266245,official,3058,2468
waste,1269,527,1796,0.00069989272723762984,0.00096510955000622656,0.084833977837312169,0.0007573264365476406,3.0826787787898917,short,633,4893
wasteful,49,17,66,2.7025014684510531e-05,3.1132566129233112e-05,0.035866542453502959,0.020744428841892568,0.24902260483461308,short,2280,3246
wastes,90,2,92,4.963778207359077e-05,3.6626548387333073e-06,-0.298766114184005,0.016133387268893462,-2.3521692016130289,official,4619,907
wastewater,125,35,160,6.8941363991098292e-05,6.4096459677832885e-05,-0.017533752446226458,0.0086375609779620471,-0.18865977294091257,official,2592,2934
wasting,12,16,28,6.6183709431454357e-06,2.9301238709866458e-05,0.45727279444237112,0.047727856615238637,2.0930972063083888,short,1032,4496
water,2671,1271,3942,0.0014731390657617882,0.002327617150015017,0.12428488384684844,0.00034363030093067907,6.7045955512622406,short,150,5376
waters,287,45,332,0.00015828937172356167,8.2409733871499421e-05,-0.13392162438292665,0.0042686127398880421,-2.0497803725875996,official,4413,1113
watershed,117,64,181,6.4529116695667999e-05,0.00011720495483946583,0.16613468890066052,0.0074379212776518131,1.9263470571725851,short,1133,4393
waterway,34,15,49,1.8752051005578734e-05,2.7469911290499805e-05,0.10200166828052382,0.027673776663890041,0.61315893190869741,short,2010,3516
waterways,80,24,104,4.4122472954302907e-05,4.3951858064799688e-05,-0.00094847899398153857,0.013247866514886636,-0.0082405224184630421,official,2449,3077
way,55,18,73,3.0334200156083247e-05,3.2963893548599766e-05,0.020786943484175424,0.01880209488760087,0.15159592078335546,short,2337,3191
ways,62,5,67,3.4194916539584752e-05,9.1566370968332683e-06,-0.22119536423367059,0.021641410769781138,-1.5036031840362836,official,3840,1687
weapon,39,33,72,2.1509705565222665e-05,6.0433804839099571e-05,0.30639674336184264,0.018533402432090607,2.2506427658678931,short,948,4579
weapons,331,120,451,0.00018255673184842827,0.00021975929032399844,0.047500643243141738,0.003030669856679095,0.86283981304383761,short,1832,3694
weather,139,53,192,7.6662796758101301e-05,9.706035322643265e-05,0.061101890167861939,0.0071033646178149494,0.72497426670107346,short,1924,3602
weatherization,29,17,46,1.5994396445934803e-05,3.1132566129233112e-05,0.18760737879324729,0.029206933098576856,1.0977588264367975,short,1662,3864
web,25,6,31,1.3788272798219658e-05,1.0987964516199922e-05,-0.052477407766019724,0.04488475377222554,-0.24769825693781128,official,2628,2899
website,54,2,56,2.9782669244154463e-05,3.6626548387333073e-06,-0.27808669917289564,0.026332872294899785,-1.7136854156083021,official,4113,1414
websites,26,2,28,1.4339803710148445e-05,3.6626548387333073e-06,-0.22583222468961317,0.051852435738963261,-0.99174799660655499,official,3221,2311
weed,15,19,34,8.2729636789317955e-06,3.4795220967966419e-05,0.44043517088784867,0.039276671683157252,2.2223612350063462,short,961,4567
weeks,46,0,46,2.537042194872417e-05,0,-0.33119634078096993,0.032609279543363956,-1.8340658647799333,official,4233,1301
weight,97,6,103,5.3498498457092274e-05,1.0987964516199922e-05,-0.24502284477130942,0.01417489583146442,-2.0580060152158293,official,4424,1104
welfare,841,317,1158,0.00046383749693210932,0.00058053079193922926,0.057996598675525313,0.0011788003969412277,1.6892051139346358,short,1275,4251
well-being,79,9,88,4.3570942042374119e-05,1.6481946774299883e-05,-0.1813324153685798,0.016297886204152533,-1.420397194646333,official,3722,1804
wellness,40,27,67,2.2061236477151454e-05,4.9445840322899649e-05,0.2324297146555292,0.019984676162602737,1.6441562640994392,short,1311,4215
west,88,52,140,4.85347202497332e-05,9.522902580706599e-05,0.19011824194344307,0.0095948821619162052,1.9409036062047937,short,1125,4401
western,175,105,280,9.6517909587537612e-05,0.00019228937903349865,0.19492644190724562,0.0047957887474195989,2.8147558686194212,short,725,4801
wetland,42,11,53,2.3164298301009027e-05,2.014460161303319e-05,-0.033037491681103148,0.026151899682968747,-0.20429392197131466,official,2602,2924
wetlands,139,101,240,7.6662796758101301e-05,0.00018496406935603204,0.2563298689229363,0.0055716576897225983,3.4340530677707872,short,541,4985
whaling,20,11,31,1.1030618238575727e-05,2.014460161303319e-05,0.16780327532499051,0.043417950835139552,0.80531496994063556,short,1866,3662
wheat,148,33,181,8.1626574965460382e-05,6.0433804839099571e-05,-0.068129872577573636,0.007712994798784888,-0.77575763292022604,official,3043,2483
whistleblower,42,65,107,2.3164298301009027e-05,0.00011903628225883249,0.50552872034791285,0.012525946793739084,4.5169007996011183,short,326,5200
whistleblowers,26,8,34,1.4339803710148445e-05,1.4650619354933229e-05,0.0052821887262730627,0.040476774365068316,0.026254936125408669,short,2422,3106
white,161,140,301,8.8796476820534603e-05,0.00025638583871133154,0.31547811129141223,0.0044326598199009208,4.7384579458446403,short,293,5233
wholesale,32,8,40,1.7648989181721161e-05,1.4650619354933229e-05,-0.043508786318433579,0.034722806112500303,-0.23349068599756723,official,2616,2911
wholesomeness,28,0,28,1.5442865534006018e-05,0,-0.33119390812154137,0.053572012458417903,-1.430913428383751,official,3745,1798
wic,21,19,40,1.1582149150504513e-05,3.4795220967966419e-05,0.32862632431888983,0.033343179056273181,1.7996947383818593,short,1197,4333
widow's,24,5,29,1.3236741886290871e-05,9.1566370968332683e-06,-0.081975332207479212,0.048280273121712118,-0.37307687146733837,official,2724,2810
widower's,31,3,34,1.7097458269792376e-05,5.493982258099961e-06,-0.20151514403003468,0.042412226300215079,-0.97850298373477296,official,3206,2325
widowers,34,6,40,1.8752051005578734e-05,1.0987964516199922e-05,-0.11346854270577822,0.035253227838452139,-0.60433261517900128,official,2904,2623
widows,64,27,91,3.5297978363442322e-05,4.9445840322899649e-05,0.089220030886977497,0.014926773077752344,0.73026317997123591,short,1922,3605
wild,440,177,617,0.00024267360124866598,0.00032414495322789772,0.075870500360656123,0.0022061036728702418,1.6153252781552505,short,1328,4198
wilderness,824,485,1309,0.00045446147142931992,0.00088819379839282701,0.18898171967688171,0.0010268210702510613,5.8975605809005804,short,188,5338
wildfire,57,50,107,3.1437261979940824e-05,9.1566370968332683e-05,0.31835116836998978,0.012467571635680309,2.8511201009251468,short,712,4814
wildfires,39,0,39,2.1509705565222665e-05,0,-0.33119539474246373,0.038462122351094884,-1.6887589620191619,official,4081,1454
wildland,39,16,55,2.1509705565222665e-05,2.9301238709866458e-05,0.081344060507507976,0.024723388808860946,0.51733498433519398,short,2090,3437
wildlife,651,239,890,0.00035904662366563987,0.00043768725322863026,0.050877062238463111,0.0015352529620918085,1.2984704009296952,short,1535,3991
william,29,25,54,1.5994396445934803e-05,4.5783185484166341e-05,0.31257160060135547,0.024707004513768557,1.9885635260476169,short,1092,4434
willing,57,19,76,3.1437261979940824e-05,3.4795220967966419e-05,0.025485642721893242,0.018045696681305946,0.18971809880598536,short,2310,3217
wilson,24,12,36,1.3236741886290871e-05,2.1975929032399844e-05,0.13881564661734913,0.037500583889588726,0.71683533604187211,short,1936,3594
wind,90,55,145,4.963778207359077e-05,0.00010072300806516596,0.20070142728989637,0.0092559030665884407,2.0861285278336297,short,1034,4492
windfall,92,26,118,5.074084389744834e-05,4.7614512903532995e-05,-0.015337940732385036,0.011706933115929694,-0.14175731760157967,official,2541,2985
winter,27,20,47,1.4891334622077231e-05,3.6626548387333073e-05,0.26258990865764353,0.028439470540486012,1.5571027750404693,short,1357,4170
wire,40,16,56,2.2061236477151454e-05,2.9301238709866458e-05,0.074276758138344334,0.024306139450055931,0.47642544443596035,short,2121,3409
wireless,107,69,176,5.9013807576380137e-05,0.0001263615919362991,0.21778487313357253,0.0076157854833970966,2.4955734695836664,short,842,4684
wisconsin,38,10,48,2.095817465329388e-05,1.8313274193666537e-05,-0.031947877306212291,0.028869870179356161,-0.18802672963832856,official,2591,2937
wish,43,3,46,2.3715829212937812e-05,5.493982258099961e-06,-0.23486348016869307,0.031644702212859047,-1.3202767799815973,official,3554,1973
withdraw,98,0,98,5.4050029369021062e-05,0,-0.33120336866634581,0.015306706352305362,-2.6770338950575132,official,4771,757
withdrawal,78,48,126,4.3019411130445331e-05,8.7903716129599375e-05,0.20290336063690084,0.010649671133885841,1.9661703463056692,short,1103,4423
withdrawals,80,0,80,4.4122472954302907e-05,0,-0.33120093590273036,0.018750583899124887,-2.4187119882014847,official,4663,867
withdrawn,30,1,31,1.6545927357863591e-05,1.8313274193666537e-06,-0.28318451048819249,0.0476440265107013,-1.2973742263751389,official,3536,1997
withhold,44,0,44,2.42673601248666e-05,0,-0.33119607048369737,0.034091492981632388,-1.7937510362478384,official,4194,1346
withholding,102,19,121,5.6256153016736209e-05,3.4795220967966419e-05,-0.10357755126478452,0.011627745985445947,-0.96054534464628449,official,3191,2335
witness,35,35,70,1.9303581917507522e-05,6.4096459677832885e-05,0.36196803260204469,0.019048202946546446,2.6226673670322778,short,792,4734
witnesses,73,5,78,4.0261756570801403e-05,9.1566370968332683e-06,-0.23648979456221753,0.018671293226339029,-1.7307135916216507,official,4116,1410
wives,31,0,31,1.7097458269792376e-05,0,-0.3311943135622748,0.048387680661882995,-1.5056203243148938,official,3864,1685
wolf,16,15,31,8.8244945908605804e-06,2.7469911290499805e-05,0.34045542009891605,0.043016310068068442,1.6415105399504819,short,1314,4213
women,840,306,1146,0.00046328596602018054,0.00056038619032619606,0.048800211718786457,0.0011928140735773061,1.412977768837866,short,1453,4073
women's,209,316,525,0.00011526996059311635,0.00057869946451986258,0.49815327011176969,0.0025520424845510647,9.8609563325576808,short,80,5446
wood,53,22,75,2.9231138332225674e-05,4.028920322606638e-05,0.084640480772094406,0.018122362249816254,0.62873946023756699,short,1992,3535
wool,20,10,30,1.1030618238575727e-05,1.8313274193666537e-05,0.13881528970809676,0.04500058388806643,0.6543773058791309,short,1976,3554
work,911,335,1246,0.0005024446607671244,0.00061349468548782895,0.051323472761300337,0.001096702122166076,1.5497858557762565,short,1364,4162
worker,205,218,423,0.00011306383694540119,0.00039922937742193054,0.38251648015570971,0.0031530030828903583,6.8122088336307787,short,143,5383
workers,1028,391,1419,0.0005669737774627923,0.00071604902097236161,0.060457667874535659,0.00096173409332609284,1.9495028950856135,short,1121,4405
workforce,387,271,658,0.00021344246291644031,0.00049628973064836312,0.24436295778071404,0.0020339481144438288,5.4183298289403599,short,211,5315
working,299,216,515,0.0001649077426667071,0.00039556672258319719,0.2544666820874113,0.0025970742984412409,4.9933124239355449,short,267,5259
workplace,121,103,224,6.6735240343383152e-05,0.00018862672419476533,0.30840268079971267,0.0059572386391942194,3.9957255038451116,short,415,5111
works,463,154,617,0.00025535881222302806,0.00028202442258246465,0.024935645633405557,0.0022235268210261702,0.52880972237496082,short,2074,3452
world,701,280,981,0.00038662316926207923,0.00051277167742266308,0.073909475508260769,0.0013881358592043543,1.9837371826008046,short,1093,4433
world's,20,6,26,1.1030618238575727e-05,1.0987964516199922e-05,-0.00094844763746237959,0.052989714321671412,-0.0041201930953838365,official,2444,3085
worldwide,29,3,32,1.5994396445934803e-05,5.493982258099961e-06,-0.19357131916931714,0.044965455082485319,-0.91285439989954598,official,3151,2383
worth,19,6,25,1.047908732664694e-05,1.0987964516199922e-05,0.011754751763856319,0.054985921130057187,0.050128846320716028,short,2412,3118
wounded,54,71,125,2.9782669244154463e-05,0.00013002424677503242,0.45271047380770391,0.010689216909058594,4.378724259825387,short,345,5181
writing,25,6,31,1.3788272798219658e-05,1.0987964516199922e-05,-0.052477407766019724,0.04488475377222554,-0.24769825693781128,official,2629,2900
written,86,0,86,4.7431658425875623e-05,0,-0.33120174681992864,0.017442444365641453,-2.5077771761813086,official,4699,827
wrongful,19,14,33,1.047908732664694e-05,2.5638583871133151e-05,0.26086465427209049,0.040507948864460769,1.2961197012830836,short,1539,3990
wyoming,60,5,65,3.3091854715727182e-05,9.1566370968332683e-06,-0.21786730384138231,0.022286298181643655,-1.4593957947257241,official,3791,1735
x,107,27,134,5.9013807576380137e-05,4.9445840322899649e-05,-0.041437856609116253,0.01036114163096037,-0.40709285319559518,official,2746,2780
xi,197,1,198,0.00010865158964997091,1.8313274193666537e-06,-0.32365006036650179,0.0075573551244871541,-3.7229806339993488,official,5085,441
xii,35,0,35,1.9303581917507522e-05,0,-0.33119485415147842,0.042857726745765795,-1.5998122380313102,official,3979,1564
xiv,44,0,44,2.42673601248666e-05,0,-0.33119607048369737,0.034091492981632388,-1.7937510362478384,official,4195,1347
xix,1110,0,1110,0.00061219931224095283,0,-0.33134020208027959,0.0013519354909602649,-9.0114805181363398,official,5446,80
xv,29,0,29,1.5994396445934803e-05,0,-0.33119404326834001,0.051724721818257192,-1.456241606872426,official,3790,1759
xvi,174,0,174,9.5966378675608823e-05,0,-0.33121364073254789,0.0086212735762359449,-3.5671592749899337,official,5037,490
xviii,3069,0,3069,0.0016926483687094453,0,-0.3316054046654644,0.0004893431508324811,-14.990455974352512,official,5499,27
xx,32,1,33,1.7648989181721161e-05,1.8313274193666537e-06,-0.28607356468799772,0.044796963978714965,-1.3516163506585397,official,3588,1941
xxi,198,0,198,0.00010920312056189969,0,-0.33121688467651289,0.0075763415024227357,-3.805245639086428,official,5099,427
xxvii,79,0,79,4.3570942042374119e-05,0,-0.33120080075025449,0.018987925671043401,-2.4035469872260289,official,4650,879
year,3084,456,3540,0.001700921332388377,0.00083508530323119412,-0.14366097353464458,0.000401801169482596,-7.1669307296810372,official,5392,134
year-round,33,5,38,1.8200520093649949e-05,9.1566370968332683e-06,-0.13952492093497959,0.037340904885370119,-0.72203685532453044,official,3001,2527
years,1795,112,1907,0.0009899979869121714,0.00020510867096906521,-0.24450629487596753,0.00076600329017905463,-8.8343525615598892,official,5442,84
yellowstone,25,21,46,1.3788272798219658e-05,3.8457875806699727e-05,0.30397584385707432,0.029010464069053683,1.7846856625746224,short,1207,4320
yield,49,5,54,2.7025014684510531e-05,9.1566370968332683e-06,-0.19523886627243847,0.026658474299812773,-1.1957726938376345,official,3422,2105
york,298,42,340,0.00016435621175477831,7.6915751613399453e-05,-0.15098204713617491,0.0041857831286169506,-2.3336565918281575,official,4603,923
young,217,132,349,0.00011968220788854664,0.00024173521935639828,0.19926016000506941,0.003846370501268783,3.212883047749497,short,593,4933
younger,21,4,25,1.1582149150504513e-05,7.3253096774666146e-06,-0.099389553078838233,0.056222472942005629,-0.41916572724057177,official,2763,2770
youth,688,552,1240,0.00037945326740700499,0.0010108927354903928,0.28896098229241218,0.0010772921171569283,8.8038465444395051,short,96,5430
youths,79,1,80,4.3570942042374119e-05,1.8313274193666537e-06,-0.31250821899142345,0.018635571087632224,-2.2892334897391451,official,4579,949
zero,14,38,52,7.7214327670030089e-06,6.9590441935932839e-05,0.67212714515082261,0.026263210157535969,4.1474153540036101,short,392,5134
zero-base,61,2,63,3.3643385627655964e-05,3.6626548387333073e-06,-0.2839445856847842,0.023449715408927152,-1.8542351248942903,official,4262,1267
zika,14,13,27,7.7214327670030089e-06,2.3807256451766497e-05,0.33726838552770744,0.049390827789988448,1.5175830988082315,short,1384,4146
zone,292,191,483,0.00016104702628320561,0.00034978353709903088,0.22237039451883511,0.0027745861107225161,4.2216075961497417,short,377,5149
zones,178,23,201,9.8172502323323963e-05,4.2120530645433034e-05,-0.16394683249590969,0.0071033920704956432,-1.9452263205683564,official,4331,1195
